{"datas":[{"cate":"100300001;100300177;101361200","comm":{"aid":"100","tid":"101361200"},"edit":{"head":"","link":"","name":"记者 张榆","rank":"","desc":""},"link":"http://finance.caixin.com/2018-12-19/101361200.html","nid":101361200,"subDesc":"要闻","video":"","type":0,"tags":[],"audioUrl":"http://audio.caixin.com/caixin/200/101361200.mp3","form":null,"summ":"证监会表态将抓紧落实落地","freeDuration":"0","freeTime":"","channelDesc":"金融频道","time":"2018-12-19 22:56:20","attr":5,"channelId":125,"pict":{"imgs":[{"txt":"","url":"http://img.caixin.com/2018-12-19/1545232398779935_145_97.jpg"}],"num":1},"desc":"证监会：把设立科创板并试点注册制作为深化改革的头等大事"},{"cate":"100300001;100300177;101361182","comm":{"aid":"100","tid":"101361182"},"edit":{"head":"","link":"","name":"记者 彭骎骎","rank":"","desc":""},"link":"http://finance.caixin.com/2018-12-19/101361182.html","nid":101361182,"subDesc":"要闻","video":"","type":0,"tags":[],"audioUrl":"http://audio.caixin.com/caixin/182/101361182.mp3","form":null,"summ":"此举意在向银行提供长期稳定资金来源，降低小微企业和民企贷款的融资成本；未来TMLF会投放多大规模、是否会真正导致银行体系流动性更加宽松，有待观察","freeDuration":"0","freeTime":"","channelDesc":"金融频道","time":"2018-12-19 22:23:40","attr":5,"channelId":125,"pict":{"imgs":[{"txt":"","url":"http://img.caixin.com/2018-12-19/1545230510084895_145_97.jpg"}],"num":1},"desc":"央行设优惠利率工具支持民企和小微 定向降息来了？"},{"cate":"100300001;100300177;101361069","comm":{"aid":"100","tid":"101361069"},"edit":{"head":"","link":"","name":"记者 朱亮韬","rank":"","desc":""},"link":"http://finance.caixin.com/2018-12-19/101361069.html","nid":101361069,"subDesc":"要闻","video":"","type":0,"tags":[],"audioUrl":"http://audio.caixin.com/caixin/069/101361069.mp3","form":null,"summ":"破产本身是实现市场出清的重要制度，不过在保护债权人利益方面仍有可完善的空间。近期上陵集团、五洋建设等发行人进入破产程序，部分债券投资者表达了反对意见","freeDuration":"0","freeTime":"","channelDesc":"金融频道","time":"2018-12-19 18:12:36","attr":5,"channelId":125,"pict":{"imgs":[{"txt":"","url":"http://img.caixin.com/2018-12-19/1545217603816977_145_97.jpg"}],"num":1},"desc":"多家违约债券发行人进入破产程序 债券投资者频现反对声音"},{"cate":"100300001;100300177;101361054","comm":{"aid":"100","tid":"101361054"},"edit":{"head":"","link":"","name":"记者 全月","rank":"","desc":""},"link":"http://finance.caixin.com/2018-12-19/101361054.html","nid":101361054,"subDesc":"要闻","video":"","type":0,"tags":[],"audioUrl":"http://audio.caixin.com/caixin/054/101361054.mp3","form":null,"summ":"赴港上市首日破发率达30.62%，赴美上市首日破发率达23.68%。截至12月19日，145家赴港上市公司跌破首发日价格，23家赴美上市公司跌破首日发行价","freeDuration":"0","freeTime":"","channelDesc":"金融频道","time":"2018-12-19 17:50:15","attr":5,"channelId":125,"pict":{"imgs":[{"txt":"","url":"http://img.caixin.com/2018-12-19/1545216803896784_145_97.jpg"}],"num":1},"desc":"救得了IPO救不了估值 境外上市超六成公司破发"},{"cate":"100300001;100300177;101361049","comm":{"aid":"100","tid":"101361049"},"edit":{"head":"","link":"","name":"记者 黎柳茜","rank":"","desc":""},"link":"http://finance.caixin.com/2018-12-19/101361049.html","nid":101361049,"subDesc":"要闻","video":"","type":0,"tags":[],"audioUrl":"http://audio.caixin.com/caixin/049/101361049.mp3","form":null,"summ":"奥马电器拟以子公司股权作为借款质押，但这些股权早前已被其他债权人申请冻结","freeDuration":"0","freeTime":"","channelDesc":"金融频道","time":"2018-12-19 17:37:32","attr":5,"channelId":125,"pict":{"imgs":[{"txt":"","url":"http://img.caixin.com/2018-12-19/1545216115881886_145_97.jpg"}],"num":1},"desc":"政府纾困基金相助 奥马电器有望借款8.5亿元"},{"cate":"100300001;100300177;101360772","comm":{"aid":"100","tid":"101360772"},"edit":{"head":"","link":"","name":"记者 张榆","rank":"","desc":""},"link":"http://finance.caixin.com/2018-12-19/101360772.html","nid":101360772,"subDesc":"要闻","video":"","type":0,"tags":[],"audioUrl":"http://audio.caixin.com/caixin/772/101360772.mp3","form":null,"summ":"花旗亚洲计划将所持33.3%东方花旗证券股权转让给大股东东方证券","freeDuration":"0","freeTime":"","channelDesc":"金融频道","time":"2018-12-19 07:13:41","attr":5,"channelId":125,"pict":{"imgs":[{"txt":"","url":"http://img.caixin.com/2018-12-19/1545178263407838_145_97.jpg"}],"num":1},"desc":"不愿再当二股东 花旗亚洲拟售旧立新"},{"cate":"100300001;100300177;101360634","comm":{"aid":"100","tid":"101360634"},"edit":{"head":"","link":"","name":"记者 张榆","rank":"","desc":""},"link":"http://finance.caixin.com/2018-12-18/101360634.html","nid":101360634,"subDesc":"要闻","video":"","type":0,"tags":[],"audioUrl":"http://audio.caixin.com/caixin/634/101360634.mp3","form":null,"summ":"阜兴集团持有的全部股权将公开拍卖三天，理论上偿付优先顺序为质权人，随后为轮候冻结人，但由于阜兴案复杂，尚有不确定性","freeDuration":"0","freeTime":"","channelDesc":"金融频道","time":"2018-12-18 17:05:27","attr":5,"channelId":125,"pict":{"imgs":[{"txt":"","url":"http://img.caixin.com/2018-12-18/1545124305716987_145_97.jpg"}],"num":1},"desc":"阜兴资产开始处置  大连电瓷起拍价6亿"},{"cate":"100300001;100300177;101360610","comm":{"aid":"100","tid":"101360610"},"edit":{"head":"","link":"","name":"记者 武晓蒙 胡越","rank":"","desc":""},"link":"http://finance.caixin.com/2018-12-18/101360610.html","nid":101360610,"subDesc":"要闻","video":"","type":0,"tags":[],"audioUrl":"http://audio.caixin.com/caixin/610/101360610.mp3","form":null,"summ":"表面上是通过定期存款收益权转让，由第三方机构给客户支付本金和高利率；实际上第三方并没有足够资金和动力来接盘，只扮演了银行资金通道的角色","freeDuration":"0","freeTime":"","channelDesc":"金融频道","time":"2018-12-18 16:35:22","attr":5,"channelId":125,"pict":{"imgs":[{"txt":"","url":"http://img.caixin.com/2018-12-13/1544661830704180_145_97.jpg"}],"num":1},"desc":"部分民营银行借信托通道高息揽存 智能存款何去何从"},{"cate":"100300001;100300177;101360512","comm":{"aid":"100","tid":"101360512"},"edit":{"head":"","link":"","name":"驻香港记者 尉奕阳","rank":"","desc":""},"link":"http://finance.caixin.com/2018-12-18/101360512.html","nid":101360512,"subDesc":"要闻","video":"","type":0,"tags":[],"audioUrl":"http://audio.caixin.com/caixin/512/101360512.mp3","form":null,"summ":"“寿险通”可聚焦一系列特定寿险、医疗保障和投资类产品，在遵循监管规定的基础上，通过跨国保险公司自有渠道在大湾区销售","freeDuration":"0","freeTime":"","channelDesc":"金融频道","time":"2018-12-18 13:33:24","attr":5,"channelId":125,"pict":{"imgs":[{"txt":"","url":"http://img.caixin.com/2018-12-18/1545112019212839_145_97.jpg"}],"num":1},"desc":"香港金融发展局倡大湾区设“寿险通”"},{"cate":"100300001;100300177;101360343","comm":{"aid":"100","tid":"101360343"},"edit":{"head":"","link":"","name":"记者 彭骎骎 朱亮韬","rank":"","desc":""},"link":"http://finance.caixin.com/2018-12-18/101360343.html","nid":101360343,"subDesc":"要闻","video":"","type":0,"tags":[],"audioUrl":"http://audio.caixin.com/caixin/343/101360343.mp3","form":null,"summ":"还希望能推动市场制定标准的自主性，推动金融团体标准、金融企业标准的发展，实现金融标准从政府单一供给向“政府+市场”多元供给转变","freeDuration":"0","freeTime":"","channelDesc":"金融频道","time":"2018-12-18 07:13:04","attr":5,"channelId":125,"pict":{"imgs":[{"txt":"","url":"http://img.caixin.com/2017-07-25/1500976828825829_145_97.jpg"}],"num":1},"desc":"中国金融标准化体系初步形成 未来将推强制性国家标准"},{"cate":"100300001;100300177;101360160","comm":{"aid":"100","tid":"101360160"},"edit":{"head":"","link":"","name":"记者 彭骎骎 胡越","rank":"","desc":""},"link":"http://finance.caixin.com/2018-12-17/101360160.html","nid":101360160,"subDesc":"要闻","video":"","type":0,"tags":[],"audioUrl":"http://audio.caixin.com/caixin/160/101360160.mp3","form":null,"summ":"他从当前货币政策框架谈起，对何为货币政策宏观审慎“双支柱”、金融如何支持实体经济融资的“三支箭”、如何兼顾内外平衡等作出深入浅出的阐述","freeDuration":"24","freeTime":"","channelDesc":"金融频道","time":"2018-12-17 17:33:27","attr":5,"channelId":125,"pict":{"imgs":[{"txt":"","url":"http://img.caixin.com/2018-12-14/1544746525879931_145_97.jpg"}],"num":1},"desc":"除了影子银行 易纲讲话还有什么重要信息？（附全文实录）"},{"cate":"100300001;100300177;101360133","comm":{"aid":"100","tid":"101360133"},"edit":{"head":"","link":"","name":"记者 任蕙兰","rank":"","desc":""},"link":"http://finance.caixin.com/2018-12-17/101360133.html","nid":101360133,"subDesc":"要闻","video":"","type":0,"tags":[],"audioUrl":"http://audio.caixin.com/caixin/133/101360133.mp3","form":null,"summ":"一边是上市公司债券回售存在兑付困难，一边是革命老区却尚无上市公司，双方一拍即合。但是迁址更名后公司大比例股权质押风险仍在，股价如过山车，入股的国资也存在账面浮亏压力","freeDuration":"0","freeTime":"","channelDesc":"金融频道","time":"2018-12-17 17:14:20","attr":5,"channelId":125,"pict":{"imgs":[{"txt":"","url":"http://img.caixin.com/2018-11-29/1543458486045757_145_97.jpg"}],"num":1},"desc":"获延安国资19亿救助后成当地首家上市公司 延安必康股质警报仍未解除"},{"cate":"100300001;100300177;101359985","comm":{"aid":"100","tid":"101359985"},"edit":{"head":"","link":"","name":"记者 武晓蒙","rank":"","desc":""},"link":"http://finance.caixin.com/2018-12-17/101359985.html","nid":101359985,"subDesc":"要闻","video":"","type":0,"tags":[],"audioUrl":"http://audio.caixin.com/caixin/985/101359985.mp3","form":null,"summ":"要充分认识监管体制改革的重要性和紧迫性，同时确保机构改革与监管工作“两不误、两促进”，并严格机构改革期间廉政和纪律要求","freeDuration":"0","freeTime":"","channelDesc":"金融频道","time":"2018-12-17 13:02:42","attr":5,"channelId":125,"pict":{"imgs":[{"txt":"","url":"http://img.caixin.com/2018-12-17/1545023447579082_145_97.jpg"}],"num":1},"desc":"各地银保监局揭牌 王兆星强调“两不误、两促进”"},{"cate":"100300001;100300177;101359899","comm":{"aid":"100","tid":"101359899"},"edit":{"head":"","link":"","name":"记者 全月","rank":"","desc":""},"link":"http://finance.caixin.com/2018-12-17/101359899.html","nid":101359899,"subDesc":"要闻","video":"","type":0,"tags":[],"audioUrl":"http://audio.caixin.com/caixin/899/101359899.mp3","form":null,"summ":"第一期产品于2018年11月7日成功设立，发行规模31亿元，分为优先级、中间级、次级三类资产支持证券","freeDuration":"0","freeTime":"","channelDesc":"金融频道","time":"2018-12-17 11:27:42","attr":5,"channelId":125,"pict":{"imgs":[{"txt":"","url":"http://img.caixin.com/2018-12-17/1545021859804179_145_97.jpg"}],"num":1},"desc":"首单公共人才租赁住房类REITs在深交所挂牌"},{"cate":"100300001;100300177;101359730","comm":{"aid":"100","tid":"101359730"},"edit":{"head":"","link":"","name":"记者 王婧","rank":"","desc":""},"link":"http://finance.caixin.com/2018-12-16/101359730.html","nid":101359730,"subDesc":"要闻","video":"","type":0,"tags":[],"audioUrl":"http://audio.caixin.com/caixin/730/101359730.mp3","form":null,"summ":"“互联网理财短暂回调不掩长期趋势。”国家金融与发展实验室副主任、对外经济贸易大学教授殷剑峰认为，从线下到线上的理财模式变革才刚刚开始","freeDuration":"0","freeTime":"","channelDesc":"金融频道","time":"2018-12-16 08:15:21","attr":5,"channelId":125,"pict":{"imgs":[{"txt":"","url":"http://img.caixin.com/2018-12-16/1544920592727724_145_97.jpg"}],"num":1},"desc":"互联网理财指数六年来首降"},{"cate":"100300001;100300177;101359705","comm":{"aid":"100","tid":"101359705"},"edit":{"head":"","link":"","name":"记者 吴雨俭","rank":"","desc":""},"link":"http://finance.caixin.com/2018-12-15/101359705.html","nid":101359705,"subDesc":"要闻","video":"","type":0,"tags":[],"audioUrl":"http://audio.caixin.com/caixin/705/101359705.mp3","form":null,"summ":"是骗保还是逃避理赔责任？平台与保险公司各执一词","freeDuration":"0","freeTime":"","channelDesc":"金融频道","time":"2018-12-15 19:35:53","attr":5,"channelId":125,"pict":{"imgs":[{"txt":"","url":"http://img.caixin.com/2018-12-15/1544874862537742_145_97.jpg"}],"num":1},"desc":"安心财险“遭遇”P2P 承保规模仅2亿"},{"cate":"100300001;100300177;101359701","comm":{"aid":"100","tid":"101359701"},"edit":{"head":"","link":"","name":"记者 彭骎骎","rank":"","desc":""},"link":"http://finance.caixin.com/2018-12-15/101359701.html","nid":101359701,"subDesc":"要闻","video":"","type":0,"tags":[],"audioUrl":"http://audio.caixin.com/caixin/701/101359701.mp3","form":null,"summ":"部分债权人认为方大钢铁提出的重整方案优于另一竞争者建龙集团的方案","freeDuration":"0","freeTime":"","channelDesc":"金融频道","time":"2018-12-15 19:26:22","attr":5,"channelId":125,"pict":{"imgs":[{"txt":"","url":"http://img.caixin.com/2018-12-15/1544874084840237_145_97.jpg"}],"num":1},"desc":"西林钢铁破产重整生变 方大钢铁入局博弈"},{"cate":"100300001;100300177;101359581","comm":{"aid":"100","tid":"101359581"},"edit":{"head":"","link":"","name":"驻香港记者 尉奕阳","rank":"","desc":""},"link":"http://finance.caixin.com/2018-12-15/101359581.html","nid":101359581,"subDesc":"要闻","video":"","type":0,"tags":[],"audioUrl":"http://audio.caixin.com/caixin/581/101359581.mp3","form":null,"summ":"股票互联互通中的沪股通和深股通已于2018年9月推行实名制，投资者若未按规定提供身份信息，将无法参与交易","freeDuration":"0","freeTime":"","channelDesc":"金融频道","time":"2018-12-15 10:46:03","attr":5,"channelId":125,"pict":{"imgs":[{"txt":"","url":"http://img.caixin.com/2018-12-15/1544842339236012_145_97.jpg"}],"num":1},"desc":"港股通拟2019年首季采用实名制"},{"cate":"100300001;100300177;101359543","comm":{"aid":"100","tid":"101359543"},"edit":{"head":"","link":"","name":"记者 郑丽纯","rank":"","desc":""},"link":"http://finance.caixin.com/2018-12-15/101359543.html","nid":101359543,"subDesc":"要闻","video":"","type":0,"tags":[],"audioUrl":"http://audio.caixin.com/caixin/543/101359543.mp3","form":null,"summ":"未来若出现联席CEO和职能执行官冲突与分歧难以协调，最终拍板人为马明哲","freeDuration":"0","freeTime":"","channelDesc":"金融频道","time":"2018-12-15 09:40:10","attr":5,"channelId":125,"pict":{"imgs":[{"txt":"","url":"http://img.caixin.com/2018-12-15/1544838262659648_145_97.jpg"}],"num":1},"desc":"平安增设三名联席CEO 马明哲职位不变"},{"cate":"100300001;100300177;101359476","comm":{"aid":"100","tid":"101359476"},"edit":{"head":"","link":"","name":"记者 刘彩萍","rank":"","desc":""},"link":"http://finance.caixin.com/2018-12-14/101359476.html","nid":101359476,"subDesc":"要闻","video":"","type":0,"tags":[],"audioUrl":"http://audio.caixin.com/caixin/476/101359476.mp3","form":null,"summ":"投资人在购买民企债券的同时，配套购买信用保护合约","freeDuration":"0","freeTime":"","channelDesc":"金融频道","time":"2018-12-14 21:11:37","attr":5,"channelId":125,"pict":{"imgs":[{"txt":"","url":"http://img.caixin.com/2016-12-10/1481332117419417_145_97.jpg"}],"num":1},"desc":"交易所版CRM面世 央行再贷款提供部分初始资金"},{"cate":"100300001;100300177;101359447","comm":{"aid":"100","tid":"101359447"},"edit":{"head":"","link":"","name":"记者 任蕙兰","rank":"","desc":""},"link":"http://finance.caixin.com/2018-12-14/101359447.html","nid":101359447,"subDesc":"要闻","video":"","type":0,"tags":[],"audioUrl":"http://audio.caixin.com/caixin/447/101359447.mp3","form":null,"summ":"为救助胜通和另一家企业东辰，东营市垦利区已拿出10亿元兑付到期中票；但明年胜通还有25亿债券到期，总债务盘子高达136亿元。此前东营担保圈两家核心企业申请破产重整","freeDuration":"0","freeTime":"","channelDesc":"金融频道","time":"2018-12-14 20:09:37","attr":5,"channelId":125,"pict":{"imgs":[{"txt":"","url":"http://img.caixin.com/2018-04-23/1524479931315342_145_97.jpg"}],"num":1},"desc":"山东东营担保圈告急 60万人口市辖区先后拿出10亿救助民企"},{"cate":"100300001;100300177;101359390","comm":{"aid":"100","tid":"101359390"},"edit":{"head":"","link":"","name":"记者 吴雨俭","rank":"","desc":""},"link":"http://finance.caixin.com/2018-12-14/101359390.html","nid":101359390,"subDesc":"要闻","video":"","type":0,"tags":[],"audioUrl":"http://audio.caixin.com/caixin/390/101359390.mp3","form":null,"summ":"信托公司经营业绩指标持续调整压力较大，风险暴露有所上升；投向房地产的资金规模有所上升","freeDuration":"0","freeTime":"","channelDesc":"金融频道","time":"2018-12-14 18:45:41","attr":5,"channelId":125,"pict":{"imgs":[{"txt":"","url":"http://img.caixin.com/2017-12-08/1512730494561288_145_97.jpg"}],"num":1},"desc":"信托资产继续回落 季度同比首现负增长"},{"cate":"100300001;100300177;101359320","comm":{"aid":"100","tid":"101359320"},"edit":{"head":"","link":"","name":"驻香港记者 尉奕阳","rank":"","desc":""},"link":"http://finance.caixin.com/2018-12-14/101359320.html","nid":101359320,"subDesc":"要闻","video":"","type":0,"tags":[],"audioUrl":"http://audio.caixin.com/caixin/320/101359320.mp3","form":null,"summ":"除关税政策外，此次《货物安排协议》新提出“粤港澳大湾区贸易便利化措施”，旨在推动在大湾区口岸实施更便利的通关模式","freeDuration":"0","freeTime":"","channelDesc":"金融频道","time":"2018-12-14 17:38:31","attr":5,"channelId":125,"pict":{"imgs":[{"txt":"","url":"http://img.caixin.com/2018-12-14/1544781088118928_145_97.jpg"}],"num":1},"desc":"新CEPA全面豁免香港原产货物进口内地关税"},{"cate":"100300001;100300177;101359113","comm":{"aid":"100","tid":"101359113"},"edit":{"head":"","link":"","name":"记者 张宇哲","rank":"","desc":""},"link":"http://finance.caixin.com/2018-12-14/101359113.html","nid":101359113,"subDesc":"要闻","video":"","type":0,"tags":[],"audioUrl":"","form":null,"summ":"金琦到龄退任，谢多接任丝路基金董事长，目前仍兼任银行间交易商协会的秘书长","freeDuration":"0","freeTime":"","channelDesc":"金融频道","time":"2018-12-14 11:25:50","attr":5,"channelId":125,"pict":{"imgs":[{"txt":"","url":"http://img.caixin.com/2018-12-14/1544758399261846_145_97.jpg"}],"num":1},"desc":"谢多出任丝路基金第二任董事长"},{"cate":"100300001;100300177;101359005","comm":{"aid":"100","tid":"101359005"},"edit":{"head":"","link":"","name":"记者 彭骎骎","rank":"","desc":""},"link":"http://finance.caixin.com/2018-12-14/101359005.html","nid":101359005,"subDesc":"要闻","video":"","type":0,"tags":[],"audioUrl":"http://audio.caixin.com/caixin/005/101359005.mp3","form":null,"summ":"他还暗示了DR007在价格调控中的重要性，并表示2018年经常项目顺差占GDP的比重将为0.1%至0.2%，中国不刻意追求经常项目顺差，只求大体平衡","freeDuration":"0","freeTime":"","channelDesc":"金融频道","time":"2018-12-14 08:02:07","attr":5,"channelId":125,"pict":{"imgs":[{"txt":"","url":"http://img.caixin.com/2018-12-14/1544746525879931_145_97.jpg"}],"num":1},"desc":"易纲：依法合规经营的影子银行是必要补充"},{"cate":"100300001;100300177;101358912","comm":{"aid":"100","tid":"101358912"},"edit":{"head":"","link":"","name":"","rank":"","desc":""},"link":"http://finance.caixin.com/2018-12-13/101358912.html","nid":101358912,"subDesc":"要闻","video":"","type":0,"tags":[],"audioUrl":"http://audio.caixin.com/caixin/912/101358912.mp3","form":null,"summ":"对于行业协会，特别要对私募基金备案等市场广泛关注的权力进行重点监督，防范廉政风险，防止利益冲突","freeDuration":"48","freeTime":"","channelDesc":"金融频道","time":"2018-12-13 19:06:53","attr":5,"channelId":125,"pict":{"imgs":[{"txt":"","url":"http://img.caixin.com/2018-12-13/1544700411962685_145_97.jpg"}],"num":1},"desc":"中央纪委驻证监会纪检监察组：强化对证券交易所和行业协会监察监督"},{"cate":"100300001;100300177;101358845","comm":{"aid":"100","tid":"101358845"},"edit":{"head":"","link":"","name":"驻香港记者 尉奕阳","rank":"","desc":""},"link":"http://finance.caixin.com/2018-12-13/101358845.html","nid":101358845,"subDesc":"要闻","video":"","type":0,"tags":[],"audioUrl":"http://audio.caixin.com/caixin/845/101358845.mp3","form":null,"summ":"这只在香港刚刚成立、规模庞大的国家级产业基金，背后包括一众大型央企、国企、地产商和科技公司等，地方政府亦参与其中","freeDuration":"0","freeTime":"","channelDesc":"金融频道","time":"2018-12-13 17:06:06","attr":5,"channelId":125,"pict":{"imgs":[{"txt":"","url":"http://img.caixin.com/2018-12-13/1544692343825641_145_97.jpg"}],"num":1},"desc":"千亿大湾区基金成立 牵头人股东低调亮相"},{"cate":"100300001;100300177;101358828","comm":{"aid":"100","tid":"101358828"},"edit":{"head":"","link":"","name":"记者 彭骎骎","rank":"","desc":""},"link":"http://finance.caixin.com/2018-12-13/101358828.html","nid":101358828,"subDesc":"要闻","video":"","type":0,"tags":[],"audioUrl":"http://audio.caixin.com/caixin/828/101358828.mp3","form":null,"summ":"中汇储投资是外汇中心旗下梧桐树投资继凤山投资和坤藤投资外，设立的第三家境内实体机构","freeDuration":"0","freeTime":"","channelDesc":"金融频道","time":"2018-12-13 16:14:49","attr":5,"channelId":125,"pict":{"imgs":[{"txt":"","url":"http://img.caixin.com/2018-12-13/1544689490660131_145_97.jpg"}],"num":1},"desc":"外储低调设立境内新公司"},{"cate":"100300001;100300177;101358761","comm":{"aid":"100","tid":"101358761"},"edit":{"head":"","link":"","name":"记者 刘彩萍","rank":"","desc":""},"link":"http://finance.caixin.com/2018-12-13/101358761.html","nid":101358761,"subDesc":"要闻","video":"","type":0,"tags":[],"audioUrl":"http://audio.caixin.com/caixin/761/101358761.mp3","form":null,"summ":"历经坎坷，枯等十个月终于拿到上市批文的华林证券开始询价，发行市盈率预估19-22倍","freeDuration":"0","freeTime":"","channelDesc":"金融频道","time":"2018-12-13 13:36:58","attr":5,"channelId":125,"pict":{"imgs":[{"txt":"","url":"http://img.caixin.com/2018-12-13/1544679940491191_145_97.jpg"}],"num":1},"desc":"首家“家族”控股券商挂牌在即  华林证券启动发行"},{"cate":"100300001;100300177;101358710","comm":{"aid":"100","tid":"101358710"},"edit":{"head":"","link":"","name":"记者 张榆","rank":"","desc":""},"link":"http://finance.caixin.com/2018-12-13/101358710.html","nid":101358710,"subDesc":"要闻","video":"","type":0,"tags":[],"audioUrl":"http://audio.caixin.com/caixin/710/101358710.mp3","form":null,"summ":"A股纳入标普道琼斯指数将在2019年9月23日市场开盘前生效，纳入因子为具体A股标的可投资市值的25%","freeDuration":"0","freeTime":"","channelDesc":"金融频道","time":"2018-12-13 12:00:40","attr":5,"channelId":125,"pict":{"imgs":[{"txt":"","url":"http://img.caixin.com/2018-12-13/1544673956487737_145_97.jpg"}],"num":1},"desc":"标普道琼斯计划吸纳A股 2019年三季度生效"},{"cate":"100300001;100300177;101358661","comm":{"aid":"100","tid":"101358661"},"edit":{"head":"","link":"","name":"驻香港实习记者 文思敏 驻香港记者 刘雁菲","rank":"","desc":""},"link":"http://finance.caixin.com/2018-12-13/101358661.html","nid":101358661,"subDesc":"要闻","video":"","type":0,"tags":[],"audioUrl":"http://audio.caixin.com/caixin/661/101358661.mp3","form":null,"summ":"有经济学家指出，2019年就业问题将成为政策关切的首要问题","freeDuration":"0","freeTime":"","channelDesc":"金融频道","time":"2018-12-13 10:54:56","attr":5,"channelId":125,"pict":{"imgs":[{"txt":"","url":"http://img.caixin.com/2018-12-13/1544670651196843_145_97.jpg"}],"num":1},"desc":"投行看法不一  中国经济2019年将如何前行？"},{"cate":"100300001;100300177;101358580","comm":{"aid":"100","tid":"101358580"},"edit":{"head":"","link":"","name":"记者 刘彩萍","rank":"","desc":""},"link":"http://finance.caixin.com/2018-12-13/101358580.html","nid":101358580,"subDesc":"要闻","video":"","type":0,"tags":[],"audioUrl":"http://audio.caixin.com/caixin/580/101358580.mp3","form":null,"summ":"依法备案的基金可不按单一项目计税；明确基金收入性质是股息、红利和项目转让收益，而不是经营性收入","freeDuration":"0","freeTime":"","channelDesc":"金融频道","time":"2018-12-13 07:20:14","attr":5,"channelId":125,"pict":{"imgs":[{"txt":"","url":"http://img.caixin.com/2018-12-13/1544659680690576_145_97.jpg"}],"num":1},"desc":"创投基金税率20%  首次明确以基金为核算单位"},{"cate":"100300001;100300177;101358540","comm":{"aid":"100","tid":"101358540"},"edit":{"head":"","link":"","name":"记者 全月","rank":"","desc":""},"link":"http://finance.caixin.com/2018-12-12/101358540.html","nid":101358540,"subDesc":"要闻","video":"","type":0,"tags":[],"audioUrl":"http://audio.caixin.com/caixin/540/101358540.mp3","form":null,"summ":"10月以来，112只新成立的基金中接近六成为债基","freeDuration":"0","freeTime":"","channelDesc":"金融频道","time":"2018-12-12 20:17:16","attr":5,"channelId":125,"pict":{"imgs":[{"txt":"","url":"http://img.caixin.com/2018-12-13/1544664830502894_145_97.jpg"}],"num":1},"desc":"债基突破2万亿 领跑四季度发行市场"},{"cate":"100300001;100300177;101358510","comm":{"aid":"100","tid":"101358510"},"edit":{"head":"","link":"","name":"记者 张榆","rank":"","desc":""},"link":"http://finance.caixin.com/2018-12-12/101358510.html","nid":101358510,"subDesc":"要闻","video":"","type":0,"tags":[],"audioUrl":"http://audio.caixin.com/caixin/510/101358510.mp3","form":null,"summ":"现阶段在他国有大量业务的美国上市公司在信息获取方面面临挑战；被点名的224家公司中，213家为中国和中国香港审计机构审计","freeDuration":"0","freeTime":"","channelDesc":"金融频道","time":"2018-12-12 18:55:18","attr":5,"channelId":125,"pict":{"imgs":[{"txt":"","url":"http://img.caixin.com/2018-12-12/1544612467592755_145_97.jpg"}],"num":1},"desc":"美SEC关注审计信息获取 200余中概股被盯上"},{"cate":"100300001;100300177;101358429","comm":{"aid":"100","tid":"101358429"},"edit":{"head":"","link":"","name":"记者 吴红毓然","rank":"","desc":""},"link":"http://finance.caixin.com/2018-12-12/101358429.html","nid":101358429,"subDesc":"要闻","video":"","type":0,"tags":[],"audioUrl":"http://audio.caixin.com/caixin/429/101358429.mp3","form":null,"summ":"接盘方基本定下；风险监测组已经查出，该行同业业务存在较大窟窿，但目前只暴露出来了20亿元，相关人士已被立案调查","freeDuration":"0","freeTime":"","channelDesc":"金融频道","time":"2018-12-12 15:56:12","attr":5,"channelId":125,"pict":{"imgs":[{"txt":"","url":"http://img.caixin.com/2018-12-12/1544602434374217_145_97.jpg"}],"num":1},"desc":"安邦保险挂牌转让成都农商行35%股权 比净资产溢价约20%"},{"cate":"100300001;100300177;101358406","comm":{"aid":"100","tid":"101358406"},"edit":{"head":"","link":"","name":"记者 武晓蒙","rank":"","desc":""},"link":"http://finance.caixin.com/2018-12-12/101358406.html","nid":101358406,"subDesc":"要闻","video":"","type":0,"tags":[],"audioUrl":"http://audio.caixin.com/caixin/406/101358406.mp3","form":null,"summ":"人工调节贷款分类、逾期一年以上贷款未计入不良、不良假出表是主要问题；农金机构还因拨备覆盖率低被审计署通报，辽宁农信社平均拨备覆盖率仅26%","freeDuration":"0","freeTime":"","channelDesc":"金融频道","time":"2018-12-12 15:13:28","attr":5,"channelId":125,"pict":{"imgs":[{"txt":"","url":"http://img.caixin.com/2018-12-12/1544599187915584_145_97.jpg"}],"num":1},"desc":"掩盖不良贷款逾13亿 五家银行被审计署点名"},{"cate":"100300001;100300177;101358335","comm":{"aid":"100","tid":"101358335"},"edit":{"head":"","link":"","name":"记者 朱亮韬","rank":"","desc":""},"link":"http://finance.caixin.com/2018-12-12/101358335.html","nid":101358335,"subDesc":"要闻","video":"","type":0,"tags":[],"audioUrl":"http://audio.caixin.com/caixin/335/101358335.mp3","form":null,"summ":"目前尽管发行人和主承销商披露了承认违约的公告，但在违约两周后才进行披露的做法仍被市场人士质疑存在信息披露滞后。此前单方面宣布就展期达成一致的公告，则有虚假信息披露之嫌","freeDuration":"0","freeTime":"","channelDesc":"金融频道","time":"2018-12-12 11:01:10","attr":5,"channelId":125,"pict":{"imgs":[{"txt":"","url":"http://img.caixin.com/2018-12-12/1544584058714065_145_97.jpg"}],"num":1},"desc":"宏图高科中票单方面宣布展期后续 承销商和发行人公告承认违约"},{"cate":"100300001;100300177;101358331","comm":{"aid":"100","tid":"101358331"},"edit":{"head":"","link":"","name":"记者 彭骎骎","rank":"","desc":""},"link":"http://finance.caixin.com/2018-12-12/101358331.html","nid":101358331,"subDesc":"要闻","video":"","type":0,"tags":[],"audioUrl":"http://audio.caixin.com/caixin/331/101358331.mp3","form":null,"summ":"债券持有人认为，永泰能源将公开发行债券与银行贷款混淆，利用债权人的信息不对称分别发送不同信息，所作所为让人困惑","freeDuration":"0","freeTime":"","channelDesc":"金融频道","time":"2018-12-12 10:56:39","attr":5,"channelId":125,"pict":{"imgs":[{"txt":"","url":"http://img.caixin.com/2018-12-12/1544583755431858_145_97.jpg"}],"num":1},"desc":"永泰能源对债券持有人提不同方案 要求债转股或展期降息"},{"cate":"100300001;100300177;101358206","comm":{"aid":"100","tid":"101358206"},"edit":{"head":"","link":"","name":"记者 全月","rank":"","desc":""},"link":"http://finance.caixin.com/2018-12-11/101358206.html","nid":101358206,"subDesc":"要闻","video":"","type":0,"tags":[],"audioUrl":"http://audio.caixin.com/caixin/206/101358206.mp3","form":null,"summ":"新浪旗下天下秀将通过买壳加吸收合并重组ST慧球，控制权溢价将由天下秀现股东向天下秀增资或天下秀自筹支付","freeDuration":"0","freeTime":"","channelDesc":"金融频道","time":"2018-12-11 22:38:45","attr":5,"channelId":125,"pict":{"imgs":[{"txt":"","url":"http://img.caixin.com/2018-12-11/1544539571159265_145_97.jpg"}],"num":1},"desc":"ST慧球重组连拉八涨停 天下秀借壳仍待批准"},{"cate":"100300001;100300177;101358156","comm":{"aid":"100","tid":"101358156"},"edit":{"head":"","link":"","name":"记者 彭骎骎","rank":"","desc":""},"link":"http://finance.caixin.com/2018-12-11/101358156.html","nid":101358156,"subDesc":"要闻","video":"","type":0,"tags":[],"audioUrl":"http://audio.caixin.com/caixin/156/101358156.mp3","form":null,"summ":"信贷增长主要由居民贷款和企业票据融资拉动；银行信用风险偏好提升仍有待时日","freeDuration":"0","freeTime":"","channelDesc":"金融频道","time":"2018-12-11 19:58:41","attr":5,"channelId":125,"pict":{"imgs":[{"txt":"","url":"http://img.caixin.com/2018-12-12/1544575303126025_145_97.jpg"}],"num":1},"desc":"11月新增社融信贷反弹 银行对公贷款仍然保守"},{"cate":"100300001;100300177;101358125","comm":{"aid":"100","tid":"101358125"},"edit":{"head":"","link":"","name":"记者 朱亮韬 武晓蒙","rank":"","desc":""},"link":"http://finance.caixin.com/2018-12-11/101358125.html","nid":101358125,"subDesc":"要闻","video":"","type":0,"tags":[],"audioUrl":"http://audio.caixin.com/caixin/125/101358125.mp3","form":null,"summ":"这意味着该行不良贷款偏离度达到193.48%，在当前监管层重视银行业不良贷款真实度的背景下，这一数据显得较为显眼。华夏银行解释称，这部分贷款主要为抵质押贷款和保证类贷款，抵质押物和担保充足","freeDuration":"0","freeTime":"","channelDesc":"金融频道","time":"2018-12-11 18:46:10","attr":5,"channelId":125,"pict":{"imgs":[{"txt":"","url":"http://img.caixin.com/2018-12-11/1544525804964339_145_97.jpg"}],"num":1},"desc":"261亿逾期90天以上贷款未入不良 华夏银行再融资遭监管问询"},{"cate":"100300001;100300177;101357498","comm":{"aid":"100","tid":"101357498"},"edit":{"head":"","link":"","name":"驻香港记者 尉奕阳","rank":"","desc":""},"link":"http://finance.caixin.com/2018-12-10/101357498.html","nid":101357498,"subDesc":"要闻","video":"","type":0,"tags":[],"audioUrl":"http://audio.caixin.com/caixin/498/101357498.mp3","form":null,"summ":"君实生物目前在新三板挂牌，公司此次港股IPO引入新加坡政府投资公司任基石投资者","freeDuration":"0","freeTime":"","channelDesc":"金融频道","time":"2018-12-10 11:58:18","attr":5,"channelId":125,"pict":{"imgs":[{"txt":"","url":"http://img.caixin.com/2018-12-10/1544414550876942_145_97.jpg"}],"num":1},"desc":"君实生物赴港IPO 拟最多募资32亿港元"},{"cate":"100300001;100300177;101357444","comm":{"aid":"100","tid":"101357444"},"edit":{"head":"","link":"","name":"记者  屈运栩","rank":"","desc":""},"link":"http://finance.caixin.com/2018-12-10/101357444.html","nid":101357444,"subDesc":"要闻","video":"","type":0,"tags":[],"audioUrl":"http://audio.caixin.com/caixin/444/101357444.mp3","form":null,"summ":"掌握核心技术、符合国家战略的科技公司，体量中等，盈利不是必须条件，但不接受尚无营收的生物科技类公司","freeDuration":"0","freeTime":"","channelDesc":"金融频道","time":"2018-12-10 09:48:16","attr":5,"channelId":125,"pict":{"imgs":[{"txt":"","url":"http://img.caixin.com/2018-12-10/1544406912702981_145_97.jpg"}],"num":1},"desc":"谁能登陆科创板  欢迎“硬科技”"},{"cate":"100300001;100300177;101357388","comm":{"aid":"100","tid":"101357388"},"edit":{"head":"","link":"","name":"驻香港记者 尉奕阳","rank":"","desc":""},"link":"http://finance.caixin.com/2018-12-09/101357388.html","nid":101357388,"subDesc":"要闻","video":"","type":0,"tags":[],"audioUrl":"http://audio.caixin.com/caixin/388/101357388.mp3","form":null,"summ":"此项新规有望重燃港股“同股不同权”公司的上市与交易热情","freeDuration":"0","freeTime":"","channelDesc":"金融频道","time":"2018-12-09 20:32:03","attr":5,"channelId":125,"pict":{"imgs":[{"txt":"","url":"http://img.caixin.com/2018-12-09/1544358945258633_145_97.jpg"}],"num":1},"desc":"港股通资金2019年中可投资“同股不同权”公司"},{"cate":"100300001;100300177;101357235","comm":{"aid":"100","tid":"101357235"},"edit":{"head":"","link":"","name":"记者 胡越","rank":"","desc":""},"link":"http://finance.caixin.com/2018-12-08/101357235.html","nid":101357235,"subDesc":"要闻","video":"","type":0,"tags":[],"audioUrl":"http://audio.caixin.com/caixin/235/101357235.mp3","form":null,"summ":"央行副行长、外汇局局长潘功胜指出，互联网金融或金融科技应该接受更为严格的监管，“不能以技术之名掩盖金融活动的本质”","freeDuration":"48","freeTime":"","channelDesc":"金融频道","time":"2018-12-08 13:07:26","attr":5,"channelId":125,"pict":{"imgs":[{"txt":"","url":"http://img.caixin.com/2018-02-07/1517983780270941_145_97.jpg"}],"num":1},"desc":"潘功胜：互联网金融潜在风险大 需穿透式严监管"},{"cate":"100300001;100300177;101357190","comm":{"aid":"100","tid":"101357190"},"edit":{"head":"","link":"","name":"记者 武晓蒙","rank":"","desc":""},"link":"http://finance.caixin.com/2018-12-08/101357190.html","nid":101357190,"subDesc":"要闻","video":"","type":0,"tags":[],"audioUrl":"http://audio.caixin.com/caixin/190/101357190.mp3","form":null,"summ":"问题集中在违规投资、风险隔离不到位、非保本理财产品提供保本承诺、理财销售不当、同业投资未尽职调查等方面","freeDuration":"0","freeTime":"","channelDesc":"金融频道","time":"2018-12-08 12:06:42","attr":5,"channelId":125,"pict":{"imgs":[{"txt":"","url":"http://img.caixin.com/2018-12-08/1544242179321026_145_97.jpg"}],"num":1},"desc":"浙商银行等六银行理财业务违规 被罚共逾1.5亿"},{"cate":"100300001;100300177;101356986","comm":{"aid":"100","tid":"101356986"},"edit":{"head":"","link":"","name":"记者 吴雨俭","rank":"","desc":""},"link":"http://finance.caixin.com/2018-12-07/101356986.html","nid":101356986,"subDesc":"要闻","video":"","type":0,"tags":[],"audioUrl":"http://audio.caixin.com/caixin/986/101356986.mp3","form":null,"summ":"同时引入三家国资公司，合计增资95亿元，刘益谦控股的天贸集团仍占股本的51%；增资事项仍需报银保监会批准后方可生效","freeDuration":"0","freeTime":"","channelDesc":"金融频道","time":"2018-12-07 20:40:42","attr":5,"channelId":125,"pict":{"imgs":[{"txt":"","url":"http://img.caixin.com/2018-12-07/1544186669611164_145_97.jpg"}],"num":1},"desc":"刘益谦增资国华人寿  出售安盛天平"},{"cate":"100300001;100300177;101356903","comm":{"aid":"100","tid":"101356903"},"edit":{"head":"","link":"","name":"记者 彭岩锋 董兢","rank":"","desc":""},"link":"http://finance.caixin.com/2018-12-07/101356903.html","nid":101356903,"subDesc":"要闻","video":"","type":0,"tags":[],"audioUrl":"http://audio.caixin.com/caixin/903/101356903.mp3","form":{"txt":"信托保险","url":"http://finance.caixin.com/insurance_trust/"},"summ":"万峰也表示，新华保险继续以风险保障型业务为核心，同时也不会放弃理财型业务","freeDuration":"0","freeTime":"","channelDesc":"金融频道","time":"2018-12-07 18:26:21","attr":5,"channelId":125,"pict":{"imgs":[{"txt":"","url":"http://img.caixin.com/2018-06-06/1528267306691460_145_97.jpg"}],"num":1},"desc":"新华保险万峰：保障型业务将成寿险市场主流"},{"cate":"100300001;100300177;101356856","comm":{"aid":"100","tid":"101356856"},"edit":{"head":"","link":"","name":"驻香港实习记者 文思敏","rank":"","desc":""},"link":"http://finance.caixin.com/2018-12-07/101356856.html","nid":101356856,"subDesc":"要闻","video":"","type":0,"tags":[],"audioUrl":"http://audio.caixin.com/caixin/856/101356856.mp3","form":null,"summ":"中国东方教育拥有新东方烹饪教育、新华电脑教育、万通汽车教育等五个学校品牌","freeDuration":"0","freeTime":"","channelDesc":"金融频道","time":"2018-12-07 17:26:50","attr":5,"channelId":125,"pict":{"imgs":[{"txt":"","url":"http://img.caixin.com/2018-12-07/1544178290627976_145_97.jpg"}],"num":1},"desc":"新东方烹饪学校母公司拟赴港上市"},{"cate":"100300001;100300177;101356839","comm":{"aid":"100","tid":"101356839"},"edit":{"head":"","link":"","name":"记者 董兢","rank":"","desc":""},"link":"http://finance.caixin.com/2018-12-07/101356839.html","nid":101356839,"subDesc":"要闻","video":"","type":0,"tags":[],"audioUrl":"http://audio.caixin.com/caixin/839/101356839.mp3","form":null,"summ":"现年49岁的朱进元，将赴《中国保险报》任职","freeDuration":"0","freeTime":"","channelDesc":"金融频道","time":"2018-12-07 16:58:46","attr":5,"channelId":125,"pict":{"imgs":[{"txt":"","url":"http://img.caixin.com/2018-12-07/1544173973480376_145_97.jpg"}],"num":1},"desc":"中保协任命新党委书记 邢炜接替朱进元"},{"cate":"100300001;100300177;101356688","comm":{"aid":"100","tid":"101356688"},"edit":{"head":"","link":"","name":"记者 任蕙兰","rank":"","desc":""},"link":"http://finance.caixin.com/2018-12-07/101356688.html","nid":101356688,"subDesc":"要闻","video":"","type":0,"tags":[],"audioUrl":"http://audio.caixin.com/caixin/688/101356688.mp3","form":null,"summ":"同属一个实际控制人的山东大海和山东金茂处于东营担保圈核心，担保总规模达到3000多亿元。市场机构担心风险蔓延扩散，造成地方民企信用环境进一步恶化","freeDuration":"0","freeTime":"","channelDesc":"金融频道","time":"2018-12-07 14:18:49","attr":5,"channelId":125,"pict":{"imgs":[{"txt":"","url":"http://img.caixin.com/2017-03-06/1488771151329197_145_97.jpg"}],"num":1},"desc":"山东东营两家500强民企破产重整 互保链条风险告急"},{"cate":"100300001;100300177;101356585","comm":{"aid":"100","tid":"101356585"},"edit":{"head":"","link":"","name":"记者 朱亮韬","rank":"","desc":""},"link":"http://finance.caixin.com/2018-12-07/101356585.html","nid":101356585,"subDesc":"要闻","video":"","type":0,"tags":[],"audioUrl":"http://audio.caixin.com/caixin/585/101356585.mp3","form":null,"summ":"票交所董事长宋汉光表示，为盘活未贴现票据的融资功能，票交所目前正在研究创设标准化的票据融资工具","freeDuration":"0","freeTime":"","channelDesc":"金融频道","time":"2018-12-07 11:17:48","attr":5,"channelId":125,"pict":{"imgs":[{"txt":"","url":"http://img.caixin.com/2018-12-07/1544152941795256_145_97.jpg"}],"num":1},"desc":"票交所成立两周年：正研究标准化票据融资工具"},{"cate":"100300001;100300177;101356422","comm":{"aid":"100","tid":"101356422"},"edit":{"head":"","link":"","name":"记者 彭骎骎","rank":"","desc":""},"link":"http://finance.caixin.com/2018-12-06/101356422.html","nid":101356422,"subDesc":"要闻","video":"","type":0,"tags":[],"audioUrl":"http://audio.caixin.com/caixin/422/101356422.mp3","form":null,"summ":"国家外汇管理局将外汇违规处罚信息纳入央行征信系统；强调虚假、欺骗性交易一直是外汇局打击的重点，银行应该加强审核","freeDuration":"48","freeTime":"","channelDesc":"金融频道","time":"2018-12-06 22:06:54","attr":5,"channelId":125,"pict":{"imgs":[{"txt":"","url":"http://img.caixin.com/2018-12-06/1544105676799214_145_97.jpg"}],"num":1},"desc":"11起外汇违规处罚信息被纳入央行征信系统"},{"cate":"100300001;100300177;101356267","comm":{"aid":"100","tid":"101356267"},"edit":{"head":"","link":"","name":"驻香港记者 尉奕阳","rank":"","desc":""},"link":"http://finance.caixin.com/2018-12-06/101356267.html","nid":101356267,"subDesc":"要闻","video":"","type":0,"tags":[],"audioUrl":"http://audio.caixin.com/caixin/267/101356267.mp3","form":null,"summ":"港股连续两日累计下跌逾千点，蓝筹股普遍下挫","freeDuration":"0","freeTime":"","channelDesc":"金融频道","time":"2018-12-06 17:11:08","attr":5,"channelId":125,"pict":{"imgs":[{"txt":"","url":"http://img.caixin.com/2017-02-14/1487059522040296_145_97.jpg"}],"num":1},"desc":"香港恒指跌660点 华为概念股重挫"},{"cate":"100300001;100300177;101356148","comm":{"aid":"100","tid":"101356148"},"edit":{"head":"","link":"","name":"记者 全月 张宇哲","rank":"","desc":""},"link":"http://finance.caixin.com/2018-12-06/101356148.html","nid":101356148,"subDesc":"要闻","video":"","type":0,"tags":[],"audioUrl":"http://audio.caixin.com/caixin/148/101356148.mp3","form":null,"summ":"两家民企一家国企三合一，股权应该如何合理分配？船舶及航运权资产应如何公正评估？","freeDuration":"0","freeTime":"","channelDesc":"金融频道","time":"2018-12-06 12:12:57","attr":5,"channelId":125,"pict":{"imgs":[{"txt":"","url":"http://img.caixin.com/2018-12-06/1544069851504496_145_97.jpg"}],"num":1},"desc":"琼州海峡北岸航运资源整合僵局 如何体现公平公正"},{"cate":"100300001;100300177;101356057","comm":{"aid":"100","tid":"101356057"},"edit":{"head":"","link":"","name":"驻香港记者 刘雁菲 驻香港实习记者 文思敏","rank":"","desc":""},"link":"http://finance.caixin.com/2018-12-06/101356057.html","nid":101356057,"subDesc":"要闻","video":"","type":0,"tags":[],"audioUrl":"http://audio.caixin.com/caixin/057/101356057.mp3","form":null,"summ":"交银国际洪灏认为，A股触底的过程会是漫长而动荡的，但这并非一个坏消息","freeDuration":"0","freeTime":"","channelDesc":"金融频道","time":"2018-12-06 09:06:32","attr":5,"channelId":125,"pict":{"imgs":[{"txt":"","url":"http://img.caixin.com/2018-12-06/1544058731426741_145_97.jpg"}],"num":1},"desc":"港股2019年将跑输A股？"},{"cate":"100300001;100300177;101355931","comm":{"aid":"100","tid":"101355931"},"edit":{"head":"","link":"","name":"记者 彭岩锋","rank":"","desc":""},"link":"http://finance.caixin.com/2018-12-05/101355931.html","nid":101355931,"subDesc":"要闻","video":"","type":0,"tags":[],"audioUrl":"http://audio.caixin.com/caixin/931/101355931.mp3","form":{"txt":"投资","url":"http://finance.caixin.com/investment/"},"summ":"陈环曾担任草根投资首席律师，还曾与草根投资实际控制人金忠栲在同一家律所执业","freeDuration":"0","freeTime":"","channelDesc":"金融频道","time":"2018-12-05 18:26:32","attr":5,"channelId":125,"pict":{"imgs":[{"txt":"","url":"http://img.caixin.com/2018-12-05/1544005827064561_145_97.jpg"}],"num":1},"desc":"卷入草根投资爆雷案 万家乐董事长被批捕"},{"cate":"100300001;100300177;101355548","comm":{"aid":"100","tid":"101355548"},"edit":{"head":"","link":"","name":"记者 董兢","rank":"","desc":""},"link":"http://finance.caixin.com/2018-12-05/101355548.html","nid":101355548,"subDesc":"要闻","video":"","type":0,"tags":[],"audioUrl":"http://audio.caixin.com/caixin/548/101355548.mp3","form":null,"summ":"国资委曾在2016年初提出利用三年时间完成2041户央企层面“僵尸企业”的“处僵治困”工作，但现实推进工作一直困难重重","freeDuration":"0","freeTime":"","channelDesc":"金融频道","time":"2018-12-05 08:14:43","attr":5,"channelId":125,"pict":{"imgs":[{"txt":"","url":"http://img.caixin.com/2018-12-05/1543969952726779_145_97.jpg"}],"num":1},"desc":"“僵尸企业”债务处置大限已定  2020年底前完成"},{"cate":"100300001;100300177;101355510","comm":{"aid":"100","tid":"101355510"},"edit":{"head":"","link":"","name":"记者 彭骎骎","rank":"","desc":""},"link":"http://finance.caixin.com/2018-12-04/101355510.html","nid":101355510,"subDesc":"要闻","video":"","type":0,"tags":[],"audioUrl":"http://audio.caixin.com/caixin/510/101355510.mp3","form":null,"summ":"在岸人民币兑美元连续两日上涨，属于市场预期的自我强化，此前人民币已经积累了反转力量；未来中美贸易战走势是影响人民币兑美元汇率的重要因素","freeDuration":"0","freeTime":"","channelDesc":"金融频道","time":"2018-12-04 20:43:38","attr":5,"channelId":125,"pict":{"imgs":[{"txt":"","url":"http://img.caixin.com/2018-11-29/1543462571487389_145_97.jpg"}],"num":1},"desc":"中美谈判显积极信号 人民币年内“保7”基本无虞"},{"cate":"100300001;100300177;101355141","comm":{"aid":"100","tid":"101355141"},"edit":{"head":"","link":"","name":"记者 彭骎骎 张宇哲","rank":"","desc":""},"link":"http://finance.caixin.com/2018-12-04/101355141.html","nid":101355141,"subDesc":"要闻","video":"","type":0,"tags":[],"audioUrl":"http://audio.caixin.com/caixin/141/101355141.mp3","form":null,"summ":"地方政府债券开放银行间债市柜台系统的交易与发行业务，所需要的配套改革也是推动财政管理现代化的重要步骤","freeDuration":"0","freeTime":"","channelDesc":"金融频道","time":"2018-12-04 11:04:50","attr":5,"channelId":125,"pict":{"imgs":[{"txt":"","url":"http://img.caixin.com/2017-05-27/1495860130376943_145_97.jpg"}],"num":1},"desc":"独家|地方政府债券将试点柜台发行 预计2019年实施"},{"cate":"100300001;100300177;101355116","comm":{"aid":"100","tid":"101355116"},"edit":{"head":"","link":"","name":"记者 董兢","rank":"","desc":""},"link":"http://finance.caixin.com/2018-12-04/101355116.html","nid":101355116,"subDesc":"要闻","video":"","type":0,"tags":[],"audioUrl":"http://audio.caixin.com/caixin/116/101355116.mp3","form":null,"summ":"监管机关近期批准了雪松控股受让了中江信托的控股权，强调雪松需以自有资金入股","freeDuration":"0","freeTime":"","channelDesc":"金融频道","time":"2018-12-04 09:45:41","attr":5,"channelId":125,"pict":{"imgs":[{"txt":"","url":"http://img.caixin.com/2018-03-12/1520847099879169_145_97.jpg"}],"num":1},"desc":"广州民企雪松控股受让中江信托获批"},{"cate":"100300001;100300177;101355008","comm":{"aid":"100","tid":"101355008"},"edit":{"head":"","link":"","name":"记者 彭骎骎","rank":"","desc":""},"link":"http://finance.caixin.com/2018-12-03/101355008.html","nid":101355008,"subDesc":"要闻","video":"","type":0,"tags":[],"audioUrl":"http://audio.caixin.com/caixin/008/101355008.mp3","form":null,"summ":"8月，财政部要求地方政府债券发行利率不得低于国债收益率上浮40BP，引发地方政府债券发行小高潮；目前地方政府债券今年的发行额度所剩无几，11月仅新增地方政府债券459.41亿元，与10月2560亿元的发行规模相去甚远","freeDuration":"0","freeTime":"","channelDesc":"金融频道","time":"2018-12-03 20:53:46","attr":5,"channelId":125,"pict":{"imgs":[{"txt":"","url":"http://img.caixin.com/2018-12-03/1543841857636987_145_97.jpg"}],"num":1},"desc":"地方政府债券发行近尾声 何时放松40BP利差下限？"},{"cate":"100300001;100300177;101354997","comm":{"aid":"100","tid":"101354997"},"edit":{"head":"","link":"","name":"记者 刘彩萍","rank":"","desc":""},"link":"http://finance.caixin.com/2018-12-03/101354997.html","nid":101354997,"subDesc":"要闻","video":"","type":0,"tags":[],"audioUrl":"http://audio.caixin.com/caixin/997/101354997.mp3","form":null,"summ":"在维持现有债券市场监管格局不变的情况下，后端执法权统一移交到证监会，落地不易，效果有待观察","freeDuration":"0","freeTime":"","channelDesc":"金融频道","time":"2018-12-03 20:36:15","attr":5,"channelId":125,"pict":{"imgs":[{"txt":"","url":"http://img.caixin.com/2018-10-12/1539350015886040_145_97.jpg"}],"num":1},"desc":"债市跨市场统一执法落定 证监会已查办六起案件"},{"cate":"100300001;100300177;101354620","comm":{"aid":"100","tid":"101354620"},"edit":{"head":"","link":"","name":"记者 武晓蒙","rank":"","desc":""},"link":"http://finance.caixin.com/2018-12-02/101354620.html","nid":101354620,"subDesc":"要闻","video":"","type":0,"tags":[],"audioUrl":"http://audio.caixin.com/caixin/620/101354620.mp3","form":null,"summ":"要求确保理财业务和自营业务相分离，其自有资产与发行的理财产品之间不得进行利益输送；并对理财产品的同向和反向交易进行管控","freeDuration":"0","freeTime":"","channelDesc":"金融频道","time":"2018-12-02 21:26:42","attr":5,"channelId":125,"pict":{"imgs":[{"txt":"","url":"http://img.caixin.com/2018-12-02/1543757638164237_145_97.jpg"}],"num":1},"desc":"理财子公司办法落定 20%以内的自有资金可投本行理财"},{"cate":"100300001;100300177;101354608","comm":{"aid":"100","tid":"101354608"},"edit":{"head":"","link":"","name":"记者 刘彩萍","rank":"","desc":""},"link":"http://finance.caixin.com/2018-12-02/101354608.html","nid":101354608,"subDesc":"要闻","video":"","type":0,"tags":[],"audioUrl":"http://audio.caixin.com/caixin/608/101354608.mp3","form":null,"summ":"保证金和手续费均下降一半，日内开仓限制放大十倍，市场期待提高流动性","freeDuration":"0","freeTime":"","channelDesc":"金融频道","time":"2018-12-02 18:32:49","attr":5,"channelId":125,"pict":{"imgs":[{"txt":"","url":"http://img.caixin.com/2018-12-02/1543747276330033_145_97.jpg"}],"num":1},"desc":"股指期货逐步恢复常态 降保证金放开仓限制"},{"cate":"100300001;100300177;101354536","comm":{"aid":"100","tid":"101354536"},"edit":{"head":"","link":"","name":"记者 吴雨俭","rank":"","desc":""},"link":"http://finance.caixin.com/2018-12-02/101354536.html","nid":101354536,"subDesc":"要闻","video":"","type":0,"tags":[],"audioUrl":"http://audio.caixin.com/caixin/536/101354536.mp3","form":null,"summ":"同时要进一步加强金融市场的纪律约束，建立金融机构正常的市场退出机制","freeDuration":"12","freeTime":"","channelDesc":"金融频道","time":"2018-12-02 12:20:44","attr":5,"channelId":125,"pict":{"imgs":[{"txt":"","url":"http://img.caixin.com/2018-06-10/1528594684705375_145_97.jpg"}],"num":1},"desc":"银保监会赵宇龙：不同性质资金需避免跨界配置和错位投资"},{"cate":"100300001;100300177;101354530","comm":{"aid":"100","tid":"101354530"},"edit":{"head":"","link":"","name":"记者 胡越","rank":"","desc":""},"link":"http://finance.caixin.com/2018-12-02/101354530.html","nid":101354530,"subDesc":"要闻","video":"","type":0,"tags":[],"audioUrl":"http://audio.caixin.com/caixin/530/101354530.mp3","form":null,"summ":"李至斌指出，部分交易场所风险处置任务依然繁重，违法违规交易活动的滋生土壤还存在，涉及交易场所的信访投诉也不少","freeDuration":"12","freeTime":"","channelDesc":"金融频道","time":"2018-12-02 12:14:39","attr":5,"channelId":125,"pict":{"imgs":[{"txt":"","url":"http://img.caixin.com/2018-12-02/1543724789247695_145_97.jpg"}],"num":1},"desc":"证监会李至斌：摸排显示金交所问题依然严重"},{"cate":"100300001;100300177;101354439","comm":{"aid":"100","tid":"101354439"},"edit":{"head":"","link":"","name":"记者 胡越","rank":"","desc":""},"link":"http://finance.caixin.com/2018-12-01/101354439.html","nid":101354439,"subDesc":"要闻","video":"","type":0,"tags":[],"audioUrl":"http://audio.caixin.com/caixin/439/101354439.mp3","form":null,"summ":"对数据公司如何监管，目前仍有分歧。“将来的监管不管是什么样的，更多可能是一些非现场监管，现场只能通过突击性抽查或举报，采用‘神秘访客’或‘吹哨人’制度。”","freeDuration":"0","freeTime":"","channelDesc":"金融频道","time":"2018-12-01 16:44:03","attr":5,"channelId":125,"pict":{"imgs":[{"txt":"","url":"http://img.caixin.com/2018-12-01/1543654473114623_145_97.jpg"}],"num":1},"desc":"人行参事室张韶华：征信机构和数据公司不可混淆"},{"cate":"100300001;100300177;101354424","comm":{"aid":"100","tid":"101354424"},"edit":{"head":"","link":"","name":"记者 彭骎骎","rank":"","desc":""},"link":"http://finance.caixin.com/2018-12-01/101354424.html","nid":101354424,"subDesc":"要闻","video":"","type":0,"tags":[],"audioUrl":"http://audio.caixin.com/caixin/424/101354424.mp3","form":null,"summ":"亲历者如何看待外汇市场多年来的改革进展？下一步改革的重点难点是什么？","freeDuration":"168","freeTime":"2018-12-08 15:27:07","channelDesc":"金融频道","time":"2018-12-01 15:27:07","attr":0,"channelId":125,"pict":{"imgs":[{"txt":"","url":"http://img.caixin.com/2018-12-01/1543649558206373_145_97.jpg"}],"num":1},"desc":"外汇市场改革步入快车道 回望40年改革路"},{"cate":"100300001;100300177;101354418","comm":{"aid":"100","tid":"101354418"},"edit":{"head":"","link":"","name":"记者 武晓蒙","rank":"","desc":""},"link":"http://finance.caixin.com/2018-12-01/101354418.html","nid":101354418,"subDesc":"要闻","video":"","type":0,"tags":[],"audioUrl":"http://audio.caixin.com/caixin/418/101354418.mp3","form":null,"summ":"小微金融进入3.0阶段，强调综合服务、科技和数据；改善激励机制，防止逆向选择","freeDuration":"0","freeTime":"","channelDesc":"金融频道","time":"2018-12-01 15:21:43","attr":5,"channelId":125,"pict":{"imgs":[{"txt":"","url":"http://img.caixin.com/2018-12-01/1543649261514056_145_97.jpg"}],"num":1},"desc":"民生银行再发力小微金融 更关注户数而非贷款规模"},{"cate":"100300001;100300177;101354378","comm":{"aid":"100","tid":"101354378"},"edit":{"head":"","link":"","name":"记者 黎柳茜","rank":"","desc":""},"link":"http://finance.caixin.com/2018-12-01/101354378.html","nid":101354378,"subDesc":"要闻","video":"","type":0,"tags":[],"audioUrl":"http://audio.caixin.com/caixin/378/101354378.mp3","form":{"txt":"证券基金","url":"http://finance.caixin.com/stock/"},"summ":"2015年底至2018年6月，奥马电器及子公司频繁向金融机构借款，共计23次，大部分由赵国栋提供担保","freeDuration":"0","freeTime":"","channelDesc":"金融频道","time":"2018-12-01 13:02:37","attr":5,"channelId":125,"pict":{"imgs":[{"txt":"","url":"http://img.caixin.com/2018-12-01/1543641198052526_145_97.jpg"}],"num":1},"desc":"奥马电器遭法院强制还款 赵国栋跨界金融失控"},{"cate":"100300001;100300177;101354339","comm":{"aid":"100","tid":"101354339"},"edit":{"head":"","link":"","name":"记者 张榆","rank":"","desc":""},"link":"http://finance.caixin.com/2018-12-01/101354339.html","nid":101354339,"subDesc":"要闻","video":"","type":0,"tags":[],"audioUrl":"http://audio.caixin.com/caixin/339/101354339.mp3","form":null,"summ":"这是方星海年内第二次表态将抓紧恢复股指期货常态化交易，满足境内外投资者股票市场风险管理需求","freeDuration":"0","freeTime":"","channelDesc":"金融频道","time":"2018-12-01 11:26:55","attr":5,"channelId":125,"pict":{"imgs":[{"txt":"","url":"http://img.caixin.com/2018-12-01/1543636132359218_145_97.jpg"}],"num":1},"desc":"方星海：做好股指期货恢复常态化的各项准备"},{"cate":"100300001;100300177;101354334","comm":{"aid":"100","tid":"101354334"},"edit":{"head":"","link":"","name":"记者 全月","rank":"","desc":""},"link":"http://finance.caixin.com/2018-12-01/101354334.html","nid":101354334,"subDesc":"要闻","video":"","type":0,"tags":[],"audioUrl":"http://audio.caixin.com/caixin/334/101354334.mp3","form":null,"summ":"转让底价8.58亿元获26.01%股权，瑞银集团接手两股东部分股权，中粮集团退出，国电资本仅余1.99%","freeDuration":"0","freeTime":"","channelDesc":"金融频道","time":"2018-12-01 11:13:46","attr":5,"channelId":125,"pict":{"imgs":[{"txt":"","url":"http://img.caixin.com/2018-12-01/1543635343063553_145_97.jpg"}],"num":1},"desc":"首家外资控股券商获批  瑞银持股51%"},{"cate":"100300001;100300177;101354171","comm":{"aid":"100","tid":"101354171"},"edit":{"head":"","link":"","name":"记者 朱亮韬","rank":"","desc":""},"link":"http://finance.caixin.com/2018-11-30/101354171.html","nid":101354171,"subDesc":"要闻","video":"","type":0,"tags":[],"audioUrl":"http://audio.caixin.com/caixin/171/101354171.mp3","form":null,"summ":"中诚信证评和中诚信国际陆续将三胞集团、宏图高科的主体信用评级由A下调至BBB-。此前，7亿元规模的15宏图MTN001到期未兑付，且发行人单方面宣称展期，引发市场争议","freeDuration":"0","freeTime":"","channelDesc":"金融频道","time":"2018-11-30 21:21:17","attr":5,"channelId":125,"pict":{"imgs":[{"txt":"","url":"http://img.caixin.com/2018-11-30/1543585844743555_145_97.jpg"}],"num":1},"desc":"中票到期未兑付 三胞集团、宏图高科信用评级连续被下调"},{"cate":"100300001;100300177;101354158","comm":{"aid":"100","tid":"101354158"},"edit":{"head":"","link":"","name":"记者 全月","rank":"","desc":""},"link":"http://finance.caixin.com/2018-11-30/101354158.html","nid":101354158,"subDesc":"要闻","video":"","type":0,"tags":[],"audioUrl":"http://audio.caixin.com/caixin/158/101354158.mp3","form":null,"summ":"由“先筹再批”调整为“先批再筹”可降低基金筹备时的风险和成本，优化流程","freeDuration":"0","freeTime":"","channelDesc":"金融频道","time":"2018-11-30 20:59:37","attr":5,"channelId":125,"pict":{"imgs":[{"txt":"","url":"http://img.caixin.com/2018-11-30/1543583260180337_145_97.jpg"}],"num":1},"desc":"公募基金资格审批启动“先批再筹”"},{"cate":"100300001;100300177;101354154","comm":{"aid":"100","tid":"101354154"},"edit":{"head":"","link":"","name":"记者 刘彩萍","rank":"","desc":""},"link":"http://finance.caixin.com/2018-11-30/101354154.html","nid":101354154,"subDesc":"要闻","video":"","type":0,"tags":[],"audioUrl":"http://audio.caixin.com/caixin/154/101354154.mp3","form":null,"summ":"两年过渡期。新开展的投资应当遵守公募基金法定投资范围和投资限制，加强投资组合的流动性风险管理，并按照公募基金的有关规定计提风险准备金","freeDuration":"0","freeTime":"","channelDesc":"金融频道","time":"2018-11-30 20:56:32","attr":5,"channelId":125,"pict":{"imgs":[{"txt":"","url":"http://img.caixin.com/2018-11-30/1543584013879362_145_97.jpg"}],"num":1},"desc":"近万亿券商大集合产品面临整改 对标公募或私募"},{"cate":"100300001;100300177;101353955","comm":{"aid":"100","tid":"101353955"},"edit":{"head":"","link":"","name":"记者 彭岩锋","rank":"","desc":""},"link":"http://finance.caixin.com/2018-11-30/101353955.html","nid":101353955,"subDesc":"要闻","video":"","type":0,"tags":[],"audioUrl":"http://audio.caixin.com/caixin/955/101353955.mp3","form":{"txt":"证券基金","url":"http://finance.caixin.com/stock/"},"summ":"*ST巴士准备转让巴士科技。董秘办工作人员透露，公司原总经理王献蜀仍处失联状态","freeDuration":"0","freeTime":"","channelDesc":"金融频道","time":"2018-11-30 16:25:41","attr":5,"channelId":125,"pict":{"imgs":[{"txt":"","url":"http://img.caixin.com/2018-11-30/1543567324973685_145_97.jpg"}],"num":1},"desc":"原总经理失联一年后 *ST巴士筹划重大资产重组"},{"cate":"100300001;100300177;101353760","comm":{"aid":"100","tid":"101353760"},"edit":{"head":"","link":"","name":"记者 张榆 张立君 朱亮韬","rank":"","desc":""},"link":"http://finance.caixin.com/2018-11-30/101353760.html","nid":101353760,"subDesc":"要闻","video":"","type":0,"tags":[],"audioUrl":"http://audio.caixin.com/caixin/760/101353760.mp3","form":null,"summ":"海通证券中标该项目的费率远低于上市城商行2%的平均承销费率，刷新下限。市场人士感叹“以为是债券”。早先京沪高铁的承销费率据悉也“相当之低”，凸显IPO业务同质化之下的价格战","freeDuration":"0","freeTime":"","channelDesc":"金融频道","time":"2018-11-30 09:53:39","attr":5,"channelId":125,"pict":{"imgs":[{"txt":"","url":"http://img.caixin.com/2018-11-06/1541502117307060_145_97.jpg"}],"num":1},"desc":"券商IPO承销价格战新纪录：上海农商行中标费率低至万五"},{"cate":"100300001;100300177;101353466","comm":{"aid":"100","tid":"101353466"},"edit":{"head":"","link":"","name":"驻香港记者 尉奕阳","rank":"","desc":""},"link":"http://finance.caixin.com/2018-11-29/101353466.html","nid":101353466,"subDesc":"要闻","video":"","type":0,"tags":[],"audioUrl":"http://audio.caixin.com/caixin/466/101353466.mp3","form":null,"summ":"药明康德发行H股适逢香港新股市场低潮，公司此次集资规模远超前几宗港股IPO","freeDuration":"0","freeTime":"","channelDesc":"金融频道","time":"2018-11-29 13:20:19","attr":5,"channelId":125,"pict":{"imgs":[{"txt":"","url":"http://img.caixin.com/2018-11-29/1543468994657121_145_97.jpg"}],"num":1},"desc":"药明康德H股IPO 拟最多募资83亿港元"},{"cate":"100300001;100300177;101353260","comm":{"aid":"100","tid":"101353260"},"edit":{"head":"","link":"","name":"记者 吴红毓然  张宇哲","rank":"","desc":""},"link":"http://finance.caixin.com/2018-11-29/101353260.html","nid":101353260,"subDesc":"要闻","video":"","type":0,"tags":[],"audioUrl":"http://audio.caixin.com/caixin/260/101353260.mp3","form":null,"summ":"和前任汇金总经理白涛的履历类似，沈如军此前在工行工作多年；在交行工作两年多后，出任了汇金公司的总经理一职","freeDuration":"0","freeTime":"","channelDesc":"金融频道","time":"2018-11-29 07:29:48","attr":5,"channelId":125,"pict":{"imgs":[{"txt":"","url":"http://img.caixin.com/2018-11-29/1543472634348760_145_97.jpg"}],"num":1},"desc":"沈如军出任汇金总经理  近期建言如何管理金控公司"},{"cate":"100300001;100300177;101353227","comm":{"aid":"100","tid":"101353227"},"edit":{"head":"","link":"","name":"记者 全月","rank":"","desc":""},"link":"http://finance.caixin.com/2018-11-28/101353227.html","nid":101353227,"subDesc":"要闻","video":"","type":0,"tags":[],"audioUrl":"http://audio.caixin.com/caixin/227/101353227.mp3","form":null,"summ":"出资3476万元投资20家企业，持股市值超千万，其中艾洛维和自在传媒已挂牌新三板，巨匠文化也在准备登陆新三板","freeDuration":"0","freeTime":"","channelDesc":"金融频道","time":"2018-11-28 22:15:37","attr":5,"channelId":125,"pict":{"imgs":[{"txt":"","url":"http://img.caixin.com/2018-11-28/1543415022081196_145_97.jpg"}],"num":1},"desc":"歌手陈羽凡吸毒丑闻波及新三板公司"},{"cate":"100300001;100300177;101353052","comm":{"aid":"100","tid":"101353052"},"edit":{"head":"","link":"","name":"记者 岳跃","rank":"","desc":""},"link":"http://finance.caixin.com/2018-11-28/101353052.html","nid":101353052,"subDesc":"要闻","video":"","type":0,"tags":[],"audioUrl":"http://audio.caixin.com/caixin/052/101353052.mp3","form":null,"summ":"备受市场争议的王叁寿借壳“重组钉子户”群兴玩具，财产被冻结、股份被质押、交易要“分期”","freeDuration":"0","freeTime":"","channelDesc":"金融频道","time":"2018-11-28 17:56:39","attr":5,"channelId":125,"pict":{"imgs":[{"txt":"","url":"http://img.caixin.com/2018-11-28/1543399262917812_145_97.jpg"}],"num":1},"desc":"群兴玩具涨停变跌停 买壳接盘方财力存疑"},{"cate":"100300001;100300177;101352915","comm":{"aid":"100","tid":"101352915"},"edit":{"head":"","link":"","name":"记者 武晓蒙","rank":"","desc":""},"link":"http://finance.caixin.com/2018-11-28/101352915.html","nid":101352915,"subDesc":"要闻","video":"","type":0,"tags":[],"audioUrl":"http://audio.caixin.com/caixin/915/101352915.mp3","form":null,"summ":"小微企业在银行主要是融资难，融资贵主要在民间借贷；小微金融服务还应改善服务流程，提高审批效率","freeDuration":"0","freeTime":"","channelDesc":"金融频道","time":"2018-11-28 15:18:52","attr":5,"channelId":125,"pict":{"imgs":[{"txt":"","url":"http://img.caixin.com/2018-11-28/1543389873745379_145_97.jpg"}],"num":1},"desc":"中行报告：银行贷款利率上升 但融资贵主要在民间借贷"},{"cate":"100300001;100300177;101352707","comm":{"aid":"100","tid":"101352707"},"edit":{"head":"","link":"","name":"驻香港记者 尉奕阳","rank":"","desc":""},"link":"http://finance.caixin.com/2018-11-27/101352707.html","nid":101352707,"subDesc":"要闻","video":"","type":0,"tags":[],"audioUrl":"http://audio.caixin.com/caixin/707/101352707.mp3","form":null,"summ":"香港保监局希望，新牌照持有人可以利用科技提升香港保险业竞争力，帮助实现保险普及化","freeDuration":"0","freeTime":"","channelDesc":"金融频道","time":"2018-11-27 22:01:40","attr":5,"channelId":125,"pict":{"imgs":[{"txt":"","url":"http://img.caixin.com/2018-11-27/1543328135627749_145_97.jpg"}],"num":2},"desc":"香港保监局：今年底颁发首张网络分销保险公司牌照"},{"cate":"100300001;100300177;101352696","comm":{"aid":"100","tid":"101352696"},"edit":{"head":"","link":"","name":"记者 彭岩锋","rank":"","desc":""},"link":"http://finance.caixin.com/2018-11-27/101352696.html","nid":101352696,"subDesc":"要闻","video":"","type":0,"tags":[],"audioUrl":"http://audio.caixin.com/caixin/696/101352696.mp3","form":{"txt":"证券基金","url":"http://finance.caixin.com/stock/"},"summ":"江西省国资委主任透露，扶助对象以江西省内民营上市公司为主，“但也不排除外省的上市公司”","freeDuration":"0","freeTime":"","channelDesc":"金融频道","time":"2018-11-27 21:20:02","attr":5,"channelId":125,"pict":{"imgs":[{"txt":"","url":"http://img.caixin.com/2018-11-27/1543325452005955_145_97.jpg"}],"num":1},"desc":"江西成立100亿元纾困基金 受助企业不限省内"},{"cate":"100300001;100300177;101352523","comm":{"aid":"100","tid":"101352523"},"edit":{"head":"","link":"","name":"记者 吴红毓然 张宇哲","rank":"","desc":""},"link":"http://finance.caixin.com/2018-11-27/101352523.html","nid":101352523,"subDesc":"要闻","video":"","type":0,"tags":[],"audioUrl":"http://audio.caixin.com/caixin/523/101352523.mp3","form":null,"summ":"在吸取国际金融危机经验之外，中国监管政策的最大突破是，有望将互联网金融行业的巨头公司如蚂蚁金服、腾讯金融等纳入","freeDuration":"0","freeTime":"","channelDesc":"金融频道","time":"2018-11-27 16:58:12","attr":5,"channelId":125,"pict":{"imgs":[{"txt":"","url":"http://img.caixin.com/2018-11-27/1543309512056353_145_97.jpg"}],"num":1},"desc":"独家|系统重要性金融机构监管规则出台 或有20多家入选"},{"cate":"100300001;100300177;101352438","comm":{"aid":"100","tid":"101352438"},"edit":{"head":"","link":"","name":"记者 彭岩锋","rank":"","desc":""},"link":"http://finance.caixin.com/2018-11-27/101352438.html","nid":101352438,"subDesc":"要闻","video":"","type":0,"tags":[],"audioUrl":"http://audio.caixin.com/caixin/438/101352438.mp3","form":{"txt":"证券基金","url":"http://finance.caixin.com/stock/"},"summ":"1月，颜静刚因涉嫌违规被证监会立案调查，其与中技集团的债务危机全面暴露。此次交易完成后，*ST尤夫控股股东虽未发生变更，但实控人变为国务院国资委","freeDuration":"0","freeTime":"","channelDesc":"金融频道","time":"2018-11-27 15:10:15","attr":5,"channelId":125,"pict":{"imgs":[{"txt":"","url":"http://img.caixin.com/2018-11-27/1543303262405452_145_97.jpg"}],"num":1},"desc":"“中技系”再收缩 国资25亿元接盘*ST尤夫"},{"cate":"100300001;100300177;101352402","comm":{"aid":"100","tid":"101352402"},"edit":{"head":"","link":"","name":"记者 董兢","rank":"","desc":""},"link":"http://finance.caixin.com/2018-11-27/101352402.html","nid":101352402,"subDesc":"要闻","video":"","type":0,"tags":[],"audioUrl":"http://audio.caixin.com/caixin/402/101352402.mp3","form":null,"summ":"成为蚂蚁金服独立运营的网络互助计划，性质与水滴互助、轻松筹等网络互助无异","freeDuration":"0","freeTime":"","channelDesc":"金融频道","time":"2018-11-27 14:37:53","attr":5,"channelId":125,"pict":{"imgs":[{"txt":"","url":"http://img.caixin.com/2018-11-27/1543301507073624_145_97.jpg"}],"num":1},"desc":"“相互保”更名“相互宝”  不再挂保险牌子"},{"cate":"100300001;100300177;101352333","comm":{"aid":"100","tid":"101352333"},"edit":{"head":"","link":"","name":"驻香港记者 刘雁菲","rank":"","desc":""},"link":"http://finance.caixin.com/2018-11-27/101352333.html","nid":101352333,"subDesc":"要闻","video":"","type":0,"tags":[],"audioUrl":"http://audio.caixin.com/caixin/333/101352333.mp3","form":null,"summ":"现年47岁的仰智慧，通过香港上市公司在韩国及菲律宾发展博彩业；过去几年，他通过与华融在资本市场上的交手，获利颇丰","freeDuration":"0","freeTime":"","channelDesc":"金融频道","time":"2018-11-27 11:04:47","attr":5,"channelId":125,"pict":{"imgs":[{"txt":"","url":"http://img.caixin.com/2018-08-23/1535036288815240_145_97.jpg"}],"num":1},"desc":"失联三个月 仰智慧配合内地调查后获释"},{"cate":"100300001;100300177;101352218","comm":{"aid":"100","tid":"101352218"},"edit":{"head":"","link":"","name":"记者 武晓蒙","rank":"","desc":""},"link":"http://finance.caixin.com/2018-11-27/101352218.html","nid":101352218,"subDesc":"要闻","video":"","type":0,"tags":[],"audioUrl":"http://audio.caixin.com/caixin/218/101352218.mp3","form":null,"summ":"四大行理财子公司注册资本金均逾百亿元，远超监管要求的最低门槛；建行、农行理财子公司拟设在广东省深圳市，中行拟设在北京","freeDuration":"0","freeTime":"","channelDesc":"金融频道","time":"2018-11-27 08:17:50","attr":5,"channelId":125,"pict":{"imgs":[{"txt":"","url":"http://img.caixin.com/2018-11-27/1543278236231547_145_97.jpg"}],"num":1},"desc":"四大行布局理财子公司 资本金最高达160亿元"},{"cate":"100300001;100300177;101352106","comm":{"aid":"100","tid":"101352106"},"edit":{"head":"","link":"","name":"驻香港记者 尉奕阳","rank":"","desc":""},"link":"http://finance.caixin.com/2018-11-26/101352106.html","nid":101352106,"subDesc":"要闻","video":"","type":0,"tags":[],"audioUrl":"http://audio.caixin.com/caixin/106/101352106.mp3","form":null,"summ":"高盛此次投资策略防守型较强，重视股息回报率，呼应了该行对中国明年经济增长放缓的担忧","freeDuration":"0","freeTime":"","channelDesc":"金融频道","time":"2018-11-26 18:08:40","attr":5,"channelId":125,"pict":{"imgs":[{"txt":"","url":"http://img.caixin.com/2018-11-26/1543227088190093_145_97.jpg"}],"num":1},"desc":"高盛：2019年增持A股减持港股"},{"cate":"100300001;100300177;101351943","comm":{"aid":"100","tid":"101351943"},"edit":{"head":"","link":"","name":"专栏作家  聂方义","rank":"","desc":""},"link":"http://finance.caixin.com/2018-11-26/101351943.html","nid":101351943,"subDesc":"要闻","video":"","type":0,"tags":[],"audioUrl":"http://audio.caixin.com/caixin/942/101351942.mp3","form":null,"summ":"“相互保”的本质是用商业保险背书增信、合法化的“网络互助”；0元加入、事后收取理赔分摊款加10%的手续费，这套网络互助的典型做法符合保险法对商业保险的定义和立法本意吗？相互保能否做成保险界的“拼多多” ？这一切都需等待监管释法","freeDuration":"0","freeTime":"","channelDesc":"金融频道","time":"2018-11-26 14:17:28","attr":5,"channelId":125,"pict":{"imgs":[{"txt":"","url":"http://img.caixin.com/2018-11-26/1543213658492125_145_97.jpg"}],"num":1},"desc":"“相互保”的本质是什么  亟待监管释法"},{"cate":"100300001;100300177;101351891","comm":{"aid":"100","tid":"101351891"},"edit":{"head":"","link":"","name":"记者 彭岩锋","rank":"","desc":""},"link":"http://finance.caixin.com/2018-11-26/101351891.html","nid":101351891,"subDesc":"要闻","video":"","type":0,"tags":[],"audioUrl":"http://audio.caixin.com/caixin/891/101351891.mp3","form":{"txt":"证券基金","url":"http://finance.caixin.com/stock/"},"summ":"这次交易前，章启忠已将3100万股亿利达股票质押给浙商资产；目前已质押股份占持股总数的29.85%，股票质押率并不算高","freeDuration":"0","freeTime":"","channelDesc":"金融频道","time":"2018-11-26 11:50:48","attr":5,"channelId":125,"pict":{"imgs":[{"txt":"","url":"http://img.caixin.com/2018-11-26/1543204882508365_145_97.jpg"}],"num":1},"desc":"亿利达将易主 浙江国贸系上市公司增至三家"},{"cate":"100300001;100300177;101351665","comm":{"aid":"100","tid":"101351665"},"edit":{"head":"","link":"","name":"记者 胡越","rank":"","desc":""},"link":"http://finance.caixin.com/2018-11-25/101351665.html","nid":101351665,"subDesc":"要闻","video":"","type":0,"tags":[],"audioUrl":"http://audio.caixin.com/caixin/665/101351665.mp3","form":null,"summ":"比特币现金的分叉大战、美国证监会三部门的声明、美国司法部针对数字货币是否存在市场操纵的调查，都是原因","freeDuration":"0","freeTime":"","channelDesc":"金融频道","time":"2018-11-25 10:55:07","attr":5,"channelId":125,"pict":{"imgs":[{"txt":"","url":"http://img.caixin.com/2018-11-25/1543114821890621_145_97.jpg"}],"num":1},"desc":"比特币跌破4000美元 创424天来最低点"},{"cate":"100300001;100300177;101351552","comm":{"aid":"100","tid":"101351552"},"edit":{"head":"","link":"","name":"记者 吴红毓然","rank":"","desc":""},"link":"http://finance.caixin.com/2018-11-24/101351552.html","nid":101351552,"subDesc":"要闻","video":"","type":0,"tags":[],"audioUrl":"http://audio.caixin.com/caixin/552/101351552.mp3","form":null,"summ":"光大银行发布公告，董事会提名葛海蛟为新任行长。葛海蛟被农行和光大内部人士形容为“年富力强、能力全面”","freeDuration":"0","freeTime":"","channelDesc":"金融频道","time":"2018-11-24 12:49:10","attr":5,"channelId":125,"pict":{"imgs":[{"txt":"","url":"http://img.caixin.com/2018-11-24/1543036113297761_145_97.jpg"}],"num":1},"desc":"葛海蛟将为光大银行新一任行长"},{"cate":"100300001;100300177;101351490","comm":{"aid":"100","tid":"101351490"},"edit":{"head":"","link":"","name":"记者 刘彩萍","rank":"","desc":""},"link":"http://finance.caixin.com/2018-11-24/101351490.html","nid":101351490,"subDesc":"要闻","video":"","type":0,"tags":[],"audioUrl":"http://audio.caixin.com/caixin/490/101351490.mp3","form":null,"summ":"为资金充裕公司应对股价低估的资本市场工具，有可能异化为操纵市场的手段，伤人伤己","freeDuration":"0","freeTime":"","channelDesc":"金融频道","time":"2018-11-24 08:57:34","attr":5,"channelId":125,"pict":{"imgs":[{"txt":"","url":"http://img.caixin.com/2018-11-24/1543021243038854_145_97.jpg"}],"num":1},"desc":"回购细则发布 上市公司借钱回购六个月就可减持"},{"cate":"100300001;100300177;101351408","comm":{"aid":"100","tid":"101351408"},"edit":{"head":"","link":"","name":"记者 朱亮韬","rank":"","desc":""},"link":"http://finance.caixin.com/2018-11-23/101351408.html","nid":101351408,"subDesc":"要闻","video":"","type":0,"tags":[],"audioUrl":"http://audio.caixin.com/caixin/408/101351408.mp3","form":null,"summ":"上市公司业绩亏损、净利润同比下降50%以上、送转后每股收益低于0.2元、重要股东前后三个月内有减持计划或所持限售股解禁的，将不得披露每10股送转5股以上的高送转方案","freeDuration":"0","freeTime":"","channelDesc":"金融频道","time":"2018-11-23 20:42:33","attr":5,"channelId":125,"pict":{"imgs":[{"txt":"","url":"http://img.caixin.com/2018-10-26/1540535612682678_145_97.jpg"}],"num":1},"desc":"交易所严控高送转 业绩差不得10转5以上"},{"cate":"100300001;100300177;101351234","comm":{"aid":"100","tid":"101351234"},"edit":{"head":"","link":"","name":"记者 董兢","rank":"","desc":""},"link":"http://finance.caixin.com/2018-11-23/101351234.html","nid":101351234,"subDesc":"要闻","video":"","type":0,"tags":[],"audioUrl":"http://audio.caixin.com/caixin/234/101351234.mp3","form":null,"summ":"中国经济高增长足以吸引外商来华投资；金融部门的风险目前控制得很好，发生系统性金融风险的可能性非常遥远","freeDuration":"0","freeTime":"","channelDesc":"金融频道","time":"2018-11-23 16:02:46","attr":5,"channelId":125,"pict":{"imgs":[{"txt":"","url":"http://img.caixin.com/2018-11-23/1542961747898066_145_97.jpg"}],"num":1},"desc":"穆迪戴乐贤：尽管汇率承压 但中国仍有投资吸引力"},{"cate":"100300001;100300177;101351113","comm":{"aid":"100","tid":"101351113"},"edit":{"head":"","link":"","name":"驻香港记者 尉奕阳","rank":"","desc":""},"link":"http://finance.caixin.com/2018-11-23/101351113.html","nid":101351113,"subDesc":"要闻","video":"","type":0,"tags":[],"audioUrl":"http://audio.caixin.com/caixin/113/101351113.mp3","form":null,"summ":"此次郭氏遭冻结资产包括股票、现金及房产，资产冻结有效期至明年4月底","freeDuration":"0","freeTime":"","channelDesc":"金融频道","time":"2018-11-23 12:18:48","attr":5,"channelId":125,"pict":{"imgs":[{"txt":"","url":"http://img.caixin.com/2018-11-23/1542947274159531_145_97.jpg"}],"num":1},"desc":"香港高院冻结郭文贵70亿海外资产 包括海通证券股权等资产"},{"cate":"100300001;100300177;101351091","comm":{"aid":"100","tid":"101351091"},"edit":{"head":"","link":"","name":"","rank":"","desc":""},"link":"http://finance.caixin.com/2018-11-23/101351091.html","nid":101351091,"subDesc":"要闻","video":"","type":0,"tags":[],"audioUrl":"http://audio.caixin.com/caixin/091/101351091.mp3","form":null,"summ":"通知指出，支持自贸试验区内符合条件的个人按照规定开展境外证券投资。支持在有条件的自贸试验区开展知识产权证券化试点。支持自贸试验区依托适合自身特点的账户体系开展人民币跨境业务","freeDuration":"48","freeTime":"","channelDesc":"金融频道","time":"2018-11-23 11:01:30","attr":5,"channelId":125,"pict":{"imgs":[{"txt":"","url":"http://img.caixin.com/2018-11-23/1542943940861372_145_97.jpg"}],"num":1},"desc":"国务院：支持自贸试验区内符合条件的个人按照规定开展境外证券投资"}],"start":0,"count":100,"maxes":1000}