{"datas":[{"cate":"100300001;100300177;101271921","comm":{"aid":"100","tid":"101271921"},"edit":{"head":"","link":"","name":"记者 李明明","rank":"","desc":""},"link":"http://finance.caixin.com/2018-06-15/101271921.html","nid":101271921,"subDesc":"要闻","video":"","type":0,"tags":[],"audioUrl":"http://audio.caixin.com/caixin/921/101271921.mp3","form":null,"summ":"《准则》向社会公开征求意见，上市公司具备条件而不进行现金分红的，应充分披露原因，增加了机构投资者参与公司治理规定","freeDuration":"12","freeTime":"","channelDesc":"金融频道","time":"2018-06-15 21:02:59","attr":5,"channelId":125,"pict":{"imgs":[{"txt":"","url":"http://img.caixin.com/2018-06-15/1529068008408594_145_97.jpg"}],"num":1},"desc":"证监会修订上市公司治理准则 不分红要披露原因"},{"cate":"100300001;100300177;101271864","comm":{"aid":"100","tid":"101271864"},"edit":{"head":"","link":"","name":"记者 吴红毓然","rank":"","desc":""},"link":"http://finance.caixin.com/2018-06-15/101271864.html","nid":101271864,"subDesc":"要闻","video":"","type":0,"tags":[],"audioUrl":"http://audio.caixin.com/caixin/864/101271864.mp3","form":null,"summ":"对于在过渡期内，依照资管新规将非标资产回表的银行，央行考虑给予MPA考核的宽容度、乃至奖励","freeDuration":"0","freeTime":"","channelDesc":"金融频道","time":"2018-06-15 19:13:58","attr":5,"channelId":125,"pict":{"imgs":[{"txt":"","url":"http://img.caixin.com/2017-11-17/1510910554492454_145_97.jpg"}],"num":1},"desc":"应对非标回表 央行会给专项贷款额度吗？"},{"cate":"100300001;100300177;101271841","comm":{"aid":"100","tid":"101271841"},"edit":{"head":"","link":"","name":"记者 武晓蒙","rank":"","desc":""},"link":"http://finance.caixin.com/2018-06-15/101271841.html","nid":101271841,"subDesc":"要闻","video":"","type":0,"tags":[],"audioUrl":"http://audio.caixin.com/caixin/841/101271841.mp3","form":null,"summ":"定位主要是长租房市场，和租房中介是竞争合作关系；住房租赁以子公司的方式运营，相对规范和专业","freeDuration":"0","freeTime":"","channelDesc":"金融频道","time":"2018-06-15 18:35:52","attr":5,"channelId":125,"pict":{"imgs":[{"txt":"","url":"http://img.caixin.com/2018-03-22/1521722622992691_145_97.jpg"}],"num":1},"desc":"建信住房服务公司开业 建行要分中介“蛋糕”？"},{"cate":"100300001;100300177;101271823","comm":{"aid":"100","tid":"101271823"},"edit":{"head":"","link":"","name":"记者 张宇哲","rank":"","desc":""},"link":"http://finance.caixin.com/2018-06-15/101271823.html","nid":101271823,"subDesc":"要闻","video":"","type":0,"tags":[],"audioUrl":"http://audio.caixin.com/caixin/823/101271823.mp3","form":null,"summ":"与此前的央企债转股不同，此番首次出现银行系债转股公司、农行金融资产投资联合两家地方AMC参与；债转股完成后，中国中铁四家子公司的平均资产负债率将降至78.15%","freeDuration":"0","freeTime":"","channelDesc":"金融频道","time":"2018-06-15 18:20:05","attr":5,"channelId":125,"pict":{"imgs":[{"txt":"","url":"http://img.caixin.com/2018-06-15/1529058581086216_145_97.jpg"}],"num":1},"desc":"中国中铁债转股落地 九家投资者拟增资116亿元"},{"cate":"100300001;100300177;101271779","comm":{"aid":"100","tid":"101271779"},"edit":{"head":"","link":"","name":"记者 杨巧伶","rank":"","desc":""},"link":"http://finance.caixin.com/2018-06-15/101271779.html","nid":101271779,"subDesc":"要闻","video":"","type":0,"tags":[],"audioUrl":"http://audio.caixin.com/caixin/779/101271779.mp3","form":null,"summ":"如果6月20日不能如期兑付第一期5.31亿元本息，光大永明债权计划将成为第一例违约的险资债权投资计划；此外，营口港对债务融资的依赖程度较高，接下来陆续到期的债务能否如期偿付，令市场关注","freeDuration":"0","freeTime":"","channelDesc":"金融频道","time":"2018-06-15 17:00:33","attr":5,"channelId":125,"pict":{"imgs":[{"txt":"","url":"http://img.caixin.com/2018-06-15/1529053448808064_145_97.jpg"}],"num":1},"desc":"辽宁国企营口港曝违约风险 下半年待偿债务逾60亿元"},{"cate":"100300001;100300177;101271742","comm":{"aid":"100","tid":"101271742"},"edit":{"head":"","link":"","name":"记者 张榆","rank":"","desc":""},"link":"http://finance.caixin.com/2018-06-15/101271742.html","nid":101271742,"subDesc":"要闻","video":"","type":0,"tags":[],"audioUrl":"http://audio.caixin.com/caixin/742/101271742.mp3","form":null,"summ":"创新企业有不同发展阶段，可能产生“独角兽”的阶段是从“100到100万”，每个阶段应用不同的金融工具。已经市值几千亿美元的超大企业不应再占据扶持“独角兽”的市场资源","freeDuration":"0","freeTime":"","channelDesc":"金融频道","time":"2018-06-15 16:24:55","attr":5,"channelId":125,"pict":{"imgs":[{"txt":"","url":"http://img.caixin.com/2018-06-16/1529127250833518_145_97.jpg"}],"num":1},"desc":"黄奇帆：不应追捧长成“恐龙”的“独角兽”"},{"cate":"100300001;100300177;101271577","comm":{"aid":"100","tid":"101271577"},"edit":{"head":"","link":"","name":"记者 彭骎骎","rank":"","desc":""},"link":"http://finance.caixin.com/2018-06-15/101271577.html","nid":101271577,"subDesc":"要闻","video":"","type":0,"tags":[],"audioUrl":"http://audio.caixin.com/caixin/577/101271577.mp3","form":null,"summ":"这次主要是根据今年全国两会以来央行和财政部领导班子的变化，调整了部分货币政策委员会成员；并任命刘世锦、刘伟和马骏为新任专家委员","freeDuration":"0","freeTime":"","channelDesc":"金融频道","time":"2018-06-15 13:57:46","attr":5,"channelId":125,"pict":{"imgs":[{"txt":"","url":"http://img.caixin.com/2018-06-15/1529042639851569_145_97.jpg"}],"num":1},"desc":"央行货币政策委员会换届 新入选的都有谁？"},{"cate":"100300001;100300177;101271430","comm":{"aid":"100","tid":"101271430"},"edit":{"head":"","link":"","name":"记者 任蕙兰","rank":"","desc":""},"link":"http://finance.caixin.com/2018-06-15/101271430.html","nid":101271430,"subDesc":"要闻","video":"","type":0,"tags":[],"audioUrl":"http://audio.caixin.com/caixin/430/101271430.mp3","form":null,"summ":"提高普惠金融领域监管透明度，建立市场约束机制，对打着普惠金融旗号、互联网金融旗号实际上要赚快钱甚至非法集资的机构予以打击","freeDuration":"0","freeTime":"","channelDesc":"金融频道","time":"2018-06-15 10:29:08","attr":5,"channelId":125,"pict":{"imgs":[{"txt":"","url":"http://img.caixin.com/2018-06-15/1529029979392937_145_97.jpg"}],"num":1},"desc":"银保监会李均锋：告诉市场谁是真的普惠金融"},{"cate":"100300001;100300177;101271267","comm":{"aid":"100","tid":"101271267"},"edit":{"head":"","link":"","name":"记者 韩祎","rank":"","desc":""},"link":"http://finance.caixin.com/2018-06-15/101271267.html","nid":101271267,"subDesc":"要闻","video":"","type":0,"tags":[],"audioUrl":"http://audio.caixin.com/caixin/267/101271267.mp3","form":null,"summ":"一旦普惠金融价格过高，接受服务需求方没有获得持续发展；如果价格过低，提供普惠金融服务的金融机构就没有可持续动力。“决定价格的关键变量是成本。”","freeDuration":"3","freeTime":"","channelDesc":"金融频道","time":"2018-06-15 08:27:08","attr":5,"channelId":125,"pict":{"imgs":[{"txt":"","url":"http://img.caixin.com/2018-06-15/1529022762155734_145_97.jpg"}],"num":1},"desc":"上海银行金煜：科技助力普惠金融降成本、可持续"},{"cate":"100300001;100300177;101271168","comm":{"aid":"100","tid":"101271168"},"edit":{"head":"","link":"","name":"驻香港实习记者 文思敏","rank":"","desc":""},"link":"http://finance.caixin.com/2018-06-15/101271168.html","nid":101271168,"subDesc":"要闻","video":"","type":0,"tags":[],"audioUrl":"http://audio.caixin.com/caixin/168/101271168.mp3","form":null,"summ":"香港持续近十年的低息环境有望改变，目前部分银行的港币定存年利率超过2%","freeDuration":"0","freeTime":"","channelDesc":"金融频道","time":"2018-06-15 07:00:00","attr":5,"channelId":125,"pict":{"imgs":[{"txt":"","url":"http://img.caixin.com/2018-06-14/1528988362649496_145_97.jpg"}],"num":1},"desc":"港元流动性紧张 香港银行展开吸存大战"},{"cate":"100300001;100300177;101271153","comm":{"aid":"100","tid":"101271153"},"edit":{"head":"","link":"","name":"驻香港记者 尉奕阳","rank":"","desc":""},"link":"http://finance.caixin.com/2018-06-14/101271153.html","nid":101271153,"subDesc":"要闻","video":"","type":0,"tags":[],"audioUrl":"http://audio.caixin.com/caixin/153/101271153.mp3","form":null,"summ":"港交所表示，拒绝配合调查违反《上市规则》，情节严重，但并未透露调查方向是否与华融金控借壳有关","freeDuration":"0","freeTime":"","channelDesc":"金融频道","time":"2018-06-14 22:05:10","attr":5,"channelId":125,"pict":{"imgs":[{"txt":"","url":"http://img.caixin.com/2018-01-23/1516666654037417_145_97.jpg"}],"num":1},"desc":"华融金控前董事拒配合调查  港交所谴责"},{"cate":"100300001;100300177;101270958","comm":{"aid":"100","tid":"101270958"},"edit":{"head":"","link":"","name":"记者 任蕙兰","rank":"","desc":""},"link":"http://finance.caixin.com/2018-06-14/101270958.html","nid":101270958,"subDesc":"要闻","video":"","type":0,"tags":[],"audioUrl":"http://audio.caixin.com/caixin/958/101270958.mp3","form":null,"summ":"如果房地产市场继续乱象丛生，如果地方政府继续变换花样举借债务，金融监管再严厉也会出现金融风险。应建立新型住房制度和市场化调控机制","freeDuration":"0","freeTime":"","channelDesc":"金融频道","time":"2018-06-14 16:14:05","attr":5,"channelId":125,"pict":{"imgs":[{"txt":"","url":"http://img.caixin.com/2018-06-14/1528964227193493_145_97.jpg"}],"num":1},"desc":"杨伟民：全国住宅空置率高于日本 用来炒的房子不少"},{"cate":"100300001;100300177;101270936","comm":{"aid":"100","tid":"101270936"},"edit":{"head":"","link":"","name":"记者 韩祎","rank":"","desc":""},"link":"http://finance.caixin.com/2018-06-14/101270936.html","nid":101270936,"subDesc":"要闻","video":"","type":0,"tags":[],"audioUrl":"http://audio.caixin.com/caixin/936/101270936.mp3","form":null,"summ":"发展住房租赁市场，既可以解决居民住的需要，又不需要承担相应的金融压力和风险","freeDuration":"0","freeTime":"","channelDesc":"金融频道","time":"2018-06-14 15:50:40","attr":5,"channelId":125,"pict":{"imgs":[{"txt":"","url":"http://img.caixin.com/2018-06-14/1528962951386186_145_97.jpg"}],"num":1},"desc":"建行董事长田国立：房子用来住 “长租即长住”"},{"cate":"100300001;100300177;101270856","comm":{"aid":"100","tid":"101270856"},"edit":{"head":"","link":"","name":"记者 张榆","rank":"","desc":""},"link":"http://finance.caixin.com/2018-06-14/101270856.html","nid":101270856,"subDesc":"要闻","video":"","type":0,"tags":[],"audioUrl":"http://audio.caixin.com/caixin/856/101270856.mp3","form":null,"summ":"金融体系中过多的顺周期因素、“大而不能倒”、衍生品发展过度、对“大中小”的区别对待等问题仍未得到真正解决","freeDuration":"3","freeTime":"","channelDesc":"金融频道","time":"2018-06-14 14:44:09","attr":5,"channelId":125,"pict":{"imgs":[{"txt":"","url":"http://img.caixin.com/2018-06-14/1528958909984878_145_97.jpg"}],"num":1},"desc":"周小川：金融危机十年 未尽事宜仍需努力"},{"cate":"100300001;100300177;101270845","comm":{"aid":"100","tid":"101270845"},"edit":{"head":"","link":"","name":"记者 彭骎骎","rank":"","desc":""},"link":"http://finance.caixin.com/2018-06-14/101270845.html","nid":101270845,"subDesc":"要闻","video":"","type":0,"tags":[],"audioUrl":"http://audio.caixin.com/caixin/845/101270845.mp3","form":null,"summ":"稳妥有序推进资本项目可兑换，推动人民币国际化再上新台阶，完善人民币汇率形成机制，建设开放的、有竞争力的外汇市场","freeDuration":"12","freeTime":"2018-06-15 02:34:22","channelDesc":"金融频道","time":"2018-06-14 14:34:22","attr":0,"channelId":125,"pict":{"imgs":[{"txt":"","url":"http://img.caixin.com/2018-06-14/1528958293929267_145_97.jpg"}],"num":1},"desc":"潘功胜：推动更高水平的贸易投资自由化便利化"},{"cate":"100300001;100300177;101270826","comm":{"aid":"100","tid":"101270826"},"edit":{"head":"","link":"","name":"记者 任蕙兰","rank":"","desc":""},"link":"http://finance.caixin.com/2018-06-14/101270826.html","nid":101270826,"subDesc":"要闻","video":"","type":0,"tags":[],"audioUrl":"http://audio.caixin.com/caixin/826/101270826.mp3","form":null,"summ":"促进FDI稳定增长各国要有共识，有开放心态，推出积极措施","freeDuration":"3","freeTime":"","channelDesc":"金融频道","time":"2018-06-14 14:03:16","attr":5,"channelId":125,"pict":{"imgs":[{"txt":"","url":"http://img.caixin.com/2018-06-14/1528956318703450_145_97.jpg"}],"num":1},"desc":"屠光绍：促进FDI稳定增长 各国应形成共识"},{"cate":"100300001;100300177;101270787","comm":{"aid":"100","tid":"101270787"},"edit":{"head":"","link":"","name":"记者 韩祎","rank":"","desc":""},"link":"http://finance.caixin.com/2018-06-14/101270787.html","nid":101270787,"subDesc":"要闻","video":"","type":0,"tags":[],"audioUrl":"http://audio.caixin.com/caixin/787/101270787.mp3","form":null,"summ":"一旦发现承诺高回报的理财产品和投资公司，就要相互提醒、积极举报，让各种金融诈骗和不断变异的庞氏骗局无所遁形","freeDuration":"3","freeTime":"","channelDesc":"金融频道","time":"2018-06-14 12:40:57","attr":5,"channelId":125,"pict":{"imgs":[{"txt":"","url":"http://img.caixin.com/2018-06-14/1528953624925668_145_97.jpg"}],"num":1},"desc":"郭树清呼吁警惕非法集资：回报超10%就要准备损失全部本金"},{"cate":"100300001;100300177;101270776","comm":{"aid":"100","tid":"101270776"},"edit":{"head":"","link":"","name":"记者 朱亮韬","rank":"","desc":""},"link":"http://finance.caixin.com/2018-06-14/101270776.html","nid":101270776,"subDesc":"要闻","video":"","type":0,"tags":[],"audioUrl":"http://audio.caixin.com/caixin/776/101270776.mp3","form":null,"summ":"证监会正研究新的制度安排，包括股票收盘价格产生机制、规范停复牌制度，并创造条件让境外投资者交易股指期货等","freeDuration":"3","freeTime":"","channelDesc":"金融频道","time":"2018-06-14 12:24:07","attr":5,"channelId":125,"pict":{"imgs":[{"txt":"","url":"http://img.caixin.com/2018-06-14/1528953540077332_145_97.jpg"}],"num":1},"desc":"方星海：推动MSCI指数A股因子提高到15%"},{"cate":"100300001;100300177;101270754","comm":{"aid":"100","tid":"101270754"},"edit":{"head":"","link":"","name":"驻香港记者 刘雁菲","rank":"","desc":""},"link":"http://finance.caixin.com/2018-06-14/101270754.html","nid":101270754,"subDesc":"要闻","video":"","type":0,"tags":[],"audioUrl":"http://audio.caixin.com/caixin/754/101270754.mp3","form":null,"summ":"香港金管局数据显示，今年首五个月，已有至少13家内地及香港企业、多边投资机构及政策性银行在香港发行绿色债券，总金额超过50亿美元","freeDuration":"0","freeTime":"","channelDesc":"金融频道","time":"2018-06-14 12:02:59","attr":5,"channelId":125,"pict":{"imgs":[{"txt":"","url":"http://img.caixin.com/2018-06-06/1528252003212283_145_97.jpg"}],"num":1},"desc":"内地绿色融资需求旺盛 香港冀发挥“桥梁”作用"},{"cate":"100300001;100300177;101270750","comm":{"aid":"100","tid":"101270750"},"edit":{"head":"","link":"","name":"记者 韩祎","rank":"","desc":""},"link":"http://finance.caixin.com/2018-06-14/101270750.html","nid":101270750,"subDesc":"要闻","video":"","type":0,"tags":[],"audioUrl":"http://audio.caixin.com/caixin/750/101270750.mp3","form":null,"summ":"迄今为止，多数国家仍然通过危机来强制调整金融风险，付出沉重代价后，恢复经济金融平衡。中国的做法是及早防范化解各类风险，防止生成系统性金融危机","freeDuration":"3","freeTime":"","channelDesc":"金融频道","time":"2018-06-14 12:02:31","attr":5,"channelId":125,"pict":{"imgs":[{"txt":"","url":"http://img.caixin.com/2018-06-14/1528956484234662_145_97.jpg"}],"num":1},"desc":"郭树清：防风险要“治未病” 早发现早预警早处置"},{"cate":"100300001;100300177;101270743","comm":{"aid":"100","tid":"101270743"},"edit":{"head":"","link":"","name":"记者 武晓蒙","rank":"","desc":""},"link":"http://finance.caixin.com/2018-06-14/101270743.html","nid":101270743,"subDesc":"要闻","video":"","type":0,"tags":[],"audioUrl":"http://audio.caixin.com/caixin/743/101270743.mp3","form":null,"summ":"五大行中，只有农行和交行同业存单发行规模明显上升；其中，交行对同业资金依赖度一向高于其他四大行，而农行则意在提高同业负债线上化","freeDuration":"0","freeTime":"","channelDesc":"金融频道","time":"2018-06-14 11:58:58","attr":5,"channelId":125,"pict":{"imgs":[{"txt":"","url":"http://img.caixin.com/2018-02-04/1517753271225378_145_97.jpg"}],"num":1},"desc":"大行同业存单飙升 真的是因为“存款荒”吗？"},{"cate":"100300001;100300177;101270706","comm":{"aid":"100","tid":"101270706"},"edit":{"head":"","link":"","name":"记者 张榆","rank":"","desc":""},"link":"http://finance.caixin.com/2018-06-14/101270706.html","nid":101270706,"subDesc":"要闻","video":"","type":0,"tags":[],"audioUrl":"http://audio.caixin.com/caixin/706/101270706.mp3","form":null,"summ":"央行货币政策、财政部税收优惠、商业银行服务等多方面合力，提高正规金融机构为小微企业提供融资的积极性","freeDuration":"3","freeTime":"","channelDesc":"金融频道","time":"2018-06-14 11:27:12","attr":5,"channelId":125,"pict":{"imgs":[{"txt":"","url":"http://img.caixin.com/2018-06-14/1528956894161313_145_97.jpg"}],"num":1},"desc":"易纲：多策并举促进小微贷款供给"},{"cate":"100300001;100300177;101270669","comm":{"aid":"100","tid":"101270669"},"edit":{"head":"","link":"","name":"记者 任蕙兰","rank":"","desc":""},"link":"http://finance.caixin.com/2018-06-14/101270669.html","nid":101270669,"subDesc":"要闻","video":"","type":0,"tags":[],"audioUrl":"http://audio.caixin.com/caixin/669/101270669.mp3","form":null,"summ":"十八大以来上海金融中心建设加速发展，自由贸易账户等试点工程取得进展，沪港通、债券通、原油期货相继启动，沪伦通将在年内启动","freeDuration":"3","freeTime":"","channelDesc":"金融频道","time":"2018-06-14 10:54:26","attr":5,"channelId":125,"pict":{"imgs":[{"txt":"","url":"http://img.caixin.com/2018-06-14/1528957034146478_145_97.jpg"}],"num":1},"desc":"李强：沪伦通年内将启动"},{"cate":"100300001;100300177;101270609","comm":{"aid":"100","tid":"101270609"},"edit":{"head":"","link":"","name":"记者 李明明","rank":"","desc":""},"link":"http://finance.caixin.com/2018-06-14/101270609.html","nid":101270609,"subDesc":"要闻","video":"","type":0,"tags":[],"audioUrl":"http://audio.caixin.com/caixin/609/101270609.mp3","form":null,"summ":"大型券商低价竞争“获客”打价格战，中小型券商也有冲规模和打品牌的冲动，行业竞争有恶化趋势","freeDuration":"0","freeTime":"","channelDesc":"金融频道","time":"2018-06-14 10:21:15","attr":5,"channelId":125,"pict":{"imgs":[{"txt":"","url":"http://img.caixin.com/2017-05-19/1495175037862043_145_97.jpg"}],"num":1},"desc":"券商债券承销费恶性竞争 中证协将现场约谈"},{"cate":"100300001;100300177;101270256","comm":{"aid":"100","tid":"101270256"},"edit":{"head":"","link":"","name":"驻香港记者 刘雁菲","rank":"","desc":""},"link":"http://finance.caixin.com/2018-06-13/101270256.html","nid":101270256,"subDesc":"要闻","video":"","type":0,"tags":[],"audioUrl":"http://audio.caixin.com/caixin/256/101270256.mp3","form":null,"summ":"他在任内推动两地互联互通、同股不同权等多项改革","freeDuration":"0","freeTime":"","channelDesc":"金融频道","time":"2018-06-13 19:23:23","attr":5,"channelId":125,"pict":{"imgs":[{"txt":"","url":"http://img.caixin.com/2018-06-13/1528889235599099_145_97.jpg"}],"num":1},"desc":"李小加续约港交所行政总裁 在任时间最长"},{"cate":"100300001;100300177;101270119","comm":{"aid":"100","tid":"101270119"},"edit":{"head":"","link":"","name":"记者 陈曦","rank":"","desc":""},"link":"http://finance.caixin.com/2018-06-13/101270119.html","nid":101270119,"subDesc":"要闻","video":"","type":0,"tags":[],"audioUrl":"http://audio.caixin.com/caixin/119/101270119.mp3","form":null,"summ":"蒙草生态就公司主体信用评级遭下调、短期债务待偿还情况等问题连发公告，但6月13日股价仍以跌停收盘","freeDuration":"12","freeTime":"","channelDesc":"金融频道","time":"2018-06-13 16:28:23","attr":5,"channelId":125,"pict":{"imgs":[{"txt":"","url":"http://img.caixin.com/2017-02-14/1487059522040296_145_97.jpg"}],"num":1},"desc":"蒙草生态股价跌停 回应信用评级遭下调：暂不影响偿债能力"},{"cate":"100300001;100300177;101269942","comm":{"aid":"100","tid":"101269942"},"edit":{"head":"","link":"","name":"驻香港记者 尉奕阳","rank":"","desc":""},"link":"http://finance.caixin.com/2018-06-13/101269942.html","nid":101269942,"subDesc":"要闻","video":"","type":0,"tags":[],"audioUrl":"http://audio.caixin.com/caixin/942/101269942.mp3","form":null,"summ":"她也表示，香港努力成为绿色债券发行的首选地点","freeDuration":"12","freeTime":"","channelDesc":"金融频道","time":"2018-06-13 12:14:30","attr":5,"channelId":125,"pict":{"imgs":[{"txt":"","url":"http://img.caixin.com/2017-10-11/1507703815954586_145_97.jpg"}],"num":1},"desc":"林郑月娥：香港将启动一带一路保险便利化平台"},{"cate":"100300001;100300177;101269878","comm":{"aid":"100","tid":"101269878"},"edit":{"head":"","link":"","name":"记者 陈曦","rank":"","desc":""},"link":"http://finance.caixin.com/2018-06-13/101269878.html","nid":101269878,"subDesc":"要闻","video":"","type":0,"tags":[],"audioUrl":"http://audio.caixin.com/caixin/878/101269878.mp3","form":null,"summ":"上市后第四个交易日，工业富联打开涨停板，早盘一度短暂翻绿，截至记者发稿成交已超百亿元","freeDuration":"3","freeTime":"","channelDesc":"金融频道","time":"2018-06-13 11:09:08","attr":5,"channelId":125,"pict":{"imgs":[{"txt":"","url":"http://img.caixin.com/2018-06-13/1528859679932372_145_97.jpg"}],"num":1},"desc":"上市仅得三个涨停 工业富联早盘成交超百亿"},{"cate":"100300001;100300177;101269826","comm":{"aid":"100","tid":"101269826"},"edit":{"head":"","link":"","name":"记者 彭骎骎","rank":"","desc":""},"link":"http://finance.caixin.com/2018-06-13/101269826.html","nid":101269826,"subDesc":"要闻","video":"","type":0,"tags":[],"audioUrl":"http://audio.caixin.com/caixin/826/101269826.mp3","form":null,"summ":"除了对投资额度的宏观审慎管理，外汇局对境外合格投资者的其他政策限制基本都已放开；预计将促进中国资本市场进一步对外开放","freeDuration":"6","freeTime":"","channelDesc":"金融频道","time":"2018-06-13 10:52:12","attr":5,"channelId":125,"pict":{"imgs":[{"txt":"","url":"http://img.caixin.com/2018-04-16/1523845313884269_145_97.jpg"}],"num":1},"desc":"QFII和RQFII政策大松绑 取消资金汇出汇入限制"},{"cate":"100300001;100300177;101269804","comm":{"aid":"100","tid":"101269804"},"edit":{"head":"","link":"","name":"记者 郑丽纯","rank":"","desc":""},"link":"http://finance.caixin.com/2018-06-13/101269804.html","nid":101269804,"subDesc":"要闻","video":"","type":0,"tags":[],"audioUrl":"http://audio.caixin.com/caixin/804/101269804.mp3","form":{"txt":"证券基金","url":"http://finance.caixin.com/stock/"},"summ":"格力集团于6月12日收市后发布终止收购公告，系因珠海市国资委否决，但未说明否决原因；当天交易日午后，长园集团股价提前跳水，尾盘跌停","freeDuration":"0","freeTime":"","channelDesc":"金融频道","time":"2018-06-13 10:50:43","attr":5,"channelId":125,"pict":{"imgs":[{"txt":"","url":"http://img.caixin.com/2018-06-13/1528858450153795_145_97.jpg"}],"num":1},"desc":"未获国资委同意 格力集团终止要约收购长园集团"},{"cate":"100300001;100300177;101269684","comm":{"aid":"100","tid":"101269684"},"edit":{"head":"","link":"","name":"记者 覃洁","rank":"","desc":""},"link":"http://finance.caixin.com/2018-06-13/101269684.html","nid":101269684,"subDesc":"要闻","video":"","type":0,"tags":[],"audioUrl":"http://audio.caixin.com/caixin/684/101269684.mp3","form":null,"summ":"中兴通讯A+H股于6月13日上午开市起复牌，其中A股开盘跌停，H股开盘大跌37.5%","freeDuration":"48","freeTime":"","channelDesc":"金融频道","time":"2018-06-13 09:34:25","attr":5,"channelId":125,"pict":{"imgs":[{"txt":"","url":"http://img.caixin.com/2017-03-29/1490752091116977_145_97.jpg"}],"num":1},"desc":"中兴通讯复牌：A股跌停 H股低开37.5%"},{"cate":"100300001;100300177;101269577","comm":{"aid":"100","tid":"101269577"},"edit":{"head":"","link":"","name":"记者 韩祎","rank":"","desc":""},"link":"http://finance.caixin.com/2018-06-13/101269577.html","nid":101269577,"subDesc":"要闻","video":"","type":0,"tags":[],"audioUrl":"http://audio.caixin.com/caixin/577/101269577.mp3","form":null,"summ":"趣店此前主打的现金贷业务，面对持续收紧的监管环境；但转型汽车分期并没有太惊艳的效果，还无法为趣店再造现金贷带来的辉煌","freeDuration":"0","freeTime":"","channelDesc":"金融频道","time":"2018-06-13 07:21:37","attr":5,"channelId":125,"pict":{"imgs":[{"txt":"","url":"http://img.caixin.com/2017-10-25/1508899950179594_145_97.jpg"}],"num":1},"desc":"趣店业绩下滑股价缩水 多名股东减持套现"},{"cate":"100300001;100300177;101269509","comm":{"aid":"100","tid":"101269509"},"edit":{"head":"","link":"","name":"记者 彭骎骎","rank":"","desc":""},"link":"http://finance.caixin.com/2018-06-12/101269509.html","nid":101269509,"subDesc":"要闻","video":"","type":0,"tags":[],"audioUrl":"http://audio.caixin.com/caixin/509/101269509.mp3","form":null,"summ":"主要原因是严监管背景下，非标融资持续萎缩；另外，在PPP和城投平台融资收紧的情况下，基建投资放缓，资金需求也有所减弱","freeDuration":"0","freeTime":"","channelDesc":"金融频道","time":"2018-06-12 19:40:38","attr":5,"channelId":125,"pict":{"imgs":[{"txt":"","url":"http://img.caixin.com/2017-09-30/1506740869382712_145_97.jpg"}],"num":1},"desc":"表外和债券融资收缩 5月社融增量创22个月新低"},{"cate":"100300001;100300177;101269185","comm":{"aid":"100","tid":"101269185"},"edit":{"head":"","link":"","name":"记者 覃洁 于海荣","rank":"","desc":""},"link":"http://finance.caixin.com/2018-06-12/101269185.html","nid":101269185,"subDesc":"要闻","video":"","type":0,"tags":[],"audioUrl":"http://audio.caixin.com/caixin/185/101269185.mp3","form":null,"summ":"评级公司下调蒙草生态评级，主要原因在于公司PPP项目回款滞后、短期债务攀升、财务杠杆率上升较快","freeDuration":"0","freeTime":"","channelDesc":"金融频道","time":"2018-06-12 13:15:39","attr":5,"channelId":125,"pict":{"imgs":[{"txt":"","url":"http://img.caixin.com/2018-06-12/1528780718128183_145_97.jpg"}],"num":1},"desc":"PPP概念股再遇困局 蒙草生态10亿中票被终止评级"},{"cate":"100300001;100300177;101269019","comm":{"aid":"100","tid":"101269019"},"edit":{"head":"","link":"","name":"记者 朱亮韬","rank":"","desc":""},"link":"http://finance.caixin.com/2018-06-12/101269019.html","nid":101269019,"subDesc":"要闻","video":"","type":0,"tags":[],"audioUrl":"http://audio.caixin.com/caixin/019/101269019.mp3","form":null,"summ":"市场人士称，原油期货的日均持仓和成交不断增加，表明流入资金逐渐增加以及市场活跃程度的持续提高；而境外投资者的参与度同样不可小视","freeDuration":"12","freeTime":"","channelDesc":"金融频道","time":"2018-06-12 09:37:19","attr":5,"channelId":125,"pict":{"imgs":[{"txt":"","url":"http://img.caixin.com/2018-06-12/1528767879266056_145_97.jpg"}],"num":1},"desc":"能源中心专家张宏民：原油期货上市以来持续活跃"},{"cate":"100300001;100300177;101268914","comm":{"aid":"100","tid":"101268914"},"edit":{"head":"","link":"","name":"记者 张榆 见习记者 屈慧","rank":"","desc":""},"link":"http://finance.caixin.com/2018-06-12/101268914.html","nid":101268914,"subDesc":"要闻","video":"","type":0,"tags":[],"audioUrl":"http://audio.caixin.com/caixin/914/101268914.mp3","form":null,"summ":"瀚叶股份三大业务板块中，以网游业务毛利率最高。有投资经理分析认为，瀚叶股份最看中量子云巨大的用户量，公号可以持续为游戏业务引流","freeDuration":"0","freeTime":"","channelDesc":"金融频道","time":"2018-06-12 08:12:25","attr":5,"channelId":125,"pict":{"imgs":[{"txt":"","url":"http://img.caixin.com/2018-06-12/1528762942638562_145_97.jpg"}],"num":1},"desc":"38亿元收购981个公号 瀚叶股份图什么？"},{"cate":"100300001;100300177;101268908","comm":{"aid":"100","tid":"101268908"},"edit":{"head":"","link":"","name":"驻香港记者 尉奕阳","rank":"","desc":""},"link":"http://finance.caixin.com/2018-06-12/101268908.html","nid":101268908,"subDesc":"要闻","video":"","type":0,"tags":[],"audioUrl":"http://audio.caixin.com/caixin/908/101268908.mp3","form":null,"summ":"汇丰表示，科技与亚洲市场将是投资重点，公司将维持现有派息政策并继续回购股份","freeDuration":"0","freeTime":"","channelDesc":"金融频道","time":"2018-06-12 08:11:43","attr":5,"channelId":125,"pict":{"imgs":[{"txt":"","url":"http://img.caixin.com/2018-06-12/1528762586752435_145_97.jpg"}],"num":1},"desc":"汇丰重拾增长战略 2020年前拟投资逾千亿元"},{"cate":"100300001;100300177;101268866","comm":{"aid":"100","tid":"101268866"},"edit":{"head":"","link":"","name":"记者 彭岩锋","rank":"","desc":""},"link":"http://finance.caixin.com/2018-06-12/101268866.html","nid":101268866,"subDesc":"要闻","video":"","type":0,"tags":[],"audioUrl":"http://audio.caixin.com/caixin/866/101268866.mp3","form":{"txt":"证券基金","url":"http://finance.caixin.com/stock/"},"summ":"截至6月7日，凯迪生态及全资子公司涉诉138起。金额最大的一笔，是其与华融国际信托有限责任公司的金融借款合同纠纷，标的额逾6亿元","freeDuration":"0","freeTime":"","channelDesc":"金融频道","time":"2018-06-12 07:09:48","attr":5,"channelId":125,"pict":{"imgs":[{"txt":"","url":"http://img.caixin.com/2018-06-12/1528761213358457_145_97.jpg"}],"num":1},"desc":"控股股东提苛刻条件 凯迪生态股权重组搁浅"},{"cate":"100300001;100300177;101268750","comm":{"aid":"100","tid":"101268750"},"edit":{"head":"","link":"","name":"记者 林金冰","rank":"","desc":""},"link":"http://finance.caixin.com/2018-06-11/101268750.html","nid":101268750,"subDesc":"要闻","video":"","type":0,"tags":[{"txt":"财新峰会香港场","url":"http://tag.caixin.com/tag/%E8%B4%A2%E6%96%B0%E5%B3%B0%E4%BC%9A%E9%A6%99%E6%B8%AF%E5%9C%BA"}],"audioUrl":"http://audio.caixin.com/caixin/750/101268750.mp3","form":null,"summ":"香港中文大学前校长刘遵义认为，设立东亚清算银行可降低区内贸易成本和汇率风险","freeDuration":"0","freeTime":"","channelDesc":"金融频道","time":"2018-06-11 19:44:38","attr":5,"channelId":125,"pict":{"imgs":[{"txt":"","url":"http://img.caixin.com/2018-06-11/1528717956023257_145_97.jpg"}],"num":1},"desc":"学者建言设立东亚清算银行 减少对美元依赖"},{"cate":"100300001;100300177;101268588","comm":{"aid":"100","tid":"101268588"},"edit":{"head":"","link":"","name":"记者 张宇哲","rank":"","desc":""},"link":"http://finance.caixin.com/2018-06-11/101268588.html","nid":101268588,"subDesc":"要闻","video":"","type":0,"tags":[],"audioUrl":"http://audio.caixin.com/caixin/588/101268588.mp3","form":null,"summ":"一旦进入中国市场，仍会确保信息安全方面的标准维持在行业高水平，不会降低对合作伙伴的要求；这意味着，如果支付宝、财付通两大支付巨头转接Visa的银行卡，必须遵守Visa的信息安全标准","freeDuration":"0","freeTime":"","channelDesc":"金融频道","time":"2018-06-11 17:30:10","attr":5,"channelId":125,"pict":{"imgs":[{"txt":"","url":"http://img.caixin.com/2018-06-11/1528709635927051_145_97.jpg"}],"num":1},"desc":"Visa全球首席风险官：从不降低信息安全标准"},{"cate":"100300001;100300177;101268554","comm":{"aid":"100","tid":"101268554"},"edit":{"head":"","link":"","name":"记者 吴红毓然","rank":"","desc":""},"link":"http://finance.caixin.com/2018-06-11/101268554.html","nid":101268554,"subDesc":"要闻","video":"","type":0,"tags":[],"audioUrl":"http://audio.caixin.com/caixin/554/101268554.mp3","form":null,"summ":"中行原副行长任德奇出任交行党委副书记，有望担任新一任行长和副董事长；与董事长彭纯搭班，实现交行的战略愿景","freeDuration":"0","freeTime":"","channelDesc":"金融频道","time":"2018-06-11 17:08:10","attr":5,"channelId":125,"pict":{"imgs":[{"txt":"","url":"http://img.caixin.com/2018-06-11/1528708610049282_145_97.jpg"}],"num":1},"desc":"新行长任德奇上任  “彭任配”共治交行"},{"cate":"100300001;100300177;101268348","comm":{"aid":"100","tid":"101268348"},"edit":{"head":"","link":"","name":"记者 曹文姣 石睿","rank":"","desc":""},"link":"http://finance.caixin.com/2018-06-11/101268348.html","nid":101268348,"subDesc":"要闻","video":"","type":0,"tags":[],"audioUrl":"http://audio.caixin.com/caixin/348/101268348.mp3","form":null,"summ":"乐视网的前车之鉴令市场记忆深刻，华谊兄弟的高比例股份质押引发投资者担忧","freeDuration":"12","freeTime":"","channelDesc":"金融频道","time":"2018-06-11 16:05:39","attr":5,"channelId":125,"pict":{"imgs":[{"txt":"","url":"http://img.caixin.com/2018-06-11/1528704536621017_145_97.jpg"}],"num":1},"desc":"创始人高比例股权质押引套现质疑 华谊兄弟正面回应"},{"cate":"100300001;100300177;101268228","comm":{"aid":"100","tid":"101268228"},"edit":{"head":"","link":"","name":"记者 彭岩锋","rank":"","desc":""},"link":"http://finance.caixin.com/2018-06-11/101268228.html","nid":101268228,"subDesc":"要闻","video":"","type":0,"tags":[],"audioUrl":"http://audio.caixin.com/caixin/228/101268228.mp3","form":null,"summ":"张定军在国信证券的分管业务仍未最终明确。目前，张定军正就下一步去向作全面考虑，是否去职国信证券也没有确定","freeDuration":"0","freeTime":"","channelDesc":"金融频道","time":"2018-06-11 12:14:47","attr":5,"channelId":125,"pict":{"imgs":[{"txt":"","url":"http://img.caixin.com/2018-06-11/1528690715367165_145_97.jpg"}],"num":1},"desc":"作别明星营业部 张定军或分管国信经纪销售"},{"cate":"100300001;100300177;101268186","comm":{"aid":"100","tid":"101268186"},"edit":{"head":"","link":"","name":"记者 张榆","rank":"","desc":""},"link":"http://finance.caixin.com/2018-06-11/101268186.html","nid":101268186,"subDesc":"要闻","video":"","type":0,"tags":[],"audioUrl":"http://audio.caixin.com/caixin/186/101268186.mp3","form":null,"summ":"6月10日，即“独角兽基金”正式募集前一日，监管层窗口指导将募集上限由单只500亿元调整至200亿元。若认购踊跃，六只基金的总规模将在1200亿元左右，低于早先1800亿元-3000亿元的目标","freeDuration":"0","freeTime":"","channelDesc":"金融频道","time":"2018-06-11 11:27:30","attr":5,"channelId":125,"pict":{"imgs":[{"txt":"","url":"http://img.caixin.com/2018-06-11/1528687812694979_145_97.jpg"}],"num":1},"desc":"“独角兽基金”募集规模压缩至1200亿元"},{"cate":"100300001;100300177;101268136","comm":{"aid":"100","tid":"101268136"},"edit":{"head":"","link":"","name":"记者 屈运栩 叶展旗","rank":"","desc":""},"link":"http://finance.caixin.com/2018-06-11/101268136.html","nid":101268136,"subDesc":"要闻","video":"","type":0,"tags":[],"audioUrl":"http://audio.caixin.com/caixin/132/101268132.mp3","form":null,"summ":"定价和募资规模还有变数，预计估值700亿到800亿美元。由于“合格IPO”条款要求，其CDR定价很难有大幅折让","freeDuration":"0","freeTime":"","channelDesc":"金融频道","time":"2018-06-11 10:00:02","attr":5,"channelId":125,"pict":{"imgs":[{"txt":"","url":"http://img.caixin.com/2018-05-03/1525319209050036_145_97.jpg"}],"num":1},"desc":"独家|小米将以境内为主上市地 CDR规模约300亿元"},{"cate":"100300001;100300177;101267974","comm":{"aid":"100","tid":"101267974"},"edit":{"head":"","link":"","name":"记者 朱亮韬","rank":"","desc":""},"link":"http://finance.caixin.com/2018-06-10/101267974.html","nid":101267974,"subDesc":"要闻","video":"","type":0,"tags":[],"audioUrl":"http://audio.caixin.com/caixin/974/101267974.mp3","form":null,"summ":"从单祥双最新的公开信来看，中科招商2017年连续甩卖“壳股”的行为是为了偿还被债权人挤兑的债务，缓解流动性危机。过往以生猛融资驱动二级市场“囤壳”的激进风格，让其付出了不小代价","freeDuration":"0","freeTime":"","channelDesc":"金融频道","time":"2018-06-10 21:28:15","attr":5,"channelId":125,"pict":{"imgs":[{"txt":"","url":"http://img.caixin.com/2018-06-10/1528637512648859_145_97.jpg"}],"num":1},"desc":"中科招商单祥双发股东信：卖股还债致去年亏损7亿"},{"cate":"100300001;100300177;101267829","comm":{"aid":"100","tid":"101267829"},"edit":{"head":"","link":"","name":"记者 郑丽纯","rank":"","desc":""},"link":"http://finance.caixin.com/2018-06-10/101267829.html","nid":101267829,"subDesc":"要闻","video":"","type":0,"tags":[{"txt":"财新峰会香港场","url":"http://tag.caixin.com/tag/%E8%B4%A2%E6%96%B0%E5%B3%B0%E4%BC%9A%E9%A6%99%E6%B8%AF%E5%9C%BA"}],"audioUrl":"http://audio.caixin.com/caixin/829/101267829.mp3","form":null,"summ":"孙雷称，P2P网贷平台备案工作大概率会延期，目前平台都在观望，等待6月底监管部门的表态","freeDuration":"3","freeTime":"","channelDesc":"金融频道","time":"2018-06-10 07:57:04","attr":5,"channelId":125,"pict":{"imgs":[{"txt":"","url":"http://img.caixin.com/2018-06-10/1528589446669726_145_97.jpg"}],"num":1},"desc":"玖富孙雷：股权高度集中，平台易发“跑路”"},{"cate":"100300001;100300177;101267779","comm":{"aid":"100","tid":"101267779"},"edit":{"head":"","link":"","name":"见习记者 屈慧 驻香港记者 尉奕阳","rank":"","desc":""},"link":"http://finance.caixin.com/2018-06-09/101267779.html","nid":101267779,"subDesc":"要闻","video":"","type":0,"tags":[{"txt":"财新峰会香港场","url":"http://tag.caixin.com/tag/%E8%B4%A2%E6%96%B0%E5%B3%B0%E4%BC%9A%E9%A6%99%E6%B8%AF%E5%9C%BA"}],"audioUrl":"http://audio.caixin.com/caixin/779/101267779.mp3","form":null,"summ":"张懿宸认为，CDR和同股不同权机制分别确定后，内地和香港资本市场都在争取新经济公司“回家”，两地形成良性竞争","freeDuration":"3","freeTime":"","channelDesc":"金融频道","time":"2018-06-09 16:52:29","attr":5,"channelId":125,"pict":{"imgs":[{"txt":"","url":"http://img.caixin.com/2018-06-09/1528534915983691_145_97.jpg"}],"num":1},"desc":"中信张懿宸：纳斯达克不再一枝独秀"},{"cate":"100300001;100300177;101267557","comm":{"aid":"100","tid":"101267557"},"edit":{"head":"","link":"","name":"驻香港记者 尉奕阳","rank":"","desc":""},"link":"http://finance.caixin.com/2018-06-09/101267557.html","nid":101267557,"subDesc":"要闻","video":"","type":0,"tags":[{"txt":"财新峰会香港场","url":"http://tag.caixin.com/tag/%E8%B4%A2%E6%96%B0%E5%B3%B0%E4%BC%9A%E9%A6%99%E6%B8%AF%E5%9C%BA"}],"audioUrl":"http://audio.caixin.com/caixin/557/101267557.mp3","form":null,"summ":"陈志武表示，盲目追赶回A热潮，有损公司声誉。海外投资者会认为中国上市公司是投机分子","freeDuration":"3","freeTime":"","channelDesc":"金融频道","time":"2018-06-09 08:19:04","attr":5,"channelId":125,"pict":{"imgs":[{"txt":"","url":"http://img.caixin.com/2018-06-09/1528503910247021_145_97.jpg"}],"num":1},"desc":"陈志武：好公司不应追赶CDR热潮"},{"cate":"100300001;100300177;101267546","comm":{"aid":"100","tid":"101267546"},"edit":{"head":"","link":"","name":"记者 彭岩锋","rank":"","desc":""},"link":"http://finance.caixin.com/2018-06-09/101267546.html","nid":101267546,"subDesc":"要闻","video":"","type":0,"tags":[],"audioUrl":"http://audio.caixin.com/caixin/546/101267546.mp3","form":null,"summ":"张定军仍担任国信证券总裁助理和经纪事业部副总裁。财新记者确认，泰九分公司暂时由国信证券经纪事业部另一名副总裁徐敬耀分管","freeDuration":"0","freeTime":"","channelDesc":"金融频道","time":"2018-06-09 08:10:53","attr":5,"channelId":125,"pict":{"imgs":[{"txt":"","url":"http://img.caixin.com/2018-05-22/1526968437332660_145_97.jpg"}],"num":1},"desc":"国信证券最牛营业部换将 泰九分公司张定军去职"},{"cate":"100300001;100300177;101267501","comm":{"aid":"100","tid":"101267501"},"edit":{"head":"","link":"","name":"记者 武晓蒙","rank":"","desc":""},"link":"http://finance.caixin.com/2018-06-08/101267501.html","nid":101267501,"subDesc":"要闻","video":"","type":0,"tags":[],"audioUrl":"http://audio.caixin.com/caixin/501/101267501.mp3","form":null,"summ":"做实不良贷款分类是大方向，各地具体执行要求和过渡期安排不同；大行调整压力不大，或将加速部分中小银行暴露真实不良率","freeDuration":"0","freeTime":"","channelDesc":"金融频道","time":"2018-06-08 21:37:18","attr":5,"channelId":125,"pict":{"imgs":[{"txt":"","url":"http://img.caixin.com/2018-06-08/1528465920757616_145_97.jpg"}],"num":1},"desc":"逾期90天以上贷款全部计入不良？各地执行或有差别"},{"cate":"100300001;100300177;101267497","comm":{"aid":"100","tid":"101267497"},"edit":{"head":"","link":"","name":"驻香港记者 尉奕阳","rank":"","desc":""},"link":"http://finance.caixin.com/2018-06-08/101267497.html","nid":101267497,"subDesc":"要闻","video":"","type":0,"tags":[{"txt":"财新峰会香港场","url":"http://tag.caixin.com/tag/%E8%B4%A2%E6%96%B0%E5%B3%B0%E4%BC%9A%E9%A6%99%E6%B8%AF%E5%9C%BA"}],"audioUrl":"http://audio.caixin.com/caixin/497/101267497.mp3","form":null,"summ":"香港财政司司长陈茂波表示，改革开放40年过程中，香港和内地的命运一直紧扣在一起，香港一直以己所长服务国家所需","freeDuration":"3","freeTime":"","channelDesc":"金融频道","time":"2018-06-08 21:36:36","attr":5,"channelId":125,"pict":{"imgs":[{"txt":"","url":"http://img.caixin.com/2018-06-08/1528467205556432_145_97.jpg"}],"num":1},"desc":"陈茂波：内地越开放，香港越重要"},{"cate":"100300001;100300177;101267493","comm":{"aid":"100","tid":"101267493"},"edit":{"head":"","link":"","name":"驻香港记者 刘雁菲","rank":"","desc":""},"link":"http://finance.caixin.com/2018-06-08/101267493.html","nid":101267493,"subDesc":"要闻","video":"","type":0,"tags":[{"txt":"财新峰会香港场","url":"http://tag.caixin.com/tag/%E8%B4%A2%E6%96%B0%E5%B3%B0%E4%BC%9A%E9%A6%99%E6%B8%AF%E5%9C%BA"}],"audioUrl":"http://audio.caixin.com/caixin/493/101267493.mp3","form":null,"summ":"她认为，内地市场容量庞大，与国际市场的连接必不可少，香港的角色分量有增无减","freeDuration":"3","freeTime":"","channelDesc":"金融频道","time":"2018-06-08 21:34:32","attr":5,"channelId":125,"pict":{"imgs":[{"txt":"","url":"http://img.caixin.com/2018-06-08/1528466718660768_145_97.jpg"}],"num":1},"desc":"史美伦：香港能为内地创造什么价值？"},{"cate":"100300001;100300177;101267478","comm":{"aid":"100","tid":"101267478"},"edit":{"head":"","link":"","name":"记者 屈运栩","rank":"","desc":""},"link":"http://finance.caixin.com/2018-06-08/101267478.html","nid":101267478,"subDesc":"要闻","video":"","type":0,"tags":[],"audioUrl":"http://audio.caixin.com/caixin/478/101267478.mp3","form":null,"summ":"确立全球化策略，超过13家全球顶级PE和国家基金成为新一轮投资主力，强调金融科技属性、高度关注风险控制","freeDuration":"0","freeTime":"","channelDesc":"金融频道","time":"2018-06-08 21:16:24","attr":5,"channelId":125,"pict":{"imgs":[{"txt":"","url":"http://img.caixin.com/2018-06-08/1528464340011731_145_97.jpg"}],"num":1},"desc":"专访井贤栋：蚂蚁金服1510亿美元估值何来?"},{"cate":"100300001;100300177;101267452","comm":{"aid":"100","tid":"101267452"},"edit":{"head":"","link":"","name":"记者 霍侃","rank":"","desc":""},"link":"http://finance.caixin.com/2018-06-08/101267452.html","nid":101267452,"subDesc":"要闻","video":"","type":0,"tags":[],"audioUrl":"http://audio.caixin.com/caixin/452/101267452.mp3","form":null,"summ":"最大的变化是，允许的存款偏离度由原来的3%调整至4%，对季末月存款增长的约束也有所放松；对银行偏离后的纠正处罚措施也更宽松一些，但规定两次超5%有重罚","freeDuration":"0","freeTime":"","channelDesc":"金融频道","time":"2018-06-08 20:33:52","attr":5,"channelId":125,"pict":{"imgs":[{"txt":"","url":"http://img.caixin.com/2017-05-26/1495775126476218_145_97.jpg"}],"num":1},"desc":"银行存款承压 银保监会适当放松存款偏离度到4%"},{"cate":"100300001;100300177;101267421","comm":{"aid":"100","tid":"101267421"},"edit":{"head":"","link":"","name":"记者 彭骎骎","rank":"","desc":""},"link":"http://finance.caixin.com/2018-06-08/101267421.html","nid":101267421,"subDesc":"要闻","video":"","type":0,"tags":[],"audioUrl":"http://audio.caixin.com/caixin/421/101267421.mp3","form":null,"summ":"废除了《境外金融机构投资入股中资金融机构管理办法》；并删除三部规章中限制外资持股比例的条款","freeDuration":"12","freeTime":"","channelDesc":"金融频道","time":"2018-06-08 19:42:41","attr":5,"channelId":125,"pict":{"imgs":[{"txt":"","url":"http://img.caixin.com/2018-04-09/1523280251203639_145_97.jpg"}],"num":1},"desc":"金融开放政策落实 银保监会废除限制外资入股中资银行相关规章"},{"cate":"100300001;100300177;101267356","comm":{"aid":"100","tid":"101267356"},"edit":{"head":"","link":"","name":"驻香港记者 刘雁菲","rank":"","desc":""},"link":"http://finance.caixin.com/2018-06-08/101267356.html","nid":101267356,"subDesc":"要闻","video":"","type":0,"tags":[{"txt":"财新峰会香港场","url":"http://tag.caixin.com/tag/%E8%B4%A2%E6%96%B0%E5%B3%B0%E4%BC%9A%E9%A6%99%E6%B8%AF%E5%9C%BA"}],"audioUrl":"http://audio.caixin.com/caixin/356/101267356.mp3","form":null,"summ":"以人民币做“一带一路”投融资结算单位，可降低内地企业面对的汇率风险，也可减少对美元的依赖","freeDuration":"3","freeTime":"","channelDesc":"金融频道","time":"2018-06-08 18:37:51","attr":5,"channelId":125,"pict":{"imgs":[{"txt":"","url":"http://image1.caixin.com/2018-06-08/1528432926674977_145_97.jpg"}],"num":1},"desc":"陈德霖：中国对外贸易人民币结算比例将达50%"},{"cate":"100300001;100300177;101267281","comm":{"aid":"100","tid":"101267281"},"edit":{"head":"","link":"","name":"记者 董兢","rank":"","desc":""},"link":"http://finance.caixin.com/2018-06-08/101267281.html","nid":101267281,"subDesc":"要闻","video":"","type":0,"tags":[],"audioUrl":"http://audio.caixin.com/caixin/281/101267281.mp3","form":null,"summ":"平安证券原总裁刘世安“空降”。金融“去杠杆”高压下，中小券商如何突出重围？","freeDuration":"0","freeTime":"","channelDesc":"金融频道","time":"2018-06-08 17:32:05","attr":5,"channelId":125,"pict":{"imgs":[{"txt":"","url":"http://img.caixin.com/2018-06-08/1528450502779850_145_97.jpg"}],"num":1},"desc":"国海证券任命新总裁 刘世安如何带领团队走出困境？"},{"cate":"100300001;100300177;101267049","comm":{"aid":"100","tid":"101267049"},"edit":{"head":"","link":"","name":"记者 张立君","rank":"","desc":""},"link":"http://finance.caixin.com/2018-06-08/101267049.html","nid":101267049,"subDesc":"要闻","video":"","type":0,"tags":[],"audioUrl":"http://audio.caixin.com/caixin/049/101267049.mp3","form":null,"summ":"今年债市呈现结构性分化格局，高等级信用债和利率债在信用风波中受到的影响非常小；同时银行出于减少资本金占用的目的，对地方债的申购动力较强，预计地方债在未来可能会有更好的表现","freeDuration":"3","freeTime":"","channelDesc":"金融频道","time":"2018-06-08 15:25:00","attr":5,"channelId":125,"pict":{"imgs":[{"txt":"","url":"http://img.caixin.com/2018-05-15/1526354457780967_145_97.jpg"}],"num":1},"desc":"地方政府债发行潮来袭 机构预计对利率债冲击可控"},{"cate":"100300001;100300177;101267021","comm":{"aid":"100","tid":"101267021"},"edit":{"head":"","link":"","name":"记者 吴红毓然","rank":"","desc":""},"link":"http://finance.caixin.com/2018-06-08/101267021.html","nid":101267021,"subDesc":"要闻","video":"","type":0,"tags":[{"txt":"财新峰会香港场","url":"http://tag.caixin.com/tag/%E8%B4%A2%E6%96%B0%E5%B3%B0%E4%BC%9A%E9%A6%99%E6%B8%AF%E5%9C%BA"}],"audioUrl":"http://audio.caixin.com/caixin/021/101267021.mp3","form":null,"summ":"陈文辉称，将重点整治公司治理不健全、交叉金融风险等问题，重塑银行业、保险业资产负债表和表外业务表","freeDuration":"3","freeTime":"","channelDesc":"金融频道","time":"2018-06-08 14:54:44","attr":5,"channelId":125,"pict":{"imgs":[{"txt":"","url":"http://image1.caixin.com/2018-06-08/1528432939120356_145_97.jpg"}],"num":1},"desc":"陈文辉：金融业不能唯利是图"},{"cate":"100300001;100300177;101267013","comm":{"aid":"100","tid":"101267013"},"edit":{"head":"","link":"","name":"记者 刘彩萍","rank":"","desc":""},"link":"http://finance.caixin.com/2018-06-08/101267013.html","nid":101267013,"subDesc":"要闻","video":"","type":0,"tags":[],"audioUrl":"http://audio.caixin.com/caixin/013/101267013.mp3","form":null,"summ":"A股出现过多例上市企业当年亏损的情况，通常与经济周期密切相关；但因此受到处罚的保荐人并不多","freeDuration":"0","freeTime":"","channelDesc":"金融频道","time":"2018-06-08 14:49:55","attr":5,"channelId":125,"pict":{"imgs":[{"txt":"","url":"http://img.caixin.com/2018-06-08/1528440859166459_145_97.jpg"}],"num":1},"desc":"证监会给保代新上“夺命条款”？保代回应称早已执行"},{"cate":"100300001;100300177;101267009","comm":{"aid":"100","tid":"101267009"},"edit":{"head":"","link":"","name":"记者 曹文姣","rank":"","desc":""},"link":"http://finance.caixin.com/2018-06-08/101267009.html","nid":101267009,"subDesc":"要闻","video":"","type":0,"tags":[],"audioUrl":"http://audio.caixin.com/caixin/009/101267009.mp3","form":null,"summ":"两地市场的定价机制、投资者的构成以及港股今年流动性边际趋紧，多重因素导致“独角兽”在A股和H股的不同境遇","freeDuration":"0","freeTime":"","channelDesc":"金融频道","time":"2018-06-08 14:46:20","attr":5,"channelId":125,"pict":{"imgs":[{"txt":"","url":"http://img.caixin.com/2018-06-08/1528440678492945_145_97.jpg"}],"num":1},"desc":"独角兽的冰火两重天：A股连续涨停 H股破发连连"},{"cate":"100300001;100300177;101266920","comm":{"aid":"100","tid":"101266920"},"edit":{"head":"","link":"","name":"记者 吴雨俭","rank":"","desc":""},"link":"http://finance.caixin.com/2018-06-08/101266920.html","nid":101266920,"subDesc":"要闻","video":"","type":0,"tags":[],"audioUrl":"http://audio.caixin.com/caixin/920/101266920.mp3","form":null,"summ":"规避监管的手段包括：通过手机回租模式违规放贷、强行搭售会员服务和商品变相抬高利率、恶意致借款人逾期收取高额逾期费用、虚假购物再转卖放贷等","freeDuration":"0","freeTime":"","channelDesc":"金融频道","time":"2018-06-08 12:25:00","attr":5,"channelId":125,"pict":{"imgs":[{"txt":"","url":"http://img.caixin.com/2018-06-08/1528432070056390_145_97.jpg"}],"num":1},"desc":"现金贷披上“马甲”重来 互金整治办发文严查"},{"cate":"100300001;100300177;101266778","comm":{"aid":"100","tid":"101266778"},"edit":{"head":"","link":"","name":"记者 王力为","rank":"","desc":""},"link":"http://finance.caixin.com/2018-06-08/101266778.html","nid":101266778,"subDesc":"要闻","video":"","type":0,"tags":[],"audioUrl":"http://audio.caixin.com/caixin/778/101266778.mp3","form":null,"summ":"在华首只权益类基金产品着眼为中国境内私募投资者服务，同时强化贝莱德在华在岸投资管理业务","freeDuration":"0","freeTime":"","channelDesc":"金融频道","time":"2018-06-08 09:24:56","attr":5,"channelId":125,"pict":{"imgs":[{"txt":"","url":"http://img.caixin.com/2018-06-08/1528421405778545_145_97.jpg"}],"num":1},"desc":"【入华外资资管系列之八】贝莱德在华备案首只A股私募基金"},{"cate":"100300001;100300177;101266132","comm":{"aid":"100","tid":"101266132"},"edit":{"head":"","link":"","name":"记者 刘彩萍","rank":"","desc":""},"link":"http://finance.caixin.com/2018-06-07/101266132.html","nid":101266132,"subDesc":"要闻","video":"","type":0,"tags":[],"audioUrl":"http://audio.caixin.com/caixin/132/101266132.mp3","form":null,"summ":"由于试点企业已经或即将在境外市场上市，其发行的CDR不可能像A股IPO一样以固定市盈率发行，而是通过机构询价确定较为市场化的发行价格","freeDuration":"0","freeTime":"","channelDesc":"金融频道","time":"2018-06-07 16:54:02","attr":5,"channelId":125,"pict":{"imgs":[{"txt":"","url":"http://img.caixin.com/2018-06-07/1528362004913863_145_97.jpg"}],"num":1},"desc":"独角兽CDR将市场化询价 或突破23倍市盈率红线"},{"cate":"100300001;100300177;101265983","comm":{"aid":"100","tid":"101265983"},"edit":{"head":"","link":"","name":"记者 董兢","rank":"","desc":""},"link":"http://finance.caixin.com/2018-06-07/101265983.html","nid":101265983,"subDesc":"要闻","video":"","type":0,"tags":[],"audioUrl":"http://audio.caixin.com/caixin/983/101265983.mp3","form":null,"summ":"吴惊龙强调，要肃清“赖小民流毒”，目前仍有“极个别干部在政治上依然不清醒，态度依然不端正，工作不配合，甚至公然和组织对抗”，对于这类人“组织必将坚决严肃处理”","freeDuration":"0","freeTime":"","channelDesc":"金融频道","time":"2018-06-07 16:04:48","attr":5,"channelId":125,"pict":{"imgs":[{"txt":"","url":"http://img.caixin.com/2018-06-07/1528358911741632_145_97.jpg"}],"num":1},"desc":"独家|华融纪委书记履新 强调“腐败不除，华融永无宁日”"},{"cate":"100300001;100300177;101265858","comm":{"aid":"100","tid":"101265858"},"edit":{"head":"","link":"","name":"记者 武晓蒙","rank":"","desc":""},"link":"http://finance.caixin.com/2018-06-07/101265858.html","nid":101265858,"subDesc":"要闻","video":"","type":0,"tags":[],"audioUrl":"http://audio.caixin.com/caixin/858/101265858.mp3","form":null,"summ":"银行可以通过设置考核目标、提供专项额度、内部资金转移差价补贴等方式，促进绿色金融业务开展；但要达到长期商业可持续发展，需要宏观层面的顶层设计","freeDuration":"0","freeTime":"","channelDesc":"金融频道","time":"2018-06-07 15:11:51","attr":5,"channelId":125,"pict":{"imgs":[{"txt":"","url":"http://img.caixin.com/2018-06-07/1528355840116251_145_97.jpg"}],"num":1},"desc":"兴业银行绿色金融客户破万 长期挑战犹存"},{"cate":"100300001;100300177;101265597","comm":{"aid":"100","tid":"101265597"},"edit":{"head":"","link":"","name":"记者 朱亮韬","rank":"","desc":""},"link":"http://finance.caixin.com/2018-06-07/101265597.html","nid":101265597,"subDesc":"要闻","video":"","type":0,"tags":[],"audioUrl":"http://audio.caixin.com/caixin/597/101265597.mp3","form":null,"summ":"证监会希望部分案件集中由上海金融法院管辖，比如交易行为发生在上海证券交易所、上海期货交易所、上海能源交易中心、中国金融期货交易所的民商事纠纷案件；全国范围内的重大、无先例的新型民商事案件等","freeDuration":"24","freeTime":"","channelDesc":"金融频道","time":"2018-06-07 11:28:43","attr":5,"channelId":125,"pict":{"imgs":[{"txt":"","url":"http://img.caixin.com/2018-05-24/1527152192831349_145_97.jpg"}],"num":1},"desc":"证监会与上海金融法院探讨案件集中管辖"},{"cate":"100300001;100300177;101265538","comm":{"aid":"100","tid":"101265538"},"edit":{"head":"","link":"","name":"记者 刘彩萍","rank":"","desc":""},"link":"http://finance.caixin.com/2018-06-07/101265538.html","nid":101265538,"subDesc":"要闻","video":"","type":0,"tags":[],"audioUrl":"http://audio.caixin.com/caixin/538/101265538.mp3","form":null,"summ":"亏损的“独角兽”将可以在A股IPO，但是要求估值200亿元以上、主营业务收入不低于30亿元，且满足研发人员、发明专利、市场占有率、营业收入复合增长率等多维指标","freeDuration":"0","freeTime":"","channelDesc":"金融频道","time":"2018-06-07 11:06:38","attr":5,"channelId":125,"pict":{"imgs":[{"txt":"","url":"http://img.caixin.com/2018-05-04/1525445523195960_145_97.jpg"}],"num":1},"desc":"证监会铺路亏损独角兽A股IPO"},{"cate":"100300001;100300177;101265145","comm":{"aid":"100","tid":"101265145"},"edit":{"head":"","link":"","name":"记者 刘彩萍","rank":"","desc":""},"link":"http://finance.caixin.com/2018-06-07/101265145.html","nid":101265145,"subDesc":"要闻","video":"","type":0,"tags":[],"audioUrl":"http://audio.caixin.com/caixin/145/101265145.mp3","form":null,"summ":"证监会要求，具有VIE架构和AB股等类似特殊安排的企业，应当在招股说明书等公开发行文件显要位置充分、详细披露相关情况","freeDuration":"0","freeTime":"","channelDesc":"金融频道","time":"2018-06-07 08:02:47","attr":5,"channelId":125,"pict":{"imgs":[{"txt":"","url":"http://img.caixin.com/2018-06-07/1528330718911996_145_97.jpg"}],"num":1},"desc":"CDR承认VIE架构和AB股 强调信息披露"},{"cate":"100300001;100300177;101264616","comm":{"aid":"100","tid":"101264616"},"edit":{"head":"","link":"","name":"记者 杨巧伶","rank":"","desc":""},"link":"http://finance.caixin.com/2018-06-06/101264616.html","nid":101264616,"subDesc":"要闻","video":"","type":0,"tags":[],"audioUrl":"http://audio.caixin.com/caixin/616/101264616.mp3","form":null,"summ":"通道业务规模占比较年初略下降，银信合作业务及多层嵌套规模亦较年初有所下降；银保监会称下一步将继续强化监管，整治信托业乱象","freeDuration":"0","freeTime":"","channelDesc":"金融频道","time":"2018-06-06 16:43:14","attr":5,"channelId":125,"pict":{"imgs":[{"txt":"","url":"http://img.caixin.com/2018-01-12/1515751481873993_145_97.jpg"}],"num":1},"desc":"降通道动真格 前四月信托通道业务缩减近7000亿"},{"cate":"100300001;100300177;101264434","comm":{"aid":"100","tid":"101264434"},"edit":{"head":"","link":"","name":"记者 杨巧伶","rank":"","desc":""},"link":"http://finance.caixin.com/2018-06-06/101264434.html","nid":101264434,"subDesc":"要闻","video":"","type":0,"tags":[],"audioUrl":"","form":null,"summ":"3月人身险原保险保费实现同比正增长，4月同比增幅进一步扩大；严监管延续，或将冲击增长态势","freeDuration":"0","freeTime":"","channelDesc":"金融频道","time":"2018-06-06 14:38:54","attr":5,"channelId":125,"pict":{"imgs":[{"txt":"","url":"http://img.caixin.com/2018-06-06/1528267306691460_145_97.jpg"}],"num":1},"desc":"寿险4月保费增速回暖 5月能否保持有隐忧"},{"cate":"100300001;100300177;101264278","comm":{"aid":"100","tid":"101264278"},"edit":{"head":"","link":"","name":"记者 杨巧伶","rank":"","desc":""},"link":"http://finance.caixin.com/2018-06-06/101264278.html","nid":101264278,"subDesc":"要闻","video":"","type":0,"tags":[],"audioUrl":"http://audio.caixin.com/caixin/278/101264278.mp3","form":null,"summ":"人保集团A股IPO计划发行不超过45.99亿股；估值或高于港股，6月6日港股开盘每股折合人民币约为3.36元/股；对于所持内资股，第一大股东财政部承诺36个月锁定期，社保基金会承诺12个月锁定期","freeDuration":"0","freeTime":"","channelDesc":"金融频道","time":"2018-06-06 11:39:35","attr":5,"channelId":125,"pict":{"imgs":[{"txt":"","url":"http://img.caixin.com/2018-06-06/1528256659966252_145_97.jpg"}],"num":1},"desc":"人保集团回归A股57天过审 或将融资逾150亿元"},{"cate":"100300001;100300177;101264202","comm":{"aid":"100","tid":"101264202"},"edit":{"head":"","link":"","name":"记者 朱亮韬","rank":"","desc":""},"link":"http://finance.caixin.com/2018-06-06/101264202.html","nid":101264202,"subDesc":"要闻","video":"","type":0,"tags":[],"audioUrl":"http://audio.caixin.com/caixin/202/101264202.mp3","form":null,"summ":"超过十家上市公司控股股东股权质押触及平仓线，东方证券、天风证券等公司作为资金融资方涉及","freeDuration":"0","freeTime":"","channelDesc":"金融频道","time":"2018-06-06 11:00:33","attr":5,"channelId":125,"pict":{"imgs":[{"txt":"","url":"http://img.caixin.com/2018-06-06/1528254327823155_145_97.jpg"}],"num":1},"desc":"5月来大股东股权质押爆仓超十起 多券商踩雷"},{"cate":"100300001;100300177;101264139","comm":{"aid":"100","tid":"101264139"},"edit":{"head":"","link":"","name":"记者 张榆","rank":"","desc":""},"link":"http://finance.caixin.com/2018-06-06/101264139.html","nid":101264139,"subDesc":"要闻","video":"","type":0,"tags":[],"audioUrl":"http://audio.caixin.com/caixin/139/101264139.mp3","form":null,"summ":"尽可能“透明”并符合国际标准，是中国绿色金融债获得国际投资者认可的关键","freeDuration":"24","freeTime":"","channelDesc":"金融频道","time":"2018-06-06 10:21:20","attr":5,"channelId":125,"pict":{"imgs":[{"txt":"","url":"http://img.caixin.com/2018-06-06/1528252003212283_145_97.jpg"}],"num":1},"desc":"ING：绿色金融债 “透明”是关键"},{"cate":"100300001;100300177;101263472","comm":{"aid":"100","tid":"101263472"},"edit":{"head":"","link":"","name":"记者 吴红毓然 张榆","rank":"","desc":""},"link":"http://finance.caixin.com/2018-06-05/101263472.html","nid":101263472,"subDesc":"要闻","video":"","type":0,"tags":[],"audioUrl":"http://audio.caixin.com/caixin/472/101263472.mp3","form":null,"summ":"为迎接即将在6月底前发行的“独角兽”CDR，监管部门协调五大国有银行及股份行中零售能力最强的招行，于下周一（6月11日）开始突击销售六只专门定制基金","freeDuration":"0","freeTime":"","channelDesc":"金融频道","time":"2018-06-05 16:23:37","attr":5,"channelId":125,"pict":{"imgs":[{"txt":"","url":"http://img.caixin.com/2017-06-15/1497516554449538_145_97.jpg"}],"num":1},"desc":"独家|六大银行火线誓师 “独角兽基金”冲击千亿目标"},{"cate":"100300001;100300177;101262910","comm":{"aid":"100","tid":"101262910"},"edit":{"head":"","link":"","name":"记者 吴雨俭","rank":"","desc":""},"link":"http://finance.caixin.com/2018-06-05/101262910.html","nid":101262910,"subDesc":"要闻","video":"","type":0,"tags":[],"audioUrl":"http://audio.caixin.com/caixin/910/101262910.mp3","form":null,"summ":"有研究提出，P2P平台回归纯粹信息中介定位难度较大，建议建立网贷准备金制度，消化存量风险；但亦有业内人士对此持有异议，认为准备金制度将更加削弱P2P的信息中介定位","freeDuration":"0","freeTime":"","channelDesc":"金融频道","time":"2018-06-05 11:33:28","attr":5,"channelId":125,"pict":{"imgs":[{"txt":"","url":"http://img.caixin.com/2018-06-05/1528169880819849_145_97.jpg"}],"num":1},"desc":"P2P能否回归信息中介现争议 有研究重提准备金"},{"cate":"100300001;100300177;101262724","comm":{"aid":"100","tid":"101262724"},"edit":{"head":"","link":"","name":"记者 刘彩萍","rank":"","desc":""},"link":"http://finance.caixin.com/2018-06-05/101262724.html","nid":101262724,"subDesc":"要闻","video":"","type":0,"tags":[],"audioUrl":"http://audio.caixin.com/caixin/724/101262724.mp3","form":null,"summ":"西部证券股票质押业务踩雷乐视网，计提减值准备4.39亿元，且被证监会暂停六个月股权质押业务；14家与乐视网有股票质押业务的券商或有8家踩雷","freeDuration":"3","freeTime":"","channelDesc":"金融频道","time":"2018-06-05 09:33:39","attr":5,"channelId":125,"pict":{"imgs":[{"txt":"","url":"http://img.caixin.com/2018-06-05/1528162562795588_145_97.jpg"}],"num":1},"desc":"西部证券踩雷乐视股权质押被罚  还有哪些券商栽里面？"},{"cate":"100300001;100300177;101262523","comm":{"aid":"100","tid":"101262523"},"edit":{"head":"","link":"","name":"驻香港记者 刘雁菲","rank":"","desc":""},"link":"http://finance.caixin.com/2018-06-04/101262523.html","nid":101262523,"subDesc":"要闻","video":"","type":0,"tags":[],"audioUrl":"http://audio.caixin.com/caixin/523/101262523.mp3","form":null,"summ":"港股常用“五穷六绝七翻身”的俗语，来形容市场在每年5月至7月的整固行情","freeDuration":"0","freeTime":"","channelDesc":"金融频道","time":"2018-06-04 21:57:59","attr":5,"channelId":125,"pict":{"imgs":[{"txt":"","url":"http://img.caixin.com/2017-10-17/1508211928933419_145_97.jpg"}],"num":1},"desc":"港股进入“六绝月” 大涨大落格局渐成"},{"cate":"100300001;100300177;101262515","comm":{"aid":"100","tid":"101262515"},"edit":{"head":"","link":"","name":"记者 张立君","rank":"","desc":""},"link":"http://finance.caixin.com/2018-06-04/101262515.html","nid":101262515,"subDesc":"要闻","video":"","type":0,"tags":[],"audioUrl":"http://audio.caixin.com/caixin/515/101262515.mp3","form":null,"summ":"银行在存单和企业票据融资之间的套利推升了存单价格。但在去杠杆压力缓释、存单供给弱于需求、流动性偏松背景下，预计下半年存单利率将大幅下行，与其他资产收益率趋于一致","freeDuration":"48","freeTime":"","channelDesc":"金融频道","time":"2018-06-04 21:50:34","attr":5,"channelId":125,"pict":{"imgs":[{"txt":"","url":"http://img.caixin.com/2018-06-04/1528120452062166_145_97.jpg"}],"num":1},"desc":"海富通：看多市场流动性 存单收益率或大幅下行"},{"cate":"100300001;100300177;101262511","comm":{"aid":"100","tid":"101262511"},"edit":{"head":"","link":"","name":"记者 吴雨俭","rank":"","desc":""},"link":"http://finance.caixin.com/2018-06-04/101262511.html","nid":101262511,"subDesc":"要闻","video":"","type":0,"tags":[],"audioUrl":"http://audio.caixin.com/caixin/511/101262511.mp3","form":null,"summ":"双方主要聚焦于互金整治、打击地下钱庄及非法外汇交易平台等；将加强信息数据交换和工作衔接，加大行政处罚和刑事打击力度","freeDuration":"0","freeTime":"","channelDesc":"金融频道","time":"2018-06-04 21:48:59","attr":5,"channelId":125,"pict":{"imgs":[{"txt":"","url":"http://img.caixin.com/2016-11-03/1478145751086398_145_97.jpg"}],"num":1},"desc":"央行携手公安部 聚焦互金整治和打击地下钱庄等"},{"cate":"100300001;100300177;101262206","comm":{"aid":"100","tid":"101262206"},"edit":{"head":"","link":"","name":"记者 陈曦","rank":"","desc":""},"link":"http://finance.caixin.com/2018-06-04/101262206.html","nid":101262206,"subDesc":"要闻","video":"","type":0,"tags":[],"audioUrl":"http://audio.caixin.com/caixin/206/101262206.mp3","form":null,"summ":"因国家税务总局称，已责成调查核实影视从业人员“阴阳合同”涉税问题，影视股6月4日开盘大跌","freeDuration":"12","freeTime":"","channelDesc":"金融频道","time":"2018-06-04 11:33:43","attr":5,"channelId":125,"pict":{"imgs":[{"txt":"","url":"http://img.caixin.com/2018-02-06/1517915601946774_145_97.jpg"}],"num":1},"desc":"影视从业人员“阴阳合同”涉税问题被查 影视股遭重挫"},{"cate":"100300001;100300177;101261963","comm":{"aid":"100","tid":"101261963"},"edit":{"head":"","link":"","name":"记者 朱亮韬","rank":"","desc":""},"link":"http://finance.caixin.com/2018-06-04/101261963.html","nid":101261963,"subDesc":"要闻","video":"","type":0,"tags":[],"audioUrl":"http://audio.caixin.com/caixin/963/101261963.mp3","form":null,"summ":"收盘集合竞价是国际证券市场收盘价产生的主要方式之一，意在防范操纵股价。随着上交所小市值股票增多，操纵风险也在增大","freeDuration":"24","freeTime":"","channelDesc":"金融频道","time":"2018-06-04 07:23:44","attr":5,"channelId":125,"pict":{"imgs":[{"txt":"","url":"http://img.caixin.com/2018-03-24/1521857689929885_145_97.jpg"}],"num":1},"desc":"防范恶意操纵 上交所推收盘集合竞价"},{"cate":"100300001;100300177;101261727","comm":{"aid":"100","tid":"101261727"},"edit":{"head":"","link":"","name":"记者 董兢","rank":"","desc":""},"link":"http://finance.caixin.com/2018-06-02/101261727.html","nid":101261727,"subDesc":"要闻","video":"","type":0,"tags":[],"audioUrl":"http://audio.caixin.com/caixin/727/101261727.mp3","form":null,"summ":"贾跃亭远避美国，监管部门对其开具的“责令回国履责通告”成为一纸空文；FF汽车关联公司触角伸回国内，远避美国的贾跃亭何时能直面债务责任","freeDuration":"0","freeTime":"","channelDesc":"金融频道","time":"2018-06-02 15:41:23","attr":5,"channelId":125,"pict":{"imgs":[{"txt":"","url":"http://img.caixin.com/2017-11-03/1509669217307643_145_97.jpg"}],"num":1},"desc":"十入“老赖”名单 贾跃亭何时能直面债务责任"},{"cate":"100300001;100300177;101261666","comm":{"aid":"100","tid":"101261666"},"edit":{"head":"","link":"","name":"记者 彭骎骎","rank":"","desc":""},"link":"http://finance.caixin.com/2018-06-02/101261666.html","nid":101261666,"subDesc":"要闻","video":"","type":0,"tags":[],"audioUrl":"http://audio.caixin.com/caixin/666/101261666.mp3","form":null,"summ":"此举是监管部门对目前信用债市场变化的及时响应，但不可理解为全面宽松政策，更不是鼓励信用债加杠杆","freeDuration":"0","freeTime":"","channelDesc":"金融频道","time":"2018-06-02 12:43:42","attr":5,"channelId":125,"pict":{"imgs":[{"txt":"","url":"http://img.caixin.com/2016-11-26/1480129587538784_145_97.jpg"}],"num":1},"desc":"央行扩大MLF担保品范围 意在增强信用债市场信心"},{"cate":"100300001;100300177;101261541","comm":{"aid":"100","tid":"101261541"},"edit":{"head":"","link":"","name":"记者 刘彩萍","rank":"","desc":""},"link":"http://finance.caixin.com/2018-06-02/101261541.html","nid":101261541,"subDesc":"要闻","video":"","type":0,"tags":[],"audioUrl":"http://audio.caixin.com/caixin/541/101261541.mp3","form":null,"summ":"规范货币基金销售和宣传，单个投资者T+0赎回限额1万元，除具有基金销售业务资格的商业银行外，任何机构及个人不得以任何方式为T+0赎回垫支","freeDuration":"12","freeTime":"","channelDesc":"金融频道","time":"2018-06-02 08:06:21","attr":5,"channelId":125,"pict":{"imgs":[{"txt":"","url":"http://img.caixin.com/2016-11-28/1480302867967627_145_97.jpg"}],"num":1},"desc":"央行证监会合念“紧箍咒”  货币基金进入严监管时代"},{"cate":"100300001;100300177;101261470","comm":{"aid":"100","tid":"101261470"},"edit":{"head":"","link":"","name":"记者 韩祎","rank":"","desc":""},"link":"http://finance.caixin.com/2018-06-01/101261470.html","nid":101261470,"subDesc":"要闻","video":"","type":0,"tags":[],"audioUrl":"http://audio.caixin.com/caixin/470/101261470.mp3","form":null,"summ":"文件旨在控制银行对企业过度授信，加强银行间的信息贡献，有效防范重大信用风险。但银行间的博弈是否会冲减制度效果？","freeDuration":"0","freeTime":"","channelDesc":"金融频道","time":"2018-06-01 20:56:50","attr":5,"channelId":125,"pict":{"imgs":[{"txt":"","url":"http://img.caixin.com/2018-05-04/1525438179772045_145_97.jpg"}],"num":1},"desc":"银保监会发文约束过度授信  联合授信机制有待考验"},{"cate":"100300001;100300177;101261456","comm":{"aid":"100","tid":"101261456"},"edit":{"head":"","link":"","name":"记者 吴雨俭","rank":"","desc":""},"link":"http://finance.caixin.com/2018-06-01/101261456.html","nid":101261456,"subDesc":"要闻","video":"","type":0,"tags":[],"audioUrl":"http://audio.caixin.com/caixin/456/101261456.mp3","form":null,"summ":"超额大标占比逐步下降，截至5月底待还金额超100万元的累计金额占比约11%，同比下降16个百分点；仍有12%的平台在违规发行大标","freeDuration":"0","freeTime":"","channelDesc":"金融频道","time":"2018-06-01 20:39:27","attr":5,"channelId":125,"pict":{"imgs":[{"txt":"","url":"http://img.caixin.com/2017-12-21/1513848112741426_145_97.jpg"}],"num":1},"desc":"原定整改大限仅剩一月 P2P大额标消化了多少"},{"cate":"100300001;100300177;101261367","comm":{"aid":"100","tid":"101261367"},"edit":{"head":"","link":"","name":"记者 吴红毓然","rank":"","desc":""},"link":"http://finance.caixin.com/2018-06-01/101261367.html","nid":101261367,"subDesc":"要闻","video":"","type":0,"tags":[],"audioUrl":"http://audio.caixin.com/caixin/367/101261367.mp3","form":null,"summ":"廖岷与朱光耀，均是中方赴美谈判代表团成员，参加了中美第三次贸易磋商会议","freeDuration":"0","freeTime":"","channelDesc":"金融频道","time":"2018-06-01 18:36:26","attr":5,"channelId":125,"pict":{"imgs":[{"txt":"","url":"http://img.caixin.com/2018-06-01/1527849494419810_145_97.jpg"}],"num":1},"desc":"中财办副主任廖岷兼任财政部副部长 朱光耀退休"},{"cate":"100300001;100300177;101261361","comm":{"aid":"100","tid":"101261361"},"edit":{"head":"","link":"","name":"记者 杨巧伶","rank":"","desc":""},"link":"http://finance.caixin.com/2018-06-01/101261361.html","nid":101261361,"subDesc":"要闻","video":"","type":0,"tags":[],"audioUrl":"http://audio.caixin.com/caixin/361/101261361.mp3","form":null,"summ":"监管部门拟为投资长租项目的债权投资计划和股权投资计划等设定注册的绿色通道，优先处理；不过目前已存的住房租赁收益率不高等问题也可能使险企住房租赁市场时“雷声大雨点小”","freeDuration":"0","freeTime":"","channelDesc":"金融频道","time":"2018-06-01 18:34:03","attr":5,"channelId":125,"pict":{"imgs":[{"txt":"","url":"http://img.caixin.com/2018-01-29/1517236459845913_145_97.jpg"}],"num":1},"desc":"险资获准进入长租市场 租金回报偏低问题待解"},{"cate":"100300001;100300177;101261325","comm":{"aid":"100","tid":"101261325"},"edit":{"head":"","link":"","name":"驻香港实习记者 文思敏","rank":"","desc":""},"link":"http://finance.caixin.com/2018-06-01/101261325.html","nid":101261325,"subDesc":"要闻","video":"","type":0,"tags":[],"audioUrl":"http://audio.caixin.com/caixin/325/101261325.mp3","form":null,"summ":"黄奇帆指出，新时代香港要做中国内地和国际市场的超级联系人","freeDuration":"0","freeTime":"","channelDesc":"金融频道","time":"2018-06-01 18:02:08","attr":5,"channelId":125,"pict":{"imgs":[{"txt":"","url":"http://img.caixin.com/2011-11-14/201111140007_145_97.jpg"}],"num":1},"desc":"黄奇帆：香港不会变成另一个上海"},{"cate":"100300001;100300177;101261284","comm":{"aid":"100","tid":"101261284"},"edit":{"head":"","link":"","name":"驻香港记者 尉奕阳","rank":"","desc":""},"link":"http://finance.caixin.com/2018-06-01/101261284.html","nid":101261284,"subDesc":"要闻","video":"","type":0,"tags":[],"audioUrl":"http://audio.caixin.com/caixin/284/101261284.mp3","form":null,"summ":"周小川表示，香港资本市场可为内地市场发展作出新贡献，自身也能因此获得发展优势","freeDuration":"0","freeTime":"","channelDesc":"金融频道","time":"2018-06-01 17:15:14","attr":5,"channelId":125,"pict":{"imgs":[{"txt":"","url":"http://img.caixin.com/2017-10-16/1508114122472742_145_97.jpg"}],"num":1},"desc":"周小川：香港应积极融入一带一路融资体系"},{"cate":"100300001;100300177;101261007","comm":{"aid":"100","tid":"101261007"},"edit":{"head":"","link":"","name":"驻香港记者 尉奕阳","rank":"","desc":""},"link":"http://finance.caixin.com/2018-06-01/101261007.html","nid":101261007,"subDesc":"要闻","video":"","type":0,"tags":[],"audioUrl":"http://audio.caixin.com/caixin/007/101261007.mp3","form":null,"summ":"楼继伟表示，港股通适度降低按金水平，有助社保基金这样的机构投资者扩大对港股通的利用","freeDuration":"0","freeTime":"","channelDesc":"金融频道","time":"2018-06-01 12:29:07","attr":5,"channelId":125,"pict":{"imgs":[{"txt":"","url":"http://img.caixin.com/2017-12-16/1513405452308689_145_97.jpg"}],"num":1},"desc":"楼继伟：社保基金将继续适度超配港股"},{"cate":"100300001;100300177;101261000","comm":{"aid":"100","tid":"101261000"},"edit":{"head":"","link":"","name":"记者 武晓蒙 吴红毓然","rank":"","desc":""},"link":"http://finance.caixin.com/2018-06-01/101261000.html","nid":101261000,"subDesc":"要闻","video":"","type":0,"tags":[],"audioUrl":"http://audio.caixin.com/caixin/000/101261000.mp3","form":null,"summ":"因某国有企业月末大规模赎回，触发大额赎回的其中一类情形，中行5月31日暂停一款开放式理财的客户赎回操作申请，6月1日恢复正常","freeDuration":"0","freeTime":"","channelDesc":"金融频道","time":"2018-06-01 12:25:27","attr":5,"channelId":125,"pict":{"imgs":[{"txt":"","url":"http://img.caixin.com/2017-03-22/1490161243191646_145_97.jpg"}],"num":1},"desc":"中行暂停一款开放式理财赎回 事出何因？"},{"cate":"100300001;100300177;101260558","comm":{"aid":"100","tid":"101260558"},"edit":{"head":"","link":"","name":"驻香港记者 尉奕阳","rank":"","desc":""},"link":"http://finance.caixin.com/2018-05-31/101260558.html","nid":101260558,"subDesc":"要闻","video":"","type":0,"tags":[],"audioUrl":"http://audio.caixin.com/caixin/558/101260558.mp3","form":null,"summ":"MSCI官方认为，A股入摩是一个标志性事件，长远将大大改变海外机构投资者对新兴市场的投资格局","freeDuration":"0","freeTime":"","channelDesc":"金融频道","time":"2018-05-31 22:42:40","attr":5,"channelId":125,"pict":{"imgs":[{"txt":"","url":"http://img.caixin.com/2018-05-31/1527778329603832_145_97.jpg"}],"num":1},"desc":"A股入摩  沪深港通北向总成交额创新高"},{"cate":"100300001;100300177;101260531","comm":{"aid":"100","tid":"101260531"},"edit":{"head":"","link":"","name":"记者 王力为","rank":"","desc":""},"link":"http://finance.caixin.com/2018-05-31/101260531.html","nid":101260531,"subDesc":"要闻","video":"","type":0,"tags":[],"audioUrl":"http://audio.caixin.com/caixin/531/101260531.mp3","form":null,"summ":"外资要开始深入研究A股企业；中国企业也要开始倾听要求、改善治理、吸引主动配置的外资资金","freeDuration":"0","freeTime":"","channelDesc":"金融频道","time":"2018-05-31 20:57:40","attr":5,"channelId":125,"pict":{"imgs":[{"txt":"","url":"http://img.caixin.com/2018-05-31/1527772436987239_145_97.jpg"}],"num":1},"desc":"MSCI掌门人：A股“入摩”后 中企外资都得开始“做功课”"},{"cate":"100300001;100300177;101260354","comm":{"aid":"100","tid":"101260354"},"edit":{"head":"","link":"","name":"记者 董兢","rank":"","desc":""},"link":"http://finance.caixin.com/2018-05-31/101260354.html","nid":101260354,"subDesc":"要闻","video":"","type":0,"tags":[{"txt":"华融整肃风暴","url":"http://tag.caixin.com/tag/%E5%8D%8E%E8%9E%8D%E6%95%B4%E8%82%83%E9%A3%8E%E6%9A%B4"}],"audioUrl":"http://audio.caixin.com/caixin/354/101260354.mp3","form":null,"summ":"赖小民案情极其严重，银保监会派驻了新一任纪委书记吴惊龙；银保监会纪检组长李欣然到会作重要讲话","freeDuration":"0","freeTime":"","channelDesc":"金融频道","time":"2018-05-31 18:00:00","attr":5,"channelId":125,"pict":{"imgs":[{"txt":"","url":"http://img.caixin.com/2015-10-30/1446196505579972_145_97.jpg"}],"num":1},"desc":"独家|华融任命新纪委书记  李欣然称“要把华融拉回健康发展的轨道上来”"},{"cate":"100300001;100300177;101260215","comm":{"aid":"100","tid":"101260215"},"edit":{"head":"","link":"","name":"记者 朱亮韬","rank":"","desc":""},"link":"http://finance.caixin.com/2018-05-31/101260215.html","nid":101260215,"subDesc":"要闻","video":"","type":0,"tags":[],"audioUrl":"http://audio.caixin.com/caixin/215/101260215.mp3","form":null,"summ":"上海一中院、浦东法院发布《自贸区司法保障白皮书》，称自贸区金融纠纷数量持续增长，其中证券类纠纷数量持续高位攀升，涉及保理、互联网金融、跨境电商等新类型案件不断涌现，体现了自贸区金融交易繁荣、金融创新活跃","freeDuration":"24","freeTime":"","channelDesc":"金融频道","time":"2018-05-31 15:43:02","attr":5,"channelId":125,"pict":{"imgs":[{"txt":"","url":"http://img.caixin.com/2017-09-28/1506585773454579_145_97.jpg"}],"num":1},"desc":"上海自贸区金融证券民事纠纷持续增长"},{"cate":"100300001;100300177;101260207","comm":{"aid":"100","tid":"101260207"},"edit":{"head":"","link":"","name":"记者 朱亮韬","rank":"","desc":""},"link":"http://finance.caixin.com/2018-05-31/101260207.html","nid":101260207,"subDesc":"要闻","video":"","type":0,"tags":[],"audioUrl":"http://audio.caixin.com/caixin/207/101260207.mp3","form":null,"summ":"ESG即生态、社会和公司治理。对外开放从而促进责任投资，也是A股纳入MSCI指数的要义之一","freeDuration":"24","freeTime":"","channelDesc":"金融频道","time":"2018-05-31 15:35:11","attr":5,"channelId":125,"pict":{"imgs":[{"txt":"","url":"http://img.caixin.com/2016-09-30/1475205877922015_145_97.jpg"}],"num":1},"desc":"MSCI中国负责人：已完成234只A股ESG测评"},{"cate":"100300001;100300177;101259974","comm":{"aid":"100","tid":"101259974"},"edit":{"head":"","link":"","name":"记者 吴雨俭","rank":"","desc":""},"link":"http://finance.caixin.com/2018-05-31/101259974.html","nid":101259974,"subDesc":"要闻","video":"","type":0,"tags":[],"audioUrl":"http://audio.caixin.com/caixin/974/101259974.mp3","form":null,"summ":"双方将司法数据与监管服务、统计分析、信息共享等在内的监测平台相结合，为金融数据的统计监测增加司法维度，将对失信被执行人的惩戒扩大到互联网金融领域","freeDuration":"12","freeTime":"","channelDesc":"金融频道","time":"2018-05-31 09:51:27","attr":5,"channelId":125,"pict":{"imgs":[{"txt":"","url":"http://img.caixin.com/2018-04-12/1523543565735019_145_97.jpg"}],"num":1},"desc":"防风险、罚“老赖” 互金协会与最高法打通数据壁垒"}],"start":800,"count":100,"maxes":1000}