{"datas":[{"cate":"100300005;101283975;101328586","comm":{"aid":"100","tid":"101328586"},"edit":{"head":"","link":"","name":"","rank":"","desc":""},"link":"http://economy.caixin.com/2018-09-20/101328586.html","nid":101328586,"subDesc":"要闻","video":"","type":0,"tags":[],"audioUrl":"http://audio.caixin.com/caixin/586/101328586.mp3","form":null,"summ":"","freeDuration":"0","freeTime":"","channelDesc":"经济频道","time":"2018-09-20 17:02:38","attr":0,"channelId":129,"pict":null,"desc":"财新数据|涪陵榨菜和贵州茅台上半年营收均超2015年全年"},{"cate":"100300005;101283975;101328510","comm":{"aid":"100","tid":"101328510"},"edit":{"head":"","link":"","name":"","rank":"","desc":""},"link":"http://economy.caixin.com/2018-09-20/101328510.html","nid":101328510,"subDesc":"要闻","video":"","type":0,"tags":[],"audioUrl":"http://audio.caixin.com/caixin/510/101328510.mp3","form":null,"summ":"","freeDuration":"0","freeTime":"","channelDesc":"经济频道","time":"2018-09-20 14:22:13","attr":0,"channelId":129,"pict":null,"desc":"财新数据|前八月中国民航旅客运输量超4亿人次"},{"cate":"100300005;101283975;101328502","comm":{"aid":"100","tid":"101328502"},"edit":{"head":"","link":"","name":"","rank":"","desc":""},"link":"http://economy.caixin.com/2018-09-20/101328502.html","nid":101328502,"subDesc":"要闻","video":"","type":0,"tags":[],"audioUrl":"http://audio.caixin.com/caixin/502/101328502.mp3","form":null,"summ":"","freeDuration":"0","freeTime":"","channelDesc":"经济频道","time":"2018-09-20 13:48:32","attr":0,"channelId":129,"pict":null,"desc":"财新数据|中国10年期国债收益率升破3.7%"},{"cate":"100300005;101283975;101328420","comm":{"aid":"100","tid":"101328420"},"edit":{"head":"","link":"","name":"","rank":"","desc":""},"link":"http://economy.caixin.com/2018-09-20/101328420.html","nid":101328420,"subDesc":"要闻","video":"","type":0,"tags":[],"audioUrl":"http://audio.caixin.com/caixin/420/101328420.mp3","form":null,"summ":"","freeDuration":"0","freeTime":"","channelDesc":"经济频道","time":"2018-09-20 10:58:28","attr":0,"channelId":129,"pict":null,"desc":"财新数据|A股两日大涨难止融资余额减少 融资客连续5日降杠杆"},{"cate":"100300005;101283975;101328398","comm":{"aid":"100","tid":"101328398"},"edit":{"head":"","link":"","name":"","rank":"","desc":""},"link":"http://economy.caixin.com/2018-09-20/101328398.html","nid":101328398,"subDesc":"要闻","video":"","type":0,"tags":[],"audioUrl":"http://audio.caixin.com/caixin/398/101328398.mp3","form":null,"summ":"","freeDuration":"0","freeTime":"","channelDesc":"经济频道","time":"2018-09-20 10:17:20","attr":0,"channelId":129,"pict":null,"desc":"财新数据|余额宝收益率跌破3%"},{"cate":"100300005;100300184;101328382","comm":{"aid":"100","tid":"101328382"},"edit":{"head":"","link":"","name":"记者 李增新","rank":"","desc":""},"link":"http://economy.caixin.com/2018-09-20/101328382.html","nid":101328382,"subDesc":"要闻","video":"<script src=\"http://player.caixin.com/player_tide/js/tidePlayer.cx.js\"><\/script><script>new tidePlayer({width:\"100%\",height:\"100%\", json:\"http://player.caixin.com/v/g/v/2018/9/20/1537403797345.json\",adshowtype:2,channel:\"3413,3416\"});<\/script>","type":0,"tags":[],"audioUrl":"http://audio.caixin.com/caixin/382/101328382.mp3","form":null,"summ":"中国社科院副院长指出，中国消费增速受到人口老龄化条件制约，应通过户籍与社保福利改革提升进城务工人员的收入","freeDuration":"0","freeTime":"","channelDesc":"经济频道","time":"2018-09-20 09:54:42","attr":5,"channelId":129,"pict":{"imgs":[{"txt":"","url":"http://img.caixin.com/2018-09-20/1537409060012157_145_97.jpg"}],"num":1},"desc":"蔡昉：维持消费贡献率需收入分配制度改革"},{"cate":"100300005;100300184;101328357","comm":{"aid":"100","tid":"101328357"},"edit":{"head":"","link":"","name":"记者 周辰","rank":"","desc":""},"link":"http://economy.caixin.com/2018-09-20/101328357.html","nid":101328357,"subDesc":"要闻","video":"","type":0,"tags":[],"audioUrl":"http://audio.caixin.com/caixin/357/101328357.mp3","form":null,"summ":"厦门大学林伯强称，希望沿线国家不要重复中国过去的老路，有许多中国经验可以借鉴和使用，以实现绿色可持续发展","freeDuration":"0","freeTime":"","channelDesc":"经济频道","time":"2018-09-20 09:08:12","attr":5,"channelId":129,"pict":{"imgs":[{"txt":"","url":"http://img.caixin.com/2018-09-20/1537405957264587_145_97.jpg"}],"num":1},"desc":"专家：中国可帮“一带一路”国家避免高污染路径"},{"cate":"100300005;101283975;101328162","comm":{"aid":"100","tid":"101328162"},"edit":{"head":"","link":"","name":"","rank":"","desc":""},"link":"http://economy.caixin.com/2018-09-19/101328162.html","nid":101328162,"subDesc":"要闻","video":"","type":0,"tags":[],"audioUrl":"http://audio.caixin.com/caixin/162/101328162.mp3","form":null,"summ":"","freeDuration":"0","freeTime":"","channelDesc":"经济频道","time":"2018-09-19 18:37:36","attr":0,"channelId":129,"pict":null,"desc":"财新数据|东北三省GDP占全国比重降至6.7%"},{"cate":"100300005;100300184;101328112","comm":{"aid":"100","tid":"101328112"},"edit":{"head":"","link":"","name":"记者 曾佳","rank":"","desc":""},"link":"http://economy.caixin.com/2018-09-19/101328112.html","nid":101328112,"subDesc":"要闻","video":"","type":0,"tags":[],"audioUrl":"http://audio.caixin.com/caixin/112/101328112.mp3","form":null,"summ":"何立峰表示，政策沟通、设施连通等理念，以及共同开发、建设和规划等机制方面的创新，是“一带一路”取得发展的原因","freeDuration":"0","freeTime":"","channelDesc":"经济频道","time":"2018-09-19 17:20:32","attr":5,"channelId":129,"pict":{"imgs":[{"txt":"","url":"http://img.caixin.com/2018-09-19/1537349045963027_145_97.jpg"}],"num":1},"desc":"发改委主任：“一带一路”依靠机制创新"},{"cate":"100300005;101283975;101328062","comm":{"aid":"100","tid":"101328062"},"edit":{"head":"","link":"","name":"","rank":"","desc":""},"link":"http://economy.caixin.com/2018-09-19/101328062.html","nid":101328062,"subDesc":"要闻","video":"","type":0,"tags":[],"audioUrl":"http://audio.caixin.com/caixin/062/101328062.mp3","form":null,"summ":"","freeDuration":"0","freeTime":"","channelDesc":"经济频道","time":"2018-09-19 16:43:27","attr":0,"channelId":129,"pict":null,"desc":"财新数据|8月全国发电量和用电量均创历史新高"},{"cate":"100300005;100300184;101328034","comm":{"aid":"100","tid":"101328034"},"edit":{"head":"","link":"","name":"驻香港记者 尉奕阳","rank":"","desc":""},"link":"http://economy.caixin.com/2018-09-19/101328034.html","nid":101328034,"subDesc":"要闻","video":"","type":0,"tags":[],"audioUrl":"","form":null,"summ":"贸发局认为，香港出口短期将失去增长动力，超过一半受访香港贸易商称已遭买家削减订单","freeDuration":"0","freeTime":"","channelDesc":"经济频道","time":"2018-09-19 16:26:17","attr":5,"channelId":129,"pict":{"imgs":[{"txt":"","url":"http://img.caixin.com/2018-09-19/1537345960235060_145_97.jpg"}],"num":1},"desc":"受贸易摩擦拖累 香港贸发局“腰斩”全年出口增长预测"},{"cate":"100300005;100300184;101327988","comm":{"aid":"100","tid":"101327988"},"edit":{"head":"","link":"","name":"记者 曾佳","rank":"","desc":""},"link":"http://economy.caixin.com/2018-09-19/101327988.html","nid":101327988,"subDesc":"要闻","video":"<script src=\"http://player.caixin.com/player_tide/js/tidePlayer.cx.js\"><\/script><script>new tidePlayer({width:\"100%\",height:\"100%\",autoplay:false,json:\"http://player.caixin.com/v/g/v/2018/9/19/1537332638670.json\",adshowtype:2,channel:\"3413,3416\"});<\/script>","type":0,"tags":[],"audioUrl":"http://audio.caixin.com/caixin/988/101327988.mp3","form":null,"summ":"城市和小城镇改革发展中心主任徐林称，政府应积极发掘新经济的亮点和方向，但实操应该交给市场","freeDuration":"0","freeTime":"","channelDesc":"经济频道","time":"2018-09-19 15:35:10","attr":5,"channelId":129,"pict":{"imgs":[{"txt":"","url":"http://img.caixin.com/2018-09-19/1537342804832289_145_97.jpg"}],"num":1},"desc":"徐林：政府应改善创新环境"},{"cate":"100300005;101283975;101327852","comm":{"aid":"100","tid":"101327852"},"edit":{"head":"","link":"","name":"","rank":"","desc":""},"link":"http://economy.caixin.com/2018-09-19/101327852.html","nid":101327852,"subDesc":"要闻","video":"","type":0,"tags":[],"audioUrl":"http://audio.caixin.com/caixin/852/101327852.mp3","form":null,"summ":"","freeDuration":"0","freeTime":"","channelDesc":"经济频道","time":"2018-09-19 11:59:38","attr":0,"channelId":129,"pict":null,"desc":"财新数据|分税制改革后政府财政收入增速明显超过居民收入"},{"cate":"100300005;101283975;101327813","comm":{"aid":"100","tid":"101327813"},"edit":{"head":"","link":"","name":"","rank":"","desc":""},"link":"http://economy.caixin.com/2018-09-19/101327813.html","nid":101327813,"subDesc":"要闻","video":"","type":0,"tags":[],"audioUrl":"http://audio.caixin.com/caixin/813/101327813.mp3","form":null,"summ":"","freeDuration":"0","freeTime":"","channelDesc":"经济频道","time":"2018-09-19 10:43:31","attr":0,"channelId":129,"pict":null,"desc":"财新数据|前八月新能源汽车产量同比增加56%"},{"cate":"100300005;101283975;101327803","comm":{"aid":"100","tid":"101327803"},"edit":{"head":"","link":"","name":"","rank":"","desc":""},"link":"http://economy.caixin.com/2018-09-19/101327803.html","nid":101327803,"subDesc":"要闻","video":"","type":0,"tags":[],"audioUrl":"http://audio.caixin.com/caixin/803/101327803.mp3","form":null,"summ":"","freeDuration":"0","freeTime":"","channelDesc":"经济频道","time":"2018-09-19 10:17:22","attr":0,"channelId":129,"pict":null,"desc":"财新数据|2017年中国入境旅游收入增至1234亿美元"},{"cate":"100300005;101283975;101327796","comm":{"aid":"100","tid":"101327796"},"edit":{"head":"","link":"","name":"苏雪妮","rank":"","desc":""},"link":"http://economy.caixin.com/2018-09-19/101327796.html","nid":101327796,"subDesc":"要闻","video":"","type":0,"tags":[],"audioUrl":"http://audio.caixin.com/caixin/796/101327796.mp3","form":null,"summ":"","freeDuration":"0","freeTime":"","channelDesc":"经济频道","time":"2018-09-19 10:05:40","attr":0,"channelId":129,"pict":null,"desc":"财新数据|中国7月美债持有量降至半年来最低"},{"cate":"100300005;100300184;101327692","comm":{"aid":"100","tid":"101327692"},"edit":{"head":"","link":"","name":"记者 曾佳","rank":"","desc":""},"link":"http://economy.caixin.com/2018-09-18/101327692.html","nid":101327692,"subDesc":"要闻","video":"","type":0,"tags":[],"audioUrl":"http://audio.caixin.com/caixin/692/101327692.mp3","form":null,"summ":"华夏幸福产业研究院院长顾强表示，中国实现新旧动能转换，需克服路径依赖、低端锁定及规则锁定挑战","freeDuration":"0","freeTime":"","channelDesc":"经济频道","time":"2018-09-18 22:58:02","attr":5,"channelId":129,"pict":{"imgs":[{"txt":"","url":"http://img.caixin.com/2018-09-18/1537283098628877_145_97.jpg"}],"num":1},"desc":"研究员：中国经济培育“新动能”要越过三大障碍"},{"cate":"100300005;101283975;101327561","comm":{"aid":"100","tid":"101327561"},"edit":{"head":"","link":"","name":"陈萌","rank":"","desc":""},"link":"http://economy.caixin.com/2018-09-18/101327561.html","nid":101327561,"subDesc":"要闻","video":"","type":0,"tags":[],"audioUrl":"http://audio.caixin.com/caixin/561/101327561.mp3","form":null,"summ":"","freeDuration":"0","freeTime":"","channelDesc":"经济频道","time":"2018-09-18 17:29:47","attr":0,"channelId":129,"pict":null,"desc":"财新数据|9月两市日均成交额跌破2500亿"},{"cate":"100300005;100300184;101327515","comm":{"aid":"100","tid":"101327515"},"edit":{"head":"","link":"","name":"记者 马丹萌","rank":"","desc":""},"link":"http://economy.caixin.com/2018-09-18/101327515.html","nid":101327515,"subDesc":"要闻","video":"","type":0,"tags":[],"audioUrl":"http://audio.caixin.com/caixin/515/101327515.mp3","form":null,"summ":"公共管理学院院长薛澜认为，粤港澳大湾区存在法律和政策体系差别，未来需要扫清障碍、实现融合","freeDuration":"0","freeTime":"","channelDesc":"经济频道","time":"2018-09-18 16:43:12","attr":5,"channelId":129,"pict":{"imgs":[{"txt":"","url":"http://img.caixin.com/2018-09-18/1537260779509322_145_97.jpg"}],"num":1},"desc":"清华学者：大湾区需建立政策协调机制"},{"cate":"100300005;100300184;101327509","comm":{"aid":"100","tid":"101327509"},"edit":{"head":"","link":"","name":"记者 王婧","rank":"","desc":""},"link":"http://economy.caixin.com/2018-09-18/101327509.html","nid":101327509,"subDesc":"要闻","video":"","type":0,"tags":[],"audioUrl":"http://audio.caixin.com/caixin/509/101327509.mp3","form":null,"summ":"中国欧盟商会华南董事会主席刘畅说，中美贸易战对企业的影响充满不确定性，“要在哪里投资，投资多少，对跨国企业来说，这是一个越来越艰难的决定”","freeDuration":"0","freeTime":"","channelDesc":"经济频道","time":"2018-09-18 16:40:01","attr":5,"channelId":129,"pict":{"imgs":[{"txt":"","url":"http://img.caixin.com/2018-09-18/1537260486085061_145_97.jpg"}],"num":1},"desc":"欧盟商会：外企对华投资观望情绪渐浓"},{"cate":"100300005;101283975;101327503","comm":{"aid":"100","tid":"101327503"},"edit":{"head":"","link":"","name":"","rank":"","desc":""},"link":"http://economy.caixin.com/2018-09-18/101327503.html","nid":101327503,"subDesc":"要闻","video":"","type":0,"tags":[],"audioUrl":"http://audio.caixin.com/caixin/503/101327503.mp3","form":null,"summ":"","freeDuration":"0","freeTime":"","channelDesc":"经济频道","time":"2018-09-18 16:34:45","attr":0,"channelId":129,"pict":null,"desc":"财新数据|8月债券市场共发行各类债券4.4万亿元"},{"cate":"100300005;100300184;101327483","comm":{"aid":"100","tid":"101327483"},"edit":{"head":"","link":"","name":"记者 程思炜","rank":"","desc":""},"link":"http://economy.caixin.com/2018-09-18/101327483.html","nid":101327483,"subDesc":"要闻","video":"","type":0,"tags":[],"audioUrl":"http://audio.caixin.com/caixin/483/101327483.mp3","form":null,"summ":"贸易摩擦对中国经济的影响将在明年上半年明显显现，失业和企业产业外移风险尤其值得警惕，建议明年将经济增长目标下调至6%-6.5%","freeDuration":"0","freeTime":"","channelDesc":"经济频道","time":"2018-09-18 16:14:26","attr":5,"channelId":129,"pict":{"imgs":[{"txt":"","url":"http://img.caixin.com/2018-09-18/1537258673596084_145_97.jpg"}],"num":1},"desc":"摩根大通朱海斌：警惕贸易摩擦对就业和企业外移的影响"},{"cate":"100300005;101283975;101327425","comm":{"aid":"100","tid":"101327425"},"edit":{"head":"","link":"","name":"","rank":"","desc":""},"link":"http://economy.caixin.com/2018-09-18/101327425.html","nid":101327425,"subDesc":"要闻","video":"","type":0,"tags":[],"audioUrl":"http://audio.caixin.com/caixin/425/101327425.mp3","form":null,"summ":"","freeDuration":"0","freeTime":"","channelDesc":"经济频道","time":"2018-09-18 15:23:39","attr":0,"channelId":129,"pict":null,"desc":"财新数据|贸易战升级 中美“军力”对比"},{"cate":"100300005;101283975;101327385","comm":{"aid":"100","tid":"101327385"},"edit":{"head":"","link":"","name":"","rank":"","desc":""},"link":"http://economy.caixin.com/2018-09-18/101327385.html","nid":101327385,"subDesc":"要闻","video":"","type":0,"tags":[],"audioUrl":"http://audio.caixin.com/caixin/385/101327385.mp3","form":null,"summ":"","freeDuration":"0","freeTime":"","channelDesc":"经济频道","time":"2018-09-18 14:16:47","attr":0,"channelId":129,"pict":null,"desc":"财新数据|支付机构客户备付金交存规模已超7600亿 创历史新高"},{"cate":"100300005;100300184;101327359","comm":{"aid":"100","tid":"101327359"},"edit":{"head":"","link":"","name":"记者 张娱","rank":"","desc":""},"link":"http://economy.caixin.com/2018-09-18/101327359.html","nid":101327359,"subDesc":"要闻","video":"","type":0,"tags":[],"audioUrl":"","form":null,"summ":"涉及天津、内蒙古、辽宁、山东、宁夏五省份，虚报瞒报、代填代报等问题较为突出；统计局将加大统计执法监督力度，建立统计违法案件曝光常态化机制","freeDuration":"3","freeTime":"","channelDesc":"经济频道","time":"2018-09-18 13:16:03","attr":5,"channelId":129,"pict":{"imgs":[{"txt":"","url":"http://img.caixin.com/2018-06-20/1529464684869049_145_97.jpg"}],"num":1},"desc":"统计局通报五起统计违法案件 未来曝光常态化"},{"cate":"100300005;100300184;101327242","comm":{"aid":"100","tid":"101327242"},"edit":{"head":"","link":"","name":"记者 张娱","rank":"","desc":""},"link":"http://economy.caixin.com/2018-09-18/101327242.html","nid":101327242,"subDesc":"要闻","video":"","type":0,"tags":[],"audioUrl":"http://audio.caixin.com/caixin/242/101327242.mp3","form":null,"summ":"中国宏观经济和微观机制发生了比较大的变化，要真正出台一些扭转信心、提振信心的政策，改变微观行为剧烈变化的趋势","freeDuration":"0","freeTime":"","channelDesc":"经济频道","time":"2018-09-18 09:43:27","attr":5,"channelId":129,"pict":{"imgs":[{"txt":"","url":"http://img.caixin.com/2018-09-18/1537235469080551_145_97.jpg"}],"num":1},"desc":"学者：微观主体行为变化 亟需减税改革提振信心"},{"cate":"100300005;101283975;101326860","comm":{"aid":"100","tid":"101326860"},"edit":{"head":"","link":"","name":"","rank":"","desc":""},"link":"http://economy.caixin.com/2018-09-17/101326860.html","nid":101326860,"subDesc":"要闻","video":"","type":0,"tags":[],"audioUrl":"","form":null,"summ":"","freeDuration":"0","freeTime":"","channelDesc":"经济频道","time":"2018-09-17 14:24:13","attr":0,"channelId":129,"pict":null,"desc":"财新数据|8月全国70城房价多数上涨"},{"cate":"100300005;100300184;101326855","comm":{"aid":"100","tid":"101326855"},"edit":{"head":"","link":"","name":"记者 程思炜","rank":"","desc":""},"link":"http://economy.caixin.com/2018-09-17/101326855.html","nid":101326855,"subDesc":"要闻","video":"","type":0,"tags":[],"audioUrl":"http://audio.caixin.com/caixin/855/101326855.mp3","form":null,"summ":"特惠模式造成资源错配、挤出效应，未来地方政府识别高效企业的难度加大，需要完善普惠的市场制度，包括降低设立企业门槛、税费负担、提高信贷可获得性、增强投资者保护等","freeDuration":"0","freeTime":"","channelDesc":"经济频道","time":"2018-09-17 14:21:26","attr":5,"channelId":129,"pict":{"imgs":[{"txt":"","url":"http://img.caixin.com/2018-09-17/1537165464534526_145_97.jpg"}],"num":1},"desc":"白重恩：地方特惠模式不可持续 尽快完善普惠营商环境"},{"cate":"100300005;100300184;101326841","comm":{"aid":"100","tid":"101326841"},"edit":{"head":"","link":"","name":"记者 王力为","rank":"","desc":""},"link":"http://economy.caixin.com/2018-09-17/101326841.html","nid":101326841,"subDesc":"要闻","video":"","type":0,"tags":[],"audioUrl":"http://audio.caixin.com/caixin/841/101326841.mp3","form":null,"summ":"金融部门加杠杆行为首先要严监管，其次是尽力遏制地方政府过度举债，然后是非金融企业和居民如何逐步降杠杆","freeDuration":"0","freeTime":"","channelDesc":"经济频道","time":"2018-09-17 13:57:49","attr":5,"channelId":129,"pict":{"imgs":[{"txt":"","url":"http://img.caixin.com/2016-06-06/1465206536532698_145_97.jpg"}],"num":1},"desc":"楼继伟：去杠杆周期要在三年以上"},{"cate":"100300005;100300184;101326784","comm":{"aid":"100","tid":"101326784"},"edit":{"head":"","link":"","name":"记者 王力为","rank":"","desc":""},"link":"http://economy.caixin.com/2018-09-17/101326784.html","nid":101326784,"subDesc":"要闻","video":"","type":0,"tags":[],"audioUrl":"","form":null,"summ":"要有契约精神。建立信用社会，政府要先讲信用，而尊重契约是市场经济的基础。至于社保征收问题，他认为可在统筹精算的基础上适当降费，并实现精算平衡。","freeDuration":"0","freeTime":"","channelDesc":"经济频道","time":"2018-09-17 12:03:13","attr":5,"channelId":129,"pict":{"imgs":[{"txt":"","url":"http://img.caixin.com/2018-03-24/1521867537170449_145_97.jpg"}],"num":1},"desc":"楼继伟：搞环保、征社保要稳定预期尊重契约"},{"cate":"100300005;101283975;101326760","comm":{"aid":"100","tid":"101326760"},"edit":{"head":"","link":"","name":"","rank":"","desc":""},"link":"http://economy.caixin.com/2018-09-17/101326760.html","nid":101326760,"subDesc":"要闻","video":"","type":0,"tags":[],"audioUrl":"http://audio.caixin.com/caixin/760/101326760.mp3","form":null,"summ":"","freeDuration":"0","freeTime":"","channelDesc":"经济频道","time":"2018-09-17 11:24:43","attr":0,"channelId":129,"pict":null,"desc":"财新数据|前八月全国税收同比增速创2011年以来同期新高"},{"cate":"100300005;100300184;101326745","comm":{"aid":"100","tid":"101326745"},"edit":{"head":"","link":"","name":"记者 程思炜","rank":"","desc":""},"link":"http://economy.caixin.com/2018-09-17/101326745.html","nid":101326745,"subDesc":"要闻","video":"","type":0,"tags":[],"audioUrl":"http://audio.caixin.com/caixin/745/101326745.mp3","form":null,"summ":"减少政府机构与政府决定资源配置的权力，在此基础上才可能大规模减税减费，包括逐步取消强制性住房公积金等；同时应淡化所有权、强化产权，加快要素市场化改革","freeDuration":"0","freeTime":"","channelDesc":"经济频道","time":"2018-09-17 11:05:46","attr":5,"channelId":129,"pict":{"imgs":[{"txt":"","url":"http://img.caixin.com/2017-12-23/1514012301228132_145_97.jpg"}],"num":1},"desc":"杨伟民：减政减权减税减费 逐步淡化所有制分类"},{"cate":"100300005;100300184;101326670","comm":{"aid":"100","tid":"101326670"},"edit":{"head":"","link":"","name":"见习记者 胡越","rank":"","desc":""},"link":"http://economy.caixin.com/2018-09-16/101326670.html","nid":101326670,"subDesc":"要闻","video":"","type":0,"tags":[],"audioUrl":"http://audio.caixin.com/caixin/670/101326670.mp3","form":null,"summ":"唐宁表示，超高收益一定意味着超高风险，投资理财不可能帮助中产阶层跃升到超高净值人士","freeDuration":"0","freeTime":"","channelDesc":"经济频道","time":"2018-09-16 20:31:20","attr":5,"channelId":129,"pict":{"imgs":[{"txt":"","url":"http://img.caixin.com/2018-09-17/1537158647113463_145_97.jpg"}],"num":1},"desc":"唐宁：中产阶级投资不能再依赖刚兑固收"},{"cate":"100300005;100300184;101326596","comm":{"aid":"100","tid":"101326596"},"edit":{"head":"","link":"","name":"记者 程思炜","rank":"","desc":""},"link":"http://economy.caixin.com/2018-09-16/101326596.html","nid":101326596,"subDesc":"要闻","video":"","type":0,"tags":[],"audioUrl":"http://audio.caixin.com/caixin/596/101326596.mp3","form":null,"summ":"中国改革开放成功一个重要原因是协同推进产权制度改革和市场化改革，下一步仍要推进完善科技创新、农村土地、自然资源、企业产权制度，包括民企产权保护制度","freeDuration":"0","freeTime":"","channelDesc":"经济频道","time":"2018-09-16 14:38:18","attr":5,"channelId":129,"pict":{"imgs":[{"txt":"","url":"http://img.caixin.com/2018-09-17/1537155689181515_145_97.jpg"}],"num":1},"desc":"杨伟民：民营企业产权不可侵犯 应废除歧视性法律政策"},{"cate":"100300005;100300184;101326566","comm":{"aid":"100","tid":"101326566"},"edit":{"head":"","link":"","name":"记者 王力为","rank":"","desc":""},"link":"http://economy.caixin.com/2018-09-16/101326566.html","nid":101326566,"subDesc":"要闻","video":"","type":0,"tags":[],"audioUrl":"http://audio.caixin.com/caixin/566/101326566.mp3","form":null,"summ":"楼继伟称，这些产品并不难找，从那些美国征税清单中排除，或是经美国企业极力申请后排除的产品中找就是了","freeDuration":"0","freeTime":"","channelDesc":"经济频道","time":"2018-09-16 14:10:50","attr":5,"channelId":129,"pict":{"imgs":[{"txt":"","url":"http://img.caixin.com/2018-09-16/1537079027058649_145_97.jpg"}],"num":1},"desc":"楼继伟：反制贸易战 中国可限制美国所需关键中间品出口"},{"cate":"100300005;100300184;101326549","comm":{"aid":"100","tid":"101326549"},"edit":{"head":"","link":"","name":"记者 张兰太","rank":"","desc":""},"link":"http://economy.caixin.com/2018-09-16/101326549.html","nid":101326549,"subDesc":"要闻","video":"","type":0,"tags":[],"audioUrl":"","form":null,"summ":"农民工已经成为中国城镇劳动力市场的主力军，农民工市民化带来巨大的消费潜力，必须通过社保、土地制度等改革，加快农民工市民化进程","freeDuration":"0","freeTime":"","channelDesc":"经济频道","time":"2018-09-16 11:14:36","attr":5,"channelId":129,"pict":{"imgs":[{"txt":"","url":"http://img.caixin.com/2018-09-16/1537068093256569_145_97.jpg"}],"num":1},"desc":"宋晓梧：新阶段的城镇化是农民工市民化"},{"cate":"100300005;100300184;101326504","comm":{"aid":"100","tid":"101326504"},"edit":{"head":"","link":"","name":"记者 张兰太","rank":"","desc":""},"link":"http://economy.caixin.com/2018-09-15/101326504.html","nid":101326504,"subDesc":"要闻","video":"","type":0,"tags":[],"audioUrl":"http://audio.caixin.com/caixin/504/101326504.mp3","form":null,"summ":"中国发展面临的不少挑战都与土地制度改革进展缓慢相关，当前城乡之间需要打通土地、资金、人员等要素通道，允许相互流动，优化配置资源","freeDuration":"0","freeTime":"","channelDesc":"经济频道","time":"2018-09-15 18:13:38","attr":5,"channelId":129,"pict":{"imgs":[{"txt":"","url":"http://img.caixin.com/2018-09-15/1537007696426880_145_97.jpg"}],"num":1},"desc":"刘世锦：打通城乡要素流动通道"},{"cate":"100300005;100300184;101326493","comm":{"aid":"100","tid":"101326493"},"edit":{"head":"","link":"","name":"记者 张兰太","rank":"","desc":""},"link":"http://economy.caixin.com/2018-09-15/101326493.html","nid":101326493,"subDesc":"要闻","video":"","type":0,"tags":[],"audioUrl":"http://audio.caixin.com/caixin/493/101326493.mp3","form":null,"summ":"中国城市化已经开始减速，但城市化任务远远没有完成，需要打破导致城市化提前减速的制约，使劳动力供给更加充分","freeDuration":"0","freeTime":"","channelDesc":"经济频道","time":"2018-09-15 17:23:01","attr":5,"channelId":129,"pict":{"imgs":[{"txt":"","url":"http://img.caixin.com/2018-09-15/1537004679635233_145_97.jpg"}],"num":1},"desc":"蔡昉：打破城市化制约 加快农村劳动力转移"},{"cate":"100300005;101283975;101326234","comm":{"aid":"100","tid":"101326234"},"edit":{"head":"","link":"","name":"","rank":"","desc":""},"link":"http://economy.caixin.com/2018-09-14/101326234.html","nid":101326234,"subDesc":"要闻","video":"","type":0,"tags":[],"audioUrl":"http://audio.caixin.com/caixin/234/101326234.mp3","form":null,"summ":"","freeDuration":"0","freeTime":"","channelDesc":"经济频道","time":"2018-09-14 19:09:15","attr":0,"channelId":129,"pict":null,"desc":"财新数据|外汇占款近两年来保持稳定"},{"cate":"100300005;101283975;101326137","comm":{"aid":"100","tid":"101326137"},"edit":{"head":"","link":"","name":"","rank":"","desc":""},"link":"http://economy.caixin.com/2018-09-14/101326137.html","nid":101326137,"subDesc":"要闻","video":"","type":0,"tags":[],"audioUrl":"http://audio.caixin.com/caixin/137/101326137.mp3","form":null,"summ":"","freeDuration":"0","freeTime":"","channelDesc":"经济频道","time":"2018-09-14 16:22:33","attr":0,"channelId":129,"pict":null,"desc":"财新数据|前八月全国累计水泥产量同比增速由负转正"},{"cate":"100300005;101283975;101326118","comm":{"aid":"100","tid":"101326118"},"edit":{"head":"","link":"","name":"","rank":"","desc":""},"link":"http://economy.caixin.com/2018-09-14/101326118.html","nid":101326118,"subDesc":"要闻","video":"","type":0,"tags":[],"audioUrl":"http://audio.caixin.com/caixin/118/101326118.mp3","form":null,"summ":"","freeDuration":"0","freeTime":"","channelDesc":"经济频道","time":"2018-09-14 15:53:24","attr":0,"channelId":129,"pict":null,"desc":"财新数据|中国8月末商品房待售面积降至四年余新低"},{"cate":"100300005;101283975;101326111","comm":{"aid":"100","tid":"101326111"},"edit":{"head":"","link":"","name":"","rank":"","desc":""},"link":"http://economy.caixin.com/2018-09-14/101326111.html","nid":101326111,"subDesc":"要闻","video":"","type":0,"tags":[],"audioUrl":"http://audio.caixin.com/caixin/111/101326111.mp3","form":null,"summ":"","freeDuration":"0","freeTime":"","channelDesc":"经济频道","time":"2018-09-14 15:45:06","attr":0,"channelId":129,"pict":null,"desc":"财新数据|北京住房公积金贷款计划发放额度大幅下调"},{"cate":"100300005;101283975;101326057","comm":{"aid":"100","tid":"101326057"},"edit":{"head":"","link":"","name":"","rank":"","desc":""},"link":"http://economy.caixin.com/2018-09-14/101326057.html","nid":101326057,"subDesc":"要闻","video":"","type":0,"tags":[],"audioUrl":"http://audio.caixin.com/caixin/057/101326057.mp3","form":null,"summ":"","freeDuration":"0","freeTime":"","channelDesc":"经济频道","time":"2018-09-14 14:01:43","attr":0,"channelId":129,"pict":null,"desc":"财新数据|中国基建投资增速断崖式下跌"},{"cate":"100300005;100300184;101326017","comm":{"aid":"100","tid":"101326017"},"edit":{"head":"","link":"","name":"记者 程思炜","rank":"","desc":""},"link":"http://economy.caixin.com/2018-09-14/101326017.html","nid":101326017,"subDesc":"要闻","video":"","type":0,"tags":[],"audioUrl":"http://audio.caixin.com/caixin/017/101326017.mp3","form":null,"summ":"涉及邵阳市、湘阴县、长沙县三市县，市长、县委书记、县长、财政局长与相关融资平台负责人被问责，此前审计署曾披露邵阳违法违规举债行为","freeDuration":"0","freeTime":"","channelDesc":"经济频道","time":"2018-09-14 12:39:34","attr":5,"channelId":129,"pict":{"imgs":[{"txt":"","url":"http://img.caixin.com/2018-09-14/1536900407885891_145_97.jpg"}],"num":1},"desc":"湖南问责三市县违法违规举债 33人被处分"},{"cate":"100300005;100300184;101326002","comm":{"aid":"100","tid":"101326002"},"edit":{"head":"","link":"","name":"实习记者 夏慧中 记者 王婧","rank":"","desc":""},"link":"http://economy.caixin.com/2018-09-14/101326002.html","nid":101326002,"subDesc":"要闻","video":"","type":0,"tags":[],"audioUrl":"http://audio.caixin.com/caixin/002/101326002.mp3","form":{"txt":"地方经济","url":"http://economy.caixin.com/local_economy/"},"summ":"新《外资十条》允许在九大领域设立外商独资企业。美国老牌石油公司海湾石油的首个独资加油站已在广州落地","freeDuration":"0","freeTime":"","channelDesc":"经济频道","time":"2018-09-14 11:46:42","attr":5,"channelId":129,"pict":{"imgs":[{"txt":"","url":"http://img.caixin.com/2018-09-14/1536897189831516_145_97.jpg"}],"num":1},"desc":"广东稳外贸  对重点外企用地“应保尽保”"},{"cate":"100300005;101283975;101325990","comm":{"aid":"100","tid":"101325990"},"edit":{"head":"","link":"","name":"","rank":"","desc":""},"link":"http://economy.caixin.com/2018-09-14/101325990.html","nid":101325990,"subDesc":"要闻","video":"","type":0,"tags":[],"audioUrl":"http://audio.caixin.com/caixin/990/101325990.mp3","form":null,"summ":"","freeDuration":"0","freeTime":"","channelDesc":"经济频道","time":"2018-09-14 11:32:17","attr":0,"channelId":129,"pict":null,"desc":"财新数据|土耳其央行将基准利率提高625基点至24%"},{"cate":"100300005;100300184;101325974","comm":{"aid":"100","tid":"101325974"},"edit":{"head":"","link":"","name":"记者 张娱","rank":"","desc":""},"link":"http://economy.caixin.com/2018-09-14/101325974.html","nid":101325974,"subDesc":"要闻","video":"","type":0,"tags":[],"audioUrl":"http://audio.caixin.com/caixin/974/101325974.mp3","form":null,"summ":"基建投资当月增速再次为负，显示政策调整显效仍需时日，房地产投资增速高位小幅回落，制造业投资持续回暖","freeDuration":"3","freeTime":"","channelDesc":"经济频道","time":"2018-09-14 11:18:13","attr":5,"channelId":129,"pict":{"imgs":[{"txt":"","url":"http://img.caixin.com/2018-09-14/1536904880284437_145_97.jpg"}],"num":1},"desc":"1-8月投资增速降至5.3% 基建投资再成最大拖累"},{"cate":"100300005;100300184;101325757","comm":{"aid":"100","tid":"101325757"},"edit":{"head":"","link":"","name":"记者 张娱","rank":"","desc":""},"link":"http://economy.caixin.com/2018-09-13/101325757.html","nid":101325757,"subDesc":"要闻","video":"","type":0,"tags":[],"audioUrl":"http://audio.caixin.com/caixin/757/101325757.mp3","form":null,"summ":"中国对举行新一轮双边贸易磋商持欢迎态度，双方正在就一些具体细节进行沟通；中方已于9月9日向WTO申请授权，拟对美实施每年约70亿美元贸易报复","freeDuration":"6","freeTime":"","channelDesc":"经济频道","time":"2018-09-13 18:03:34","attr":5,"channelId":129,"pict":{"imgs":[{"txt":"","url":"http://img.caixin.com/2018-09-13/1536833195069938_145_97.jpg"}],"num":1},"desc":"中国商务部确认收到美方重启贸易协商邀请"},{"cate":"100300005;101283975;101325707","comm":{"aid":"100","tid":"101325707"},"edit":{"head":"","link":"","name":"","rank":"","desc":""},"link":"http://economy.caixin.com/2018-09-13/101325707.html","nid":101325707,"subDesc":"要闻","video":"","type":0,"tags":[],"audioUrl":"http://audio.caixin.com/caixin/707/101325707.mp3","form":null,"summ":"","freeDuration":"0","freeTime":"","channelDesc":"经济频道","time":"2018-09-13 17:28:07","attr":0,"channelId":129,"pict":null,"desc":"财新数据|前八月实际使用外资增长6.1%"},{"cate":"100300005;101283975;101325658","comm":{"aid":"100","tid":"101325658"},"edit":{"head":"","link":"","name":"","rank":"","desc":""},"link":"http://economy.caixin.com/2018-09-13/101325658.html","nid":101325658,"subDesc":"要闻","video":"","type":0,"tags":[],"audioUrl":"http://audio.caixin.com/caixin/658/101325658.mp3","form":null,"summ":"","freeDuration":"0","freeTime":"","channelDesc":"经济频道","time":"2018-09-13 15:50:00","attr":0,"channelId":129,"pict":null,"desc":"财新数据|中国股市总市值仅为苹果公司的5.4倍"},{"cate":"100300005;101283975;101325571","comm":{"aid":"100","tid":"101325571"},"edit":{"head":"","link":"","name":"","rank":"","desc":""},"link":"http://economy.caixin.com/2018-09-13/101325571.html","nid":101325571,"subDesc":"要闻","video":"","type":0,"tags":[],"audioUrl":"http://audio.caixin.com/caixin/571/101325571.mp3","form":null,"summ":"","freeDuration":"0","freeTime":"","channelDesc":"经济频道","time":"2018-09-13 12:08:45","attr":0,"channelId":129,"pict":null,"desc":"财新数据|8月个人所得税同比增长26%"},{"cate":"100300005;101283975;101325378","comm":{"aid":"100","tid":"101325378"},"edit":{"head":"","link":"","name":"","rank":"","desc":""},"link":"http://economy.caixin.com/2018-09-12/101325378.html","nid":101325378,"subDesc":"要闻","video":"","type":0,"tags":[],"audioUrl":"http://audio.caixin.com/caixin/378/101325378.mp3","form":null,"summ":"","freeDuration":"0","freeTime":"","channelDesc":"经济频道","time":"2018-09-12 21:52:27","attr":0,"channelId":129,"pict":null,"desc":"财新数据|8月居民新增短期贷款为年内次高"},{"cate":"100300005;101283975;101325373","comm":{"aid":"100","tid":"101325373"},"edit":{"head":"","link":"","name":"","rank":"","desc":""},"link":"http://economy.caixin.com/2018-09-12/101325373.html","nid":101325373,"subDesc":"要闻","video":"","type":0,"tags":[],"audioUrl":"http://audio.caixin.com/caixin/373/101325373.mp3","form":null,"summ":"","freeDuration":"0","freeTime":"","channelDesc":"经济频道","time":"2018-09-12 21:51:09","attr":0,"channelId":129,"pict":null,"desc":"财新数据|8月人民币存款增速回落 为20年新低"},{"cate":"100300005;101283975;101325368","comm":{"aid":"100","tid":"101325368"},"edit":{"head":"","link":"","name":"","rank":"","desc":""},"link":"http://economy.caixin.com/2018-09-12/101325368.html","nid":101325368,"subDesc":"要闻","video":"","type":0,"tags":[],"audioUrl":"http://audio.caixin.com/caixin/368/101325368.mp3","form":null,"summ":"","freeDuration":"0","freeTime":"","channelDesc":"经济频道","time":"2018-09-12 21:50:35","attr":0,"channelId":129,"pict":null,"desc":"财新数据|中国8月人民币贷款余额同比增长13.2%"},{"cate":"100300005;101283975;101325363","comm":{"aid":"100","tid":"101325363"},"edit":{"head":"","link":"","name":"","rank":"","desc":""},"link":"http://economy.caixin.com/2018-09-12/101325363.html","nid":101325363,"subDesc":"要闻","video":"","type":0,"tags":[],"audioUrl":"http://audio.caixin.com/caixin/363/101325363.mp3","form":null,"summ":"","freeDuration":"0","freeTime":"","channelDesc":"经济频道","time":"2018-09-12 21:48:25","attr":0,"channelId":129,"pict":null,"desc":"财新数据|8月M2同比增速回落至8.2%"},{"cate":"100300005;101283975;101325358","comm":{"aid":"100","tid":"101325358"},"edit":{"head":"","link":"","name":"","rank":"","desc":""},"link":"http://economy.caixin.com/2018-09-12/101325358.html","nid":101325358,"subDesc":"要闻","video":"","type":0,"tags":[],"audioUrl":"http://audio.caixin.com/caixin/358/101325358.mp3","form":null,"summ":"","freeDuration":"0","freeTime":"","channelDesc":"经济频道","time":"2018-09-12 21:48:21","attr":0,"channelId":129,"pict":null,"desc":"财新数据|8月新增社融为4个月新高"},{"cate":"100300005;100300184;101325328","comm":{"aid":"100","tid":"101325328"},"edit":{"head":"","link":"","name":"记者 程思炜","rank":"","desc":""},"link":"http://economy.caixin.com/2018-09-12/101325328.html","nid":101325328,"subDesc":"要闻","video":"","type":0,"tags":[],"audioUrl":"","form":null,"summ":"受增值税税率下调等减税降费政策影响，财政及税收收入增速持续回落；财政支出增速继续保持在低位，前八个月支出进度已慢于去年同期","freeDuration":"3","freeTime":"","channelDesc":"经济频道","time":"2018-09-12 20:25:17","attr":5,"channelId":129,"pict":{"imgs":[{"txt":"","url":"http://img.caixin.com/2018-09-12/1536755402305097_145_97.jpg"}],"num":1},"desc":"8月财政收入同比增速降至4% 支出进度慢于去年"},{"cate":"100300005;100300184;101325312","comm":{"aid":"100","tid":"101325312"},"edit":{"head":"","link":"","name":"记者 卿滢","rank":"","desc":""},"link":"http://economy.caixin.com/2018-09-12/101325312.html","nid":101325312,"subDesc":"要闻","video":"","type":0,"tags":[],"audioUrl":"","form":null,"summ":"中国新型智慧城市本质上是改革创新的系统工程 ，应注重对“人”的服务，将新一代信息技术与城镇化转型发展相融合","freeDuration":"0","freeTime":"","channelDesc":"经济频道","time":"2018-09-12 19:28:55","attr":5,"channelId":129,"pict":{"imgs":[{"txt":"","url":"http://img.caixin.com/2018-09-12/1536752128959713_145_97.jpg"}],"num":1},"desc":"国家信息中心专家：智慧城市应“以人为本”"},{"cate":"100300005;100300184;101325305","comm":{"aid":"100","tid":"101325305"},"edit":{"head":"","link":"","name":"记者 卿滢","rank":"","desc":""},"link":"http://economy.caixin.com/2018-09-12/101325305.html","nid":101325305,"subDesc":"要闻","video":"","type":0,"tags":[],"audioUrl":"http://audio.caixin.com/caixin/305/101325305.mp3","form":null,"summ":"雄安新区建设必须在改革创新上有突破，不再走政府卖地、户籍制度的老路","freeDuration":"0","freeTime":"","channelDesc":"经济频道","time":"2018-09-12 19:14:45","attr":5,"channelId":129,"pict":{"imgs":[{"txt":"","url":"http://img.caixin.com/2018-09-12/1536751562747272_145_97.jpg"}],"num":1},"desc":"发改委学者：雄安应采取开放性政策"},{"cate":"100300005;101283975;101325229","comm":{"aid":"100","tid":"101325229"},"edit":{"head":"","link":"","name":"","rank":"","desc":""},"link":"http://economy.caixin.com/2018-09-12/101325229.html","nid":101325229,"subDesc":"要闻","video":"","type":0,"tags":[],"audioUrl":"","form":null,"summ":"","freeDuration":"0","freeTime":"","channelDesc":"经济频道","time":"2018-09-12 17:15:53","attr":0,"channelId":129,"pict":null,"desc":"财新数据|7月中国消费者信心指数回升 但仍为年内次低"},{"cate":"100300005;101283975;101325211","comm":{"aid":"100","tid":"101325211"},"edit":{"head":"","link":"","name":"","rank":"","desc":""},"link":"http://economy.caixin.com/2018-09-12/101325211.html","nid":101325211,"subDesc":"要闻","video":"","type":0,"tags":[],"audioUrl":"http://audio.caixin.com/caixin/211/101325211.mp3","form":null,"summ":"","freeDuration":"0","freeTime":"","channelDesc":"经济频道","time":"2018-09-12 16:43:14","attr":0,"channelId":129,"pict":null,"desc":"财新数据|推行计划生育后 中国生育率快速下降"},{"cate":"100300005;100300184;101325097","comm":{"aid":"100","tid":"101325097"},"edit":{"head":"","link":"","name":"记者 程思炜 于海荣","rank":"","desc":""},"link":"http://economy.caixin.com/2018-09-12/101325097.html","nid":101325097,"subDesc":"要闻","video":"","type":0,"tags":[],"audioUrl":"http://audio.caixin.com/caixin/097/101325097.mp3","form":null,"summ":"PPP项目需要把好入库关，将物有所值评价和财政承受能力论证落到实处，同时通过PPP条例明确法律关系定性，建立部门联系机制协调各方利益，以保证PPP的专业性","freeDuration":"0","freeTime":"","channelDesc":"经济频道","time":"2018-09-12 13:46:46","attr":5,"channelId":129,"pict":{"imgs":[{"txt":"","url":"http://img.caixin.com/2018-09-12/1536731387420196_145_97.jpg"}],"num":1},"desc":"PPP如何实现规范发展？业界大咖来支招"},{"cate":"100300005;101283975;101325067","comm":{"aid":"100","tid":"101325067"},"edit":{"head":"","link":"","name":"","rank":"","desc":""},"link":"http://economy.caixin.com/2018-09-12/101325067.html","nid":101325067,"subDesc":"要闻","video":"","type":0,"tags":[],"audioUrl":"http://audio.caixin.com/caixin/067/101325067.mp3","form":null,"summ":"","freeDuration":"0","freeTime":"","channelDesc":"经济频道","time":"2018-09-12 11:10:23","attr":0,"channelId":129,"pict":null,"desc":"财新数据|2016年中国对巴基斯坦直接投资同比增长97%"},{"cate":"100300005;101283975;101325052","comm":{"aid":"100","tid":"101325052"},"edit":{"head":"","link":"","name":"","rank":"","desc":""},"link":"http://economy.caixin.com/2018-09-12/101325052.html","nid":101325052,"subDesc":"要闻","video":"","type":0,"tags":[],"audioUrl":"","form":null,"summ":"","freeDuration":"0","freeTime":"","channelDesc":"经济频道","time":"2018-09-12 10:40:26","attr":0,"channelId":129,"pict":null,"desc":"财新数据|暂停15天后 央行重启逆回购"},{"cate":"100300005;101283975;101324874","comm":{"aid":"100","tid":"101324874"},"edit":{"head":"","link":"","name":"","rank":"","desc":""},"link":"http://economy.caixin.com/2018-09-11/101324874.html","nid":101324874,"subDesc":"要闻","video":"","type":0,"tags":[],"audioUrl":"http://audio.caixin.com/caixin/874/101324874.mp3","form":null,"summ":"","freeDuration":"0","freeTime":"","channelDesc":"经济频道","time":"2018-09-11 18:07:16","attr":0,"channelId":129,"pict":null,"desc":"财新数据|8月新能源汽车销量依旧火爆 同比增长近50%"},{"cate":"100300005;101283975;101324822","comm":{"aid":"100","tid":"101324822"},"edit":{"head":"","link":"","name":"","rank":"","desc":""},"link":"http://economy.caixin.com/2018-09-11/101324822.html","nid":101324822,"subDesc":"要闻","video":"","type":0,"tags":[],"audioUrl":"http://audio.caixin.com/caixin/822/101324822.mp3","form":null,"summ":"","freeDuration":"0","freeTime":"","channelDesc":"经济频道","time":"2018-09-11 16:45:09","attr":0,"channelId":129,"pict":null,"desc":"财新数据|两市成交额刷新2016年1月“熔断”以来新低"},{"cate":"100300005;101283975;101324768","comm":{"aid":"100","tid":"101324768"},"edit":{"head":"","link":"","name":"","rank":"","desc":""},"link":"http://economy.caixin.com/2018-09-11/101324768.html","nid":101324768,"subDesc":"要闻","video":"","type":0,"tags":[],"audioUrl":"http://audio.caixin.com/caixin/768/101324768.mp3","form":null,"summ":"","freeDuration":"0","freeTime":"","channelDesc":"经济频道","time":"2018-09-11 15:11:29","attr":0,"channelId":129,"pict":null,"desc":"财新数据|中国乘用车销量连续两个月同比下滑"},{"cate":"100300005;101283975;101324763","comm":{"aid":"100","tid":"101324763"},"edit":{"head":"","link":"","name":"","rank":"","desc":""},"link":"http://economy.caixin.com/2018-09-11/101324763.html","nid":101324763,"subDesc":"要闻","video":"","type":0,"tags":[],"audioUrl":"","form":null,"summ":"","freeDuration":"0","freeTime":"","channelDesc":"经济频道","time":"2018-09-11 15:09:13","attr":0,"channelId":129,"pict":null,"desc":"财新数据|8月中国手机出货量同比下滑21%"},{"cate":"100300005;101283975;101324672","comm":{"aid":"100","tid":"101324672"},"edit":{"head":"","link":"","name":"","rank":"","desc":""},"link":"http://economy.caixin.com/2018-09-11/101324672.html","nid":101324672,"subDesc":"要闻","video":"","type":0,"tags":[],"audioUrl":"http://audio.caixin.com/caixin/672/101324672.mp3","form":null,"summ":"","freeDuration":"0","freeTime":"","channelDesc":"经济频道","time":"2018-09-11 11:25:45","attr":0,"channelId":129,"pict":null,"desc":"财新数据|债券交易员加大杠杆购债力度 质押式隔夜回购交易创新高"},{"cate":"100300005;101283975;101324386","comm":{"aid":"100","tid":"101324386"},"edit":{"head":"","link":"","name":"","rank":"","desc":""},"link":"http://economy.caixin.com/2018-09-10/101324386.html","nid":101324386,"subDesc":"要闻","video":"","type":0,"tags":[],"audioUrl":"http://audio.caixin.com/caixin/386/101324386.mp3","form":null,"summ":"","freeDuration":"0","freeTime":"","channelDesc":"经济频道","time":"2018-09-10 15:06:31","attr":0,"channelId":129,"pict":null,"desc":"财新数据|中国大豆进口价格六个月以来首度下滑"},{"cate":"100300005;100300184;101324375","comm":{"aid":"100","tid":"101324375"},"edit":{"head":"","link":"","name":"记者 程思炜","rank":"","desc":""},"link":"http://economy.caixin.com/2018-09-10/101324375.html","nid":101324375,"subDesc":"要闻","video":"","type":0,"tags":[],"audioUrl":"http://audio.caixin.com/caixin/375/101324375.mp3","form":null,"summ":"与其他国家同一发展阶段相比，中国基建和房地产投资比重过高，且投资增量已现峰值，应适当调低增长预期，更关注就业等质量指标，通过改革培育增长新动能来扩大内需","freeDuration":"0","freeTime":"","channelDesc":"经济频道","time":"2018-09-10 14:55:01","attr":5,"channelId":129,"pict":{"imgs":[{"txt":"","url":"http://img.caixin.com/2018-09-10/1536562778055915_145_97.jpg"}],"num":1},"desc":"刘世锦：依靠基建和房地产稳增长空间不大"},{"cate":"100300005;101283975;101324365","comm":{"aid":"100","tid":"101324365"},"edit":{"head":"","link":"","name":"","rank":"","desc":""},"link":"http://economy.caixin.com/2018-09-10/101324365.html","nid":101324365,"subDesc":"要闻","video":"","type":0,"tags":[],"audioUrl":"http://audio.caixin.com/caixin/365/101324365.mp3","form":null,"summ":"","freeDuration":"0","freeTime":"","channelDesc":"经济频道","time":"2018-09-10 14:20:20","attr":0,"channelId":129,"pict":null,"desc":"财新数据|香港恒生指数进入熊市"},{"cate":"100300005;100300184;101324337","comm":{"aid":"100","tid":"101324337"},"edit":{"head":"","link":"","name":"记者 于海荣","rank":"","desc":""},"link":"http://economy.caixin.com/2018-09-10/101324337.html","nid":101324337,"subDesc":"要闻","video":"","type":0,"tags":[],"audioUrl":"http://audio.caixin.com/caixin/337/101324337.mp3","form":null,"summ":"风险防范和化解的核心是稳预期、保活力，未来方向非常明朗，但市场对实现路径并无共识，需要过渡性的制度安排来设置转型台阶，引导预期","freeDuration":"0","freeTime":"","channelDesc":"经济频道","time":"2018-09-10 12:48:06","attr":5,"channelId":129,"pict":{"imgs":[{"txt":"","url":"http://img.caixin.com/2018-09-10/1536555141237865_145_97.jpg"}],"num":1},"desc":"陈道富：防范化解金融风险需要过渡性制度安排"},{"cate":"100300005;101283975;101324323","comm":{"aid":"100","tid":"101324323"},"edit":{"head":"","link":"","name":"苏雪妮","rank":"","desc":""},"link":"http://economy.caixin.com/2018-09-10/101324323.html","nid":101324323,"subDesc":"要闻","video":"","type":0,"tags":[],"audioUrl":"http://audio.caixin.com/caixin/323/101324323.mp3","form":null,"summ":"","freeDuration":"0","freeTime":"","channelDesc":"经济频道","time":"2018-09-10 11:44:05","attr":0,"channelId":129,"pict":null,"desc":"财新数据|输入性通胀隐忧"},{"cate":"100300005;101283975;101324316","comm":{"aid":"100","tid":"101324316"},"edit":{"head":"","link":"","name":"","rank":"","desc":""},"link":"http://economy.caixin.com/2018-09-10/101324316.html","nid":101324316,"subDesc":"要闻","video":"","type":0,"tags":[],"audioUrl":"http://audio.caixin.com/caixin/316/101324316.mp3","form":null,"summ":"","freeDuration":"0","freeTime":"","channelDesc":"经济频道","time":"2018-09-10 11:36:21","attr":0,"channelId":129,"pict":null,"desc":"财新数据|8月暴雨高温令鲜菜猪肉蛋类价格环比大幅上涨"},{"cate":"100300005;101283975;101324311","comm":{"aid":"100","tid":"101324311"},"edit":{"head":"","link":"","name":"苏雪妮","rank":"","desc":""},"link":"http://economy.caixin.com/2018-09-10/101324311.html","nid":101324311,"subDesc":"要闻","video":"","type":0,"tags":[],"audioUrl":"http://audio.caixin.com/caixin/311/101324311.mp3","form":null,"summ":"","freeDuration":"0","freeTime":"","channelDesc":"经济频道","time":"2018-09-10 11:33:32","attr":0,"channelId":129,"pict":null,"desc":"财新数据|CPI同比涨幅创下6个月新高"},{"cate":"100300005;100300184;101324259","comm":{"aid":"100","tid":"101324259"},"edit":{"head":"","link":"","name":"记者 张娱","rank":"","desc":""},"link":"http://economy.caixin.com/2018-09-10/101324259.html","nid":101324259,"subDesc":"要闻","video":"","type":0,"tags":[],"audioUrl":"http://audio.caixin.com/caixin/259/101324259.mp3","form":null,"summ":"受高温多雨天气影响，蔬菜、鸡蛋、猪肉价格环比涨幅较高；高基数导致PPI同比涨幅回落，但环比涨幅扩大","freeDuration":"3","freeTime":"","channelDesc":"经济频道","time":"2018-09-10 10:19:57","attr":5,"channelId":129,"pict":{"imgs":[{"txt":"","url":"http://img.caixin.com/2018-09-10/1536551982798644_145_97.jpg"}],"num":1},"desc":"8月CPI同比增长2.3% 为年内次高"},{"cate":"100300005;101283975;101324138","comm":{"aid":"100","tid":"101324138"},"edit":{"head":"","link":"","name":"","rank":"","desc":""},"link":"http://economy.caixin.com/2018-09-08/101324138.html","nid":101324138,"subDesc":"要闻","video":"","type":0,"tags":[],"audioUrl":"http://audio.caixin.com/caixin/138/101324138.mp3","form":null,"summ":"","freeDuration":"0","freeTime":"","channelDesc":"经济频道","time":"2018-09-08 19:58:43","attr":0,"channelId":129,"pict":null,"desc":"财新数据|中国8月对美出口额占出口总值比重升至20.4%"},{"cate":"100300005;101283975;101324132","comm":{"aid":"100","tid":"101324132"},"edit":{"head":"","link":"","name":"","rank":"","desc":""},"link":"http://economy.caixin.com/2018-09-08/101324132.html","nid":101324132,"subDesc":"要闻","video":"","type":0,"tags":[],"audioUrl":"","form":null,"summ":"","freeDuration":"0","freeTime":"","channelDesc":"经济频道","time":"2018-09-08 19:55:50","attr":0,"channelId":129,"pict":null,"desc":"财新数据|美国8月就业人数增幅超预期 连续95个月增长"},{"cate":"100300005;101283975;101324127","comm":{"aid":"100","tid":"101324127"},"edit":{"head":"","link":"","name":"","rank":"","desc":""},"link":"http://economy.caixin.com/2018-09-08/101324127.html","nid":101324127,"subDesc":"要闻","video":"","type":0,"tags":[],"audioUrl":"http://audio.caixin.com/caixin/127/101324127.mp3","form":null,"summ":"","freeDuration":"0","freeTime":"","channelDesc":"经济频道","time":"2018-09-08 19:03:41","attr":0,"channelId":129,"pict":null,"desc":"财新数据|中国贸易顺差连续两个月下降"},{"cate":"100300005;100300184;101324089","comm":{"aid":"100","tid":"101324089"},"edit":{"head":"","link":"","name":"记者 张娱","rank":"","desc":""},"link":"http://economy.caixin.com/2018-09-08/101324089.html","nid":101324089,"subDesc":"要闻","video":"","type":0,"tags":[],"audioUrl":"http://audio.caixin.com/caixin/089/101324089.mp3","form":null,"summ":"8月对美国出口同比增长13.2%，或受贸易战初期部分企业提前出口的支撑","freeDuration":"3","freeTime":"","channelDesc":"经济频道","time":"2018-09-08 14:11:18","attr":5,"channelId":129,"pict":{"imgs":[{"txt":"","url":"http://img.caixin.com/2018-09-08/1536407555609643_145_97.jpg"}],"num":1},"desc":"8月出口同比增长9.8% 对美出口高于总体"},{"cate":"100300005;100300184;101323863","comm":{"aid":"100","tid":"101323863"},"edit":{"head":"","link":"","name":"记者 黎柳茜","rank":"","desc":""},"link":"http://economy.caixin.com/2018-09-07/101323863.html","nid":101323863,"subDesc":"要闻","video":"","type":0,"tags":[],"audioUrl":"http://audio.caixin.com/caixin/863/101323863.mp3","form":null,"summ":"专家指出，今后中国投向拉美的资金，可以利用套期保值工具进行风险对冲。此外，企业要有长线发展打算","freeDuration":"0","freeTime":"","channelDesc":"经济频道","time":"2018-09-07 20:09:58","attr":5,"channelId":129,"pict":{"imgs":[{"txt":"","url":"http://img.caixin.com/2018-09-07/1536322611479738_145_97.jpg"}],"num":1},"desc":"普华永道合伙人：中企投资拉美不要贪便宜"},{"cate":"100300005;100300184;101323823","comm":{"aid":"100","tid":"101323823"},"edit":{"head":"","link":"","name":"记者 屈慧 黎柳茜","rank":"","desc":""},"link":"http://economy.caixin.com/2018-09-07/101323823.html","nid":101323823,"subDesc":"要闻","video":"","type":0,"tags":[],"audioUrl":"http://audio.caixin.com/caixin/823/101323823.mp3","form":{"txt":"贸易投资","url":"http://economy.caixin.com/trade_investment/"},"summ":"专家表示，中拉贸易结构不平衡，中国主要从拉美进口初级产品。中国已加大在当地投资，对初级产品进行加工，提高产品附加值","freeDuration":"0","freeTime":"","channelDesc":"经济频道","time":"2018-09-07 19:05:03","attr":5,"channelId":129,"pict":{"imgs":[{"txt":"","url":"http://img.caixin.com/2018-09-07/1536319114207512_145_97.jpg"}],"num":1},"desc":"拉美研究专家：中拉贸易推动当地经济多元化"},{"cate":"100300005;100300184;101323816","comm":{"aid":"100","tid":"101323816"},"edit":{"head":"","link":"","name":"记者 程思炜","rank":"","desc":""},"link":"http://economy.caixin.com/2018-09-07/101323816.html","nid":101323816,"subDesc":"要闻","video":"","type":0,"tags":[],"audioUrl":"","form":null,"summ":"国务院常务会议将住房贷款利息专项附加扣除，限定为普通住房贷款利息，普通住房如何界定尚不可知，但若按此前享受房地产交易税收优惠的普通住房标准，能享受抵扣的人群可能并不多","freeDuration":"0","freeTime":"","channelDesc":"经济频道","time":"2018-09-07 18:47:05","attr":5,"channelId":129,"pict":{"imgs":[{"txt":"","url":"http://img.caixin.com/2018-09-07/1536317790239089_145_97.jpg"}],"num":1},"desc":"个税普通住房房贷利息扣除 何人能够享受？"},{"cate":"100300005;101283975;101323812","comm":{"aid":"100","tid":"101323812"},"edit":{"head":"","link":"","name":"","rank":"","desc":""},"link":"http://economy.caixin.com/2018-09-07/101323812.html","nid":101323812,"subDesc":"要闻","video":"","type":0,"tags":[],"audioUrl":"http://audio.caixin.com/caixin/812/101323812.mp3","form":null,"summ":"","freeDuration":"0","freeTime":"","channelDesc":"经济频道","time":"2018-09-07 18:40:21","attr":0,"channelId":129,"pict":null,"desc":"财新数据|中国前七月对埃塞俄比亚进口额为2.47亿元"},{"cate":"100300005;101283975;101323788","comm":{"aid":"100","tid":"101323788"},"edit":{"head":"","link":"","name":"","rank":"","desc":""},"link":"http://economy.caixin.com/2018-09-07/101323788.html","nid":101323788,"subDesc":"要闻","video":"","type":0,"tags":[],"audioUrl":"http://audio.caixin.com/caixin/788/101323788.mp3","form":null,"summ":"","freeDuration":"0","freeTime":"","channelDesc":"经济频道","time":"2018-09-07 18:15:02","attr":0,"channelId":129,"pict":null,"desc":"财新数据|土耳其里拉汇率断崖式下跌"},{"cate":"100300005;101283975;101323764","comm":{"aid":"100","tid":"101323764"},"edit":{"head":"","link":"","name":"","rank":"","desc":""},"link":"http://economy.caixin.com/2018-09-07/101323764.html","nid":101323764,"subDesc":"要闻","video":"","type":0,"tags":[],"audioUrl":"http://audio.caixin.com/caixin/764/101323764.mp3","form":null,"summ":"","freeDuration":"0","freeTime":"","channelDesc":"经济频道","time":"2018-09-07 17:51:15","attr":0,"channelId":129,"pict":null,"desc":"财新数据|中国8月外汇储备3.11万亿美元"},{"cate":"100300005;100300184;101323659","comm":{"aid":"100","tid":"101323659"},"edit":{"head":"","link":"","name":"记者 程思炜","rank":"","desc":""},"link":"http://economy.caixin.com/2018-09-07/101323659.html","nid":101323659,"subDesc":"要闻","video":"","type":0,"tags":[],"audioUrl":"http://audio.caixin.com/caixin/659/101323659.mp3","form":null,"summ":"保持缴费基数、费率等征收政策不变，并不意味着未来征管力度不会加强；从严征管已成趋势，要实现平稳过渡，降低社保费率不可避免","freeDuration":"0","freeTime":"","channelDesc":"经济频道","time":"2018-09-07 16:58:35","attr":5,"channelId":129,"pict":{"imgs":[{"txt":"","url":"http://img.caixin.com/2018-09-07/1536310887382584_145_97.jpg"}],"num":1},"desc":"如何保证企业社保负担不增？降费率迫在眉睫"},{"cate":"100300005;101283975;101323627","comm":{"aid":"100","tid":"101323627"},"edit":{"head":"","link":"","name":"","rank":"","desc":""},"link":"http://economy.caixin.com/2018-09-07/101323627.html","nid":101323627,"subDesc":"要闻","video":"","type":0,"tags":[],"audioUrl":"http://audio.caixin.com/caixin/627/101323627.mp3","form":null,"summ":"","freeDuration":"0","freeTime":"","channelDesc":"经济频道","time":"2018-09-07 16:17:27","attr":0,"channelId":129,"pict":null,"desc":"财新数据|渣打银行：8月中国开发商景气指数跌至八年来最低水平"},{"cate":"100300005;100300184;101323503","comm":{"aid":"100","tid":"101323503"},"edit":{"head":"","link":"","name":"记者 黎柳茜","rank":"","desc":""},"link":"http://economy.caixin.com/2018-09-07/101323503.html","nid":101323503,"subDesc":"要闻","video":"","type":0,"tags":[],"audioUrl":"http://audio.caixin.com/caixin/503/101323503.mp3","form":{"txt":"地方经济","url":"http://economy.caixin.com/local_economy/"},"summ":"他认为，各地竞争实际上也是试错，竞争可以帮助减少试错时间，提高纠错能力，减少犯错可能性","freeDuration":"0","freeTime":"","channelDesc":"经济频道","time":"2018-09-07 12:26:02","attr":5,"channelId":129,"pict":{"imgs":[{"txt":"","url":"http://img.caixin.com/2018-09-07/1536300269079040_145_97.jpg"}],"num":1},"desc":"刘世锦：改革开放还要继续“摸石头过河”"},{"cate":"100300005;101283975;101323488","comm":{"aid":"100","tid":"101323488"},"edit":{"head":"","link":"","name":"","rank":"","desc":""},"link":"http://economy.caixin.com/2018-09-07/101323488.html","nid":101323488,"subDesc":"要闻","video":"","type":0,"tags":[],"audioUrl":"http://audio.caixin.com/caixin/488/101323488.mp3","form":null,"summ":"","freeDuration":"0","freeTime":"","channelDesc":"经济频道","time":"2018-09-07 12:14:44","attr":0,"channelId":129,"pict":null,"desc":"财新数据|新兴市场股票跌入熊市"},{"cate":"100300005;100300184;101323466","comm":{"aid":"100","tid":"101323466"},"edit":{"head":"","link":"","name":"记者 彭岩锋","rank":"","desc":""},"link":"http://economy.caixin.com/2018-09-07/101323466.html","nid":101323466,"subDesc":"要闻","video":"","type":0,"tags":[],"audioUrl":"http://audio.caixin.com/caixin/466/101323466.mp3","form":{"txt":"贸易投资","url":"http://economy.caixin.com/trade_investment/"},"summ":"龙永图说，中国加入世界贸易组织以后，经济获得巨大发展，主要是因为遵守了承诺，赢得了信任","freeDuration":"0","freeTime":"","channelDesc":"经济频道","time":"2018-09-07 12:04:36","attr":5,"channelId":129,"pict":{"imgs":[{"txt":"","url":"http://img.caixin.com/2018-09-07/1536300297047174_145_97.jpg"}],"num":1},"desc":"龙永图：扩大开放应对贸易保护主义"},{"cate":"100300005;100300184;101323399","comm":{"aid":"100","tid":"101323399"},"edit":{"head":"","link":"","name":"记者 王力为","rank":"","desc":""},"link":"http://economy.caixin.com/2018-09-07/101323399.html","nid":101323399,"subDesc":"要闻","video":"","type":0,"tags":[],"audioUrl":"http://audio.caixin.com/caixin/399/101323399.mp3","form":null,"summ":"创业30年，个人的进化和大数据风控的力量合力打造出全球最大资管公司，但他仍需面对科技进化和中国市场的前路挑战","freeDuration":"0","freeTime":"","channelDesc":"经济频道","time":"2018-09-07 10:30:44","attr":5,"channelId":129,"pict":{"imgs":[{"txt":"","url":"http://img.caixin.com/2018-09-07/1536287685927748_145_97.jpg"}],"num":1},"desc":"科技变局下的CEO之三|贝莱德芬克：人与机器 不可偏废"},{"cate":"100300005;100300184;101323303","comm":{"aid":"100","tid":"101323303"},"edit":{"head":"","link":"","name":"","rank":"","desc":""},"link":"http://economy.caixin.com/2018-09-06/101323303.html","nid":101323303,"subDesc":"要闻","video":"","type":0,"tags":[],"audioUrl":"","form":null,"summ":"明确子女教育、继续教育、大病医疗、普通住房贷款利息、住房租金、赡养老人支出6项专项附加扣除的具体范围和标准，使群众应纳税收入在减除基本费用标准的基础上，再享有教育、医疗、养老等多方面附加扣除，确保扣除后的应纳税收入起点明显高于5000元","freeDuration":"48","freeTime":"","channelDesc":"经济频道","time":"2018-09-06 19:14:59","attr":5,"channelId":129,"pict":{"imgs":[{"txt":"","url":"http://img.caixin.com/2018-09-06/1536233336922774_145_97.jpg"}],"num":1},"desc":"国常会：确定落实新修订的个税法配套措施"},{"cate":"100300005;101283975;101323258","comm":{"aid":"100","tid":"101323258"},"edit":{"head":"","link":"","name":"","rank":"","desc":""},"link":"http://economy.caixin.com/2018-09-06/101323258.html","nid":101323258,"subDesc":"要闻","video":"","type":0,"tags":[],"audioUrl":"http://audio.caixin.com/caixin/258/101323258.mp3","form":null,"summ":"","freeDuration":"0","freeTime":"","channelDesc":"经济频道","time":"2018-09-06 17:58:24","attr":0,"channelId":129,"pict":null,"desc":"财新数据|外资连续18个月增持人民币债券"},{"cate":"100300005;100300184;101323225","comm":{"aid":"100","tid":"101323225"},"edit":{"head":"","link":"","name":"记者 董兢","rank":"","desc":""},"link":"http://economy.caixin.com/2018-09-06/101323225.html","nid":101323225,"subDesc":"要闻","video":"","type":0,"tags":[],"audioUrl":"http://audio.caixin.com/caixin/225/101323225.mp3","form":null,"summ":"抵押物不充分但诚实守信的小微企业，可根据信用等级享受差别化贷款利率和贷款额度；多地正研究地方版落地实施细则","freeDuration":"0","freeTime":"","channelDesc":"经济频道","time":"2018-09-06 17:15:56","attr":5,"channelId":129,"pict":{"imgs":[{"txt":"","url":"http://img.caixin.com/2018-08-17/1534499284748219_145_97.jpg"}],"num":1},"desc":"发改委：为守信小微企业提供纯信用金融产品"},{"cate":"100300005;100300184;101323214","comm":{"aid":"100","tid":"101323214"},"edit":{"head":"","link":"","name":"记者 程思炜","rank":"","desc":""},"link":"http://economy.caixin.com/2018-09-06/101323214.html","nid":101323214,"subDesc":"要闻","video":"","type":0,"tags":[],"audioUrl":"http://audio.caixin.com/caixin/214/101323214.mp3","form":null,"summ":"近期创投自然人LP、影视工作室纳税方式调整、社保补缴等，都显示国地税合并后地方政府招商引资中的诸多优惠被清理","freeDuration":"0","freeTime":"","channelDesc":"经济频道","time":"2018-09-06 16:42:15","attr":5,"channelId":129,"pict":{"imgs":[{"txt":"","url":"http://img.caixin.com/2018-09-06/1536223601238078_145_97.jpg"}],"num":1},"desc":"国地税合并影响渐显 地方优惠清理恐难免"},{"cate":"100300005;101283975;101323176","comm":{"aid":"100","tid":"101323176"},"edit":{"head":"","link":"","name":"","rank":"","desc":""},"link":"http://economy.caixin.com/2018-09-06/101323176.html","nid":101323176,"subDesc":"要闻","video":"","type":0,"tags":[],"audioUrl":"http://audio.caixin.com/caixin/176/101323176.mp3","form":null,"summ":"","freeDuration":"0","freeTime":"","channelDesc":"经济频道","time":"2018-09-06 15:33:38","attr":0,"channelId":129,"pict":null,"desc":"财新数据|波罗的海干散货指数十连跌"},{"cate":"100300005;101283975;101323116","comm":{"aid":"100","tid":"101323116"},"edit":{"head":"","link":"","name":"","rank":"","desc":""},"link":"http://economy.caixin.com/2018-09-06/101323116.html","nid":101323116,"subDesc":"要闻","video":"","type":0,"tags":[],"audioUrl":"http://audio.caixin.com/caixin/116/101323116.mp3","form":null,"summ":"","freeDuration":"0","freeTime":"","channelDesc":"经济频道","time":"2018-09-06 11:22:21","attr":0,"channelId":129,"pict":null,"desc":"财新数据|央行8月支持棚改贷款投放跌破百亿 为去年2月来最低"},{"cate":"100300005;101283975;101323086","comm":{"aid":"100","tid":"101323086"},"edit":{"head":"","link":"","name":"","rank":"","desc":""},"link":"http://economy.caixin.com/2018-09-06/101323086.html","nid":101323086,"subDesc":"要闻","video":"","type":0,"tags":[],"audioUrl":"http://audio.caixin.com/caixin/086/101323086.mp3","form":null,"summ":"","freeDuration":"0","freeTime":"","channelDesc":"经济频道","time":"2018-09-06 10:59:46","attr":0,"channelId":129,"pict":null,"desc":"财新数据|美国7月贸易逆差猛增至五个月高位 对华贸易逆差创新高"}],"start":300,"count":100,"maxes":1000}