{"datas":[{"cate":"100300005;100300184;101236212","comm":{"aid":"100","tid":"101236212"},"edit":{"head":"","link":"","name":"记者  王晓霞","rank":"","desc":""},"link":"http://economy.caixin.com/2018-04-18/101236212.html","nid":101236212,"subDesc":"要闻","video":"","type":0,"tags":[],"audioUrl":"http://audio.caixin.com/caixin/212/101236212.mp3","form":null,"summ":"残疾人就业保障金征收上限由当地社会平均工资的3倍降至2倍，停征免征多项行政事业性收费","freeDuration":"3","freeTime":"","channelDesc":"经济频道","time":"2018-04-18 19:01:35","attr":5,"channelId":129,"pict":{"imgs":[{"txt":"","url":"http://img.caixin.com/2018-04-18/1524049830007138_145_97.jpg"}],"num":1},"desc":"残保金等降费措施落地 降费金额或超1400亿元"},{"cate":"100300005;100300184;101236116","comm":{"aid":"100","tid":"101236116"},"edit":{"head":"","link":"","name":"记者 董兢","rank":"","desc":""},"link":"http://economy.caixin.com/2018-04-18/101236116.html","nid":101236116,"subDesc":"要闻","video":"","type":0,"tags":[],"audioUrl":"http://audio.caixin.com/caixin/116/101236116.mp3","form":null,"summ":"今年上半年将公布的新外商投资负面清单，除了进一步减少限制，还将改变以往“一次一放”的开放模式，一次性列出部分行业未来几年开放的路线图时间表，明确过渡期，增强可预期性","freeDuration":"3","freeTime":"","channelDesc":"经济频道","time":"2018-04-18 16:48:20","attr":5,"channelId":129,"pict":{"imgs":[{"txt":"","url":"http://img.caixin.com/2018-04-12/1523543565735019_145_97.jpg"}],"num":1},"desc":"发改委：外资负面清单将列开放路线图时间表"},{"cate":"100300005;100300184;101236044","comm":{"aid":"100","tid":"101236044"},"edit":{"head":"","link":"","name":"记者 王晓霞","rank":"","desc":""},"link":"http://economy.caixin.com/2018-04-18/101236044.html","nid":101236044,"subDesc":"要闻","video":"","type":0,"tags":[],"audioUrl":"http://audio.caixin.com/caixin/044/101236044.mp3","form":null,"summ":"经济运行稳中向好，企业效益和居民收入持续改善，以及工业生产者出厂价格（PPI）仍处于相对较高水平，带动以现价计算的相关税收快速增长","freeDuration":"0","freeTime":"","channelDesc":"经济频道","time":"2018-04-18 15:05:21","attr":5,"channelId":129,"pict":{"imgs":[{"txt":"","url":"http://img.caixin.com/2017-06-26/1498460731998315_145_97.jpg"}],"num":1},"desc":"税收收入持续高增 一季度同比增长17.3%"},{"cate":"100300005;100300184;101235994","comm":{"aid":"100","tid":"101235994"},"edit":{"head":"","link":"","name":"记者 于海荣","rank":"","desc":""},"link":"http://economy.caixin.com/2018-04-18/101235994.html","nid":101235994,"subDesc":"要闻","video":"","type":0,"tags":[{"txt":"中美贸易龃龉","url":"http://tag.caixin.com/tag/%E4%B8%AD%E7%BE%8E%E8%B4%B8%E6%98%93%E9%BE%83%E9%BE%89"}],"audioUrl":"http://audio.caixin.com/caixin/994/101235994.mp3","form":null,"summ":"中美贸易摩擦或拖累中国出口0.7个百分点，净出口对经济增长的贡献仍将为正，中美经济的互补性远远大于商品贸易","freeDuration":"0","freeTime":"","channelDesc":"经济频道","time":"2018-04-18 14:12:48","attr":5,"channelId":129,"pict":{"imgs":[{"txt":"","url":"http://img.caixin.com/2018-04-17/1523948297049592_145_97.jpg"}],"num":1},"desc":"贸易战影响几何？大摩：拖累增速0.1个百分点"},{"cate":"100300005;100300184;101235969","comm":{"aid":"100","tid":"101235969"},"edit":{"head":"","link":"","name":"记者 于海荣","rank":"","desc":""},"link":"http://economy.caixin.com/2018-04-18/101235969.html","nid":101235969,"subDesc":"要闻","video":"","type":0,"tags":[],"audioUrl":"http://audio.caixin.com/caixin/969/101235969.mp3","form":null,"summ":"全球经济复苏为国内去杠杆提供了空间，民间投资受去杠杆影响较小；效率提升和质量提高远比增速回落更重要","freeDuration":"3","freeTime":"","channelDesc":"经济频道","time":"2018-04-18 12:58:04","attr":5,"channelId":129,"pict":{"imgs":[{"txt":"","url":"http://img.caixin.com/2017-12-21/1513828501672322_145_97.jpg"}],"num":1},"desc":"大摩：去杠杆力度加大引发经济失速可能性较低"},{"cate":"100300005;100300184;101235436","comm":{"aid":"100","tid":"101235436"},"edit":{"head":"","link":"","name":"","rank":"","desc":""},"link":"http://economy.caixin.com/2018-04-17/101235436.html","nid":101235436,"subDesc":"要闻","video":"","type":0,"tags":[{"txt":"中美贸易龃龉","url":"http://tag.caixin.com/tag/%E4%B8%AD%E7%BE%8E%E8%B4%B8%E6%98%93%E9%BE%83%E9%BE%89"}],"audioUrl":"","form":null,"summ":"自2018年4月18日起，进口经营者在进口原产于美国的进口高粱时，应依据裁定所确定的各公司保证金比率（178.6%）向中国海关提供相应的保证金","freeDuration":"48","freeTime":"","channelDesc":"经济频道","time":"2018-04-17 14:52:58","attr":5,"channelId":129,"pict":{"imgs":[{"txt":"","url":"http://img.caixin.com/2018-02-04/1517740916402790_145_97.jpg"}],"num":1},"desc":"商务部：对原产于美国的进口高粱实施临时反倾销"},{"cate":"100300005;100300184;101235381","comm":{"aid":"100","tid":"101235381"},"edit":{"head":"","link":"","name":"见习记者 程思炜","rank":"","desc":""},"link":"http://economy.caixin.com/2018-04-17/101235381.html","nid":101235381,"subDesc":"要闻","video":"","type":0,"tags":[],"audioUrl":"","form":null,"summ":"房地产投资增速持续攀升，或与土地购置费统计错位有关；基建投资增速大幅放缓，制造业投资低迷与民间投资明显改善形成鲜明对比","freeDuration":"0","freeTime":"","channelDesc":"经济频道","time":"2018-04-17 12:13:34","attr":5,"channelId":129,"pict":{"imgs":[{"txt":"","url":"http://img.caixin.com/2018-04-12/1523542442127867_145_97.jpg"}],"num":1},"desc":"一季度投资增长7.5% 民间投资与制造业投资走势分化"},{"cate":"100300005;100300184;101235362","comm":{"aid":"100","tid":"101235362"},"edit":{"head":"","link":"","name":"见习记者 张娱","rank":"","desc":""},"link":"http://economy.caixin.com/2018-04-17/101235362.html","nid":101235362,"subDesc":"要闻","video":"","type":0,"tags":[],"audioUrl":"http://audio.caixin.com/caixin/362/101235362.mp3","form":null,"summ":"环比增速大降至2015年8月以来最低，统计局称，春节滞后和工作日减少两大因素导致数据波动","freeDuration":"6","freeTime":"","channelDesc":"经济频道","time":"2018-04-17 11:37:06","attr":5,"channelId":129,"pict":{"imgs":[{"txt":"","url":"http://img.caixin.com/2017-11-27/1511748824073588_145_97.jpg"}],"num":1},"desc":"3月工业增加值同比增长6.0%  去年9月以来最低"},{"cate":"100300005;100300184;101235331","comm":{"aid":"100","tid":"101235331"},"edit":{"head":"","link":"","name":"见习记者 程思炜","rank":"","desc":""},"link":"http://economy.caixin.com/2018-04-17/101235331.html","nid":101235331,"subDesc":"要闻","video":"","type":0,"tags":[],"audioUrl":"http://audio.caixin.com/caixin/331/101235331.mp3","form":null,"summ":"低于全年5.5%的目标，在公布全国城镇调查失业率的同时，还要进一步关注工资、工时等就业质量指标","freeDuration":"3","freeTime":"","channelDesc":"经济频道","time":"2018-04-17 11:01:54","attr":5,"channelId":129,"pict":{"imgs":[{"txt":"","url":"http://img.caixin.com/2018-04-17/1523934276504733_145_97.jpg"}],"num":1},"desc":"调查失业率首次发布 3月全国数据微升至5.1%"},{"cate":"100300005;100300184;101235303","comm":{"aid":"100","tid":"101235303"},"edit":{"head":"","link":"","name":"见习记者 张娱","rank":"","desc":""},"link":"http://economy.caixin.com/2018-04-17/101235303.html","nid":101235303,"subDesc":"要闻","video":"","type":0,"tags":[],"audioUrl":"http://audio.caixin.com/caixin/303/101235303.mp3","form":null,"summ":"国民经济延续稳中有进、稳中向好的发展态势，但环比增速下滑至1.4%，为2016年二季度以来最低","freeDuration":"12","freeTime":"","channelDesc":"经济频道","time":"2018-04-17 10:26:09","attr":5,"channelId":129,"pict":{"imgs":[{"txt":"","url":"http://img.caixin.com/2018-03-05/1520211319803060_145_97.jpg"}],"num":1},"desc":"一季度GDP同比增长6.8% 与去年四季度持平"},{"cate":"100300005;100300184;101235189","comm":{"aid":"100","tid":"101235189"},"edit":{"head":"","link":"","name":"见习记者 彭岩锋 记者 王婧","rank":"","desc":""},"link":"http://economy.caixin.com/2018-04-17/101235189.html","nid":101235189,"subDesc":"要闻","video":"","type":0,"tags":[{"txt":"聚焦海南发展新定位：机遇与挑战","url":"http://tag.caixin.com/tag/%E8%81%9A%E7%84%A6%E6%B5%B7%E5%8D%97%E5%8F%91%E5%B1%95%E6%96%B0%E5%AE%9A%E4%BD%8D%EF%BC%9A%E6%9C%BA%E9%81%87%E4%B8%8E%E6%8C%91%E6%88%98"}],"audioUrl":"http://audio.caixin.com/caixin/189/101235189.mp3","form":null,"summ":"海南省长沈晓明曾担任过上海自贸区管委会主任。现在，他又将带领海南省建设中国首个自由贸易港","freeDuration":"0","freeTime":"","channelDesc":"经济频道","time":"2018-04-17 07:15:30","attr":5,"channelId":129,"pict":{"imgs":[{"txt":"","url":"http://img.caixin.com/2018-04-17/1523922809654783_145_97.jpg"}],"num":1},"desc":"海南派出11支考察队分赴各自贸区学习经验"},{"cate":"100300005;100300184;101235117","comm":{"aid":"100","tid":"101235117"},"edit":{"head":"","link":"","name":"记者 王晓霞","rank":"","desc":""},"link":"http://economy.caixin.com/2018-04-16/101235117.html","nid":101235117,"subDesc":"要闻","video":"","type":0,"tags":[],"audioUrl":"http://audio.caixin.com/caixin/117/101235117.mp3","form":null,"summ":"中央本级“三公”经费预算减少2.67亿元，部分中央部门住房保障支出增长较多","freeDuration":"0","freeTime":"","channelDesc":"经济频道","time":"2018-04-16 20:36:31","attr":5,"channelId":129,"pict":{"imgs":[{"txt":"","url":"http://img.caixin.com/2018-04-16/1523882777351878_145_97.jpg"}],"num":1},"desc":"18个中央部门2018年“三公”支出预算增加"},{"cate":"100300005;100300184;101234059","comm":{"aid":"100","tid":"101234059"},"edit":{"head":"","link":"","name":"见习记者 张娱","rank":"","desc":""},"link":"http://economy.caixin.com/2018-04-13/101234059.html","nid":101234059,"subDesc":"要闻","video":"","type":0,"tags":[{"txt":"中美贸易龃龉","url":"http://tag.caixin.com/tag/%E4%B8%AD%E7%BE%8E%E8%B4%B8%E6%98%93%E9%BE%83%E9%BE%89"}],"audioUrl":"http://audio.caixin.com/caixin/059/101234059.mp3","form":null,"summ":"一旦美方落实其关税措施，整个东亚太平洋地区的生产链都将受到影响","freeDuration":"0","freeTime":"","channelDesc":"经济频道","time":"2018-04-13 15:59:50","attr":5,"channelId":129,"pict":{"imgs":[{"txt":"","url":"http://img.caixin.com/2018-04-02/1522627768242873_145_97.jpg"}],"num":1},"desc":"世行：中美若爆发贸易战将重创东亚地区"},{"cate":"100300005;100300184;101234012","comm":{"aid":"100","tid":"101234012"},"edit":{"head":"","link":"","name":"见习记者 程思炜","rank":"","desc":""},"link":"http://economy.caixin.com/2018-04-13/101234012.html","nid":101234012,"subDesc":"要闻","video":"","type":0,"tags":[],"audioUrl":"http://audio.caixin.com/caixin/012/101234012.mp3","form":null,"summ":"此前进出口数据超预期或是春节因素扰动，二季度国际环境不确定因素仍然较多，中美贸易摩擦后续影响有待观察","freeDuration":"0","freeTime":"","channelDesc":"经济频道","time":"2018-04-13 15:26:06","attr":5,"channelId":129,"pict":{"imgs":[{"txt":"","url":"http://img.caixin.com/2018-04-13/1523604684291868_145_97.jpg"}],"num":1},"desc":"二季度出口压力有增无减 需关注中美摩擦影响"},{"cate":"100300005;100300184;101233955","comm":{"aid":"100","tid":"101233955"},"edit":{"head":"","link":"","name":"见习记者 程思炜","rank":"","desc":""},"link":"http://economy.caixin.com/2018-04-13/101233955.html","nid":101233955,"subDesc":"要闻","video":"","type":0,"tags":[],"audioUrl":"http://audio.caixin.com/caixin/955/101233955.mp3","form":{"txt":"宏观数据","url":"http://economy.caixin.com/macro_economy/"},"summ":"出口出现2017年2月以来的首次月度下滑，二季度全球经济和国际贸易走势面临的压力和挑战有增无减","freeDuration":"6","freeTime":"","channelDesc":"经济频道","time":"2018-04-13 12:25:49","attr":5,"channelId":129,"pict":{"imgs":[{"txt":"","url":"http://img.caixin.com/2018-04-13/1523593851390726_145_97.jpg"}],"num":1},"desc":"3月出口同比下降2.7%  13个月来首现贸易逆差"},{"cate":"100300005;100300184;101233610","comm":{"aid":"100","tid":"101233610"},"edit":{"head":"","link":"","name":"见习记者 张娱","rank":"","desc":""},"link":"http://economy.caixin.com/2018-04-12/101233610.html","nid":101233610,"subDesc":"要闻","video":"","type":0,"tags":[],"audioUrl":"http://audio.caixin.com/caixin/610/101233610.mp3","form":null,"summ":"全球经济复苏和强劲的内需将继续支撑东亚地区经济增长，政策制定者需防范发达经济体加快收紧货币政策和贸易摩擦加剧两大风险","freeDuration":"3","freeTime":"","channelDesc":"经济频道","time":"2018-04-12 17:25:33","attr":5,"channelId":129,"pict":{"imgs":[{"txt":"","url":"http://img.caixin.com/2018-04-12/1523525773656864_145_97.jpg"}],"num":1},"desc":"世行：2018中国GDP增速6.5% 须防范外部风险"},{"cate":"100300005;100300184;101233491","comm":{"aid":"100","tid":"101233491"},"edit":{"head":"","link":"","name":"记者  王晓霞","rank":"","desc":""},"link":"http://economy.caixin.com/2018-04-12/101233491.html","nid":101233491,"subDesc":"要闻","video":"","type":0,"tags":[],"audioUrl":"http://audio.caixin.com/caixin/491/101233491.mp3","form":{"txt":"地方经济","url":"http://economy.caixin.com/local_economy/"},"summ":"湖南、新疆等省份开始压减投资项目，根据建设情况和债务风险状况分类处置，避免成为违规举债的借口","freeDuration":"0","freeTime":"","channelDesc":"经济频道","time":"2018-04-12 14:39:25","attr":5,"channelId":129,"pict":{"imgs":[{"txt":"","url":"http://img.caixin.com/2017-05-09/1494309378565496_145_97.jpg"}],"num":1},"desc":"湖南福建等多省份压减政府投资项目 严控债务增量"},{"cate":"100300005;100300184;101233420","comm":{"aid":"100","tid":"101233420"},"edit":{"head":"","link":"","name":"见习记者 程思炜","rank":"","desc":""},"link":"http://economy.caixin.com/2018-04-12/101233420.html","nid":101233420,"subDesc":"要闻","video":"","type":0,"tags":[{"txt":"中美贸易龃龉","url":"http://tag.caixin.com/tag/%E4%B8%AD%E7%BE%8E%E8%B4%B8%E6%98%93%E9%BE%83%E9%BE%89"}],"audioUrl":"http://audio.caixin.com/caixin/420/101233420.mp3","form":null,"summ":"关键是看开放承诺能否落地，监管部门能不能真正执行；双方如果展开谈判，资本项目开放或是焦点","freeDuration":"0","freeTime":"","channelDesc":"经济频道","time":"2018-04-12 12:44:00","attr":5,"channelId":129,"pict":{"imgs":[{"txt":"","url":"http://img.caixin.com/2018-04-04/1522841993018522_145_97.jpg"}],"num":1},"desc":"学者：开放措施缓和中美贸易摩擦关键在落实"},{"cate":"100300005;100300184;101233278","comm":{"aid":"100","tid":"101233278"},"edit":{"head":"","link":"","name":"记者 董兢","rank":"","desc":""},"link":"http://economy.caixin.com/2018-04-12/101233278.html","nid":101233278,"subDesc":"要闻","video":"","type":0,"tags":[],"audioUrl":"http://audio.caixin.com/caixin/278/101233278.mp3","form":{"txt":"贸易投资","url":"http://economy.caixin.com/trade_investment/"},"summ":"可在境内外市场面向各类社会资本募资，支持各类所有制企业出资参与对外投融资基金；但金融机构不得以信贷资金违规出资，地方政府不得以财政性资金出资","freeDuration":"0","freeTime":"","channelDesc":"经济频道","time":"2018-04-12 07:57:34","attr":5,"channelId":129,"pict":{"imgs":[{"txt":"","url":"http://img.caixin.com/2018-03-12/1520847099879169_145_97.jpg"}],"num":1},"desc":"完善对外投融资基金监管框架 规范企业“出海”"},{"cate":"100300005;100300184;101233219","comm":{"aid":"100","tid":"101233219"},"edit":{"head":"","link":"","name":"记者 尉奕阳","rank":"","desc":""},"link":"http://economy.caixin.com/2018-04-11/101233219.html","nid":101233219,"subDesc":"要闻","video":"","type":0,"tags":[{"txt":"博鳌亚洲论坛2018年年会","url":"http://tag.caixin.com/tag/%E5%8D%9A%E9%B3%8C%E4%BA%9A%E6%B4%B2%E8%AE%BA%E5%9D%9B2018%E5%B9%B4%E5%B9%B4%E4%BC%9A"}],"audioUrl":"http://audio.caixin.com/caixin/219/101233219.mp3","form":null,"summ":"清华大学经济管理学院中国与世界经济研究中心主任李稻葵表示，中国当年加入WTO时，政府给予企业适当保护是合理的，但政府与市场的关系也该与时俱进","freeDuration":"0","freeTime":"","channelDesc":"经济频道","time":"2018-04-11 21:06:42","attr":5,"channelId":129,"pict":{"imgs":[{"txt":"","url":"http://img.caixin.com/2018-04-11/1523452154579178_145_97.jpg"}],"num":1},"desc":"李稻葵：政府与市场的关系应该与时俱进"},{"cate":"100300005;100300184;101233011","comm":{"aid":"100","tid":"101233011"},"edit":{"head":"","link":"","name":"记者 王晓霞 尉奕阳","rank":"","desc":""},"link":"http://economy.caixin.com/2018-04-11/101233011.html","nid":101233011,"subDesc":"要闻","video":"","type":0,"tags":[],"audioUrl":"http://audio.caixin.com/caixin/011/101233011.mp3","form":null,"summ":"在以往扶持小微企业发展的税收优惠政策的基础上，进一步加大对小微企业的扶持力度；抓紧提出降低汽车进口关税具体方案建议","freeDuration":"9","freeTime":"","channelDesc":"经济频道","time":"2018-04-11 15:51:17","attr":5,"channelId":129,"pict":{"imgs":[{"txt":"","url":"http://img.caixin.com/2018-04-11/1523433975623017_145_97.jpg"}],"num":1},"desc":"财政部副部长：争取早日降低汽车进口关税"},{"cate":"100300005;100300184;101232946","comm":{"aid":"100","tid":"101232946"},"edit":{"head":"","link":"","name":"记者 王力为 尉奕阳","rank":"","desc":""},"link":"http://economy.caixin.com/2018-04-11/101232946.html","nid":101232946,"subDesc":"要闻","video":"","type":0,"tags":[{"txt":"博鳌亚洲论坛2018年年会","url":"http://tag.caixin.com/tag/%E5%8D%9A%E9%B3%8C%E4%BA%9A%E6%B4%B2%E8%AE%BA%E5%9D%9B2018%E5%B9%B4%E5%B9%B4%E4%BC%9A"}],"audioUrl":"http://audio.caixin.com/caixin/946/101232946.mp3","form":null,"summ":"对于最新推出的金融业对外开放政策，易纲不愿意用“大爆炸”的说法，强调中国的理念是渐进式、审慎的，金融服务业开放利于中美贸易平衡","freeDuration":"24","freeTime":"","channelDesc":"经济频道","time":"2018-04-11 14:47:42","attr":5,"channelId":129,"pict":{"imgs":[{"txt":"","url":"http://img.caixin.com/2018-04-11/1523429392045396_145_97.jpg"}],"num":1},"desc":"以贬值应对贸易摩擦？易纲称汇率以市场供求为基础"},{"cate":"100300005;100300184;101232828","comm":{"aid":"100","tid":"101232828"},"edit":{"head":"","link":"","name":"实习记者 张娱","rank":"","desc":""},"link":"http://economy.caixin.com/2018-04-11/101232828.html","nid":101232828,"subDesc":"要闻","video":"","type":0,"tags":[],"audioUrl":"http://audio.caixin.com/caixin/828/101232828.mp3","form":{"txt":"宏观数据","url":"http://economy.caixin.com/macro_economy/"},"summ":"节日因素消退，CPI环比增速2017年下半年来首次为负，PPI同比上涨3.1%，环比降幅继续扩大","freeDuration":"0","freeTime":"","channelDesc":"经济频道","time":"2018-04-11 10:32:16","attr":5,"channelId":129,"pict":{"imgs":[{"txt":"","url":"http://img.caixin.com/2017-06-21/1498007360046599_145_97.jpg"}],"num":1},"desc":"3月CPI同比增长2.1% 涨幅回落0.8个百分点"},{"cate":"100300005;100300184;101231911","comm":{"aid":"100","tid":"101231911"},"edit":{"head":"","link":"","name":"记者 尉奕阳","rank":"","desc":""},"link":"http://economy.caixin.com/2018-04-09/101231911.html","nid":101231911,"subDesc":"要闻","video":"","type":0,"tags":[{"txt":"博鳌亚洲论坛2018年年会","url":"http://tag.caixin.com/tag/%E5%8D%9A%E9%B3%8C%E4%BA%9A%E6%B4%B2%E8%AE%BA%E5%9D%9B2018%E5%B9%B4%E5%B9%B4%E4%BC%9A"}],"audioUrl":"http://audio.caixin.com/caixin/911/101231911.mp3","form":null,"summ":"戴相龙认为，中国经济最紧迫的是债务问题，应该制定企业债务重组法令","freeDuration":"0","freeTime":"","channelDesc":"经济频道","time":"2018-04-09 13:33:49","attr":5,"channelId":129,"pict":{"imgs":[{"txt":"","url":"http://img.caixin.com/2016-12-04/1480826656210480_145_97.jpg"}],"num":1},"desc":"戴相龙：未来十年中国有效经济增长高于5%"},{"cate":"100300005;100300184;101230905","comm":{"aid":"100","tid":"101230905"},"edit":{"head":"","link":"","name":"见习记者 程思炜","rank":"","desc":""},"link":"http://economy.caixin.com/2018-04-05/101230905.html","nid":101230905,"subDesc":"要闻","video":"","type":0,"tags":[],"audioUrl":"http://audio.caixin.com/caixin/905/101230905.mp3","form":null,"summ":"根据明树数据的统计，92号文发布至今，已有2334个PPP项目被清理退出项目库，投资额达到2.25万亿元，在未来一段时间还会有较大的变化","freeDuration":"0","freeTime":"","channelDesc":"经济频道","time":"2018-04-05 08:57:31","attr":5,"channelId":129,"pict":{"imgs":[{"txt":"","url":"http://img.caixin.com/2018-04-05/1522890005415399_145_97.jpg"}],"num":1},"desc":"PPP清库结束 新疆内蒙古云南最受伤"},{"cate":"100300005;100300184;101230818","comm":{"aid":"100","tid":"101230818"},"edit":{"head":"","link":"","name":"见习记者 程思炜","rank":"","desc":""},"link":"http://economy.caixin.com/2018-04-04/101230818.html","nid":101230818,"subDesc":"要闻","video":"","type":0,"tags":[],"audioUrl":"http://audio.caixin.com/caixin/818/101230818.mp3","form":null,"summ":"制造业、交通运输业等增值税税率下调，同时适用于销售行为和进口环节，出口退税率、农产品扣除率也相应调整","freeDuration":"0","freeTime":"","channelDesc":"经济频道","time":"2018-04-04 21:53:36","attr":5,"channelId":129,"pict":{"imgs":[{"txt":"","url":"http://img.caixin.com/2018-04-04/1522850405893037_145_97.jpg"}],"num":1},"desc":"增值税率调整细节明确 出口退税率同步下调"},{"cate":"100300005;100300184;101230798","comm":{"aid":"100","tid":"101230798"},"edit":{"head":"","link":"","name":"见习记者 程思炜","rank":"","desc":""},"link":"http://economy.caixin.com/2018-04-04/101230798.html","nid":101230798,"subDesc":"要闻","video":"","type":0,"tags":[],"audioUrl":"http://audio.caixin.com/caixin/798/101230798.mp3","form":null,"summ":"地方隐性负债规模是显性债务规模的2倍，还是不到一半？地方隐性债务增量风险较大，结构性风险需重点关注","freeDuration":"0","freeTime":"","channelDesc":"经济频道","time":"2018-04-04 20:48:09","attr":5,"channelId":129,"pict":{"imgs":[{"txt":"","url":"http://img.caixin.com/2017-06-12/1497275594840841_145_97.jpg"}],"num":1},"desc":"地方隐性债务有多少？研究结果差异大"},{"cate":"100300005;100300184;101230667","comm":{"aid":"100","tid":"101230667"},"edit":{"head":"","link":"","name":"记者 王晓霞","rank":"","desc":""},"link":"http://economy.caixin.com/2018-04-04/101230667.html","nid":101230667,"subDesc":"要闻","video":"","type":0,"tags":[],"audioUrl":"http://audio.caixin.com/caixin/667/101230667.mp3","form":null,"summ":"当月同一个排放口排放的同一种污染物有多个监测数据的，应税大气污染物按监测数据平均值计算排放量；应税水污染物按监测数据以流量为权的加权平均值计算排放量","freeDuration":"3","freeTime":"","channelDesc":"经济频道","time":"2018-04-04 18:08:12","attr":5,"channelId":129,"pict":{"imgs":[{"txt":"","url":"http://img.caixin.com/2018-03-30/1522385355958263_145_97.jpg"}],"num":1},"desc":"环保税应税污染物监测计算细节明确"},{"cate":"100300005;100300184;101230574","comm":{"aid":"100","tid":"101230574"},"edit":{"head":"","link":"","name":"","rank":"","desc":""},"link":"http://economy.caixin.com/2018-04-04/101230574.html","nid":101230574,"subDesc":"要闻","video":"","type":0,"tags":[{"txt":"中美贸易龃龉","url":"http://tag.caixin.com/tag/%E4%B8%AD%E7%BE%8E%E8%B4%B8%E6%98%93%E9%BE%83%E9%BE%89"}],"audioUrl":"http://audio.caixin.com/caixin/574/101230574.mp3","form":null,"summ":"国务院关税税则委员会发布关于对原产于美国的部分进口商品加征关税的公告","freeDuration":"0","freeTime":"","channelDesc":"经济频道","time":"2018-04-04 15:59:26","attr":0,"channelId":129,"pict":{"imgs":[{"txt":"","url":"http://img.caixin.com/2018-04-04/1522829164115129_145_97.jpg"}],"num":1},"desc":"中国回击美贸易制裁 对大豆汽车等加征关税"},{"cate":"100300005;100300184;101230310","comm":{"aid":"100","tid":"101230310"},"edit":{"head":"","link":"","name":"实习记者 张娱","rank":"","desc":""},"link":"http://economy.caixin.com/2018-04-04/101230310.html","nid":101230310,"subDesc":"要闻","video":"","type":0,"tags":[],"audioUrl":"http://audio.caixin.com/caixin/306/101230306.mp3","form":null,"summ":"服务业需求状况明显降温，分项指数大都出现下滑，财新中国综合PMI下滑至51.8，中国经济呈现出边际上的走弱","freeDuration":"0","freeTime":"","channelDesc":"经济频道","time":"2018-04-04 09:45:00","attr":0,"channelId":129,"pict":{"imgs":[{"txt":"","url":"http://img.caixin.com/2018-04-04/1522801179352973_145_97.jpg"}],"num":1},"desc":"3月财新中国服务业PMI降至52.3 为四个月来最低"},{"cate":"100300005;100300184;101230341","comm":{"aid":"100","tid":"101230341"},"edit":{"head":"","link":"","name":"记者 于海荣","rank":"","desc":""},"link":"http://economy.caixin.com/2018-04-04/101230341.html","nid":101230341,"subDesc":"要闻","video":"","type":0,"tags":[],"audioUrl":"http://audio.caixin.com/caixin/337/101230337.mp3","form":null,"summ":"3月经济回升的力度不及预期，房地产调控趋紧、基建投资资金来源承压，短期内经济面临走弱的压力","freeDuration":"0","freeTime":"","channelDesc":"经济频道","time":"2018-04-04 09:45:00","attr":5,"channelId":129,"pict":{"imgs":[{"txt":"","url":"http://img.caixin.com/2018-04-04/1522801179352973_145_97.jpg"}],"num":1},"desc":"财新PMI分析|制造业服务业景气双回落 经济走弱迹象初显"},{"cate":"100300005;100300184;101230201","comm":{"aid":"100","tid":"101230201"},"edit":{"head":"","link":"","name":"见习记者 程思炜","rank":"","desc":""},"link":"http://economy.caixin.com/2018-04-03/101230201.html","nid":101230201,"subDesc":"要闻","video":"","type":0,"tags":[],"audioUrl":"http://audio.caixin.com/caixin/201/101230201.mp3","form":null,"summ":"今后不再下达固定资产投资任务分解，坚决刹住无序举债搞建设的风气，确保政府违规举债零增长；财政部PPP项目库清理中，新疆出库项目数量和金额均居全国首位","freeDuration":"0","freeTime":"","channelDesc":"经济频道","time":"2018-04-03 19:04:45","attr":5,"channelId":129,"pict":{"imgs":[{"txt":"","url":"http://img.caixin.com/2017-05-09/1494309378565496_145_97.jpg"}],"num":1},"desc":"新疆紧急清理政府投资停配套资金未落实项目"},{"cate":"100300005;100300184;101230004","comm":{"aid":"100","tid":"101230004"},"edit":{"head":"","link":"","name":"记者 王晓霞","rank":"","desc":""},"link":"http://economy.caixin.com/2018-04-03/101230004.html","nid":101230004,"subDesc":"要闻","video":"","type":0,"tags":[],"audioUrl":"http://audio.caixin.com/caixin/004/101230004.mp3","form":null,"summ":"棚改专项债券纳入地方政府专项债务限额管理，资金纳入政府性基金预算管理，以国有土地使用权出让收入、专项收入偿还，实现项目收益和融资自求平衡","freeDuration":"9","freeTime":"","channelDesc":"经济频道","time":"2018-04-03 15:07:47","attr":5,"channelId":129,"pict":{"imgs":[{"txt":"","url":"http://img.caixin.com/2018-04-03/1522740042752420_145_97.jpg"}],"num":1},"desc":"2018年试点棚改专项债券 地方债管理再开“前门”"},{"cate":"100300005;100300184;101229419","comm":{"aid":"100","tid":"101229419"},"edit":{"head":"","link":"","name":"实习记者 张娱","rank":"","desc":""},"link":"http://economy.caixin.com/2018-04-02/101229419.html","nid":101229419,"subDesc":"要闻","video":"","type":0,"tags":[],"audioUrl":"http://audio.caixin.com/caixin/378/101229378.mp3","form":null,"summ":"产出指数、新订单指数均放缓，用工数量加速下降，经济回升力度不及预期，但业界信心度升至一年以来最高","freeDuration":"0","freeTime":"","channelDesc":"经济频道","time":"2018-04-02 09:45:00","attr":0,"channelId":129,"pict":{"imgs":[{"txt":"","url":"http://img.caixin.com/2018-04-02/1522631329436228_145_97.jpg"}],"num":1},"desc":"3月财新中国制造业PMI录得51.0 为四个月最低"},{"cate":"100300005;100300184;101229417","comm":{"aid":"100","tid":"101229417"},"edit":{"head":"","link":"","name":"记者 于海荣","rank":"","desc":""},"link":"http://economy.caixin.com/2018-04-02/101229417.html","nid":101229417,"subDesc":"要闻","video":"","type":0,"tags":[],"audioUrl":"http://audio.caixin.com/caixin/413/101229413.mp3","form":null,"summ":"3月经济回升的力度不及预期，房地产调控趋紧、基建投资资金来源承压，短期内经济面临走弱的压力","freeDuration":"0","freeTime":"","channelDesc":"经济频道","time":"2018-04-02 09:45:00","attr":5,"channelId":129,"pict":{"imgs":[{"txt":"","url":"http://img.caixin.com/2018-04-02/1522631329436228_145_97.jpg"}],"num":1},"desc":"财新PMI分析|制造业景气回落 走弱迹象初显"},{"cate":"100300005;100300184;101229365","comm":{"aid":"100","tid":"101229365"},"edit":{"head":"","link":"","name":"记者 王晓霞","rank":"","desc":""},"link":"http://economy.caixin.com/2018-04-02/101229365.html","nid":101229365,"subDesc":"要闻","video":"","type":0,"tags":[{"txt":"中美贸易龃龉","url":"http://tag.caixin.com/tag/%E4%B8%AD%E7%BE%8E%E8%B4%B8%E6%98%93%E9%BE%83%E9%BE%89"}],"audioUrl":"http://audio.caixin.com/caixin/365/101229365.mp3","form":null,"summ":"为平衡因美国232措施给中国利益造成的损失，对原产于美国的部分进口商品中止关税减让义务；与2018年3月23日中国商务部发布的拟中止减让产品清单一致","freeDuration":"0","freeTime":"","channelDesc":"经济频道","time":"2018-04-02 08:12:37","attr":5,"channelId":129,"pict":{"imgs":[{"txt":"","url":"http://img.caixin.com/2017-08-24/1503568606635490_145_97.jpg"}],"num":1},"desc":"中国对原产美国七类128项进口商品加征关税"},{"cate":"100300005;100300184;101229091","comm":{"aid":"100","tid":"101229091"},"edit":{"head":"","link":"","name":"实习记者 张娱","rank":"","desc":""},"link":"http://economy.caixin.com/2018-03-31/101229091.html","nid":101229091,"subDesc":"要闻","video":"","type":0,"tags":[],"audioUrl":"http://audio.caixin.com/caixin/091/101229091.mp3","form":null,"summ":"春节后企业集中开工，生产经营活动加快，制造业扩张提速，建筑工程开工增加，服务业PMI略有回落，但市场预期仍然乐观","freeDuration":"12","freeTime":"","channelDesc":"经济频道","time":"2018-03-31 10:00:11","attr":5,"channelId":129,"pict":{"imgs":[{"txt":"","url":"http://img.caixin.com/2018-03-31/1522461872063148_145_97.jpg"}],"num":1},"desc":"3月统计局制造业PMI录得51.5 大涨1.2个百分点"},{"cate":"100300005;100300184;101228976","comm":{"aid":"100","tid":"101228976"},"edit":{"head":"","link":"","name":"记者 王晓霞","rank":"","desc":""},"link":"http://economy.caixin.com/2018-03-30/101228976.html","nid":101228976,"subDesc":"要闻","video":"","type":0,"tags":[],"audioUrl":"http://audio.caixin.com/caixin/976/101228976.mp3","form":null,"summ":"国有金融企业参与地方建设融资时，需重点进行资本金审查和还款能力评估；配合整改的同时，国有金融企业不得盲目抽贷、压贷和停贷，防范存量债务资金链断裂风险","freeDuration":"0","freeTime":"","channelDesc":"经济频道","time":"2018-03-30 21:11:00","attr":5,"channelId":129,"pict":{"imgs":[{"txt":"","url":"http://img.caixin.com/2017-12-22/1513931954699025_145_97.jpg"}],"num":1},"desc":"财政部发文规范金融企业行为 防止加大地方债风险"},{"cate":"100300005;100300184;101228791","comm":{"aid":"100","tid":"101228791"},"edit":{"head":"","link":"","name":"实习记者 张娱","rank":"","desc":""},"link":"http://economy.caixin.com/2018-03-30/101228791.html","nid":101228791,"subDesc":"要闻","video":"","type":0,"tags":[{"txt":"中美贸易龃龉","url":"http://tag.caixin.com/tag/%E4%B8%AD%E7%BE%8E%E8%B4%B8%E6%98%93%E9%BE%83%E9%BE%89"}],"audioUrl":"","form":null,"summ":"中国应尽力避免冲突加剧，一旦贸易战爆发，中国最有利的方案是实施报复，并借机扩大对外开放","freeDuration":"0","freeTime":"","channelDesc":"经济频道","time":"2018-03-30 16:52:06","attr":5,"channelId":129,"pict":{"imgs":[{"txt":"","url":"http://img.caixin.com/2018-01-30/1517299631534556_145_97.jpg"}],"num":1},"desc":"北大学者：不排除中美发生贸易战的可能"},{"cate":"100300005;100300184;101228755","comm":{"aid":"100","tid":"101228755"},"edit":{"head":"","link":"","name":"见习记者 程思炜","rank":"","desc":""},"link":"http://economy.caixin.com/2018-03-30/101228755.html","nid":101228755,"subDesc":"要闻","video":"","type":0,"tags":[],"audioUrl":"http://audio.caixin.com/caixin/755/101228755.mp3","form":null,"summ":"支持中小微企业和“三农”信贷，预计今后三年累计支持担保贷款5000亿元，旨在建立政府主导的担保体系","freeDuration":"0","freeTime":"","channelDesc":"经济频道","time":"2018-03-30 16:23:22","attr":5,"channelId":129,"pict":{"imgs":[{"txt":"","url":"http://img.caixin.com/2017-09-30/1506740869382712_145_97.jpg"}],"num":1},"desc":"国家融资担保基金市场化运作 定位为准公共服务产品"},{"cate":"100300005;100300184;101228652","comm":{"aid":"100","tid":"101228652"},"edit":{"head":"","link":"","name":"记者  王晓霞","rank":"","desc":""},"link":"http://economy.caixin.com/2018-03-30/101228652.html","nid":101228652,"subDesc":"要闻","video":"","type":0,"tags":[],"audioUrl":"http://audio.caixin.com/caixin/652/101228652.mp3","form":null,"summ":"将通过完善制度设计、规范操作流程、加强中央与地方协调等方式，确保留抵退税政策不折不扣落地","freeDuration":"0","freeTime":"","channelDesc":"经济频道","time":"2018-03-30 14:47:51","attr":5,"channelId":129,"pict":{"imgs":[{"txt":"","url":"http://img.caixin.com/2018-03-30/1522392923102821_145_97.jpg"}],"num":1},"desc":"留抵退税操作有难度 财政部称稳妥推进"},{"cate":"100300005;100300184;101228580","comm":{"aid":"100","tid":"101228580"},"edit":{"head":"","link":"","name":"记者 王力为","rank":"","desc":""},"link":"http://economy.caixin.com/2018-03-30/101228580.html","nid":101228580,"subDesc":"要闻","video":"","type":0,"tags":[],"audioUrl":"http://audio.caixin.com/caixin/580/101228580.mp3","form":null,"summ":"美国贸易逆差的根源是其政策选择，应通过结构性改革和分配政策解决；中国知识产权保护方面的问题相当多的是体制问题，探索步伐需加速","freeDuration":"0","freeTime":"","channelDesc":"经济频道","time":"2018-03-30 12:05:54","attr":5,"channelId":129,"pict":{"imgs":[{"txt":"","url":"http://img.caixin.com/2017-12-16/1513405452308689_145_97.jpg"}],"num":1},"desc":"楼继伟：中美经贸问题应通过协商解决"},{"cate":"100300005;100300184;101227829","comm":{"aid":"100","tid":"101227829"},"edit":{"head":"","link":"","name":"见习记者 程思炜 记者 王晓霞","rank":"","desc":""},"link":"http://economy.caixin.com/2018-03-28/101227829.html","nid":101227829,"subDesc":"要闻","video":"","type":0,"tags":[],"audioUrl":"http://audio.caixin.com/caixin/829/101227829.mp3","form":null,"summ":"部分行业的增税税率降低一个百分点，距离按值税税率三档并两档的方向还有多久？先进制造业享受多重增值税减税利好，期末留抵退税制度还存在三方面挑战","freeDuration":"0","freeTime":"","channelDesc":"经济频道","time":"2018-03-28 21:09:31","attr":5,"channelId":129,"pict":{"imgs":[{"txt":"","url":"http://img.caixin.com/2018-03-28/1522242959265191_145_97.jpg"}],"num":1},"desc":"增值税改革深化  部分行业税率调低并建立留抵退税制度（更新）"},{"cate":"100300005;100300184;101226975","comm":{"aid":"100","tid":"101226975"},"edit":{"head":"","link":"","name":"实习记者 张娱","rank":"","desc":""},"link":"http://economy.caixin.com/2018-03-27/101226975.html","nid":101226975,"subDesc":"要闻","video":"","type":0,"tags":[],"audioUrl":"http://audio.caixin.com/caixin/975/101226975.mp3","form":null,"summ":"当月增速结束连续三个月的下滑趋势，工业生产、销售增长加快，抵消了工业品价格涨幅回落的减利因素，使工业利润当月增速加快","freeDuration":"24","freeTime":"","channelDesc":"经济频道","time":"2018-03-27 10:05:16","attr":5,"channelId":129,"pict":{"imgs":[{"txt":"","url":"http://img.caixin.com/2018-03-27/1522116795332510_145_97.jpg"}],"num":1},"desc":"1-2月工业企业利润增速结束下滑 同比增长16.1%"},{"cate":"100300005;100300184;101226934","comm":{"aid":"100","tid":"101226934"},"edit":{"head":"","link":"","name":"实习记者 张娱","rank":"","desc":""},"link":"http://economy.caixin.com/2018-03-27/101226934.html","nid":101226934,"subDesc":"要闻","video":"","type":0,"tags":[],"audioUrl":"http://audio.caixin.com/caixin/934/101226934.mp3","form":null,"summ":"特朗普“漫天要价”是讨价还价的筹码，大概率将会以双方妥协为结局，中国除了必要的反制措施，更重要的是立足自身，提高创新能力","freeDuration":"0","freeTime":"","channelDesc":"经济频道","time":"2018-03-27 09:30:24","attr":5,"channelId":129,"pict":{"imgs":[{"txt":"","url":"http://img.caixin.com/2018-03-27/1522114370457026_145_97.jpg"}],"num":1},"desc":"中美贸易摩擦升级 机构怎么看"},{"cate":"100300005;100300184;101226809","comm":{"aid":"100","tid":"101226809"},"edit":{"head":"","link":"","name":"记者  王晓霞","rank":"","desc":""},"link":"http://economy.caixin.com/2018-03-26/101226809.html","nid":101226809,"subDesc":"要闻","video":"","type":0,"tags":[],"audioUrl":"http://audio.caixin.com/caixin/809/101226809.mp3","form":null,"summ":"研究制定对高风险地区政府投融资行为的约束性措施；发挥地方政府财政重整计划作用，督使债务规模和偿债能力相一致","freeDuration":"0","freeTime":"","channelDesc":"经济频道","time":"2018-03-26 21:00:32","attr":5,"channelId":129,"pict":{"imgs":[{"txt":"","url":"http://img.caixin.com/2017-12-22/1513931954699025_145_97.jpg"}],"num":1},"desc":"财政部：强化高风险地区债务风险监测和防范"},{"cate":"100300005;100300184;101226635","comm":{"aid":"100","tid":"101226635"},"edit":{"head":"","link":"","name":"见习记者 程思炜","rank":"","desc":""},"link":"http://economy.caixin.com/2018-03-26/101226635.html","nid":101226635,"subDesc":"要闻","video":"","type":0,"tags":[{"txt":"中美贸易龃龉","url":"http://tag.caixin.com/tag/%E4%B8%AD%E7%BE%8E%E8%B4%B8%E6%98%93%E9%BE%83%E9%BE%89"}],"audioUrl":"http://audio.caixin.com/caixin/635/101226635.mp3","form":null,"summ":"部门行业利益保护阻碍中国服务业对外开放，应完善现有谈判机制","freeDuration":"9","freeTime":"","channelDesc":"经济频道","time":"2018-03-26 16:59:44","attr":5,"channelId":129,"pict":{"imgs":[{"txt":"","url":"http://img.caixin.com/2017-04-15/1492214181106128_145_97.jpg"}],"num":1},"desc":"学者：中美经贸摩擦本质是双边投资问题"},{"cate":"100300005;100300184;101226123","comm":{"aid":"100","tid":"101226123"},"edit":{"head":"","link":"","name":"见习记者 程思炜","rank":"","desc":""},"link":"http://economy.caixin.com/2018-03-25/101226123.html","nid":101226123,"subDesc":"要闻","video":"","type":0,"tags":[],"audioUrl":"http://audio.caixin.com/caixin/123/101226123.mp3","form":null,"summ":"贸易威胁具有很强的“谈判策略”性质和功能，中国应为做好准备，深化国内改革开放，扩大从美国进口贸易，积极有选择地开放服务业，加强知识产权保护","freeDuration":"0","freeTime":"","channelDesc":"经济频道","time":"2018-03-25 11:29:11","attr":5,"channelId":129,"pict":{"imgs":[{"txt":"","url":"http://img.caixin.com/2018-03-25/1521949054964480_145_97.jpg"}],"num":1},"desc":"学者：中美贸易战不会马上爆发 最终可能仍靠谈判"},{"cate":"100300005;100311966;101220690;101220691;101225798","comm":{"aid":"100","tid":"101225798"},"edit":{"head":"","link":"","name":"记者 于海荣","rank":"","desc":""},"link":"http://economy.caixin.com/2018-03-24/101225798.html","nid":101225798,"subDesc":"要闻","video":"","type":0,"tags":[],"audioUrl":"http://audio.caixin.com/caixin/798/101225798.mp3","form":null,"summ":"结构有所改善，从非金融企业部门转移到居民部门，国企杠杆率仍在上升，下一步去杠杆任务仍然繁重","freeDuration":"0","freeTime":"","channelDesc":"经济频道","time":"2018-03-24 12:08:47","attr":5,"channelId":129,"pict":{"imgs":[{"txt":"","url":"http://image1.caixin.com/2018-03-24/1521859523179233_145_97.jpg"}],"num":1},"desc":"李扬：2017年中国宏观杠杆率微升2.5个百分点"},{"cate":"100300005;100311966;101220690;101220691;101225773","comm":{"aid":"100","tid":"101225773"},"edit":{"head":"","link":"","name":"记者 于海荣","rank":"","desc":""},"link":"http://economy.caixin.com/2018-03-24/101225773.html","nid":101225773,"subDesc":"要闻","video":"","type":0,"tags":[],"audioUrl":"http://audio.caixin.com/caixin/773/101225773.mp3","form":null,"summ":"在21世纪，国际贸易需要基于规则的游戏，而不是基于实力和强权；各国应该团结起来，进一步巩固一个基于规则的多边贸易体系","freeDuration":"0","freeTime":"","channelDesc":"经济频道","time":"2018-03-24 11:26:25","attr":5,"channelId":129,"pict":{"imgs":[{"txt":"","url":"http://image1.caixin.com/2018-03-24/1521859497714384_145_97.jpg"}],"num":1},"desc":"拉米：向保护主义低头会让所有人受害"},{"cate":"100300005;100300184;101225543","comm":{"aid":"100","tid":"101225543"},"edit":{"head":"","link":"","name":"实习记者 张娱","rank":"","desc":""},"link":"http://economy.caixin.com/2018-03-23/101225543.html","nid":101225543,"subDesc":"要闻","video":"","type":0,"tags":[],"audioUrl":"http://audio.caixin.com/caixin/543/101225543.mp3","form":null,"summ":"政府消费的重心应更多地向卫生、社保和福利公共服务领域倾斜；同时，降低基建投资、房地产投资占比应有所下降","freeDuration":"0","freeTime":"","channelDesc":"经济频道","time":"2018-03-23 20:56:21","attr":5,"channelId":129,"pict":{"imgs":[{"txt":"","url":"http://img.caixin.com/2018-03-23/1521810366251670_145_97.jpg"}],"num":1},"desc":"高收入国家经济结构趋同 中国该怎样调整？"},{"cate":"100300005;100300184;101225457","comm":{"aid":"100","tid":"101225457"},"edit":{"head":"","link":"","name":"见习记者 程思炜","rank":"","desc":""},"link":"http://economy.caixin.com/2018-03-23/101225457.html","nid":101225457,"subDesc":"要闻","video":"","type":0,"tags":[],"audioUrl":"http://audio.caixin.com/caixin/457/101225457.mp3","form":null,"summ":"财政支出决策在考虑收入分配方面几乎缺失，导致最终收入分配不平等严重；个税税制设计不是不够“劫富济贫”，而是征管没有覆盖住高收入人群","freeDuration":"0","freeTime":"","channelDesc":"经济频道","time":"2018-03-23 18:11:48","attr":5,"channelId":129,"pict":{"imgs":[{"txt":"","url":"http://img.caixin.com/2018-03-23/1521800335836334_145_97.jpg"}],"num":1},"desc":"北大教授：财政支出改革滞后加剧收入分配不平等"},{"cate":"100300005;100300184;101225421","comm":{"aid":"100","tid":"101225421"},"edit":{"head":"","link":"","name":"记者 于海荣","rank":"","desc":""},"link":"http://economy.caixin.com/2018-03-23/101225421.html","nid":101225421,"subDesc":"要闻","video":"","type":0,"tags":[],"audioUrl":"http://audio.caixin.com/caixin/421/101225421.mp3","form":null,"summ":"结构再平衡、经济更强劲增长，靠货币刺激和大规模投资拉动不可能实现，只能靠改革和结构调整结构再平衡、经济更强劲增长，靠货币刺激和大规模投资拉动不可能实现，只能靠改革和结构调整","freeDuration":"0","freeTime":"","channelDesc":"经济频道","time":"2018-03-23 17:17:54","attr":5,"channelId":129,"pict":{"imgs":[{"txt":"","url":"http://img.caixin.com/2017-04-10/1491813130877812_145_97.jpg"}],"num":1},"desc":"王小鲁：现代化关键是社会经济的系统发育 并非GDP"},{"cate":"100300005;100300184;101225248","comm":{"aid":"100","tid":"101225248"},"edit":{"head":"","link":"","name":"实习记者 张娱","rank":"","desc":""},"link":"http://economy.caixin.com/2018-03-23/101225248.html","nid":101225248,"subDesc":"要闻","video":"","type":0,"tags":[{"txt":"中美贸易龃龉","url":"http://tag.caixin.com/tag/%E4%B8%AD%E7%BE%8E%E8%B4%B8%E6%98%93%E9%BE%83%E9%BE%89"}],"audioUrl":"","form":null,"summ":"美国对中国贸易逆差扩大、商界对中国政策的不满，使得摩擦升温；房地产下滑是主要内部风险","freeDuration":"0","freeTime":"","channelDesc":"经济频道","time":"2018-03-23 14:50:33","attr":5,"channelId":129,"pict":{"imgs":[{"txt":"","url":"http://img.caixin.com/2018-03-23/1521788284962131_145_97.jpg"}],"num":1},"desc":"牛津经济研究院：中美贸易摩擦是中国面临的主要外部风险"},{"cate":"100300005;100300184;101225093","comm":{"aid":"100","tid":"101225093"},"edit":{"head":"","link":"","name":"见习记者 程思炜","rank":"","desc":""},"link":"http://economy.caixin.com/2018-03-23/101225093.html","nid":101225093,"subDesc":"要闻","video":"","type":0,"tags":[],"audioUrl":"http://audio.caixin.com/caixin/093/101225093.mp3","form":null,"summ":"考虑到政府债务率、债务用途等因素，对中国政府债务问题不必恐慌；未来中国经济增长依然需要消费和投资双动力","freeDuration":"0","freeTime":"","channelDesc":"经济频道","time":"2018-03-23 09:21:34","attr":5,"channelId":129,"pict":{"imgs":[{"txt":"","url":"http://img.caixin.com/2018-03-23/1521768331211285_145_97.jpg"}],"num":1},"desc":"林毅夫：地方债风险存在于部分区域 整体不必恐慌"},{"cate":"100300005;100300184;101224621","comm":{"aid":"100","tid":"101224621"},"edit":{"head":"","link":"","name":"记者 于海荣","rank":"","desc":""},"link":"http://economy.caixin.com/2018-03-22/101224621.html","nid":101224621,"subDesc":"要闻","video":"","type":0,"tags":[],"audioUrl":"http://audio.caixin.com/caixin/621/101224621.mp3","form":null,"summ":"曾任国研中心副主任、国务院研究室主任等职，擅长宏观经济政策、公共政策、区域发展战略和企业改革等研究","freeDuration":"0","freeTime":"","channelDesc":"经济频道","time":"2018-03-22 10:39:08","attr":5,"channelId":129,"pict":{"imgs":[{"txt":"","url":"http://img.caixin.com/2018-03-22/1521688092707195_145_97.jpg"}],"num":1},"desc":"谢伏瞻出任中国社科院院长 曾两获孙冶方经济学奖"},{"cate":"100300005;100300184;101224480","comm":{"aid":"100","tid":"101224480"},"edit":{"head":"","link":"","name":"记者 王晓霞","rank":"","desc":""},"link":"http://economy.caixin.com/2018-03-21/101224480.html","nid":101224480,"subDesc":"要闻","video":"","type":0,"tags":[],"audioUrl":"http://audio.caixin.com/caixin/480/101224480.mp3","form":null,"summ":"长期在财政系统任职，曾组织参与企业所得税“两法合并”、营改增等税制改革，房地产税立法将是其履新后的一项重要工作","freeDuration":"0","freeTime":"","channelDesc":"经济频道","time":"2018-03-21 22:27:15","attr":5,"channelId":129,"pict":{"imgs":[{"txt":"","url":"http://img.caixin.com/2018-03-21/1521642643180457_145_97.jpg"}],"num":1},"desc":"史耀斌任全国人大常委会预算工委主任 升为正部级"},{"cate":"100300005;100300184;101224271","comm":{"aid":"100","tid":"101224271"},"edit":{"head":"","link":"","name":"见习记者 程思炜","rank":"","desc":""},"link":"http://economy.caixin.com/2018-03-21/101224271.html","nid":101224271,"subDesc":"要闻","video":"","type":0,"tags":[],"audioUrl":"http://audio.caixin.com/caixin/271/101224271.mp3","form":null,"summ":"呈现税收收入快速增长、非税收入下降的趋势；增值税增长明显，与营改增后抵扣链条逐渐打通导致征管率上升有关","freeDuration":"6","freeTime":"","channelDesc":"经济频道","time":"2018-03-21 16:08:21","attr":5,"channelId":129,"pict":{"imgs":[{"txt":"","url":"http://img.caixin.com/2018-03-21/1521620091376330_145_97.jpg"}],"num":1},"desc":"1-2月一般公共预算收入同比增长15.8%"},{"cate":"100300005;100300184;101224125","comm":{"aid":"100","tid":"101224125"},"edit":{"head":"","link":"","name":"见习记者 程思炜","rank":"","desc":""},"link":"http://economy.caixin.com/2018-03-21/101224125.html","nid":101224125,"subDesc":"要闻","video":"","type":0,"tags":[],"audioUrl":"http://audio.caixin.com/caixin/125/101224125.mp3","form":null,"summ":"本届论坛以“新时代的中国”为主题，围绕迈向高质量发展、全球视角下的中国财税体制改革、供给侧结构性改革中的金融政策等问题展开讨论","freeDuration":"24","freeTime":"","channelDesc":"经济频道","time":"2018-03-21 12:22:23","attr":5,"channelId":129,"pict":{"imgs":[{"txt":"","url":"http://img.caixin.com/2018-03-21/1521606846418737_145_97.jpg"}],"num":1},"desc":"中国发展高层论坛2018年会即将举行 聚焦新时代"},{"cate":"100300005;100300184;101223498","comm":{"aid":"100","tid":"101223498"},"edit":{"head":"","link":"","name":"见习记者 程思炜","rank":"","desc":""},"link":"http://economy.caixin.com/2018-03-20/101223498.html","nid":101223498,"subDesc":"要闻","video":"","type":0,"tags":[],"audioUrl":"http://audio.caixin.com/caixin/498/101223498.mp3","form":null,"summ":"力争年内制定政府购买服务管理办法；对政府债务法、政府非税收入管理条例等部门规章进行立法研究，争取尽早形成一定的立法成果","freeDuration":"0","freeTime":"","channelDesc":"经济频道","time":"2018-03-20 10:01:04","attr":5,"channelId":129,"pict":{"imgs":[{"txt":"","url":"http://img.caixin.com/2013-11-18/1384777976681413_145_97.jpg"}],"num":1},"desc":"财政部：力争年内完成个税法修订部内起草工作"},{"cate":"100300005;100300184;101222961","comm":{"aid":"100","tid":"101222961"},"edit":{"head":"","link":"","name":"记者 于海荣","rank":"","desc":""},"link":"http://economy.caixin.com/2018-03-19/101222961.html","nid":101222961,"subDesc":"要闻","video":"","type":0,"tags":[],"audioUrl":"http://audio.caixin.com/caixin/961/101222961.mp3","form":null,"summ":"长期在地方和财政系统任职，推动广东多项财政改革；是近年来第二位从全国人大预算工委转任财政部的部级官员","freeDuration":"0","freeTime":"","channelDesc":"经济频道","time":"2018-03-19 09:25:41","attr":5,"channelId":129,"pict":{"imgs":[{"txt":"","url":"http://img.caixin.com/2018-03-19/1521423688598397_145_97.jpg"}],"num":1},"desc":"刘昆重回财政部 出任部长"},{"cate":"100300005;100300184;101222744","comm":{"aid":"100","tid":"101222744"},"edit":{"head":"","link":"","name":"实习记者 张娱","rank":"","desc":""},"link":"http://economy.caixin.com/2018-03-17/101222744.html","nid":101222744,"subDesc":"要闻","video":"","type":0,"tags":[],"audioUrl":"http://audio.caixin.com/caixin/744/101222744.mp3","form":null,"summ":"一二月数据对全年数据的代表性不强；未来几年将是第二轮稳增长政策的消化期，必须平衡好政府与市场、国有与民营、国内与国际的关系","freeDuration":"12","freeTime":"","channelDesc":"经济频道","time":"2018-03-17 22:31:11","attr":5,"channelId":129,"pict":{"imgs":[{"txt":"","url":"http://img.caixin.com/2018-03-06/1520294537587294_145_97.jpg"}],"num":1},"desc":"学者：经济表现超预期恐难持续"},{"cate":"100300005;100300184;101222243","comm":{"aid":"100","tid":"101222243"},"edit":{"head":"","link":"","name":"记者 王晓霞","rank":"","desc":""},"link":"http://economy.caixin.com/2018-03-16/101222243.html","nid":101222243,"subDesc":"要闻","video":"","type":0,"tags":[],"audioUrl":"http://audio.caixin.com/caixin/243/101222243.mp3","form":{"txt":"宏观数据","url":"http://economy.caixin.com/macro_economy/"},"summ":"在关注有多大蛋糕可分配、分配到什么项目的同时，要更加关注公共政策的成本和效果；建立绩效目标和绩效评价结果与预算安排、政策调整挂钩机制","freeDuration":"0","freeTime":"","channelDesc":"经济频道","time":"2018-03-16 16:30:38","attr":5,"channelId":129,"pict":{"imgs":[{"txt":"","url":"http://img.caixin.com/2018-03-16/1521189172421738_145_97.jpg"}],"num":1},"desc":"肖捷：绩效管理将覆盖四本预算 贯穿预算全过程"},{"cate":"100300005;100300184;101222133","comm":{"aid":"100","tid":"101222133"},"edit":{"head":"","link":"","name":"记者  王晓霞","rank":"","desc":""},"link":"http://economy.caixin.com/2018-03-16/101222133.html","nid":101222133,"subDesc":"要闻","video":"","type":0,"tags":[],"audioUrl":"http://audio.caixin.com/caixin/133/101222133.mp3","form":null,"summ":"20个试点中央部门需编制2017年度政府部门财务报告，18个试点省份两个试点计划单列市的县级以上政府有关部门，需编制2017年度政府部门财务报告和政府综合财务报告","freeDuration":"0","freeTime":"","channelDesc":"经济频道","time":"2018-03-16 13:51:43","attr":5,"channelId":129,"pict":{"imgs":[{"txt":"","url":"http://img.caixin.com/2018-03-16/1521179768966573_145_97.jpg"}],"num":1},"desc":"政府综合财务报告编制试点大幅扩围"},{"cate":"100300005;100300184;101221729","comm":{"aid":"100","tid":"101221729"},"edit":{"head":"","link":"","name":"记者 王晓霞","rank":"","desc":""},"link":"http://economy.caixin.com/2018-03-15/101221729.html","nid":101221729,"subDesc":"要闻","video":"","type":0,"tags":[],"audioUrl":"http://audio.caixin.com/caixin/729/101221729.mp3","form":null,"summ":"旨在规范政府投资行为的PPP条例和政府投资条例，列入国务院2018年立法工作计划；车辆购置税、耕地占用税、资源税有望实现税收法定，修订企业所得税法实施条例、税收征收管理法","freeDuration":"0","freeTime":"","channelDesc":"经济频道","time":"2018-03-15 15:33:41","attr":5,"channelId":129,"pict":{"imgs":[{"txt":"","url":"http://img.caixin.com/2018-03-15/1521101873625554_145_97.jpg"}],"num":1},"desc":"房地产税、个税未列入国务院今年立法计划"},{"cate":"100300005;100300184;101221085","comm":{"aid":"100","tid":"101221085"},"edit":{"head":"","link":"","name":"实习记者 张娱","rank":"","desc":""},"link":"http://economy.caixin.com/2018-03-14/101221085.html","nid":101221085,"subDesc":"要闻","video":"","type":0,"tags":[],"audioUrl":"http://audio.caixin.com/caixin/085/101221085.mp3","form":null,"summ":"固定资产投资增速扭转回落态势，1-2月累计增长7.9%，制造业投资增长仍然低迷","freeDuration":"0","freeTime":"","channelDesc":"经济频道","time":"2018-03-14 11:16:19","attr":5,"channelId":129,"pict":{"imgs":[{"txt":"","url":"http://img.caixin.com/2018-03-14/1520997603563452_145_97.jpg"}],"num":1},"desc":"民间固定资产投资增速两年来首超总体增速"},{"cate":"100300005;100300184;101221052","comm":{"aid":"100","tid":"101221052"},"edit":{"head":"","link":"","name":"记者 王力为 王晓霞","rank":"","desc":""},"link":"http://economy.caixin.com/2018-03-14/101221052.html","nid":101221052,"subDesc":"要闻","video":"","type":0,"tags":[],"audioUrl":"http://audio.caixin.com/caixin/047/101221047.mp3","form":null,"summ":"此次机构改革缓解了社保基金多头管理等一些问题，未来还需在内部实行更加灵活的市场机制和管理体制","freeDuration":"0","freeTime":"","channelDesc":"经济频道","time":"2018-03-14 10:33:34","attr":5,"channelId":129,"pict":{"imgs":[{"txt":"","url":"http://img.caixin.com/2018-03-14/1520995074443994_145_97.jpg"}],"num":1},"desc":"楼继伟：社保基金划归财政部管理 有助走出“囚徒困境”"},{"cate":"100300005;100300184;101220649","comm":{"aid":"100","tid":"101220649"},"edit":{"head":"","link":"","name":"见习记者 程思炜","rank":"","desc":""},"link":"http://economy.caixin.com/2018-03-13/101220649.html","nid":101220649,"subDesc":"要闻","video":"","type":0,"tags":[],"audioUrl":"http://audio.caixin.com/caixin/649/101220649.mp3","form":null,"summ":"今年财政赤字安排至少是中性的，政府工作报告基本没有出现拉动经济增长的政策描述，呼应了十九大所提出的结构优化、高质量发展的政策导向","freeDuration":"9","freeTime":"","channelDesc":"经济频道","time":"2018-03-13 15:22:59","attr":5,"channelId":129,"pict":{"imgs":[{"txt":"","url":"http://img.caixin.com/2018-03-13/1520926068045998_145_97.jpg"}],"num":1},"desc":"高培勇：财政赤字率下调 政策向防风险倾斜"},{"cate":"100300005;100300184;101219823","comm":{"aid":"100","tid":"101219823"},"edit":{"head":"","link":"","name":"记者 于海荣","rank":"","desc":""},"link":"http://economy.caixin.com/2018-03-12/101219823.html","nid":101219823,"subDesc":"要闻","video":"","type":0,"tags":[],"audioUrl":"http://audio.caixin.com/caixin/823/101219823.mp3","form":null,"summ":"地方政府隐性债务监管频频收紧，原有融资渠道还能继续吗？隐性负债究竟有多少？风险有多大？地方政府的举债冲动能受到遏制吗？如何健全规范的地方政府举债融资机制？","freeDuration":"0","freeTime":"","channelDesc":"经济频道","time":"2018-03-12 07:07:25","attr":0,"channelId":129,"pict":{"imgs":[{"txt":"","url":"http://img.caixin.com/2017-06-12/1497275594840841_145_97.jpg"}],"num":1},"desc":"地方债管理频频收紧 地方政府受何影响？｜新刊荐读"},{"cate":"100300005;100300184;101219753","comm":{"aid":"100","tid":"101219753"},"edit":{"head":"","link":"","name":"记者 王力为","rank":"","desc":""},"link":"http://economy.caixin.com/2018-03-11/101219753.html","nid":101219753,"subDesc":"要闻","video":"","type":0,"tags":[],"audioUrl":"http://audio.caixin.com/caixin/753/101219753.mp3","form":null,"summ":"近期中美经贸关系有一些波折，中美贸易和当前国际经济形势，是中国从2018年起举办中国国际进口博览会的考虑因素之一","freeDuration":"12","freeTime":"","channelDesc":"经济频道","time":"2018-03-11 12:40:00","attr":5,"channelId":129,"pict":{"imgs":[{"txt":"","url":"http://img.caixin.com/2017-09-14/1505359133267736_145_97.jpg"}],"num":1},"desc":"钟山：中美经贸交流渠道并未中断"},{"cate":"100300005;100300184;101219114","comm":{"aid":"100","tid":"101219114"},"edit":{"head":"","link":"","name":"见习记者 程思炜","rank":"","desc":""},"link":"http://economy.caixin.com/2018-03-09/101219114.html","nid":101219114,"subDesc":"要闻","video":"","type":0,"tags":[],"audioUrl":"http://audio.caixin.com/caixin/114/101219114.mp3","form":null,"summ":"适当地调整为预期性或者结果性的指标；政府工作报告首提调查失业率目标，是一个重要变化","freeDuration":"9","freeTime":"","channelDesc":"经济频道","time":"2018-03-09 16:05:12","attr":5,"channelId":129,"pict":{"imgs":[{"txt":"","url":"http://img.caixin.com/2018-03-09/1520582894592849_145_97.jpg"}],"num":1},"desc":"刘世锦：高质量发展应改变GDP指标的挂帅位置"},{"cate":"100300005;100300184;101218864","comm":{"aid":"100","tid":"101218864"},"edit":{"head":"","link":"","name":"实习记者 张娱","rank":"","desc":""},"link":"http://economy.caixin.com/2018-03-09/101218864.html","nid":101218864,"subDesc":"要闻","video":"","type":0,"tags":[],"audioUrl":"http://audio.caixin.com/caixin/864/101218864.mp3","form":null,"summ":"CPI同比增速12个月来首次超过2%；PPI同比增长3.7%，为15个月来最低","freeDuration":"24","freeTime":"","channelDesc":"经济频道","time":"2018-03-09 10:26:55","attr":5,"channelId":129,"pict":{"imgs":[{"txt":"","url":"http://img.caixin.com/2017-06-21/1498007360046599_145_97.jpg"}],"num":1},"desc":"春节因素推高2月CPI至2.9% PPI环比下降"},{"cate":"100300005;100300184;101218424","comm":{"aid":"100","tid":"101218424"},"edit":{"head":"","link":"","name":"实习记者 张娱","rank":"","desc":""},"link":"http://economy.caixin.com/2018-03-08/101218424.html","nid":101218424,"subDesc":"要闻","video":"","type":0,"tags":[],"audioUrl":"http://audio.caixin.com/caixin/424/101218424.mp3","form":{"txt":"宏观数据","url":"http://economy.caixin.com/macro_economy/"},"summ":"对主要国家出口增速全面回升，进口增速回落超过30个百分点，当月实现顺差337.4亿美元","freeDuration":"12","freeTime":"","channelDesc":"经济频道","time":"2018-03-08 13:04:03","attr":5,"channelId":129,"pict":{"imgs":[{"txt":"","url":"http://img.caixin.com/2018-03-08/1520485829747819_145_97.jpg"}],"num":1},"desc":"2月出口再超预期 以美元计同比增长44.5%"},{"cate":"100300005;100300184;101217986","comm":{"aid":"100","tid":"101217986"},"edit":{"head":"","link":"","name":"记者 王力为","rank":"","desc":""},"link":"http://economy.caixin.com/2018-03-07/101217986.html","nid":101217986,"subDesc":"要闻","video":"","type":0,"tags":[],"audioUrl":"http://audio.caixin.com/caixin/986/101217986.mp3","form":null,"summ":"此次个税改革要提高起征点、增加专项扣除，并从目前分类征收模式，转向综合与分类相结合的个人所得税税制","freeDuration":"24","freeTime":"","channelDesc":"经济频道","time":"2018-03-07 12:17:44","attr":5,"channelId":129,"pict":{"imgs":[{"txt":"","url":"http://img.caixin.com/2018-03-07/1520396388781611_145_97.jpg"}],"num":1},"desc":"史耀斌：根据居民基本生活消费水平提高个税起征点"},{"cate":"100300005;100300184;101217972","comm":{"aid":"100","tid":"101217972"},"edit":{"head":"","link":"","name":"记者 王晓霞","rank":"","desc":""},"link":"http://economy.caixin.com/2018-03-07/101217972.html","nid":101217972,"subDesc":"要闻","video":"","type":0,"tags":[],"audioUrl":"http://audio.caixin.com/caixin/972/101217972.mp3","form":null,"summ":"2017年中国政府负债率为36.2% ，低于国际警戒线，对各类违法违规举债，发现一起、查处一起、问责一起","freeDuration":"24","freeTime":"","channelDesc":"经济频道","time":"2018-03-07 11:04:26","attr":5,"channelId":129,"pict":{"imgs":[{"txt":"","url":"http://img.caixin.com/2018-03-07/1520392707094253_145_97.jpg"}],"num":1},"desc":"肖捷：从严整治无序举债乱象"},{"cate":"100300551;101213524;101213525;101215123;101217937","comm":{"aid":"100","tid":"101217937"},"edit":{"head":"","link":"","name":"记者 王晓霞","rank":"","desc":""},"link":"http://topics.caixin.com/2018-03-07/101217937.html","nid":101217937,"subDesc":"要闻","video":"","type":0,"tags":[],"audioUrl":"http://audio.caixin.com/caixin/937/101217937.mp3","form":null,"summ":"将参考大多数国家的一些共性制度性安排，也会从中国实际出发，合并整合相关的一些税种，合理降低房地产建设、交易环节的税费负担","freeDuration":"12","freeTime":"","channelDesc":"专题频道","time":"2018-03-07 10:36:02","attr":5,"channelId":145,"pict":{"imgs":[{"txt":"","url":"http://img.caixin.com/2018-03-07/1520390378365631_145_97.jpg"}],"num":1},"desc":"史耀斌：房地产税立法在起草完善中"},{"cate":"100300005;100300184;101217820","comm":{"aid":"100","tid":"101217820"},"edit":{"head":"","link":"","name":"记者  王晓霞","rank":"","desc":""},"link":"http://economy.caixin.com/2018-03-06/101217820.html","nid":101217820,"subDesc":"要闻","video":"","type":0,"tags":[],"audioUrl":"http://audio.caixin.com/caixin/820/101217820.mp3","form":null,"summ":"硬化地方政府预算约束，坚决制止无序举债搞建设，决不允许新增各类隐性债务；改变先确定各领域支出总额再安排具体项目的做法","freeDuration":"24","freeTime":"","channelDesc":"经济频道","time":"2018-03-06 22:42:02","attr":5,"channelId":129,"pict":{"imgs":[{"txt":"","url":"http://img.caixin.com/2018-03-06/1520348000370274_145_97.jpg"}],"num":1},"desc":"从收支平衡状态转向支出预算 人大审查监督预算重点变化"},{"cate":"100300005;100300184;101216991","comm":{"aid":"100","tid":"101216991"},"edit":{"head":"","link":"","name":"记者 于海荣","rank":"","desc":""},"link":"http://economy.caixin.com/2018-03-05/101216991.html","nid":101216991,"subDesc":"要闻","video":"","type":0,"tags":[],"audioUrl":"http://audio.caixin.com/caixin/991/101216991.mp3","form":null,"summ":"城镇职工每月人均负担消费支出已经明显高于现行免征额；应建立个税起征点定期自动调整机制，根据通胀率和收入水平自动调整","freeDuration":"0","freeTime":"","channelDesc":"经济频道","time":"2018-03-05 12:15:13","attr":5,"channelId":129,"pict":{"imgs":[{"txt":"","url":"http://img.caixin.com/2013-11-18/1384777976681413_145_97.jpg"}],"num":1},"desc":"总理说了个税起征点要提高 多少才算合理？"},{"cate":"100300005;100300184;101216992","comm":{"aid":"100","tid":"101216992"},"edit":{"head":"","link":"","name":"记者 彭骎骎","rank":"","desc":""},"link":"http://economy.caixin.com/2018-03-05/101216992.html","nid":101216992,"subDesc":"要闻","video":"","type":0,"tags":[],"audioUrl":"http://audio.caixin.com/caixin/992/101216992.mp3","form":null,"summ":"城镇调查失业率目标定为5.5%，更全面反映就业状况；统计职责划归到国家统计局调查总队，地方无权干预","freeDuration":"12","freeTime":"","channelDesc":"经济频道","time":"2018-03-05 11:39:57","attr":5,"channelId":129,"pict":{"imgs":[{"txt":"","url":"http://img.caixin.com/2018-03-05/1520221418825495_145_97.jpg"}],"num":1},"desc":"调查失业率首次列入发展目标 透露了怎样宏调信号"},{"cate":"100300005;100300184;101216705","comm":{"aid":"100","tid":"101216705"},"edit":{"head":"","link":"","name":"实习记者 张娱","rank":"","desc":""},"link":"http://economy.caixin.com/2018-03-05/101216705.html","nid":101216705,"subDesc":"要闻","video":"","type":0,"tags":[],"audioUrl":"http://audio.caixin.com/caixin/705/101216705.mp3","form":null,"summ":"受年初高基数影响，服务业经营活动指数、新订单增速均出现放缓；财新中国综合PMI微降至53.3，宏观经济的平稳状态尚未动摇","freeDuration":"0","freeTime":"","channelDesc":"经济频道","time":"2018-03-05 09:45:00","attr":0,"channelId":129,"pict":null,"desc":"2月财新中国服务业PMI小幅回落至54.2"},{"cate":"100300005;100300184;101216612","comm":{"aid":"100","tid":"101216612"},"edit":{"head":"","link":"","name":"记者 于海荣 王晓霞","rank":"","desc":""},"link":"http://economy.caixin.com/2018-03-04/101216612.html","nid":101216612,"subDesc":"要闻","video":"","type":0,"tags":[],"audioUrl":"http://audio.caixin.com/caixin/612/101216612.mp3","form":null,"summ":"个税起征点应该调整吗？按家庭计征现实吗？综合与分类相结合的计征是加税还是减税？怎样才能发挥个税的调节作用？","freeDuration":"0","freeTime":"","channelDesc":"经济频道","time":"2018-03-04 13:34:09","attr":5,"channelId":129,"pict":{"imgs":[{"txt":"","url":"http://img.caixin.com/2018-03-04/1520142209079445_145_97.jpg"}],"num":1},"desc":"降低个税可能吗？一文读懂个税改革逻辑|特稿精选"},{"cate":"100300005;100300184;101216410","comm":{"aid":"100","tid":"101216410"},"edit":{"head":"","link":"","name":"记者 王晓霞","rank":"","desc":""},"link":"http://economy.caixin.com/2018-03-03/101216410.html","nid":101216410,"subDesc":"要闻","video":"","type":0,"tags":[],"audioUrl":"http://audio.caixin.com/caixin/410/101216410.mp3","form":null,"summ":"16个省份上调了2018年财政收入增速目标，考虑到减税降费、财政支出刚性等因素， 2018年财政收支状况仍将是紧平衡","freeDuration":"24","freeTime":"","channelDesc":"经济频道","time":"2018-03-03 15:11:13","attr":5,"channelId":129,"pict":{"imgs":[{"txt":"","url":"http://img.caixin.com/2017-06-29/1498729570388312_145_97.jpg"}],"num":1},"desc":"2018年全国一般公共预算收入增速目标或定为6.1%"},{"cate":"100300005;100300184;101216245","comm":{"aid":"100","tid":"101216245"},"edit":{"head":"","link":"","name":"见习记者 程思炜","rank":"","desc":""},"link":"http://economy.caixin.com/2018-03-02/101216245.html","nid":101216245,"subDesc":"要闻","video":"","type":0,"tags":[],"audioUrl":"http://audio.caixin.com/caixin/245/101216245.mp3","form":null,"summ":"使个人所得税与当前物价水平相适应，有利于留住资金和人才；将企业所得税率降至15%-20%，将利息费用纳入增值税抵扣链条","freeDuration":"24","freeTime":"","channelDesc":"经济频道","time":"2018-03-02 22:13:42","attr":5,"channelId":129,"pict":null,"desc":"全国工商联提案：建议个税起征点提高至7000元 降低最高边际税率"},{"cate":"100300005;100300184;101215786","comm":{"aid":"100","tid":"101215786"},"edit":{"head":"","link":"","name":"记者 于海荣","rank":"","desc":""},"link":"http://economy.caixin.com/2018-03-02/101215786.html","nid":101215786,"subDesc":"要闻","video":"","type":0,"tags":[],"audioUrl":"http://audio.caixin.com/caixin/786/101215786.mp3","form":null,"summ":"2017年财政超收部分结转到今年，赤字率或下降到2.6%左右，赤字规模仍将增加；专项债务将继续大幅增加","freeDuration":"0","freeTime":"","channelDesc":"经济频道","time":"2018-03-02 12:04:43","attr":5,"channelId":129,"pict":{"imgs":[{"txt":"","url":"http://img.caixin.com/2018-03-02/1519964264278270_145_97.jpg"}],"num":1},"desc":"两会前瞻：2018年财政赤字率或下降 继续淡化增长"},{"cate":"100300005;100300184;101215609","comm":{"aid":"100","tid":"101215609"},"edit":{"head":"","link":"","name":"实习记者 文思敏 记者 林金冰","rank":"","desc":""},"link":"http://economy.caixin.com/2018-03-01/101215609.html","nid":101215609,"subDesc":"要闻","video":"","type":0,"tags":[],"audioUrl":"http://audio.caixin.com/caixin/609/101215609.mp3","form":null,"summ":"香港财政司司长陈茂波表示，香港必须完善创新及科技环境，吸引新经济公司和科研机构落户","freeDuration":"12","freeTime":"","channelDesc":"经济频道","time":"2018-03-01 20:55:42","attr":5,"channelId":129,"pict":{"imgs":[{"txt":"","url":"http://img.caixin.com/2018-03-01/1519909704340025_145_97.jpg"}],"num":1},"desc":"香港重金开发河套科技园 首期拟投200亿港元"},{"cate":"100300005;100300184;101215320","comm":{"aid":"100","tid":"101215320"},"edit":{"head":"","link":"","name":"记者 于海荣","rank":"","desc":""},"link":"http://economy.caixin.com/2018-03-01/101215320.html","nid":101215320,"subDesc":"要闻","video":"","type":0,"tags":[],"audioUrl":"http://audio.caixin.com/caixin/320/101215320.mp3","form":null,"summ":"经济仍然处于平稳状态，3月经济回升的力度仍待观察，这对判断未来的经济走势产生重要影响","freeDuration":"0","freeTime":"","channelDesc":"经济频道","time":"2018-03-01 09:45:00","attr":5,"channelId":129,"pict":{"imgs":[{"txt":"","url":"http://img.caixin.com/2018-03-01/1519868760908937_145_97.jpg"}],"num":1},"desc":"财新PMI分析|制造业维持高景气 后续回升力度待观望"},{"cate":"100300005;100300184;101215288","comm":{"aid":"100","tid":"101215288"},"edit":{"head":"","link":"","name":"实习记者 张娱","rank":"","desc":""},"link":"http://economy.caixin.com/2018-03-01/101215288.html","nid":101215288,"subDesc":"要闻","video":"","type":0,"tags":[],"audioUrl":"http://audio.caixin.com/caixin/288/101215288.mp3","form":null,"summ":"新业务总量增速轻微上升，产出指数略有放缓，用工继续收缩，业界乐观度升至11个月来的最高点，中国经济韧性得到延续","freeDuration":"0","freeTime":"","channelDesc":"经济频道","time":"2018-03-01 09:45:00","attr":0,"channelId":129,"pict":null,"desc":"2月财新中国制造业PMI微升至51.6"},{"cate":"100300005;100300184;101214859","comm":{"aid":"100","tid":"101214859"},"edit":{"head":"","link":"","name":"实习记者 张娱","rank":"","desc":""},"link":"http://economy.caixin.com/2018-02-28/101214859.html","nid":101214859,"subDesc":"要闻","video":"","type":0,"tags":[],"audioUrl":"http://audio.caixin.com/caixin/859/101214859.mp3","form":null,"summ":"主要受春节因素影响，综合PMI回落至52.9，仍明显高于临界点，表明中国企业生产经营活动总体继续保持扩张态势","freeDuration":"24","freeTime":"","channelDesc":"经济频道","time":"2018-02-28 09:50:06","attr":5,"channelId":129,"pict":{"imgs":[{"txt":"","url":"http://img.caixin.com/2017-10-19/1508390427270055_145_97.jpg"}],"num":1},"desc":"2月统计局制造业PMI录得50.3 回落1个百分点"},{"cate":"100300005;100300184;101214537","comm":{"aid":"100","tid":"101214537"},"edit":{"head":"","link":"","name":"见习记者 程思炜","rank":"","desc":""},"link":"http://economy.caixin.com/2018-02-27/101214537.html","nid":101214537,"subDesc":"要闻","video":"","type":0,"tags":[],"audioUrl":"http://audio.caixin.com/caixin/537/101214537.mp3","form":null,"summ":"在税制改革的初期，可以单以夫妻、未成年子女作为家庭单位计征。做法成熟后，逐步将需要赡养的父母、祖父母等纳入家庭单位","freeDuration":"24","freeTime":"","channelDesc":"经济频道","time":"2018-02-27 15:56:01","attr":5,"channelId":129,"pict":{"imgs":[{"txt":"","url":"http://img.caixin.com/2018-02-27/1519718522763286_145_97.jpg"}],"num":1},"desc":"致公党中央提案：按家庭为单位计征个税 增加税前抵扣项"},{"cate":"100300005;100300184;101214032","comm":{"aid":"100","tid":"101214032"},"edit":{"head":"","link":"","name":"记者  王晓霞","rank":"","desc":""},"link":"http://economy.caixin.com/2018-02-26/101214032.html","nid":101214032,"subDesc":"要闻","video":"","type":0,"tags":[],"audioUrl":"http://audio.caixin.com/caixin/032/101214032.mp3","form":null,"summ":"转向高质量发展，政府需要建立好的体制，全面落实十八届三中全会的决议，回头逐项检查决定里讲的336项改革，到底做了哪些，哪些需要改进，哪些地方执行不力","freeDuration":"24","freeTime":"","channelDesc":"经济频道","time":"2018-02-26 14:36:13","attr":5,"channelId":129,"pict":{"imgs":[{"txt":"","url":"http://img.caixin.com/2016-11-15/1479199065631692_145_97.jpg"}],"num":1},"desc":"吴敬琏：逐项检查336项改革的落实情况"},{"cate":"100300005;100300184;101214014","comm":{"aid":"100","tid":"101214014"},"edit":{"head":"","link":"","name":"记者  王晓霞","rank":"","desc":""},"link":"http://economy.caixin.com/2018-02-26/101214014.html","nid":101214014,"subDesc":"要闻","video":"","type":0,"tags":[],"audioUrl":"http://audio.caixin.com/caixin/014/101214014.mp3","form":null,"summ":"在普遍缺乏风险意识的情况下，需要比较严格的金融监管，否则，当前的高杠杆和比较高的金融风险转成系统性风险的可能性非常大","freeDuration":"12","freeTime":"","channelDesc":"经济频道","time":"2018-02-26 12:55:59","attr":5,"channelId":129,"pict":{"imgs":[{"txt":"","url":"http://img.caixin.com/2017-12-16/1513405452308689_145_97.jpg"}],"num":1},"desc":"楼继伟：全社会缺乏金融风险意识 需持续监管"},{"cate":"100300005;100300184;101213852","comm":{"aid":"100","tid":"101213852"},"edit":{"head":"","link":"","name":"记者 王晓霞","rank":"","desc":""},"link":"http://economy.caixin.com/2018-02-25/101213852.html","nid":101213852,"subDesc":"要闻","video":"","type":0,"tags":[],"audioUrl":"http://audio.caixin.com/caixin/852/101213852.mp3","form":{"txt":"政策信息","url":"http://economy.caixin.com/policy/"},"summ":"无论从降低企业杠杆率、降低企业融资成本、促进企业发展的角度，还是从降低政府杠杆率的角度看，都应尽早推出留抵退税制度","freeDuration":"9","freeTime":"","channelDesc":"经济频道","time":"2018-02-25 22:14:37","attr":5,"channelId":129,"pict":{"imgs":[{"txt":"","url":"http://img.caixin.com/2018-02-25/1519568320511528_145_97.jpg"}],"num":1},"desc":"许善达：尽快建立增值税留抵退税制度"},{"cate":"100300005;100300184;101213044","comm":{"aid":"100","tid":"101213044"},"edit":{"head":"","link":"","name":"记者 于海荣","rank":"","desc":""},"link":"http://economy.caixin.com/2018-02-23/101213044.html","nid":101213044,"subDesc":"要闻","video":"","type":0,"tags":[],"audioUrl":"http://audio.caixin.com/caixin/044/101213044.mp3","form":null,"summ":"选择部分国家重点扶持的战略性新兴产业和新旧动能转换重点行业（项目），按程序先行先试临时性的期末留抵退税政策","freeDuration":"6","freeTime":"","channelDesc":"经济频道","time":"2018-02-23 15:27:47","attr":5,"channelId":129,"pict":{"imgs":[{"txt":"","url":"http://img.caixin.com/2018-02-23/1519371592670626_145_97.jpg"}],"num":1},"desc":"留抵退税山东先行先试 年退税额或超170亿元"},{"cate":"100300005;100300184;101212022","comm":{"aid":"100","tid":"101212022"},"edit":{"head":"","link":"","name":"记者 于海荣 王晓霞","rank":"","desc":""},"link":"http://economy.caixin.com/2018-02-18/101212022.html","nid":101212022,"subDesc":"要闻","video":"","type":0,"tags":[],"audioUrl":"http://audio.caixin.com/caixin/022/101212022.mp3","form":null,"summ":"在中央巡视、统计改革推进和高质量发展等多种因素的推动下，地方政府开始尝试做实经济数据，不同的造假方式，对全国数据真实可靠性的影响并不相同","freeDuration":"0","freeTime":"","channelDesc":"经济频道","time":"2018-02-18 08:01:44","attr":5,"channelId":129,"pict":{"imgs":[{"txt":"","url":"http://img.caixin.com/2018-02-18/1518913336157212_145_97.jpg"}],"num":1},"desc":"新年投资必读|多地经济数据“挤水分” 意欲何为"},{"cate":"100300005;100300184;101211962","comm":{"aid":"100","tid":"101211962"},"edit":{"head":"","link":"","name":"彭博","rank":"","desc":""},"link":"http://economy.caixin.com/2018-02-17/101211962.html","nid":101211962,"subDesc":"要闻","video":"","type":0,"tags":[],"audioUrl":"http://audio.caixin.com/caixin/962/101211962.mp3","form":null,"summ":"在商业周期高峰时，利率意外上升10个基点，将使两年后英国GDP减少约0.4个百分点。","freeDuration":"0","freeTime":"","channelDesc":"经济频道","time":"2018-02-17 09:55:57","attr":5,"channelId":129,"pict":null,"desc":"高盛：英国央行收紧政策的影响将在2018年变得更大"},{"cate":"100300005;100300184;101211918","comm":{"aid":"100","tid":"101211918"},"edit":{"head":"","link":"","name":"记者 于海荣","rank":"","desc":""},"link":"http://economy.caixin.com/2018-02-17/101211918.html","nid":101211918,"subDesc":"要闻","video":"","type":0,"tags":[],"audioUrl":"http://audio.caixin.com/caixin/918/101211918.mp3","form":null,"summ":"过度的混业造成一系列金融乱象，风险传染的渠道极不透明，加拿大的监管模式值得借鉴","freeDuration":"0","freeTime":"","channelDesc":"经济频道","time":"2018-02-17 08:58:58","attr":5,"channelId":129,"pict":{"imgs":[{"txt":"","url":"http://img.caixin.com/2016-06-06/1465206536532698_145_97.jpg"}],"num":1},"desc":"新年投资必读|楼继伟：混业造成风险高企 不能犯颠覆性错误"},{"cate":"100300005;100300184;101211848","comm":{"aid":"100","tid":"101211848"},"edit":{"head":"","link":"","name":"记者 于海荣 周东旭","rank":"","desc":""},"link":"http://economy.caixin.com/2018-02-16/101211848.html","nid":101211848,"subDesc":"要闻","video":"","type":0,"tags":[],"audioUrl":"","form":null,"summ":"房地产税与房产税是一回事吗？房地产税按评估值征收确定了吗？房地产税开征还要多久？房地产税能降房价吗？为什么要征房地产税？谁在反对开征房地产税？房地产税需要哪些相关配套改革？","freeDuration":"0","freeTime":"","channelDesc":"经济频道","time":"2018-02-16 08:50:52","attr":5,"channelId":129,"pict":{"imgs":[{"txt":"","url":"http://img.caixin.com/2018-02-16/1518742501675090_145_97.jpg"}],"num":1},"desc":"新年投资必读|房地产税越来越近，你需要知道这些“知识点"},{"cate":"100300005;100300184;101210899","comm":{"aid":"100","tid":"101210899"},"edit":{"head":"","link":"","name":"记者 王晓霞","rank":"","desc":""},"link":"http://economy.caixin.com/2018-02-12/101210899.html","nid":101210899,"subDesc":"要闻","video":"","type":0,"tags":[],"audioUrl":"http://audio.caixin.com/caixin/899/101210899.mp3","form":null,"summ":"严禁申报企业将公立学校、公立医院、机关事业单位办公楼等公益性资产及储备土地使用权计入资产；纯公益性项目不得作为募投项目申报企业债券","freeDuration":"24","freeTime":"","channelDesc":"经济频道","time":"2018-02-12 19:26:23","attr":5,"channelId":129,"pict":{"imgs":[{"txt":"","url":"http://img.caixin.com/2011-12-28/201112280112_145_97.jpg"}],"num":1},"desc":"两部委：严禁企业债发行与地方政府信用挂钩"},{"cate":"100300005;100300184;101210618","comm":{"aid":"100","tid":"101210618"},"edit":{"head":"","link":"","name":"记者 董兢","rank":"","desc":""},"link":"http://economy.caixin.com/2018-02-12/101210618.html","nid":101210618,"subDesc":"要闻","video":"","type":0,"tags":[],"audioUrl":"http://audio.caixin.com/caixin/618/101210618.mp3","form":null,"summ":"房地产、酒店、影城、娱乐业、体育俱乐部、在境外设立无具体实业项目的股权投资基金或投资平台等均属敏感行业；将投资主体借道外企出海纳入监督","freeDuration":"24","freeTime":"","channelDesc":"经济频道","time":"2018-02-12 09:27:30","attr":5,"channelId":129,"pict":{"imgs":[{"txt":"","url":"http://img.caixin.com/2018-02-12/1518399181865819_145_97.jpg"}],"num":1},"desc":"发改委明确境外投资敏感行业 要求追溯最终控制人"},{"cate":"100300005;100300184;101209898","comm":{"aid":"100","tid":"101209898"},"edit":{"head":"","link":"","name":"记者 王晓霞","rank":"","desc":""},"link":"http://economy.caixin.com/2018-02-09/101209898.html","nid":101209898,"subDesc":"要闻","video":"","type":0,"tags":[],"audioUrl":"http://audio.caixin.com/caixin/898/101209898.mp3","form":{"txt":"政策信息","url":"http://economy.caixin.com/policy/"},"summ":"改革方案是纲领性文件，此后将陆续出台分领域改革办法；打破了原有按照东中西地理概念分配财力的模式，根据财力状况将各省份和计划单列市分为五档，七个事项中央分档分担","freeDuration":"0","freeTime":"","channelDesc":"经济频道","time":"2018-02-09 20:31:25","attr":5,"channelId":129,"pict":{"imgs":[{"txt":"","url":"http://img.caixin.com/2018-02-09/1518179884314755_145_97.jpg"}],"num":1},"desc":"部分公共服务财政事权重新划分 不再按东中西分配财力"}],"start":600,"count":100,"maxes":1000}