{"datas":[{"tags":[],"comm":{"tid":"101321868","aid":"100"},"cate":"100300002;100000091;100324037;100864422;101321868","desc":"网约顺风车还有未来吗？","form":null,"channelId":126,"nid":101321868,"link":"http://opinion.caixin.com/2018-09-03/101321868.html","edit":{"rank":"专栏作家 ","desc":"法学博士，交通规划博士后，东南大学法学院副教授","name":"顾大松","link":"http://opinion.caixin.com/gudasong_mjxx/index.html","head":"http://www.caixin.com/upload/zhuanlan/100864422_48_48.jpg"},"attr":5,"freeDuration":"48","type":1,"subDesc":"顾大松","channelDesc":"观点频道","pict":null,"audioUrl":"http://audio.caixin.com/caixin/868/101321868.mp3","time":"2018-09-03 16:16:10","freeTime":"","video":"","summ":"网约顺风车遭遇重挫，需要反思产品逻辑与业务模式，其根源在于三方面的问题：运营主体的商业逻辑与顺风车的非营利属性冲突；网约车顺风车的监管定位困难；主导绿色出行的公益组织存在缺位"},{"tags":[],"comm":{"tid":"101321858","aid":"100"},"cate":"100300002;100000091;100324037;101315655;101321858","desc":"“沪伦通”与英国股票市场简史","form":null,"channelId":126,"nid":101321858,"link":"http://opinion.caixin.com/2018-09-03/101321858.html","edit":{"rank":"专栏作家 ","desc":"川财证券研究所所长、董事总经理。","name":"陈雳","link":"http://opinion.caixin.com/chenli_mjxx/index.html","head":"http://www.caixin.com/upload/zhuanlan/101315655_48_48.jpg"},"attr":5,"freeDuration":"48","type":1,"subDesc":"陈雳","channelDesc":"观点频道","pict":null,"audioUrl":"http://audio.caixin.com/caixin/858/101321858.mp3","time":"2018-09-03 16:07:02","freeTime":"","video":"","summ":"“沪伦通”计划有利于解决证券投资项下人民币输出和回流的问题，是中国大陆地区和国外证券市场的第一个连通计划。“沪伦通”的实施将对中国证券市场带来一定的积极效应"},{"tags":[],"comm":{"tid":"101321852","aid":"100"},"cate":"100300002;100000091;100324037;100994410;101321852","desc":"王小鲁：现在的唯一出路是改善消费","form":null,"channelId":126,"nid":101321852,"link":"http://opinion.caixin.com/2018-09-03/101321852.html","edit":{"rank":"专栏作家 ","desc":"中国发展研究基金会是国务院发展研究中心发起成立的全国性公募基金会，成立于1997年","name":"中国发展研究基金会","link":"http://opinion.caixin.com/cdrf_mjxx/index.html","head":"http://www.caixin.com/upload/zhuanlan/100994410_48_48.jpg"},"attr":5,"freeDuration":"48","type":1,"subDesc":"中国发展研究基金会","channelDesc":"观点频道","pict":null,"audioUrl":"http://audio.caixin.com/caixin/852/101321852.mp3","time":"2018-09-03 15:46:38","freeTime":"","video":"","summ":"现在居民消费仅占39%，加上政府消费，也不过50%多一点。要知道世界平均消费率是81%，在现有过低的消费率和过高的投资率的基础上，再扩大投资、搞货币刺激，可能会走上绝路"},{"tags":[],"comm":{"tid":"101321813","aid":"100"},"cate":"100300002;100000091;100324037;100994410;101321813","desc":"刘世锦：中国经济还有没有新的增长动能","form":null,"channelId":126,"nid":101321813,"link":"http://opinion.caixin.com/2018-09-03/101321813.html","edit":{"rank":"专栏作家 ","desc":"中国发展研究基金会是国务院发展研究中心发起成立的全国性公募基金会，成立于1997年","name":"中国发展研究基金会","link":"http://opinion.caixin.com/cdrf_mjxx/index.html","head":"http://www.caixin.com/upload/zhuanlan/100994410_48_48.jpg"},"attr":5,"freeDuration":"48","type":1,"subDesc":"中国发展研究基金会","channelDesc":"观点频道","pict":null,"audioUrl":"http://audio.caixin.com/caixin/813/101321813.mp3","time":"2018-09-03 15:07:29","freeTime":"","video":"","summ":"除了基建房地产投资这些老抓手之外，中国经济还有没有新的增长动能，应该说不仅有，而且很大。但如果不打破相关的体制政策屏障，这些动能难以浮出水面"},{"tags":[],"comm":{"tid":"101321778","aid":"100"},"cate":"100300002;100300201;101321778","desc":"一种新文明正在席卷全球——《权力的转移》序言","form":null,"channelId":126,"nid":101321778,"link":"http://opinion.caixin.com/2018-09-03/101321778.html","edit":{"rank":"","desc":"","name":"文丨阿尔文·托夫勒","link":"","head":""},"attr":5,"freeDuration":"0","type":1,"subDesc":"聚焦","channelDesc":"观点频道","pict":{"imgs":[{"url":"http://img.caixin.com/2018-09-03/1535954006587084_145_97.jpg","txt":""}],"num":1},"audioUrl":"http://audio.caixin.com/caixin/778/101321778.mp3","time":"2018-09-03 13:48:52","freeTime":"","video":"","summ":"在我们迈入不可知的未来之前，手中最好先握有一张虽不完整却有粗略轮廓的地图，然后一路摸索、一路更正，这比完全没有概念更好"},{"tags":[],"comm":{"tid":"101321754","aid":"100"},"cate":"100300002;100000091;100324037;100745928;101321754","desc":"是该减税了：中美税负和基础性成本比较","form":null,"channelId":126,"nid":101321754,"link":"http://opinion.caixin.com/2018-09-03/101321754.html","edit":{"rank":"专栏作家 ","desc":"恒大集团首席经济学家（副总裁级）兼研究院院长","name":"任泽平","link":"http://opinion.caixin.com/renzeping/index.html","head":"http://www.caixin.com/upload/zhuanlan/100745928_48_48.jpg"},"attr":5,"freeDuration":"48","type":1,"subDesc":"任泽平","channelDesc":"观点频道","pict":null,"audioUrl":"http://audio.caixin.com/caixin/754/101321754.mp3","time":"2018-09-03 11:50:42","freeTime":"","video":"","summ":"中美间的竞争实质是改革的竞争，从政策效率看，结构性改革优于单纯的减税，减税优于基建，基建优于货币放水刺激。推动供给侧改革，减税清费降社保是当前的最优选项"},{"tags":[],"comm":{"tid":"101321721","aid":"100"},"cate":"100300002;100000091;100324039;100432719;101321721","desc":"中美经济的短周期","form":null,"channelId":126,"nid":101321721,"link":"http://opinion.caixin.com/2018-09-03/101321721.html","edit":{"rank":"专栏作家 ","desc":"交银国际董事总经理兼首席策略师","name":"洪灏","link":"http://opinion.caixin.com/honghao_zssc/index.html","head":"http://www.caixin.com/upload/zhuanlan/100432719_48_48.jpg"},"attr":5,"freeDuration":"48","type":1,"subDesc":"洪灏","channelDesc":"观点频道","pict":null,"audioUrl":"http://audio.caixin.com/caixin/721/101321721.mp3","time":"2018-09-03 11:03:10","freeTime":"","video":"","summ":"每隔几年，当美国和中国的短期周期纠缠在一起时，市场和社会领域就会出现显著的波动"},{"tags":[],"comm":{"tid":"101321708","aid":"100"},"cate":"100300002;100000091;100324039;101305952;101321708","desc":"如何理解PMI与高频指标的背离","form":null,"channelId":126,"nid":101321708,"link":"http://opinion.caixin.com/2018-09-03/101321708.html","edit":{"rank":"专栏作家 ","desc":"兴业银行、华福证券首席经济学家，兴业研究公司副总裁","name":"鲁政委","link":"http://opinion.caixin.com/luzhengwei_zssc/index.html","head":"http://www.caixin.com/upload/zhuanlan/101305952_48_48.jpg"},"attr":5,"freeDuration":"48","type":1,"subDesc":"鲁政委","channelDesc":"观点频道","pict":null,"audioUrl":"http://audio.caixin.com/caixin/708/101321708.mp3","time":"2018-09-03 10:31:11","freeTime":"","video":"","summ":"PMI生产指标与行业高频指标如高炉开工率与日均耗煤量走势背离或折射我国生产结构变化"},{"tags":[],"comm":{"tid":"101321702","aid":"100"},"cate":"100300002;100300204;101321702","desc":"社论|如何管理好通胀预期","form":null,"channelId":126,"nid":101321702,"link":"http://opinion.caixin.com/2018-09-03/101321702.html","edit":{"rank":"","desc":"","name":"","link":"","head":""},"attr":5,"freeDuration":"0","type":1,"subDesc":"社评","channelDesc":"观点频道","pict":null,"audioUrl":"http://audio.caixin.com/caixin/328/101321328.mp3","time":"2018-09-03 10:12:33","freeTime":"","video":"","summ":"把好货币总闸门，改变片面重视CPI的做法，使相关信息更加公开透明，维系和提振消费者与投资者的信心"},{"tags":[],"comm":{"tid":"101321698","aid":"100"},"cate":"100300002;100000091;100324039;100917488;101321698","desc":"跨境金融服务不可“无照驾驶”","form":null,"channelId":126,"nid":101321698,"link":"http://opinion.caixin.com/2018-09-03/101321698.html","edit":{"rank":"专栏作家 ","desc":"孙天琦，西北大学数学系本科、经济管理学院博士","name":"孙天琦","link":"http://opinion.caixin.com/suntianqi_zssc/index.html","head":"http://www.caixin.com/upload/zhuanlan/100917488_48_48.jpg"},"attr":5,"freeDuration":"48","type":1,"subDesc":"孙天琦","channelDesc":"观点频道","pict":null,"audioUrl":"http://audio.caixin.com/caixin/698/101321698.mp3","time":"2018-09-03 10:10:55","freeTime":"","video":"","summ":"金融开放不等于无准入要求，不等于无监管规矩。跨境金融业务必须持牌经营，坚持准入管理，禁止擅自经营或超范围经营"},{"tags":[],"comm":{"tid":"101321592","aid":"100"},"cate":"100300002;100000091;100324037;100324353;101321592","desc":"周其仁：既然改革这么难，干脆不改了行不行","form":null,"channelId":126,"nid":101321592,"link":"http://opinion.caixin.com/2018-09-02/101321592.html","edit":{"rank":"专栏作家 ","desc":"北京大学国家发展研究院教授","name":"周其仁","link":"http://opinion.caixin.com/zhouqiren_mjxx/index.html","head":"http://www.caixin.com/upload/zhuanlan/100324353_48_48.jpg"},"attr":5,"freeDuration":"48","type":1,"subDesc":"周其仁","channelDesc":"观点频道","pict":null,"audioUrl":"http://audio.caixin.com/caixin/592/101321592.mp3","time":"2018-09-02 17:15:51","freeTime":"","video":"","summ":"改革本来就难。站在当下这个时点，改起来更难。但是拖延改革，不是出路。现实的局面，改革不但要跟腐败或溃败赛跑，还要和越来越年轻的社会主体的期望值赛跑，并有能耐把大量法外世界的活动，吸纳到体制里来。在这三个方向上，要是跑不赢，大麻烦在后面"},{"tags":[],"comm":{"tid":"101321561","aid":"100"},"cate":"100300002;100300201;101321561","desc":"召唤的声音：中国抑郁症记录与观察","form":null,"channelId":126,"nid":101321561,"link":"http://opinion.caixin.com/2018-09-02/101321561.html","edit":{"rank":"","desc":"","name":"文｜张进","link":"","head":""},"attr":5,"freeDuration":"0","type":1,"subDesc":"聚焦","channelDesc":"观点频道","pict":{"imgs":[{"url":"http://img.caixin.com/2018-09-02/1535858503874534_145_97.jpg","txt":""}],"num":1},"audioUrl":"http://audio.caixin.com/caixin/561/101321561.mp3","time":"2018-09-02 11:16:54","freeTime":"","video":"","summ":"抑郁症从来都是时代和社会的产物。通过采访，我看到了中国社会的方方面面——农村、企业、教育、医疗、乡村社会转型，等等。我希望，现在和将来，我写出的文章，记录的不仅仅是抑郁症，同时也是当代中国社会的一个缩影"},{"tags":[],"comm":{"tid":"101321527","aid":"100"},"cate":"100300002;100239120;100240407;101047458;101321527","desc":"昆山“8·27”案启示：私力救济应获司法保障","form":null,"channelId":126,"nid":101321527,"link":"http://opinion.caixin.com/2018-09-01/101321527.html","edit":{"rank":"火线记者 ","desc":"","name":"王逸吟","link":"http://opinion.caixin.com/wangyiyin/index.html","head":"http://www.caixin.com/upload/huoxian/huoxian/101047458.jpg"},"attr":5,"freeDuration":"0","type":1,"subDesc":"王逸吟","channelDesc":"观点频道","pict":{"imgs":[{"url":"http://img.caixin.com/2018-09-01/1535808410515246_145_97.jpg","txt":""}],"num":1},"audioUrl":"http://audio.caixin.com/caixin/527/101321527.mp3","time":"2018-09-01 21:12:31","freeTime":"","video":"","summ":"昆山“8·27”案对鼓励公民面对不法侵害时勇于私力救济，具有教科书意义；鼓励公民面对不法侵害时勇于私力救济，才不会凉了世道人心"},{"tags":[],"comm":{"tid":"101321100","aid":"100"},"cate":"100300002;100000091;100324037;101066352;101321100","desc":"广义通胀预期在启动初期","form":null,"channelId":126,"nid":101321100,"link":"http://opinion.caixin.com/2018-08-31/101321100.html","edit":{"rank":"专栏作家 ","desc":"兴业银行首席策略分析师。原国泰君安首席策略分析师，策略研究团队负责人。","name":"乔永远","link":"http://opinion.caixin.com/qiaoyongyuan_mjxx/index.html","head":"http://www.caixin.com/upload/zhuanlan/101066352_48_48.jpg"},"attr":5,"freeDuration":"48","type":1,"subDesc":"乔永远","channelDesc":"观点频道","pict":null,"audioUrl":"http://audio.caixin.com/caixin/100/101321100.mp3","time":"2018-08-31 16:26:16","freeTime":"","video":"","summ":"在没有政策外力的条件下，广义通胀还将进一步上行。如果政策进一步放松，则将进一步助推狭义通胀乃至广义通胀的上行"},{"tags":[],"comm":{"tid":"101321010","aid":"100"},"cate":"100300002;100300201;101321010","desc":"财政扶贫资金边际效果明显递减的警示","form":null,"channelId":126,"nid":101321010,"link":"http://opinion.caixin.com/2018-08-31/101321010.html","edit":{"rank":"","desc":"","name":"文|朱玲","link":"","head":""},"attr":5,"freeDuration":"0","type":1,"subDesc":"聚焦","channelDesc":"观点频道","pict":{"imgs":[{"url":"http://img.caixin.com/2017-04-21/1492768197280573_145_97.jpg","txt":""}],"num":1},"audioUrl":"","time":"2018-08-31 14:49:13","freeTime":"","video":"","summ":"减贫边际效果明显递减的现象足以警示，调整现行扶贫战略的时候到了"},{"tags":[],"comm":{"tid":"101321003","aid":"100"},"cate":"100300002;100000091;100324037;100861497;101321003","desc":"重温10年和20年前的政府工作报告：那些熟悉的配方还管用吗","form":null,"channelId":126,"nid":101321003,"link":"http://opinion.caixin.com/2018-08-31/101321003.html","edit":{"rank":"专栏作家 ","desc":"招商银行金融市场部高级分析师","name":"万钊","link":"http://opinion.caixin.com/wanzhao_mjxx/index.html","head":"http://www.caixin.com/upload/zhuanlan/100861497_48_48.jpg"},"attr":5,"freeDuration":"48","type":1,"subDesc":"万钊","channelDesc":"观点频道","pict":null,"audioUrl":"http://audio.caixin.com/caixin/003/101321003.mp3","time":"2018-08-31 14:15:30","freeTime":"","video":"","summ":"经济转型和产业升级是一个“文火慢慢煲”的过程，“短平快”的方法行不通"},{"tags":[],"comm":{"tid":"101321001","aid":"100"},"cate":"100300002;100000091;100324037;101118423;101321001","desc":"改革开放四十年，呼唤全面供给侧改革","form":null,"channelId":126,"nid":101321001,"link":"http://opinion.caixin.com/2018-08-31/101321001.html","edit":{"rank":"专栏作家 ","desc":"CF40·青年论坛会员、太平洋寿险资产管理中心研究与配置部综合策略分析高级经理","name":"秦勇","link":"http://opinion.caixin.com/qinyong_mjxx/index.html","head":"http://www.caixin.com/upload/zhuanlan/101118423_48_48.jpg"},"attr":5,"freeDuration":"48","type":1,"subDesc":"秦勇","channelDesc":"观点频道","pict":null,"audioUrl":"http://audio.caixin.com/caixin/001/101321001.mp3","time":"2018-08-31 13:58:40","freeTime":"","video":"","summ":"所谓供给侧改革就是对生产要素的改革，在真实经济中对产出有影响的所有要素：个人、企业和制度，这三者的改革应当互相配套，缺一不可"},{"tags":[],"comm":{"tid":"101320989","aid":"100"},"cate":"100300002;100300201;101320989","desc":"新华社：“舆论监督敏感症”要不得！","form":null,"channelId":126,"nid":101320989,"link":"http://opinion.caixin.com/2018-08-31/101320989.html","edit":{"rank":"","desc":"","name":"","link":"","head":""},"attr":5,"freeDuration":"12","type":1,"subDesc":"聚焦","channelDesc":"观点频道","pict":{"imgs":[{"url":"http://img.caixin.com/2018-08-31/1535694306226193_145_97.jpg","txt":""}],"num":1},"audioUrl":"http://audio.caixin.com/caixin/989/101320989.mp3","time":"2018-08-31 13:42:12","freeTime":"","video":"","summ":"一些媒体尤其是本地媒体的记者自废武功，丧失了媒体记者应有的舆论监督能力。一些宣传干部认为，媒体记者就应宣扬所联系条口的政绩，稍微带有批评监督报道就被认为不给面子、抹黑"},{"tags":[],"comm":{"tid":"101320961","aid":"100"},"cate":"100300002;100300201;101320961","desc":"租金上涨的根源和打错的板子","form":null,"channelId":126,"nid":101320961,"link":"http://opinion.caixin.com/2018-08-31/101320961.html","edit":{"rank":"","desc":"","name":"文︱蔡真","link":"","head":""},"attr":5,"freeDuration":"3","type":1,"subDesc":"聚焦","channelDesc":"观点频道","pict":{"imgs":[{"url":"http://img.caixin.com/2018-08-31/1535690117179133_145_97.jpg","txt":""}],"num":1},"audioUrl":"http://audio.caixin.com/caixin/961/101320961.mp3","time":"2018-08-31 12:16:42","freeTime":"","video":"","summ":"北京租赁市场租金跳涨的根源是市场垄断所致，不应将板子打在长租公寓这一发展模式以及相关的金融手段上。租售并举是房地产市场长效机制的重要内容，长租公寓依然是应该坚持发展的方向；对于市场垄断导致的问题，应采取相关的管制措施"},{"tags":[],"comm":{"tid":"101320951","aid":"100"},"cate":"100300002;100000091;100000152;101320951","desc":"积极财政政策会有多大空间","form":null,"channelId":126,"nid":101320951,"link":"http://opinion.caixin.com/2018-08-31/101320951.html","edit":{"rank":"专栏作家 ","desc":"瑞银亚洲经济研究主管、首席中国经济学家、董事总经理","name":"汪涛","link":"http://opinion.caixin.com/wangtao/index.html","head":"http://www.caixin.com/upload/zhuanlan/100000152_48_48.jpg"},"attr":5,"freeDuration":"48","type":1,"subDesc":"汪涛","channelDesc":"观点频道","pict":null,"audioUrl":"http://audio.caixin.com/caixin/951/101320951.mp3","time":"2018-08-31 12:04:57","freeTime":"","video":"","summ":"预计今年下半年广义财政政策将比上半年更为积极，但对地方政府隐性债务的控制并没有明显放松，这可能限制积极财政政策的扩张空间"},{"tags":[],"comm":{"tid":"101320744","aid":"100"},"cate":"100300002;100300201;101320744","desc":"电子商务法平台责任模糊处理能否平息争议","form":null,"channelId":126,"nid":101320744,"link":"http://opinion.caixin.com/2018-08-30/101320744.html","edit":{"rank":"","desc":"","name":"记者 周东旭","link":"","head":""},"attr":5,"freeDuration":"0","type":1,"subDesc":"聚焦","channelDesc":"观点频道","pict":{"imgs":[{"url":"http://img.caixin.com/2018-08-30/1535639516671167_145_97.jpg","txt":""}],"num":1},"audioUrl":"http://audio.caixin.com/caixin/744/101320744.mp3","time":"2018-08-30 22:23:38","freeTime":"","video":"","summ":"如果不通过电子商务法界定清晰平台责任，事后肯定会带来很多问题。现在用“相应的责任”模糊处理，本质就是放弃了通过电子商务法界定平台责任"},{"tags":[],"comm":{"tid":"101320515","aid":"100"},"cate":"100300002;100000091;100324037;101324348;101320515","desc":"从30万套租房数据看：长租公寓在房租上涨中的角色","form":null,"channelId":126,"nid":101320515,"link":"http://opinion.caixin.com/2018-08-30/101320515.html","edit":{"rank":"专栏作家 ","desc":"财新数联首席经济学家，毕业于复旦大学，曾任教于复旦大学经济学院","name":"陈沁","link":"http://opinion.caixin.com/chenqin_mjxx/index.html","head":"http://www.caixin.com/upload/zhuanlan/101324348_48_48.jpg"},"attr":5,"freeDuration":"3","type":1,"subDesc":"陈沁","channelDesc":"观点频道","pict":{"imgs":[{"url":"http://img.caixin.com/2018-08-30/1535618152198392_145_97.jpg","txt":""}],"num":1},"audioUrl":"http://audio.caixin.com/caixin/515/101320515.mp3","time":"2018-08-30 16:26:56","freeTime":"","video":"","summ":"北京的房租上升可理解为一次居住服务的“资本化”，将原本被压制的对服务的需求快速变现，也是一次有支付能力的住房者对于无支付能力的住房者的大规模挤出"},{"tags":[],"comm":{"tid":"101320490","aid":"100"},"cate":"100300002;100000091;100324039;101320461;101320490","desc":"世上没有一模一样的熊市","form":null,"channelId":126,"nid":101320490,"link":"http://opinion.caixin.com/2018-08-30/101320490.html","edit":{"rank":"专栏作家 ","desc":"Vanguard集团中国区总裁、先锋领航投资管理（上海）有限公司董事长.","name":"林晓东","link":"http://opinion.caixin.com/linxiaodong_zssc/index.html","head":"http://www.caixin.com/upload/zhuanlan/101320461_48_48.jpg"},"attr":5,"freeDuration":"48","type":1,"subDesc":"林晓东","channelDesc":"观点频道","pict":null,"audioUrl":"http://audio.caixin.com/caixin/490/101320490.mp3","time":"2018-08-30 15:32:42","freeTime":"","video":"","summ":"在前一个熊市中取得成功的基金并无法保证其在下一个熊市中延续优异的表现"},{"tags":[],"comm":{"tid":"101320471","aid":"100"},"cate":"100300002;100000091;100324037;101212449;101320471","desc":"区块链会带来改变世界的革命吗","form":null,"channelId":126,"nid":101320471,"link":"http://opinion.caixin.com/2018-08-30/101320471.html","edit":{"rank":"专栏作家 ","desc":"国家特聘教授、北京航空航天大学国家“千人计划”特聘教授、清华大学长江讲座教授、美国亚利桑那州立大学终身荣誉教授、英国伦敦大学学院 (UCL) 区块链研究中心科学顾问。","name":"蔡维德","link":"http://opinion.caixin.com/caiweide_mjxx/index.html","head":"http://www.caixin.com/upload/zhuanlan/101212449_48_48.jpg"},"attr":5,"freeDuration":"48","type":1,"subDesc":"蔡维德","channelDesc":"观点频道","pict":null,"audioUrl":"http://audio.caixin.com/caixin/471/101320471.mp3","time":"2018-08-30 15:02:23","freeTime":"","video":"","summ":"区块链带来的变化不仅局限在金融行业，还可改变法律、影响社会，可以说人类社会和生活的方方面面都会受到影响"},{"tags":[],"comm":{"tid":"101320441","aid":"100"},"cate":"100300002;100300201;101320441","desc":"产权保护制度的基石：民法典物权编草案评析","form":null,"channelId":126,"nid":101320441,"link":"http://opinion.caixin.com/2018-08-30/101320441.html","edit":{"rank":"","desc":"","name":"文︱石佳友","link":"","head":""},"attr":5,"freeDuration":"48","type":1,"subDesc":"聚焦","channelDesc":"观点频道","pict":{"imgs":[{"url":"http://img.caixin.com/2018-08-30/1535607389996254_145_97.jpg","txt":""}],"num":1},"audioUrl":"","time":"2018-08-30 13:30:07","freeTime":"","video":"","summ":"从法典的体系性、科学性及前瞻性的角度来看，物权编草案存在一些不足之处，以及部分仍有商榷余地的条文"},{"tags":[],"comm":{"tid":"101320403","aid":"100"},"cate":"100300002;100300201;101320403","desc":"正当防卫的认定不应偏离常情","form":null,"channelId":126,"nid":101320403,"link":"http://opinion.caixin.com/2018-08-30/101320403.html","edit":{"rank":"","desc":"","name":"文︱吴鹏彬","link":"","head":""},"attr":5,"freeDuration":"0","type":1,"subDesc":"聚焦","channelDesc":"观点频道","pict":{"imgs":[{"url":"http://img.caixin.com/2018-08-30/1535599168688962_145_97.jpg","txt":""}],"num":1},"audioUrl":"http://audio.caixin.com/caixin/403/101320403.mp3","time":"2018-08-30 11:14:27","freeTime":"","video":"","summ":"白衣男子属于正当防卫，没有超出必要限度。当然，讨论的前提是根据已经披露的视频，每个细节都会改变判决"},{"tags":[],"comm":{"tid":"101320380","aid":"100"},"cate":"100300002;100000091;100324037;101086517;101320380","desc":"中非论坛18年：中非经济合作走过了怎样的路","form":null,"channelId":126,"nid":101320380,"link":"http://opinion.caixin.com/2018-08-30/101320380.html","edit":{"rank":"专栏作家 ","desc":"标准银行集团经济学家","name":"倪杰瑞","link":"http://opinion.caixin.com/nijierui_mjxx/index.html","head":"http://www.caixin.com/upload/zhuanlan/101086517_48_48.jpg"},"attr":5,"freeDuration":"48","type":1,"subDesc":"倪杰瑞","channelDesc":"观点频道","pict":null,"audioUrl":"http://audio.caixin.com/caixin/380/101320380.mp3","time":"2018-08-30 10:29:12","freeTime":"","video":"","summ":"18年后的今天，中国已一跃成为非洲最大的贸易伙伴，双边贸易和投资关系迅速发展"},{"tags":[],"comm":{"tid":"101320362","aid":"100"},"cate":"100300002;100300201;101320362","desc":"当前国内外经济金融形势、风险研判与政策建议","form":null,"channelId":126,"nid":101320362,"link":"http://opinion.caixin.com/2018-08-30/101320362.html","edit":{"rank":"","desc":"","name":"","link":"","head":""},"attr":5,"freeDuration":"0","type":1,"subDesc":"聚焦","channelDesc":"观点频道","pict":{"imgs":[{"url":"http://img.caixin.com/2018-08-16/1534385991354352_145_97.jpg","txt":""}],"num":1},"audioUrl":"http://audio.caixin.com/caixin/299/101320299.mp3","time":"2018-08-30 08:15:48","freeTime":"","video":"","summ":"在近期外部受美国贸易摩擦不断升级影响，国内由于严监管、去杠杆进入深水区，金融市场出现较多风险，课题组组织了监管与业内专家共同讨论，对国内外经济指标与金融市场情况进行梳理，分析存在的主要金融风险与其演化与传导路径，提出货币、金融、财政多个领域的建议与政策"},{"tags":[],"comm":{"tid":"101320245","aid":"100"},"cate":"100300002;100000091;100324037;100991989;101320245","desc":"个税法修正要起到实质性减税作用","form":null,"channelId":126,"nid":101320245,"link":"http://opinion.caixin.com/2018-08-29/101320245.html","edit":{"rank":"专栏作家 ","desc":"经济学博士，国民经济研究所副所长、研究员，中国经济体制改革研究会常务理事","name":"王小鲁","link":"http://opinion.caixin.com/wangxiaolu_mjxx/index.html","head":"http://www.caixin.com/upload/zhuanlan/100991989_48_48.jpg"},"attr":5,"freeDuration":"48","type":1,"subDesc":"王小鲁","channelDesc":"观点频道","pict":null,"audioUrl":"http://audio.caixin.com/caixin/245/101320245.mp3","time":"2018-08-29 22:40:51","freeTime":"","video":"","summ":"建议对现行个人所得税进行分步改革，以实现公平纳税：对各类劳动所得和非劳动所得分步实现同等税负按家庭综合计征；把过高的税率降下来，过低或不纳税的提上来，不再厚此薄彼，区别对待"},{"tags":[],"comm":{"tid":"101320083","aid":"100"},"cate":"100300002;100000091;100324040;101128012;101320083","desc":"昆山宝马男持刀案：正当防卫还是防卫过当","form":null,"channelId":126,"nid":101320083,"link":"http://opinion.caixin.com/2018-08-29/101320083.html","edit":{"rank":"专栏作家 ","desc":"邓学平律师，京衡律师上海事务所副主任、高级合伙人。","name":"邓学平","link":"http://opinion.caixin.com/dengxueping_shwx/index.html","head":"http://www.caixin.com/upload/zhuanlan/101128012_48_48.jpg"},"attr":5,"freeDuration":"48","type":1,"subDesc":"邓学平","channelDesc":"观点频道","pict":null,"audioUrl":"http://audio.caixin.com/caixin/083/101320083.mp3","time":"2018-08-29 16:36:50","freeTime":"","video":"","summ":"目前支持正当防卫的理由更加充分，但防卫过当在纯法律技术上并非完全不可以讨论"},{"tags":[],"comm":{"tid":"101319969","aid":"100"},"cate":"100300002;100000091;100324039;100536259;101319969","desc":"新兴市场动荡，中国政策转向","form":null,"channelId":126,"nid":101319969,"link":"http://opinion.caixin.com/2018-08-29/101319969.html","edit":{"rank":"专栏作家 ","desc":"瑞银财富管理投资总监办公室（CIO）亚太区投资总监及首席中国经济学家","name":"胡一帆","link":"http://opinion.caixin.com/huyifan_zssc/index.html","head":"http://www.caixin.com/upload/zhuanlan/100536259_48_48.jpg"},"attr":5,"freeDuration":"48","type":1,"subDesc":"胡一帆","channelDesc":"观点频道","pict":null,"audioUrl":"http://audio.caixin.com/caixin/969/101319969.mp3","time":"2018-08-29 10:40:35","freeTime":"","video":"","summ":"鉴于去杠杆持续推进与贸易紧张局势升级带来挑战，预计下半年中国经济将进一步放缓。不过，在政府政策的大力支持下，预期2018年中国GDP 增速仍将达到6.5%，略低于2017 年的6.9%"},{"tags":[],"comm":{"tid":"101319950","aid":"100"},"cate":"100300002;100000091;100324037;100879018;101319950","desc":"重启逆周期因子对人民币汇率走势有何影响","form":null,"channelId":126,"nid":101319950,"link":"http://opinion.caixin.com/2018-08-29/101319950.html","edit":{"rank":"专栏作家 ","desc":"太平洋证券首席宏观研究员，中国社科院世经政所副研究员","name":"肖立晟","link":"http://opinion.caixin.com/xiaolisheng_mjxx/index.html","head":"http://www.caixin.com/upload/zhuanlan/100879018_48_48.jpg"},"attr":5,"freeDuration":"48","type":1,"subDesc":"肖立晟","channelDesc":"观点频道","pict":null,"audioUrl":"http://audio.caixin.com/caixin/950/101319950.mp3","time":"2018-08-29 10:22:05","freeTime":"","video":"","summ":"由于逆周期因子对冲了一部分收盘价的影响，人民币汇率的波幅将再度收窄，不会再出现今年6-8月大幅贬值的情况。人民币汇率将会围绕美元指数上下波动"},{"tags":[],"comm":{"tid":"101319911","aid":"100"},"cate":"100300002;100000091;100324037;101009429;101319911","desc":"中国经济需要对症下药","form":null,"channelId":126,"nid":101319911,"link":"http://opinion.caixin.com/2018-08-29/101319911.html","edit":{"rank":"专栏作家 ","desc":"长江商学院金融学教授、杰出院长讲席教授和MBA项目副院长","name":"李海涛","link":"http://opinion.caixin.com/lihaitao_mjxx/index.html","head":"http://www.caixin.com/upload/zhuanlan/101009429_48_48.jpg"},"attr":5,"freeDuration":"48","type":1,"subDesc":"李海涛","channelDesc":"观点频道","pict":null,"audioUrl":"http://audio.caixin.com/caixin/911/101319911.mp3","time":"2018-08-29 08:41:09","freeTime":"","video":"","summ":"财税体制改革是解决当前中国经济困境的一剂良药，货币政策或基建刺激则不是。财税体制的不同改革举措能够解决当前中国面临的三大结构性分配矛盾"},{"tags":[],"comm":{"tid":"101319903","aid":"100"},"cate":"100300002;100000091;100324037;100836694;101319903","desc":"正视大潮退去后的P2P网贷","form":null,"channelId":126,"nid":101319903,"link":"http://opinion.caixin.com/2018-08-29/101319903.html","edit":{"rank":"专栏作家 ","desc":"","name":"尹振涛","link":"http://opinion.caixin.com/yinzhentao_mjxx/index.html","head":"http://www.caixin.com/upload/zhuanlan/100836694_48_48.jpg"},"attr":5,"freeDuration":"48","type":1,"subDesc":"尹振涛","channelDesc":"观点频道","pict":null,"audioUrl":"http://audio.caixin.com/caixin/903/101319903.mp3","time":"2018-08-29 08:28:06","freeTime":"","video":"","summ":"只有通过分类发展、分类监管的方式，才能避免“一刀切式”的监管，才能有效引导互联网金融机构支持小微企业，丰富和健全多层次金融市场，避免同质化竞争，实现服务于实体经济的普惠金融发展目标"},{"tags":[],"comm":{"tid":"101319722","aid":"100"},"cate":"100300002;100000091;100324037;101319678;101319722","desc":"互金监管瓶颈何在","form":null,"channelId":126,"nid":101319722,"link":"http://opinion.caixin.com/2018-08-28/101319722.html","edit":{"rank":"专栏作家 ","desc":"中国农业银行网络金融部高级经理，北京市网络法学研究会理事，北京市金融消保工作顾问暨争议解决专家","name":"车宁","link":"http://opinion.caixin.com/chening_mjxx/index.html","head":"http://www.caixin.com/upload/zhuanlan/101319678_48_48.jpg"},"attr":5,"freeDuration":"48","type":1,"subDesc":"车宁","channelDesc":"观点频道","pict":null,"audioUrl":"http://audio.caixin.com/caixin/722/101319722.mp3","time":"2018-08-28 15:49:01","freeTime":"","video":"","summ":"互联网金融业态本身就是金融增量领域的变革，我们需要关注的是与之相应的增量监管手段的创新"},{"tags":[],"comm":{"tid":"101319658","aid":"100"},"cate":"100300002;100000091;100324037;101309693;101319658","desc":"地方政府债务扩张：如何遏制？谁来埋单？","form":null,"channelId":126,"nid":101319658,"link":"http://opinion.caixin.com/2018-08-28/101319658.html","edit":{"rank":"专栏作家 ","desc":"北京大学国家发展研究院院长、长江学者和博雅特聘教授","name":"姚洋","link":"http://opinion.caixin.com/yaoyang_mjxx/index.html","head":"http://www.caixin.com/upload/zhuanlan/101309693_48_48.jpg"},"attr":5,"freeDuration":"48","type":1,"subDesc":"姚洋","channelDesc":"观点频道","pict":null,"audioUrl":"http://audio.caixin.com/caixin/658/101319658.mp3","time":"2018-08-28 14:46:11","freeTime":"","video":"","summ":"地方政府的商业债务之所以是一个问题，主要是因为没有哪个地方政府在借债的时候会考虑怎么还债"},{"tags":[],"comm":{"tid":"101319630","aid":"100"},"cate":"100300002;100000091;100324037;101001732;101319630","desc":"肉蛋菜价格齐飞：又见通胀？","form":null,"channelId":126,"nid":101319630,"link":"http://opinion.caixin.com/2018-08-28/101319630.html","edit":{"rank":"专栏作家 ","desc":"蓝石资产管理有限公司研究总监","name":"赵博文","link":"http://opinion.caixin.com/zhaobowen_mjxx/index.html","head":"http://www.caixin.com/upload/zhuanlan/101001732_48_48.jpg"},"attr":5,"freeDuration":"48","type":1,"subDesc":"赵博文","channelDesc":"观点频道","pict":null,"audioUrl":"http://audio.caixin.com/caixin/630/101319630.mp3","time":"2018-08-28 14:02:51","freeTime":"","video":"","summ":"仅凭猪肉、蔬菜等部分商品价格上涨（虽然其权重占比相对其他商品较高，但合计也不足6%），最多只能说是“结构性上涨”，很难推升整体物价水平"},{"tags":[],"comm":{"tid":"101319573","aid":"100"},"cate":"100300002;100300201;101319573","desc":"海淀法官再析滴滴平台涉刑案件","form":null,"channelId":126,"nid":101319573,"link":"http://opinion.caixin.com/2018-08-28/101319573.html","edit":{"rank":"","desc":"","name":"文|姜楠","link":"","head":""},"attr":5,"freeDuration":"0","type":1,"subDesc":"聚焦","channelDesc":"观点频道","pict":{"imgs":[{"url":"http://img.caixin.com/2018-08-28/1535428982393927_145_97.jpg","txt":""}],"num":1},"audioUrl":"http://audio.caixin.com/caixin/573/101319573.mp3","time":"2018-08-28 11:59:44","freeTime":"","video":"","summ":"一个好的产品经理，固然需要了解人性；但一个好的产品设计，不应该试探人性。真正会出问题的，永远不是技术，而是技术背后的价值选择"},{"tags":[],"comm":{"tid":"101319536","aid":"100"},"cate":"100300002;100000091;100324037;101259227;101319536","desc":"为什么大学教授更愿意生孩子","form":null,"channelId":126,"nid":101319536,"link":"http://opinion.caixin.com/2018-08-28/101319536.html","edit":{"rank":"专栏作家 ","desc":"斯坦福大学经济政策研究所J Liang冠名中国项目主任、资深研究员，清华经管学院杰出访问教授。","name":"李宏彬","link":"http://opinion.caixin.com/lihongbin_mjxx/index.html","head":"http://www.caixin.com/upload/zhuanlan/101259227_48_48.jpg"},"attr":5,"freeDuration":"48","type":1,"subDesc":"李宏彬","channelDesc":"观点频道","pict":null,"audioUrl":"http://audio.caixin.com/caixin/536/101319536.mp3","time":"2018-08-28 11:15:48","freeTime":"","video":"","summ":"美国、香港和北京三地的大学老师都有很强的生育意愿，其原因虽然表面上看起来不同，但本质是相同的——降低生养孩子的成本。如果能让更多人享受到同样的幸运，也许是一件最大的幸事"},{"tags":[],"comm":{"tid":"101319522","aid":"100"},"cate":"100300002;100000091;100324037;100712687;101319522","desc":"深汕特别合作区：特大城市行政区划需要调整的典型例证","form":null,"channelId":126,"nid":101319522,"link":"http://opinion.caixin.com/2018-08-28/101319522.html","edit":{"rank":"专栏作家 ","desc":"北京交通大学经济管理学院教授","name":"赵坚","link":"http://opinion.caixin.com/zhaojian_mjxx/index.html","head":"http://www.caixin.com/upload/zhuanlan/100712687_48_48.jpg"},"attr":5,"freeDuration":"48","type":1,"subDesc":"赵坚","channelDesc":"观点频道","pict":null,"audioUrl":"http://audio.caixin.com/caixin/522/101319522.mp3","time":"2018-08-28 10:53:08","freeTime":"","video":"","summ":"深汕特别合作区与深圳的距离超出了一般的通勤距离，把东莞、惠州并入深圳，扩大深圳的行政区划面积是最好的选择，但广东省很难做出这样的决定"},{"tags":[],"comm":{"tid":"101319518","aid":"100"},"cate":"100300002;100239120;100240407;100724495;101319518","desc":"从创新到犯罪温床  顺风车因何异变","form":null,"channelId":126,"nid":101319518,"link":"http://opinion.caixin.com/2018-08-28/101319518.html","edit":{"rank":"火线记者 ","desc":"","name":"周东旭","link":"http://opinion.caixin.com/zhoudongxu/index.html","head":"http://www.caixin.com/upload/huoxian/huoxian/100724495.jpg"},"attr":5,"freeDuration":"0","type":1,"subDesc":"周东旭","channelDesc":"观点频道","pict":{"imgs":[{"url":"http://img.caixin.com/2018-08-28/1535424505939614_145_97.jpg","txt":""}],"num":1},"audioUrl":"http://audio.caixin.com/caixin/518/101319518.mp3","time":"2018-08-28 10:43:43","freeTime":"","video":"","summ":"顶层设计被突破，地方规范粗放，监管乏力孱弱，最后的结果恐怕就只有“裸奔”，顺风车离原点也越来越远，于是就有了把顺风车打造成sexy场景的言论，以及后面的一系列命案"},{"tags":[],"comm":{"tid":"101319504","aid":"100"},"cate":"100300002;100000091;100324037;100467689;101319504","desc":"梁建章：为什么我对中国经济还是谨慎乐观","form":null,"channelId":126,"nid":101319504,"link":"http://opinion.caixin.com/2018-08-28/101319504.html","edit":{"rank":"专栏作家 ","desc":"携程集团执行董事长，北京大学光华管理学院教授","name":"梁建章","link":"http://opinion.caixin.com/liangjianzhang_mjxx/index.html","head":"http://www.caixin.com/upload/zhuanlan/100467689_48_48.jpg"},"attr":5,"freeDuration":"48","type":1,"subDesc":"梁建章","channelDesc":"观点频道","pict":null,"audioUrl":"http://audio.caixin.com/caixin/504/101319504.mp3","time":"2018-08-28 10:26:15","freeTime":"","video":"","summ":"之所以是“谨慎”乐观，因为前提之一是需要在城市化和鼓励生育这些方面推出积极的政策改革"},{"tags":[],"comm":{"tid":"101319397","aid":"100"},"cate":"100300002;100000091;100324039;100742170;101319397","desc":"两问地方债风险权重调整","form":null,"channelId":126,"nid":101319397,"link":"http://opinion.caixin.com/2018-08-28/101319397.html","edit":{"rank":"专栏作家 ","desc":"财新智库莫尼塔研究董事长兼首席经济学家","name":"钟正生","link":"http://opinion.caixin.com/zhongzhengsheng/index.html","head":"http://www.caixin.com/upload/zhuanlan/100742170_48_48.jpg"},"attr":5,"freeDuration":"48","type":1,"subDesc":"钟正生","channelDesc":"观点频道","pict":null,"audioUrl":"http://audio.caixin.com/caixin/397/101319397.mp3","time":"2018-08-28 07:03:55","freeTime":"","video":"","summ":"地方债直接完全调整为零风险权重的概率不大，未来可能出现的情形有三种"},{"tags":[],"comm":{"tid":"101319379","aid":"100"},"cate":"100300002;100239120;100239136;101319378;101319379","desc":"顺风车能不能要？程维柳青缺的不仅仅是道歉","form":null,"channelId":126,"nid":101319379,"link":"http://opinion.caixin.com/2018-08-27/101319379.html","edit":{"rank":"火线记者 ","desc":"","name":"钱童","link":"http://opinion.caixin.com/qiantong/index.html","head":"http://www.caixin.com/upload/huoxian/huoxian/101319378.jpg"},"attr":5,"freeDuration":"0","type":1,"subDesc":"钱童","channelDesc":"观点频道","pict":null,"audioUrl":"http://audio.caixin.com/caixin/379/101319379.mp3","time":"2018-08-27 22:11:26","freeTime":"","video":"","summ":"资本逐利不是问题，问题在于唯GMV或交易量的方法论和风控责任淡漠的平台价值观。顺风车杀人案透露了滴滴一连串管理失控"},{"tags":[],"comm":{"tid":"101319246","aid":"100"},"cate":"100300002;100000091;100000152;101319246","desc":"去杠杆是否已经结束？","form":null,"channelId":126,"nid":101319246,"link":"http://opinion.caixin.com/2018-08-27/101319246.html","edit":{"rank":"专栏作家 ","desc":"瑞银亚洲经济研究主管、首席中国经济学家、董事总经理","name":"汪涛","link":"http://opinion.caixin.com/wangtao/index.html","head":"http://www.caixin.com/upload/zhuanlan/100000152_48_48.jpg"},"attr":5,"freeDuration":"48","type":1,"subDesc":"汪涛","channelDesc":"观点频道","pict":null,"audioUrl":"http://audio.caixin.com/caixin/246/101319246.mp3","time":"2018-08-27 16:25:02","freeTime":"","video":"","summ":"未来一年去杠杆相关政策将有所放松，但不代表长期政策基调被放弃或者完全转向。去杠杆政策最重要和最直接的目标是降低风险，而非控制债务/GDP比例到某个具体水平。因此，去杠杆的步伐和力度可以、而且也将会继续根据经济的实际状况做出调整"},{"tags":[],"comm":{"tid":"101319230","aid":"100"},"cate":"100300002;100300201;101319230","desc":"鼓励生育，既非强制多生也非惩罚少生","form":null,"channelId":126,"nid":101319230,"link":"http://opinion.caixin.com/2018-08-27/101319230.html","edit":{"rank":"","desc":"","name":"文|穆光宗","link":"","head":""},"attr":5,"freeDuration":"0","type":1,"subDesc":"聚焦","channelDesc":"观点频道","pict":{"imgs":[{"url":"http://img.caixin.com/2017-04-13/1492055147309286_145_97.jpg","txt":""}],"num":1},"audioUrl":"http://audio.caixin.com/caixin/230/101319230.mp3","time":"2018-08-27 16:16:55","freeTime":"","video":"","summ":"根据国际经验，鼓励生育应该走“生育福利化”的道路，让多生多育成为“家庭福利”而不是“家庭负担”，低生育率才能回升"},{"tags":[],"comm":{"tid":"101319194","aid":"100"},"cate":"100300002;100000091;100324037;100659646;101319194","desc":"盛松成：不应全盘否定P2P行业","form":null,"channelId":126,"nid":101319194,"link":"http://opinion.caixin.com/2018-08-27/101319194.html","edit":{"rank":"专栏作家 ","desc":"中国人民银行参事、调查统计司原司长","name":"盛松成","link":"http://opinion.caixin.com/shengsongcheng_mjxx/index.html","head":"http://www.caixin.com/upload/zhuanlan/100659646_48_48.jpg"},"attr":5,"freeDuration":"48","type":1,"subDesc":"盛松成","channelDesc":"观点频道","pict":null,"audioUrl":"http://audio.caixin.com/caixin/194/101319194.mp3","time":"2018-08-27 14:57:12","freeTime":"","video":"","summ":"面对P2P行业的信任危机，应严格区分问题平台是属于具有真实但存在不规范业务的违规平台，还是没有真实业务或从事非法集资的违法平台。不应以偏概全、全盘否定P2P行业，而应有效发挥其信息中介职能的比较优势，处理好防风险与支持小微企业融资的关系、处理好传统金融与新兴业态的关系，使P2P与传统金融互为补充，继续发挥P2P在构建我国多元化金融体系中的积极作用"},{"tags":[],"comm":{"tid":"101319181","aid":"100"},"cate":"100300002;100239120;100240407;100724495;101319181","desc":"顺风车悲剧，追责不能止于“内部整改”","form":null,"channelId":126,"nid":101319181,"link":"http://opinion.caixin.com/2018-08-27/101319181.html","edit":{"rank":"火线记者 ","desc":"","name":"周东旭","link":"http://opinion.caixin.com/zhoudongxu/index.html","head":"http://www.caixin.com/upload/huoxian/huoxian/100724495.jpg"},"attr":5,"freeDuration":"6","type":1,"subDesc":"周东旭","channelDesc":"观点频道","pict":{"imgs":[{"url":"http://img.caixin.com/2018-08-27/1535351550451513_145_97.jpg","txt":""}],"num":1},"audioUrl":"http://audio.caixin.com/caixin/181/101319181.mp3","time":"2018-08-27 14:26:01","freeTime":"","video":"","summ":"近年来，滴滴的很多做法备受争议，除了强化社交，还包括是否涉嫌垄断、不正当竞争、是否利用自身规则侵害司机和乘客权益等。遗憾的是，本该有所作为的监管部门似乎存在感极弱，对于疏于监管者，应该严厉追责问责"},{"tags":[],"comm":{"tid":"101319175","aid":"100"},"cate":"100300002;100000091;100324037;100986273;101319175","desc":"美国和伊朗全面互怼，国际油价走向何方？","form":null,"channelId":126,"nid":101319175,"link":"http://opinion.caixin.com/2018-08-27/101319175.html","edit":{"rank":"专栏作家 ","desc":"教授级高级经济师，目前供职于中国石油天然气集团公司国际部，任综合处处长","name":"陆如泉","link":"http://opinion.caixin.com/luruquan_mjxx/index.html","head":"http://www.caixin.com/upload/zhuanlan/100986273_48_48.jpg"},"attr":5,"freeDuration":"48","type":1,"subDesc":"陆如泉","channelDesc":"观点频道","pict":null,"audioUrl":"http://audio.caixin.com/caixin/175/101319175.mp3","time":"2018-08-27 13:58:52","freeTime":"","video":"","summ":"预计本次伊朗原油出口受影响程度可能大于上次制裁期间，不排除出口量骤减200万桶/日（一亿吨/年）甚至更多"},{"tags":[],"comm":{"tid":"101319112","aid":"100"},"cate":"100300002;100000091;100324040;100816476;101319112","desc":"滴滴，还记得当年被重罚600万美元的福特吗","form":null,"channelId":126,"nid":101319112,"link":"http://opinion.caixin.com/2018-08-27/101319112.html","edit":{"rank":"专栏作家 ","desc":"东南大学法学院教师，中国法学会外国司法制度专家库成员","name":"王禄生","link":"http://opinion.caixin.com/wanglusheng_shwx/index.html","head":"http://www.caixin.com/upload/zhuanlan/100816476_48_48.jpg"},"attr":5,"freeDuration":"48","type":1,"subDesc":"王禄生","channelDesc":"观点频道","pict":null,"audioUrl":"http://audio.caixin.com/caixin/112/101319112.mp3","time":"2018-08-27 11:02:24","freeTime":"","video":"","summ":"福特给世人的教训就在于，如果企业一味追求利润最大化而怠于履行社会责任，那么企业越大，给社会带来的潜在风险可能就越大"},{"tags":[],"comm":{"tid":"101319098","aid":"100"},"cate":"100300002;100000091;100324037;101312738;101319098","desc":"银行业不良率爬升，农商行尤须关注","form":null,"channelId":126,"nid":101319098,"link":"http://opinion.caixin.com/2018-08-27/101319098.html","edit":{"rank":"专栏作家 ","desc":"经济学博士，高级经济师，先后任职于央行、银监会、商业银行、民企等","name":"唐岫立","link":"http://opinion.caixin.com/tangxiuli_mjxx/index.html","head":"http://www.caixin.com/upload/zhuanlan/101312738_48_48.jpg"},"attr":5,"freeDuration":"48","type":1,"subDesc":"唐岫立","channelDesc":"观点频道","pict":null,"audioUrl":"http://audio.caixin.com/caixin/098/101319098.mp3","time":"2018-08-27 10:48:17","freeTime":"","video":"","summ":"此次风险暴露的农商行地区性比较明显，集中在环渤海、东北和中西部地区。农业主产区农商行不良贷款暴增究竟是什么原因？"},{"tags":[],"comm":{"tid":"101319046","aid":"100"},"cate":"100300002;100300204;101319046","desc":"社论|促进政策的最好裁判是中小企业","form":null,"channelId":126,"nid":101319046,"link":"http://opinion.caixin.com/2018-08-27/101319046.html","edit":{"rank":"","desc":"","name":"","link":"","head":""},"attr":5,"freeDuration":"0","type":1,"subDesc":"社评","channelDesc":"观点频道","pict":null,"audioUrl":"http://audio.caixin.com/caixin/046/101319046.mp3","time":"2018-08-27 09:52:43","freeTime":"","video":"","summ":"融资和税费负担是中小企业的切肤之痛，而根源在于所有制歧视和形形色色的体制性壁垒"},{"tags":[],"comm":{"tid":"101319024","aid":"100"},"cate":"100300002;100000091;100324037;101064085;101319024","desc":"被缚的货币政策独立性","form":null,"channelId":126,"nid":101319024,"link":"http://opinion.caixin.com/2018-08-27/101319024.html","edit":{"rank":"专栏作家 ","desc":"工银国际研究部主管，首席经济学家","name":"程实","link":"http://opinion.caixin.com/chengshi_mjxx/index.html","head":"http://www.caixin.com/upload/zhuanlan/101064085_48_48.jpg"},"attr":5,"freeDuration":"48","type":1,"subDesc":"程实","channelDesc":"观点频道","pict":null,"audioUrl":"http://audio.caixin.com/caixin/024/101319024.mp3","time":"2018-08-27 08:33:59","freeTime":"","video":"","summ":"危机十年后经济结构的巨大变革，特朗普政府超常规政策的持续施压，以及美国经济复苏的不确定性上升，正在对美联储货币政策独立性构成三重束缚"},{"tags":[],"comm":{"tid":"101318975","aid":"100"},"cate":"100300002;100000091;100324040;101128012;101318975","desc":"滴滴的“官僚主义”病得不轻","form":null,"channelId":126,"nid":101318975,"link":"http://opinion.caixin.com/2018-08-26/101318975.html","edit":{"rank":"专栏作家 ","desc":"邓学平律师，京衡律师上海事务所副主任、高级合伙人。","name":"邓学平","link":"http://opinion.caixin.com/dengxueping_shwx/index.html","head":"http://www.caixin.com/upload/zhuanlan/101128012_48_48.jpg"},"attr":5,"freeDuration":"48","type":1,"subDesc":"邓学平","channelDesc":"观点频道","pict":{"imgs":[{"url":"http://img.caixin.com/2018-08-26/1535288783681647_145_97.jpg","txt":""}],"num":1},"audioUrl":"http://audio.caixin.com/caixin/975/101318975.mp3","time":"2018-08-26 21:01:54","freeTime":"","video":"","summ":"隐私权和生命权并不对等，两者并不在同一个位阶上。以隐私保护为由置乘客的生命安全于不顾，只能说滴滴公司并未真正从郑州空姐案中学到教训"},{"tags":[],"comm":{"tid":"101318967","aid":"100"},"cate":"100300002;100300201;101318967","desc":"海淀法院网：滴滴出行车主犯罪知多少","form":null,"channelId":126,"nid":101318967,"link":"http://opinion.caixin.com/2018-08-26/101318967.html","edit":{"rank":"","desc":"","name":"","link":"","head":""},"attr":5,"freeDuration":"9","type":1,"subDesc":"聚焦","channelDesc":"观点频道","pict":{"imgs":[{"url":"http://img.caixin.com/2018-08-26/1535286717833352_145_97.jpg","txt":""}],"num":1},"audioUrl":"http://audio.caixin.com/caixin/967/101318967.mp3","time":"2018-08-26 20:24:35","freeTime":"","video":"","summ":"文章称，滴滴平台所衍生的刑事案件数量，远高于公众所知悉"},{"tags":[],"comm":{"tid":"101318948","aid":"100"},"cate":"100300002;100300201;101318948","desc":"从Facebook到滴滴出行：平台的黑化","form":null,"channelId":126,"nid":101318948,"link":"http://opinion.caixin.com/2018-08-26/101318948.html","edit":{"rank":"","desc":"","name":"文 | 方可成","link":"","head":""},"attr":5,"freeDuration":"0","type":1,"subDesc":"聚焦","channelDesc":"观点频道","pict":{"imgs":[{"url":"http://img.caixin.com/2018-08-26/1535274016568833_145_97.jpg","txt":""}],"num":1},"audioUrl":"http://audio.caixin.com/caixin/948/101318948.mp3","time":"2018-08-26 16:53:20","freeTime":"","video":"","summ":"当互联网平台已经具备了巨大的权力，如何监督这种权力就成为眼下的重要问题，这也不单单是中国的问题，它是全世界的问题"},{"tags":[],"comm":{"tid":"101318936","aid":"100"},"cate":"100300002;100239120;100240407;100724495;101318936","desc":"顺风车乘客再遇害 平台治理代价沉重","form":null,"channelId":126,"nid":101318936,"link":"http://opinion.caixin.com/2018-08-26/101318936.html","edit":{"rank":"火线记者 ","desc":"","name":"周东旭","link":"http://opinion.caixin.com/zhoudongxu/index.html","head":"http://www.caixin.com/upload/huoxian/huoxian/100724495.jpg"},"attr":5,"freeDuration":"0","type":1,"subDesc":"周东旭","channelDesc":"观点频道","pict":{"imgs":[{"url":"http://img.caixin.com/2018-08-26/1535260493761994_145_97.jpg","txt":""}],"num":1},"audioUrl":"http://audio.caixin.com/caixin/936/101318936.mp3","time":"2018-08-26 13:10:03","freeTime":"","video":"","summ":"平台应该承担起治理责任，这是普遍共识，不过，何谓承担责任，责任的深度和广度边界在哪里，目前仍是一团乱麻，各方处于激烈的博弈阶段"},{"tags":[],"comm":{"tid":"101318919","aid":"100"},"cate":"100300002;100300201;101318919","desc":"北大教授：滴滴快速处置机制为何缺失","form":null,"channelId":126,"nid":101318919,"link":"http://opinion.caixin.com/2018-08-26/101318919.html","edit":{"rank":"","desc":"","name":"文 | 车浩","link":"","head":""},"attr":5,"freeDuration":"0","type":1,"subDesc":"聚焦","channelDesc":"观点频道","pict":{"imgs":[{"url":"http://img.caixin.com/2018-05-18/1526615980517044_145_97.jpg","txt":""}],"num":1},"audioUrl":"http://audio.caixin.com/caixin/919/101318919.mp3","time":"2018-08-26 09:53:53","freeTime":"","video":"","summ":"平台如果没有能力与警方建立主动沟通的快速渠道，没有针对异常情况的快速发现和处置机制，就不应该再经营此类为陌生人居间联络进而为由此产生的潜在风险进行某种背书担保的业务"},{"tags":[],"comm":{"tid":"101318840","aid":"100"},"cate":"100300002;100000091;100324039;100324366;101318840","desc":"央行干预下，人民币保7无恙","form":null,"channelId":126,"nid":101318840,"link":"http://opinion.caixin.com/2018-08-25/101318840.html","edit":{"rank":"专栏作家 ","desc":"京东数字科技副总裁、首席经济学家，复旦大学泛海国际金融学院客座教授","name":"沈建光","link":"http://opinion.caixin.com/shenjianguang_zssc/index.html","head":"http://www.caixin.com/upload/zhuanlan/100324366_48_48.jpg"},"attr":5,"freeDuration":"48","type":1,"subDesc":"沈建光","channelDesc":"观点频道","pict":null,"audioUrl":"http://audio.caixin.com/caixin/840/101318840.mp3","time":"2018-08-25 21:17:22","freeTime":"","video":"","summ":"时隔7个月首次启动逆周期因子，与近期货币当局稳汇率系列措施一脉相承，显示了决策层在人民币贬值压力骤然增加的背景下稳汇率的态度与决心"},{"tags":[],"comm":{"tid":"101318839","aid":"100"},"cate":"100300002;100000091;100324037;100913872;101318839","desc":"中国经济在三难选择下的艰难权衡","form":null,"channelId":126,"nid":101318839,"link":"http://opinion.caixin.com/2018-08-25/101318839.html","edit":{"rank":"专栏作家 ","desc":"平安证券首席经济学家、中国社科院世经政所研究员","name":"张明","link":"http://opinion.caixin.com/zhangming_mjxx/index.html","head":"http://www.caixin.com/upload/zhuanlan/100913872_48_48.jpg"},"attr":5,"freeDuration":"48","type":1,"subDesc":"张明","channelDesc":"观点频道","pict":null,"audioUrl":"http://audio.caixin.com/caixin/839/101318839.mp3","time":"2018-08-25 21:11:50","freeTime":"","video":"","summ":"当前中国政府面临一个新的三难选择。三难选择可以视为一个三角形，一个角是外部环境的确定性，一个角是防控金融系统风险，还有一个角是宏观经济稳增长"},{"tags":[],"comm":{"tid":"101318395","aid":"100"},"cate":"100300002;100000091;100324037;101318281;101318395","desc":"2018年量化投资的机遇与挑战","form":null,"channelId":126,"nid":101318395,"link":"http://opinion.caixin.com/2018-08-24/101318395.html","edit":{"rank":"专栏作家 ","desc":"上海易善资产管理有限公司合伙人、董事总经理","name":"徐宵青","link":"http://opinion.caixin.com/xuxiaoqing_mjxx/index.html","head":"http://www.caixin.com/upload/zhuanlan/101318281_48_48.jpg"},"attr":5,"freeDuration":"48","type":1,"subDesc":"徐宵青","channelDesc":"观点频道","pict":null,"audioUrl":"http://audio.caixin.com/caixin/395/101318395.mp3","time":"2018-08-24 17:14:55","freeTime":"","video":"","summ":"2018年全球资本市场将会变得相对热闹起来，量化投资将会进入一个全新且有利于发展的阶段"},{"tags":[],"comm":{"tid":"101318382","aid":"100"},"cate":"100300002;100300201;101318382","desc":"中国投资者在欧洲面临的主要挑战及应对","form":null,"channelId":126,"nid":101318382,"link":"http://opinion.caixin.com/2018-08-24/101318382.html","edit":{"rank":"","desc":"","name":"文︱吕丽明  Wilhelm Nolting-Hauff  徐杭","link":"","head":""},"attr":5,"freeDuration":"0","type":1,"subDesc":"聚焦","channelDesc":"观点频道","pict":{"imgs":[{"url":"http://img.caixin.com/2018-08-24/1535103651042812_145_97.jpg","txt":""}],"num":1},"audioUrl":"http://audio.caixin.com/caixin/382/101318382.mp3","time":"2018-08-24 16:58:14","freeTime":"","video":"","summ":"中国对外直接投资在2018年上半年明显集中于欧洲。然而，中国投资者所面临的投资环境却日趋复杂。一些欧洲国家通过延长政府审核期限来收紧其外来投资制度，而欧盟也正制定一个全欧洲适用的外来投资制度"},{"tags":[],"comm":{"tid":"101318309","aid":"100"},"cate":"100300002;100000091;100324039;101305952;101318309","desc":"消费真的降级了吗？","form":null,"channelId":126,"nid":101318309,"link":"http://opinion.caixin.com/2018-08-24/101318309.html","edit":{"rank":"专栏作家 ","desc":"兴业银行、华福证券首席经济学家，兴业研究公司副总裁","name":"鲁政委","link":"http://opinion.caixin.com/luzhengwei_zssc/index.html","head":"http://www.caixin.com/upload/zhuanlan/101305952_48_48.jpg"},"attr":5,"freeDuration":"48","type":1,"subDesc":"鲁政委","channelDesc":"观点频道","pict":null,"audioUrl":"http://audio.caixin.com/caixin/309/101318309.mp3","time":"2018-08-24 14:47:49","freeTime":"","video":"","summ":"当前我国消费结构呈现出两大特点：第一，就消费类别而言，居民实物消费下降而服务消费上升；第二，在同类消费品种，居民对中低端消费品偏好降低而对高端消费品偏好上升。由此，种种迹象表明当前居民消费行为仍处于升级通道"},{"tags":[],"comm":{"tid":"101318284","aid":"100"},"cate":"100300002;100300201;101318284","desc":"棚改货币化已基本完成历史使命","form":null,"channelId":126,"nid":101318284,"link":"http://opinion.caixin.com/2018-08-24/101318284.html","edit":{"rank":"","desc":"","name":"文｜王玉玲","link":"","head":""},"attr":5,"freeDuration":"0","type":1,"subDesc":"聚焦","channelDesc":"观点频道","pict":{"imgs":[{"url":"http://img.caixin.com/2018-08-24/1535083543229557_145_97.jpg","txt":""}],"num":1},"audioUrl":"http://audio.caixin.com/caixin/284/101318284.mp3","time":"2018-08-24 11:58:00","freeTime":"","video":"","summ":"棚改货币化安置政策是造成房地产价格上涨的重要因素。建议适当压缩棚改计划任务，逐年减轻或取消对地方政府棚改任务的考核，取消棚改与“去库存”相挂钩政策，因地制宜推进棚改货币化安置，将以货币安置为主转为以实物安置为主、货币安置为辅"},{"tags":[],"comm":{"tid":"101318203","aid":"100"},"cate":"100300002;100000091;100324039;101305952;101318203","desc":"支持信托业合规通道业务：信托《资管新规》过渡期指导意见简评","form":null,"channelId":126,"nid":101318203,"link":"http://opinion.caixin.com/2018-08-24/101318203.html","edit":{"rank":"专栏作家 ","desc":"兴业银行、华福证券首席经济学家，兴业研究公司副总裁","name":"鲁政委","link":"http://opinion.caixin.com/luzhengwei_zssc/index.html","head":"http://www.caixin.com/upload/zhuanlan/101305952_48_48.jpg"},"attr":5,"freeDuration":"48","type":1,"subDesc":"鲁政委","channelDesc":"观点频道","pict":null,"audioUrl":"http://audio.caixin.com/caixin/203/101318203.mp3","time":"2018-08-24 08:58:48","freeTime":"","video":"","summ":"从货币政策传导机制的角度来看，对于合规通道业务的支持有助于疏通货币政策传导机制，引导资金流向实体经济，避免社会融资规模的过快下降"},{"tags":[],"comm":{"tid":"101318195","aid":"100"},"cate":"100300002;100300200;101318195","desc":"何艳玲：西安“烟头革命”折射极端执法情结","form":null,"channelId":126,"nid":101318195,"link":"http://opinion.caixin.com/2018-08-24/101318195.html","edit":{"rank":"","desc":"","name":"记者 张兰太","link":"","head":""},"attr":5,"freeDuration":"0","type":1,"subDesc":"意见领袖","channelDesc":"观点频道","pict":{"imgs":[{"url":"http://img.caixin.com/2018-08-24/1535070158144617_145_97.jpg","txt":""}],"num":1},"audioUrl":"http://audio.caixin.com/caixin/195/101318195.mp3","time":"2018-08-24 08:18:30","freeTime":"","video":"","summ":"不少地方和部门仍习惯用突击性、运动式的方式完成一项特定任务，并将完成方式和完成标准推向极致；应杜绝运动式执行和简单化管理，实现公共事务的“共建、共治、共享”"},{"tags":[],"comm":{"tid":"101317964","aid":"100"},"cate":"100300002;100300201;101317964","desc":"房租上涨的逻辑","form":null,"channelId":126,"nid":101317964,"link":"http://opinion.caixin.com/2018-08-23/101317964.html","edit":{"rank":"","desc":"","name":"文|尹中立","link":"","head":""},"attr":5,"freeDuration":"0","type":1,"subDesc":"聚焦","channelDesc":"观点频道","pict":{"imgs":[{"url":"http://img.caixin.com/2018-08-23/1535007094431528_145_97.jpg","txt":""}],"num":1},"audioUrl":"http://audio.caixin.com/caixin/964/101317964.mp3","time":"2018-08-23 14:43:57","freeTime":"","video":"","summ":"房租上涨存在因前期住房租金收益率偏低而合理补涨的成分；但同时，机构投资者介入住房租赁市场、政府拆除违章建筑等行为也改变了住房市场的生态平衡，刺激了房租的上涨"},{"tags":[],"comm":{"tid":"101317927","aid":"100"},"cate":"100300002;100000091;100324037;100828556;101317927","desc":"中小银行危机与转型：回归“白银时代”","form":null,"channelId":126,"nid":101317927,"link":"http://opinion.caixin.com/2018-08-23/101317927.html","edit":{"rank":"专栏作家 ","desc":"联讯证券董事总经理，首席宏观研究员","name":"李奇霖","link":"http://opinion.caixin.com/liqilin_mjxx/index.html","head":"http://www.caixin.com/upload/zhuanlan/100828556_48_48.jpg"},"attr":5,"freeDuration":"48","type":1,"subDesc":"李奇霖","channelDesc":"观点频道","pict":null,"audioUrl":"http://audio.caixin.com/caixin/927/101317927.mp3","time":"2018-08-23 12:27:38","freeTime":"","video":"","summ":"从“黄金时代”到“青铜时代”，中小银行的环境恶化甚至都没有过渡，就直接进入寒冬，何去何从？"},{"tags":[],"comm":{"tid":"101317915","aid":"100"},"cate":"100300002;100000091;100324040;100959589;101317915","desc":"中学生假论文为什么泛滥","form":null,"channelId":126,"nid":101317915,"link":"http://opinion.caixin.com/2018-08-23/101317915.html","edit":{"rank":"专栏作家 ","desc":"中国教育在线总编辑","name":"陈志文","link":"http://opinion.caixin.com/chenzhiwen_shwx/index.html","head":"http://www.caixin.com/upload/zhuanlan/100959589_48_48.jpg"},"attr":5,"freeDuration":"48","type":1,"subDesc":"陈志文","channelDesc":"观点频道","pict":null,"audioUrl":"http://audio.caixin.com/caixin/915/101317915.mp3","time":"2018-08-23 12:19:17","freeTime":"","video":"","summ":"对名校功利化的追求，加上诚信的缺少，是中学生假论文泛滥的社会文化原因，已经无关哪种招生制度，无论哪个国家"},{"tags":[],"comm":{"tid":"101317910","aid":"100"},"cate":"100300002;100000091;100324037;101312738;101317910","desc":"“现金漏损”对流动性的影响","form":null,"channelId":126,"nid":101317910,"link":"http://opinion.caixin.com/2018-08-23/101317910.html","edit":{"rank":"专栏作家 ","desc":"经济学博士，高级经济师，先后任职于央行、银监会、商业银行、民企等","name":"唐岫立","link":"http://opinion.caixin.com/tangxiuli_mjxx/index.html","head":"http://www.caixin.com/upload/zhuanlan/101312738_48_48.jpg"},"attr":5,"freeDuration":"48","type":1,"subDesc":"唐岫立","channelDesc":"观点频道","pict":null,"audioUrl":"http://audio.caixin.com/caixin/910/101317910.mp3","time":"2018-08-23 12:02:25","freeTime":"","video":"","summ":"客户从银行提取或多或少的现金，从而使一部分现金流出银行系统，出现所谓的现金漏损。现金漏损与存款总额之比称为现金漏损率。出现现金漏损会减小银行创造派生存款的能力"},{"tags":[],"comm":{"tid":"101317906","aid":"100"},"cate":"100300002;100000091;100324039;100917488;101317906","desc":"必须关注金融机构激励机制：风险和乱象的微观源头","form":null,"channelId":126,"nid":101317906,"link":"http://opinion.caixin.com/2018-08-23/101317906.html","edit":{"rank":"专栏作家 ","desc":"孙天琦，西北大学数学系本科、经济管理学院博士","name":"孙天琦","link":"http://opinion.caixin.com/suntianqi_zssc/index.html","head":"http://www.caixin.com/upload/zhuanlan/100917488_48_48.jpg"},"attr":5,"freeDuration":"48","type":1,"subDesc":"孙天琦","channelDesc":"观点频道","pict":null,"audioUrl":"http://audio.caixin.com/caixin/906/101317906.mp3","time":"2018-08-23 11:51:46","freeTime":"","video":"","summ":"激励机制是金融机构实现经营目标的重要手段，激励不当会导致行为扭曲。金融监管不能简单认为激励机制是金融机构市场行为而不闻不管"},{"tags":[],"comm":{"tid":"101317780","aid":"100"},"cate":"100300002;100000091;100324039;100435356;101317780","desc":"支付行业的颠覆性变化","form":null,"channelId":126,"nid":101317780,"link":"http://opinion.caixin.com/2018-08-23/101317780.html","edit":{"rank":"专栏作家 ","desc":"","name":"富兰克林邓普顿投资","link":"http://opinion.caixin.com/franklin_resources_inc_zssc/index.html","head":"http://www.caixin.com/upload/zhuanlan/100435356_48_48.jpg"},"attr":5,"freeDuration":"48","type":1,"subDesc":"富兰克林邓普顿投资","channelDesc":"观点频道","pict":null,"audioUrl":"http://audio.caixin.com/caixin/780/101317780.mp3","time":"2018-08-23 08:04:00","freeTime":"","video":"","summ":"支付行业新技术的出现及消费行为的改变正推动支付行业格局不断洗牌，部分玩家面临潜在威胁。支付行业尽管面临格局变动与潜在的威胁，但未来仍有稳健成长的空间，银行卡的普及率在全球仍有增长空间"},{"tags":[],"comm":{"tid":"101317775","aid":"100"},"cate":"100300002;100000091;100324037;100659646;101317775","desc":"盛松成：未来中国对ICO监管将更严","form":null,"channelId":126,"nid":101317775,"link":"http://opinion.caixin.com/2018-08-23/101317775.html","edit":{"rank":"专栏作家 ","desc":"中国人民银行参事、调查统计司原司长","name":"盛松成","link":"http://opinion.caixin.com/shengsongcheng_mjxx/index.html","head":"http://www.caixin.com/upload/zhuanlan/100659646_48_48.jpg"},"attr":5,"freeDuration":"48","type":1,"subDesc":"盛松成","channelDesc":"观点频道","pict":null,"audioUrl":"http://audio.caixin.com/caixin/775/101317775.mp3","time":"2018-08-23 07:46:42","freeTime":"","video":"","summ":"大量没有前途的项目甚至本身就是欺骗，未来中国对ICO的项目监管还会更严"},{"tags":[],"comm":{"tid":"101317740","aid":"100"},"cate":"100300002;100300201;101317740","desc":"粤港澳大湾区亟待破解“竞合”难题","form":null,"channelId":126,"nid":101317740,"link":"http://opinion.caixin.com/2018-08-22/101317740.html","edit":{"rank":"","desc":"","name":"记者 杨哲宇","link":"","head":""},"attr":5,"freeDuration":"0","type":1,"subDesc":"聚焦","channelDesc":"观点频道","pict":{"imgs":[{"url":"http://img.caixin.com/2018-08-22/1534943592695222_145_97.jpg","txt":""}],"num":1},"audioUrl":"http://audio.caixin.com/caixin/740/101317740.mp3","time":"2018-08-22 21:10:20","freeTime":"","video":"","summ":"中国必须有一个足够大的空间，一个开放的城市群，一个相对离岸的经济体，使得全世界的朋友在这里像回家一样"},{"tags":[],"comm":{"tid":"101317548","aid":"100"},"cate":"100300002;100300201;101317548","desc":"“套路贷”治理及金融法治建设——访浙江大学光华法学院博导黄韬","form":null,"channelId":126,"nid":101317548,"link":"http://opinion.caixin.com/2018-08-22/101317548.html","edit":{"rank":"","desc":"","name":"记者  周东旭","link":"","head":""},"attr":5,"freeDuration":"0","type":1,"subDesc":"聚焦","channelDesc":"观点频道","pict":{"imgs":[{"url":"http://img.caixin.com/2017-04-27/1493261637438486_145_97.jpg","txt":""}],"num":1},"audioUrl":"http://audio.caixin.com/caixin/548/101317548.mp3","time":"2018-08-22 15:32:34","freeTime":"","video":"","summ":"金融领域对于法治需求，可能比其他领域更为急迫，金融本质上对稳定的法治环境的需求也更强"},{"tags":[],"comm":{"tid":"101317517","aid":"100"},"cate":"100300002;100000091;100324037;101317498;101317517","desc":"稳定人民币汇率的关键是“做好自己的事”","form":null,"channelId":126,"nid":101317517,"link":"http://opinion.caixin.com/2018-08-22/101317517.html","edit":{"rank":"专栏作家 ","desc":"经济学博士","name":"王胜春","link":"http://opinion.caixin.com/wangshengchun_mjxx/index.html","head":"http://www.caixin.com/upload/zhuanlan/101317498_48_48.jpg"},"attr":5,"freeDuration":"48","type":1,"subDesc":"王胜春","channelDesc":"观点频道","pict":null,"audioUrl":"http://audio.caixin.com/caixin/517/101317517.mp3","time":"2018-08-22 13:58:44","freeTime":"","video":"","summ":"只有踏踏实实做好自己的事，才能真正避免由于货币危机引发金融危机，以至经济危机"},{"tags":[],"comm":{"tid":"101317516","aid":"100"},"cate":"100300002;100000091;100324037;100900790;101317516","desc":"零售竞争的本质是零售服务组合的竞争","form":null,"channelId":126,"nid":101317516,"link":"http://opinion.caixin.com/2018-08-22/101317516.html","edit":{"rank":"专栏作家 ","desc":"《比较》研究部主管，北京大学市场与网络经济研究中心的研究员和主任助理","name":"陈永伟","link":"http://opinion.caixin.com/chenyongwei_mjxx/index.html","head":"http://www.caixin.com/upload/zhuanlan/100900790_48_48.jpg"},"attr":5,"freeDuration":"48","type":1,"subDesc":"陈永伟","channelDesc":"观点频道","pict":null,"audioUrl":"http://audio.caixin.com/caixin/516/101317516.mp3","time":"2018-08-22 13:55:21","freeTime":"","video":"","summ":"零售在本质上是一个多产品的生产过程，其“产品”包括商品本身，以及附着在商品销售过程中的各种服务。零售业的发展其实是各种服务组合的演化，而不同零售业态的差异本质上就是各种服务组合的差别"},{"tags":[],"comm":{"tid":"101317489","aid":"100"},"cate":"100300002;100000091;100324040;100868265;101317489","desc":"一流大学的中心使命是培养领军型人才","form":null,"channelId":126,"nid":101317489,"link":"http://opinion.caixin.com/2018-08-22/101317489.html","edit":{"rank":"专栏作家 ","desc":"饶毅、鲁白、谢宇三位学者创办的移动新媒体平台","name":"知识分子","link":"http://opinion.caixin.com/zsfz_shwx/index.html","head":"http://www.caixin.com/upload/zhuanlan/100868265_48_48.jpg"},"attr":0,"freeDuration":"0","type":1,"subDesc":"知识分子","channelDesc":"观点频道","pict":null,"audioUrl":"http://audio.caixin.com/caixin/489/101317489.mp3","time":"2018-08-22 11:15:05","freeTime":"","video":"","summ":"一流大学要以培养领军型人才为中心使命。应创建能让领军型人才脱颖而出的最优环境；充分支持青年教师的发展，激发青年教师的创造力和活力；客观看待科研指南的作用，不要受到科研指南的限制"},{"tags":[],"comm":{"tid":"101317483","aid":"100"},"cate":"100300002;100300201;101317483","desc":"从马斯克“推特事件”看社交媒体的规范使用","form":null,"channelId":126,"nid":101317483,"link":"http://opinion.caixin.com/2018-08-22/101317483.html","edit":{"rank":"","desc":"","name":"文|王真","link":"","head":""},"attr":5,"freeDuration":"3","type":1,"subDesc":"聚焦","channelDesc":"观点频道","pict":{"imgs":[{"url":"http://img.caixin.com/2018-08-22/1534906495660025_145_97.jpg","txt":""}],"num":1},"audioUrl":"","time":"2018-08-22 10:48:19","freeTime":"","video":"","summ":"中国企业家大多信奉闷声发大财，口无遮拦的并不多，但如今信奉眼球经济，期待通过发布“豪言壮语”，达到营收和公关双收益的也大有人在"},{"tags":[],"comm":{"tid":"101317462","aid":"100"},"cate":"100300002;100000091;100324037;101150395;101317462","desc":"做上市公司“董监高” 风险有多大","form":null,"channelId":126,"nid":101317462,"link":"http://opinion.caixin.com/2018-08-22/101317462.html","edit":{"rank":"专栏作家 ","desc":"北京市竞天公诚律师事务所证券部合伙人，清华大学法学硕士。","name":"刘思远","link":"http://opinion.caixin.com/liusiyuan_mjxx/index.html","head":"http://www.caixin.com/upload/zhuanlan/101150395_48_48.jpg"},"attr":5,"freeDuration":"48","type":1,"subDesc":"刘思远","channelDesc":"观点频道","pict":null,"audioUrl":"http://audio.caixin.com/caixin/462/101317462.mp3","time":"2018-08-22 09:58:54","freeTime":"","video":"","summ":"随着监管态势愈发严格，董监高更要审慎履职、勤勉尽责，避免在上市公司被调查、处罚时受到牵连，或者在面临处罚时拿到“免死金牌”"},{"tags":[],"comm":{"tid":"101317404","aid":"100"},"cate":"100300002;100300201;101317404","desc":"李铁：智慧城市发展不能都盯着政府项目","form":null,"channelId":126,"nid":101317404,"link":"http://opinion.caixin.com/2018-08-21/101317404.html","edit":{"rank":"","desc":"","name":"记者 杨哲宇","link":"","head":""},"attr":5,"freeDuration":"0","type":1,"subDesc":"聚焦","channelDesc":"观点频道","pict":{"imgs":[{"url":"http://img.caixin.com/2018-08-21/1534863151239450_145_97.jpg","txt":""}],"num":1},"audioUrl":"http://audio.caixin.com/caixin/404/101317404.mp3","time":"2018-08-21 22:46:20","freeTime":"","video":"","summ":"政府的智慧城市治理系统只是智慧城市的一小部分，大部分服务是面向社会和社区、面向C端用户的"},{"tags":[],"comm":{"tid":"101317291","aid":"100"},"cate":"100300002;100300200;101317291","desc":"徐家良：发起人频陷争议，公益组织如何维护公信力？","form":null,"channelId":126,"nid":101317291,"link":"http://opinion.caixin.com/2018-08-21/101317291.html","edit":{"rank":"","desc":"","name":"记者 张兰太","link":"","head":""},"attr":5,"freeDuration":"0","type":1,"subDesc":"意见领袖","channelDesc":"观点频道","pict":null,"audioUrl":"http://audio.caixin.com/caixin/291/101317291.mp3","time":"2018-08-21 17:49:32","freeTime":"","video":"","summ":"公益组织品牌个人化现象比较突出，整个公益组织的治理结构、团队建设还很薄弱，要避免出现一个人倒下去、整个机构和品牌就随之倒下去的情况；公益组织需要加强规则意识和制度建设，重视行业组织的自律作用，突出细化公开透明，及时回应质疑"},{"tags":[],"comm":{"tid":"101317244","aid":"100"},"cate":"100300002;100000091;100324037;101317126;101317244","desc":"中美和解之路依然漫长而崎岖","form":null,"channelId":126,"nid":101317244,"link":"http://opinion.caixin.com/2018-08-21/101317244.html","edit":{"rank":"专栏作家 ","desc":"Vanguard集团投资策略及研究部亚太区首席经济学家、董事总经理","name":"王黔","link":"http://opinion.caixin.com/wangqian_mjxx/index.html","head":"http://www.caixin.com/upload/zhuanlan/101317126_48_48.jpg"},"attr":5,"freeDuration":"48","type":1,"subDesc":"王黔","channelDesc":"观点频道","pict":null,"audioUrl":"http://audio.caixin.com/caixin/244/101317244.mp3","time":"2018-08-21 15:24:35","freeTime":"","video":"","summ":"两国都深知贸易战的最终结果只能是双输局面，因此，两国尚有谈判空间，尤其是当贸易战的后果变得难以承受之时"},{"tags":[],"comm":{"tid":"101317215","aid":"100"},"cate":"100300002;100000091;100324037;100784961;101317215","desc":"粤港澳大湾区起航 数字化引领新经济创新","form":null,"channelId":126,"nid":101317215,"link":"http://opinion.caixin.com/2018-08-21/101317215.html","edit":{"rank":"专栏作家 ","desc":"长平经济研究所执行所长","name":"王长勇专栏","link":"http://opinion.caixin.com/wangchangyong_mj/index.html","head":"http://www.caixin.com/upload/zhuanlan/100784961_48_48.jpg"},"attr":5,"freeDuration":"48","type":1,"subDesc":"王长勇专栏","channelDesc":"观点频道","pict":null,"audioUrl":"http://audio.caixin.com/caixin/215/101317215.mp3","time":"2018-08-21 14:40:25","freeTime":"","video":"","summ":"在国内外经济金融和贸易形势严峻背景下，中央推动粤港澳大湾区建设进度加快。8月15日国务院副总理韩正主持召开粤港澳大湾区建设领导小组第一次全体会议，标志着粤港澳大湾区建设政府工作机制正式运行"},{"tags":[],"comm":{"tid":"101317206","aid":"100"},"cate":"100300002;100000091;100324039;100933362;101317206","desc":"中国的居民消费疲软了？","form":null,"channelId":126,"nid":101317206,"link":"http://opinion.caixin.com/2018-08-21/101317206.html","edit":{"rank":"专栏作家 ","desc":"专注于国内消费金融、贸易金融、互联网金融和产业金融等研究领域的专业研究机构","name":"金融观察","link":"http://opinion.caixin.com/snjr/index.html","head":"http://www.caixin.com/upload/zhuanlan/100933362_48_48.jpg"},"attr":5,"freeDuration":"48","type":1,"subDesc":"金融观察","channelDesc":"观点频道","pict":null,"audioUrl":"http://audio.caixin.com/caixin/206/101317206.mp3","time":"2018-08-21 14:35:27","freeTime":"","video":"","summ":"我国服务性消费的增长速度要快于实物类消费的增长速度，这也与我国当前居民消费向服务类消费升级的大方向吻合。应理性看待消费数据疲软态势，国人消费仍有较大潜力可挖掘"},{"tags":[],"comm":{"tid":"101317142","aid":"100"},"cate":"100300002;100000091;100324039;100712493;101317142","desc":"从2014到2018：不一样的周期轮回","form":null,"channelId":126,"nid":101317142,"link":"http://opinion.caixin.com/2018-08-21/101317142.html","edit":{"rank":"专栏作家 ","desc":"如是金融研究院院长、首席经济学家，如是金融董事长","name":"管清友","link":"http://opinion.caixin.com/guanqingyou_zssc/index.html","head":"http://www.caixin.com/upload/zhuanlan/100712493_48_48.jpg"},"attr":5,"freeDuration":"48","type":1,"subDesc":"管清友","channelDesc":"观点频道","pict":null,"audioUrl":"http://audio.caixin.com/caixin/142/101317142.mp3","time":"2018-08-21 12:30:35","freeTime":"","video":"","summ":"中国经济仍处于衰退周期，而政策不会大幅放松，这意味着资本市场的风险仍然大于机会，这和2014年经济快速下行、流动性超宽松、股债双牛的局面是完全不同的"},{"tags":[],"comm":{"tid":"101317122","aid":"100"},"cate":"100300002;100300201;101317122","desc":"长租公寓企业被约谈 “三不”承诺难落实","form":null,"channelId":126,"nid":101317122,"link":"http://opinion.caixin.com/2018-08-21/101317122.html","edit":{"rank":"","desc":"","name":"文︱刘旭","link":"","head":""},"attr":5,"freeDuration":"3","type":1,"subDesc":"聚焦","channelDesc":"观点频道","pict":{"imgs":[{"url":"http://img.caixin.com/2018-08-21/1534822678050631_145_97.jpg","txt":""}],"num":1},"audioUrl":"http://audio.caixin.com/caixin/122/101317122.mp3","time":"2018-08-21 11:32:49","freeTime":"","video":"","summ":"如果当前房租水平客观上已不合理，在此基础上承诺下半年“不涨房租”，就等于是这些处于竞争关系的长租公寓企业达成了维持上半年房租涨幅的共识，或者协同"},{"tags":[],"comm":{"tid":"101317090","aid":"100"},"cate":"100300002;100000091;100324039;101305952;101317090","desc":"信用扩张乏力的痛点","form":null,"channelId":126,"nid":101317090,"link":"http://opinion.caixin.com/2018-08-21/101317090.html","edit":{"rank":"专栏作家 ","desc":"兴业银行、华福证券首席经济学家，兴业研究公司副总裁","name":"鲁政委","link":"http://opinion.caixin.com/luzhengwei_zssc/index.html","head":"http://www.caixin.com/upload/zhuanlan/101305952_48_48.jpg"},"attr":5,"freeDuration":"48","type":1,"subDesc":"鲁政委","channelDesc":"观点频道","pict":null,"audioUrl":"http://audio.caixin.com/caixin/090/101317090.mp3","time":"2018-08-21 10:31:02","freeTime":"","video":"","summ":"会否再一次出现大规模的基建热潮，从目前的公开信息来看，这种可能性不大"},{"tags":[],"comm":{"tid":"101317082","aid":"100"},"cate":"100300002;100000091;100324037;100752154;101317082","desc":"透过货币投放看中国经济结构之困","form":null,"channelId":126,"nid":101317082,"link":"http://opinion.caixin.com/2018-08-21/101317082.html","edit":{"rank":"专栏作家 ","desc":"中国国际期货公司总裁","name":"王永利","link":"http://opinion.caixin.com/2014/wangyongli_mjxx/index.html","head":"http://www.caixin.com/upload/zhuanlan/100752154_48_48.jpg"},"attr":5,"freeDuration":"48","type":1,"subDesc":"王永利","channelDesc":"观点频道","pict":null,"audioUrl":"http://audio.caixin.com/caixin/082/101317082.mp3","time":"2018-08-21 10:13:50","freeTime":"","video":"","summ":"应坚决实施降准，并尽可能多地压缩央行拆出资金规模，减少央行对银行间市场的直接参与和干预；对需要支持的小微、三农等领域，不应以定向降准这种隐性支持的方式进行，而应该通过政策引导、资金贴息、财政税费减免、加强监督考核等显性措施，鼓励和吸引商业银行加大支持力度"},{"tags":[],"comm":{"tid":"101317078","aid":"100"},"cate":"100300002;100000091;100324037;100796280;101317078","desc":"雄安新区需考虑人口规模不足风险","form":null,"channelId":126,"nid":101317078,"link":"http://opinion.caixin.com/2018-08-21/101317078.html","edit":{"rank":"专栏作家 ","desc":"和君云水泉资产管理公司合伙人","name":"唐黎明","link":"http://opinion.caixin.com/tangliming_mjxx/index.html","head":"http://www.caixin.com/upload/zhuanlan/100796280_48_48.jpg"},"attr":5,"freeDuration":"48","type":1,"subDesc":"唐黎明","channelDesc":"观点频道","pict":null,"audioUrl":"http://audio.caixin.com/caixin/078/101317078.mp3","time":"2018-08-21 10:07:10","freeTime":"","video":"","summ":"雄安新区将成为中国未来城市建设管理之典范，但在对雄安新区蓝图充满期待的同时，也需要关注其中可能的风险点"},{"tags":[],"comm":{"tid":"101316880","aid":"100"},"cate":"100300002;100300201;101316880","desc":"从储蓄率看新兴市场货币危机","form":null,"channelId":126,"nid":101316880,"link":"http://opinion.caixin.com/2018-08-20/101316880.html","edit":{"rank":"","desc":"","name":"","link":"","head":""},"attr":5,"freeDuration":"0","type":1,"subDesc":"聚焦","channelDesc":"观点频道","pict":{"imgs":[{"url":"http://img.caixin.com/2018-08-20/1534763190542067_145_97.jpg","txt":""}],"num":1},"audioUrl":"http://audio.caixin.com/caixin/880/101316880.mp3","time":"2018-08-20 18:56:17","freeTime":"","video":"","summ":"本币大幅贬值和资本快速流出的新兴市场经济体，共同的特点都是近年来经济状况不佳"},{"tags":[],"comm":{"tid":"101316750","aid":"100"},"cate":"100300002;100000091;100324037;101232311;101316750","desc":"房价房租长期稳定：德国是怎么做到的","form":null,"channelId":126,"nid":101316750,"link":"http://opinion.caixin.com/2018-08-20/101316750.html","edit":{"rank":"专栏作家 ","desc":"恒大研究院副院长、房地产行业首席研究员，中国人民大学财金学院金融硕士业界导师。","name":"夏磊","link":"http://opinion.caixin.com/xialei/index.html","head":"http://www.caixin.com/upload/zhuanlan/101232311_48_48.jpg"},"attr":5,"freeDuration":"48","type":1,"subDesc":"夏磊","channelDesc":"观点频道","pict":null,"audioUrl":"http://audio.caixin.com/caixin/750/101316750.mp3","time":"2018-08-20 15:53:01","freeTime":"","video":"","summ":"德国以租房为主流，住房自有率45%，55%的人租房居住，租赁群体人均住房面积38平方米。1970年以来的47年里，房价年均增幅1.8%；房东目标租金过高将面临高额罚款和长期监禁处罚"},{"tags":[],"comm":{"tid":"101316726","aid":"100"},"cate":"100300002;100000091;100324039;100536259;101316726","desc":"贸易战升级，中国如何见招拆招","form":null,"channelId":126,"nid":101316726,"link":"http://opinion.caixin.com/2018-08-20/101316726.html","edit":{"rank":"专栏作家 ","desc":"瑞银财富管理投资总监办公室（CIO）亚太区投资总监及首席中国经济学家","name":"胡一帆","link":"http://opinion.caixin.com/huyifan_zssc/index.html","head":"http://www.caixin.com/upload/zhuanlan/100536259_48_48.jpg"},"attr":5,"freeDuration":"48","type":1,"subDesc":"胡一帆","channelDesc":"观点频道","pict":null,"audioUrl":"http://audio.caixin.com/caixin/726/101316726.mp3","time":"2018-08-20 14:15:30","freeTime":"","video":"","summ":"贸易冲突发生的时机对中国来说相当糟糕，第二季度数据显示，一直驱动国内经济增长的投资出现大幅下滑，境内债券市场的违约率也有所上升"},{"tags":[],"comm":{"tid":"101316715","aid":"100"},"cate":"100300002;100000091;100324039;100742170;101316715","desc":"人民币会破“7”么？","form":null,"channelId":126,"nid":101316715,"link":"http://opinion.caixin.com/2018-08-20/101316715.html","edit":{"rank":"专栏作家 ","desc":"财新智库莫尼塔研究董事长兼首席经济学家","name":"钟正生","link":"http://opinion.caixin.com/zhongzhengsheng/index.html","head":"http://www.caixin.com/upload/zhuanlan/100742170_48_48.jpg"},"attr":5,"freeDuration":"48","type":1,"subDesc":"钟正生","channelDesc":"观点频道","pict":null,"audioUrl":"http://audio.caixin.com/caixin/715/101316715.mp3","time":"2018-08-20 13:56:17","freeTime":"","video":"","summ":"如果短期内美元指数涨幅依然较大，一个更可能的选项是，让人民币汇率在6.9-7之间磨一段时间，给市场一个适应接受的过程，再顺势“突破”"},{"tags":[],"comm":{"tid":"101316699","aid":"100"},"cate":"100300002;100000091;100324037;101315655;101316699","desc":"加拿大金融监管启示录（下）：分级银行制度","form":null,"channelId":126,"nid":101316699,"link":"http://opinion.caixin.com/2018-08-20/101316699.html","edit":{"rank":"专栏作家 ","desc":"川财证券研究所所长、董事总经理。","name":"陈雳","link":"http://opinion.caixin.com/chenli_mjxx/index.html","head":"http://www.caixin.com/upload/zhuanlan/101315655_48_48.jpg"},"attr":5,"freeDuration":"48","type":1,"subDesc":"陈雳","channelDesc":"观点频道","pict":null,"audioUrl":"http://audio.caixin.com/caixin/699/101316699.mp3","time":"2018-08-20 12:43:53","freeTime":"","video":"","summ":"中国可借鉴矩阵型金融监管道路，逐步加快利率市场化进程，在改革开放提高活力和宏观审慎稳健发展之间保持平衡。完善的风控监管体系、对于违法犯罪活动的严厉打击力度和高效的危机处理能力是加拿大金融监管体系一直稳健发展的核心要素，也是我国未来的改革方向"},{"tags":[],"comm":{"tid":"101316679","aid":"100"},"cate":"100300002;100000091;100324037;101312738;101316679","desc":"互金平台爆雷原因何在","form":null,"channelId":126,"nid":101316679,"link":"http://opinion.caixin.com/2018-08-20/101316679.html","edit":{"rank":"专栏作家 ","desc":"经济学博士，高级经济师，先后任职于央行、银监会、商业银行、民企等","name":"唐岫立","link":"http://opinion.caixin.com/tangxiuli_mjxx/index.html","head":"http://www.caixin.com/upload/zhuanlan/101312738_48_48.jpg"},"attr":5,"freeDuration":"48","type":1,"subDesc":"唐岫立","channelDesc":"观点频道","pict":null,"audioUrl":"http://audio.caixin.com/caixin/679/101316679.mp3","time":"2018-08-20 11:26:02","freeTime":"","video":"","summ":"爆雷平台股东（实控人）多有道德缺陷，初心不正，也没有能力控制风险，以失败收场是大概率事件"},{"tags":[],"comm":{"tid":"101316669","aid":"100"},"cate":"100300002;100000091;100324039;100933362;101316669","desc":"让人不安的北京房租上涨","form":null,"channelId":126,"nid":101316669,"link":"http://opinion.caixin.com/2018-08-20/101316669.html","edit":{"rank":"专栏作家 ","desc":"专注于国内消费金融、贸易金融、互联网金融和产业金融等研究领域的专业研究机构","name":"金融观察","link":"http://opinion.caixin.com/snjr/index.html","head":"http://www.caixin.com/upload/zhuanlan/100933362_48_48.jpg"},"attr":5,"freeDuration":"48","type":1,"subDesc":"金融观察","channelDesc":"观点频道","pict":null,"audioUrl":"","time":"2018-08-20 10:39:13","freeTime":"","video":"","summ":"若想从根本上解决房租上涨的压力，需要在加快租赁房有效供给的同时，进一步明确长租公寓的市场管理规则，防止市场过度炒作，加剧房租上涨的压力"},{"tags":[],"comm":{"tid":"101316659","aid":"100"},"cate":"100300002;100000091;100324037;100719107;101316659","desc":"防范非洲猪瘟扩散 须管制生猪跨区贸易","form":null,"channelId":126,"nid":101316659,"link":"http://opinion.caixin.com/2018-08-20/101316659.html","edit":{"rank":"专栏作家 ","desc":"德国哥廷根大学发展和新兴国家农业经济学讲席教授","name":"于晓华","link":"http://opinion.caixin.com/yuxiaohua_mjxx/index.html","head":"http://www.caixin.com/upload/zhuanlan/100719107_48_48.jpg"},"attr":5,"freeDuration":"48","type":1,"subDesc":"于晓华","channelDesc":"观点频道","pict":null,"audioUrl":"http://audio.caixin.com/caixin/659/101316659.mp3","time":"2018-08-20 10:05:44","freeTime":"","video":"","summ":"非洲猪瘟进入高速扩散期，政府必须采取非常手段，对中国境内所有生猪制品的跨区贸易进行管制"},{"tags":[],"comm":{"tid":"101316647","aid":"100"},"cate":"100300002;100300204;101316647","desc":"社论|汇率水平有多重要？","form":null,"channelId":126,"nid":101316647,"link":"http://opinion.caixin.com/2018-08-20/101316647.html","edit":{"rank":"","desc":"","name":"","link":"","head":""},"attr":5,"freeDuration":"0","type":1,"subDesc":"社评","channelDesc":"观点频道","pict":null,"audioUrl":"http://audio.caixin.com/caixin/383/101316383.mp3","time":"2018-08-20 09:42:07","freeTime":"","video":"","summ":"应进一步完善人民币汇率形成机制，提高“规则性、透明度和市场化水平”"},{"tags":[],"comm":{"tid":"101316538","aid":"100"},"cate":"100300002;100300201;101316538","desc":"《经济思想史:伦敦经济学院讲演录》译者序","form":null,"channelId":126,"nid":101316538,"link":"http://opinion.caixin.com/2018-08-18/101316538.html","edit":{"rank":"","desc":"","name":"文|杨玉生","link":"","head":""},"attr":5,"freeDuration":"0","type":1,"subDesc":"聚焦","channelDesc":"观点频道","pict":{"imgs":[{"url":"http://img.caixin.com/2018-08-18/1534582302503499_145_97.jpg","txt":""}],"num":1},"audioUrl":"http://audio.caixin.com/caixin/538/101316538.mp3","time":"2018-08-18 16:48:15","freeTime":"","video":"","summ":"即使是随意发挥和触景生情的东西也言之有据，经得起推敲，并且表现了罗宾斯作为经济学大师的博学、思维严谨和论述风格的魅力"}],"maxes":1000,"count":100,"start":700}