{"datas":[{"cate":"100300001;100300177;101326958","comm":{"aid":"100","tid":"101326958"},"edit":{"head":"","link":"","name":"记者 韩祎","rank":"","desc":""},"link":"http://finance.caixin.com/2018-09-17/101326958.html","nid":101326958,"subDesc":"要闻","video":"","type":0,"tags":[],"audioUrl":"http://audio.caixin.com/caixin/958/101326958.mp3","form":null,"summ":"亿元资金从湘西存到杭州又不翼而飞，背后是一条各方心照不宣的账外借贷链条。酒鬼酒有无过错？银行担何责任？","freeDuration":"0","freeTime":"","channelDesc":"金融频道","time":"2018-09-17 16:45:35","attr":5,"channelId":125,"pict":{"imgs":[{"txt":"","url":"http://img.caixin.com/2018-09-17/1537174159649432_145_97.jpg"}],"num":1},"desc":"特稿|酒鬼酒亿元存款失踪案内幕"},{"cate":"100300001;100300177;101326532","comm":{"aid":"100","tid":"101326532"},"edit":{"head":"","link":"","name":"记者 岳跃 张榆","rank":"","desc":""},"link":"http://finance.caixin.com/2018-09-15/101326532.html","nid":101326532,"subDesc":"要闻","video":"","type":0,"tags":[],"audioUrl":"http://audio.caixin.com/caixin/532/101326532.mp3","form":null,"summ":"平安在业内以“狼性”文化著称，内部调整一向态度坚决、动作迅速；此次为聚焦量化投资，突然收缩基本面主动投资","freeDuration":"0","freeTime":"","channelDesc":"金融频道","time":"2018-09-15 22:57:50","attr":5,"channelId":125,"pict":{"imgs":[{"txt":"","url":"http://img.caixin.com/2018-09-15/1537024156174290_145_97.jpg"}],"num":1},"desc":"裁撤权益投资部门 平安资管缘何转型量化"},{"cate":"100300001;100300177;101326266","comm":{"aid":"100","tid":"101326266"},"edit":{"head":"","link":"","name":"记者 张宇哲","rank":"","desc":""},"link":"http://finance.caixin.com/2018-09-14/101326266.html","nid":101326266,"subDesc":"要闻","video":"","type":0,"tags":[],"audioUrl":"http://audio.caixin.com/caixin/266/101326266.mp3","form":null,"summ":"从此次整体评价结果来看，五家评级机构的综合评价低于上一评价期，反映出在债券市场违约常态化背景下，评级机构的评级质量问题更为凸显，信用风险揭示能力有待提高","freeDuration":"12","freeTime":"","channelDesc":"金融频道","time":"2018-09-14 19:54:04","attr":5,"channelId":125,"pict":{"imgs":[{"txt":"","url":"http://img.caixin.com/2018-09-14/1536926419268732_145_97.jpg"}],"num":1},"desc":"交易商协会最新评价公布 中诚信第一、大公垫底"},{"cate":"100300001;100300177;101326222","comm":{"aid":"100","tid":"101326222"},"edit":{"head":"","link":"","name":"记者 吴红毓然","rank":"","desc":""},"link":"http://finance.caixin.com/2018-09-14/101326222.html","nid":101326222,"subDesc":"要闻","video":"","type":0,"tags":[],"audioUrl":"http://audio.caixin.com/caixin/222/101326222.mp3","form":null,"summ":"山东的棘手局面不可低估，此番刘强前往山东，帮助化解各类金融风险，是一项重任","freeDuration":"0","freeTime":"","channelDesc":"金融频道","time":"2018-09-14 18:46:45","attr":5,"channelId":125,"pict":{"imgs":[{"txt":"","url":"http://img.caixin.com/2018-09-14/1536922578859966_145_97.jpg"}],"num":1},"desc":"又一位金融副省长将到位 刘强到任山东"},{"cate":"100300001;100300177;101326131","comm":{"aid":"100","tid":"101326131"},"edit":{"head":"","link":"","name":"记者 张宇哲 霍侃","rank":"","desc":""},"link":"http://finance.caixin.com/2018-09-14/101326131.html","nid":101326131,"subDesc":"要闻","video":"","type":0,"tags":[],"audioUrl":"http://audio.caixin.com/caixin/131/101326131.mp3","form":null,"summ":"在央行工作的十几年里，李波为人处世相当低调，见证了诸多重大金融改革，亲历了多场改革硬仗","freeDuration":"0","freeTime":"","channelDesc":"金融频道","time":"2018-09-14 16:17:04","attr":5,"channelId":125,"pict":{"imgs":[{"txt":"","url":"http://img.caixin.com/2018-09-14/1536914630604921_145_97.jpg"}],"num":1},"desc":"央行14年 李波任侨联副主席"},{"cate":"100300001;100300177;101326099","comm":{"aid":"100","tid":"101326099"},"edit":{"head":"","link":"","name":"记者 武晓蒙","rank":"","desc":""},"link":"http://finance.caixin.com/2018-09-14/101326099.html","nid":101326099,"subDesc":"要闻","video":"","type":0,"tags":[],"audioUrl":"http://audio.caixin.com/caixin/099/101326099.mp3","form":null,"summ":"增加信贷额度压降利率；通过大数据、线上化、信贷工厂审批模式压降银行运营成本，一定程度上缓解小微企业融资难题","freeDuration":"0","freeTime":"","channelDesc":"金融频道","time":"2018-09-14 15:21:51","attr":5,"channelId":125,"pict":{"imgs":[{"txt":"","url":"http://img.caixin.com/2018-09-14/1536910210857210_145_97.jpg"}],"num":1},"desc":"招行小微信贷额度同比增75%  利率下降接近监管要求"},{"cate":"100300001;100300177;101326085","comm":{"aid":"100","tid":"101326085"},"edit":{"head":"","link":"","name":"记者 武晓蒙","rank":"","desc":""},"link":"http://finance.caixin.com/2018-09-14/101326085.html","nid":101326085,"subDesc":"要闻","video":"","type":0,"tags":[],"audioUrl":"http://audio.caixin.com/caixin/085/101326085.mp3","form":null,"summ":"违规“要求”“接受”“知悉”地方政府提供担保并提供融资的金融机构，均要被处罚和问责；除了罚款，还要暂停业务、自查整改","freeDuration":"0","freeTime":"","channelDesc":"金融频道","time":"2018-09-14 15:00:25","attr":5,"channelId":125,"pict":{"imgs":[{"txt":"","url":"http://img.caixin.com/2016-12-08/1481181735045116_145_97.jpg"}],"num":1},"desc":"违规向地方政府提供融资 交行等八家金融机构被罚"},{"cate":"100300001;100300177;101325959","comm":{"aid":"100","tid":"101325959"},"edit":{"head":"","link":"","name":"记者 任蕙兰","rank":"","desc":""},"link":"http://finance.caixin.com/2018-09-14/101325959.html","nid":101325959,"subDesc":"要闻","video":"","type":0,"tags":[],"audioUrl":"http://audio.caixin.com/caixin/959/101325959.mp3","form":null,"summ":"他认为，金融服务的风险是积累的，在发展的过程中没有看到问题的积累，等问题积累到一定程度再去防，就会导致问题","freeDuration":"0","freeTime":"","channelDesc":"金融频道","time":"2018-09-14 11:03:10","attr":5,"channelId":125,"pict":{"imgs":[{"txt":"","url":"http://img.caixin.com/2018-09-14/1536894391560671_145_97.jpg"}],"num":1},"desc":"蔡鄂生：金融防风险和服务实体要统一"},{"cate":"100300001;100300177;101325892","comm":{"aid":"100","tid":"101325892"},"edit":{"head":"","link":"","name":"驻香港记者 尉奕阳","rank":"","desc":""},"link":"http://finance.caixin.com/2018-09-14/101325892.html","nid":101325892,"subDesc":"要闻","video":"","type":0,"tags":[],"audioUrl":"http://audio.caixin.com/caixin/892/101325892.mp3","form":null,"summ":"华兴资本计划进入新兴市场，并探索与蚂蚁金服合作开展财富管理与互联网金融等业务","freeDuration":"0","freeTime":"","channelDesc":"金融频道","time":"2018-09-14 08:55:35","attr":5,"channelId":125,"pict":{"imgs":[{"txt":"","url":"http://img.caixin.com/2018-09-14/1536886919125862_145_97.jpg"}],"num":1},"desc":"包凡：华兴资本拓展海外市场 首站东南亚"},{"cate":"100300001;100300177;101325804","comm":{"aid":"100","tid":"101325804"},"edit":{"head":"","link":"","name":"驻香港记者 刘雁菲 尉奕阳","rank":"","desc":""},"link":"http://finance.caixin.com/2018-09-13/101325804.html","nid":101325804,"subDesc":"要闻","video":"","type":0,"tags":[],"audioUrl":"http://audio.caixin.com/caixin/804/101325804.mp3","form":null,"summ":"财新记者亲探OKEx香港办公地点，徐明星目前在两家香港注册有“OKEx”踪影的公司担任董事或股东","freeDuration":"0","freeTime":"","channelDesc":"金融频道","time":"2018-09-13 19:57:24","attr":5,"channelId":125,"pict":{"imgs":[{"txt":"","url":"http://img.caixin.com/2018-09-13/1536840272416471_145_97.jpg"}],"num":1},"desc":"特稿|陷入炒币维权纠纷 徐明星与OKEx到底是什么关系？"},{"cate":"100300001;100300177;101325771","comm":{"aid":"100","tid":"101325771"},"edit":{"head":"","link":"","name":"记者 朱亮韬","rank":"","desc":""},"link":"http://finance.caixin.com/2018-09-13/101325771.html","nid":101325771,"subDesc":"要闻","video":"","type":0,"tags":[],"audioUrl":"http://audio.caixin.com/caixin/771/101325771.mp3","form":null,"summ":"根据财新记者不完全统计，2018年以来已有近20家上市公司发生高比例股权转让，引入国有资本。在已经完成的9个案例中，国有资本共出资超过62亿元，成为上市公司实际控制人","freeDuration":"0","freeTime":"","channelDesc":"金融频道","time":"2018-09-13 18:26:04","attr":5,"channelId":125,"pict":{"imgs":[{"txt":"","url":"http://img.caixin.com/2018-09-13/1536834694888922_145_97.jpg"}],"num":1},"desc":"民营上市公司大股东爆仓国资接盘：9月新增6家"},{"cate":"100300001;100300177;101325464","comm":{"aid":"100","tid":"101325464"},"edit":{"head":"","link":"","name":"驻香港记者 尉奕阳","rank":"","desc":""},"link":"http://finance.caixin.com/2018-09-13/101325464.html","nid":101325464,"subDesc":"要闻","video":"","type":0,"tags":[],"audioUrl":"http://audio.caixin.com/caixin/464/101325464.mp3","form":null,"summ":"华兴资本为境内初创及独角兽企业提供精品投行业务，支付宝任基石投资者","freeDuration":"0","freeTime":"","channelDesc":"金融频道","time":"2018-09-13 09:16:29","attr":5,"channelId":125,"pict":{"imgs":[{"txt":"","url":"http://img.caixin.com/2018-09-13/1536801572383663_145_97.jpg"}],"num":1},"desc":"华兴资本香港IPO路演  最多募资30亿港元"},{"cate":"100300001;100300177;101325414","comm":{"aid":"100","tid":"101325414"},"edit":{"head":"","link":"","name":"驻香港记者 尉奕阳","rank":"","desc":""},"link":"http://finance.caixin.com/2018-09-13/101325414.html","nid":101325414,"subDesc":"要闻","video":"","type":0,"tags":[],"audioUrl":"http://audio.caixin.com/caixin/414/101325414.mp3","form":null,"summ":"新成立的网络保险公司由传统险企英杰华保险的香港分部转型而成，腾讯持有20%股权","freeDuration":"0","freeTime":"","channelDesc":"金融频道","time":"2018-09-13 07:28:47","attr":5,"channelId":125,"pict":{"imgs":[{"txt":"","url":"http://img.caixin.com/2018-09-13/1536798652618918_145_97.jpg"}],"num":1},"desc":"腾讯联手英杰华  推香港网络寿险平台"},{"cate":"100300001;100300177;101325400","comm":{"aid":"100","tid":"101325400"},"edit":{"head":"","link":"","name":"记者 董兢","rank":"","desc":""},"link":"http://finance.caixin.com/2018-09-12/101325400.html","nid":101325400,"subDesc":"要闻","video":"","type":0,"tags":[],"audioUrl":"http://audio.caixin.com/caixin/400/101325400.mp3","form":null,"summ":"联合体以挂牌底价受让世纪证券91.65%的股权，前海金控担任联合体牵头成员","freeDuration":"0","freeTime":"","channelDesc":"金融频道","time":"2018-09-12 22:38:01","attr":5,"channelId":125,"pict":{"imgs":[{"txt":"","url":"http://img.caixin.com/2018-09-12/1536763953931598_145_97.jpg"}],"num":1},"desc":"安邦甩卖世纪证券 前海金控、厦门国贸联合接盘"},{"cate":"100300001;100300177;101325296","comm":{"aid":"100","tid":"101325296"},"edit":{"head":"","link":"","name":"记者 吴红毓然","rank":"","desc":""},"link":"http://finance.caixin.com/2018-09-12/101325296.html","nid":101325296,"subDesc":"要闻","video":"","type":0,"tags":[],"audioUrl":"http://audio.caixin.com/caixin/296/101325296.mp3","form":null,"summ":"社会融资规模总量修复较好，但结构较差，对公贷款依靠票据冲规模；银行风险偏好依然难见明显反弹，“宽信用”面临较大挑战，贷款后续增长乏力","freeDuration":"0","freeTime":"","channelDesc":"金融频道","time":"2018-09-12 19:00:21","attr":5,"channelId":125,"pict":{"imgs":[{"txt":"","url":"http://img.caixin.com/2018-09-12/1536750277891876_145_97.jpg"}],"num":1},"desc":"8月M2回落至8.2% 银行靠票据冲信贷规模"},{"cate":"100300001;100300177;101325281","comm":{"aid":"100","tid":"101325281"},"edit":{"head":"","link":"","name":"记者 彭骎骎","rank":"","desc":""},"link":"http://finance.caixin.com/2018-09-12/101325281.html","nid":101325281,"subDesc":"要闻","video":"","type":0,"tags":[],"audioUrl":"http://audio.caixin.com/caixin/281/101325281.mp3","form":null,"summ":"尽管政府对城投平台提供支持的可能性减弱，但两家评级机构认为大型城投平台对经济的重要性仍然存在，政府将会缓和融资平台的再融资压力","freeDuration":"0","freeTime":"","channelDesc":"金融频道","time":"2018-09-12 18:36:51","attr":5,"channelId":125,"pict":{"imgs":[{"txt":"","url":"http://img.caixin.com/2018-09-12/1536748852188036_145_97.jpg"}],"num":1},"desc":"政府支持可能性减弱 11家城投被标普穆迪降级"},{"cate":"100300001;100300177;101325223","comm":{"aid":"100","tid":"101325223"},"edit":{"head":"","link":"","name":"驻香港记者 尉奕阳","rank":"","desc":""},"link":"http://finance.caixin.com/2018-09-12/101325223.html","nid":101325223,"subDesc":"要闻","video":"","type":0,"tags":[],"audioUrl":"http://audio.caixin.com/caixin/223/101325223.mp3","form":null,"summ":"内地互联网公司在香港布局金融业已有先例，大多依赖投资入股本地公司形式取得从业资质","freeDuration":"0","freeTime":"","channelDesc":"金融频道","time":"2018-09-12 17:13:20","attr":5,"channelId":125,"pict":{"imgs":[{"txt":"","url":"http://img.caixin.com/2018-09-12/1536743874385345_145_97.jpg"}],"num":1},"desc":"独家|今日头条有意在香港开展互联网金融业务"},{"cate":"100300001;100300177;101325173","comm":{"aid":"100","tid":"101325173"},"edit":{"head":"","link":"","name":"记者 刘彩萍","rank":"","desc":""},"link":"http://finance.caixin.com/2018-09-12/101325173.html","nid":101325173,"subDesc":"要闻","video":"","type":0,"tags":[],"audioUrl":"http://audio.caixin.com/caixin/173/101325173.mp3","form":null,"summ":"发审委员李国春为黑龙江证监局公司监管处处长，高级会计师","freeDuration":"0","freeTime":"","channelDesc":"金融频道","time":"2018-09-12 15:29:09","attr":5,"channelId":125,"pict":{"imgs":[{"txt":"","url":"http://img.caixin.com/2018-09-12/1536743076393661_145_97.jpg"}],"num":1},"desc":"发审委员晕倒在证监会食堂 抢救无效过世"},{"cate":"100300001;100300177;101325152","comm":{"aid":"100","tid":"101325152"},"edit":{"head":"","link":"","name":"记者 韩祎","rank":"","desc":""},"link":"http://finance.caixin.com/2018-09-12/101325152.html","nid":101325152,"subDesc":"要闻","video":"","type":0,"tags":[],"audioUrl":"http://audio.caixin.com/caixin/152/101325152.mp3","form":null,"summ":"由于缺乏必要的基础设施，目前绝大部分区块链的落地应用不会成功；在未来十年快要结束的时候，会看到一些有趣的项目出现","freeDuration":"0","freeTime":"","channelDesc":"金融频道","time":"2018-09-12 15:08:56","attr":5,"channelId":125,"pict":{"imgs":[{"txt":"","url":"http://img.caixin.com/2018-09-12/1536736713122844_145_97.jpg"}],"num":1},"desc":"为何吴忌寒说这波区块链应用大部分会失败？"},{"cate":"100300001;100300177;101325013","comm":{"aid":"100","tid":"101325013"},"edit":{"head":"","link":"","name":"记者 彭骎骎","rank":"","desc":""},"link":"http://finance.caixin.com/2018-09-12/101325013.html","nid":101325013,"subDesc":"要闻","video":"","type":0,"tags":[],"audioUrl":"http://audio.caixin.com/caixin/013/101325013.mp3","form":null,"summ":"评级机构统一评级标准，保持两个市场评级结果的一致性和可比性，监管套利空间将不复存在","freeDuration":"0","freeTime":"","channelDesc":"金融频道","time":"2018-09-12 10:05:07","attr":5,"channelId":125,"pict":{"imgs":[{"txt":"","url":"http://img.caixin.com/2018-09-12/1536718523153371_145_97.jpg"}],"num":1},"desc":"债市统一第一枪 银行间和交易所评级机构资质互认"},{"cate":"100300001;100300177;101324902","comm":{"aid":"100","tid":"101324902"},"edit":{"head":"","link":"","name":"见习记者 胡越","rank":"","desc":""},"link":"http://finance.caixin.com/2018-09-11/101324902.html","nid":101324902,"subDesc":"要闻","video":"","type":0,"tags":[],"audioUrl":"http://audio.caixin.com/caixin/902/101324902.mp3","form":null,"summ":"徐明星为什么会因为比特币大跌而被OKEx交易所的投资者围堵？他是如何被带到浦东潍坊新村派出所的？他可能涉嫌什么罪名？","freeDuration":"0","freeTime":"","channelDesc":"金融频道","time":"2018-09-11 19:31:35","attr":5,"channelId":125,"pict":{"imgs":[{"txt":"","url":"http://img.caixin.com/2018-09-11/1536665751664144_145_97.jpg"}],"num":1},"desc":"币圈大佬陷纠纷 徐明星派出所对峙投资者"},{"cate":"100300001;100300177;101324827","comm":{"aid":"100","tid":"101324827"},"edit":{"head":"","link":"","name":"记者 朱亮韬","rank":"","desc":""},"link":"http://finance.caixin.com/2018-09-11/101324827.html","nid":101324827,"subDesc":"要闻","video":"","type":0,"tags":[],"audioUrl":"http://audio.caixin.com/caixin/827/101324827.mp3","form":null,"summ":"在证监会认定五洋建设欺诈发行之后，7月底部分五洋债个人投资者已经以“证券虚假陈述纠纷”为由，在杭州中院起诉发行人五洋建设及承销商德邦证券，要求赔偿","freeDuration":"0","freeTime":"","channelDesc":"金融频道","time":"2018-09-11 16:45:31","attr":5,"channelId":125,"pict":{"imgs":[{"txt":"","url":"http://img.caixin.com/2018-09-11/1536655973042658_145_97.jpg"}],"num":1},"desc":"五洋债违约后续：浙江证监局立案调查两中介机构"},{"cate":"100300001;100300177;101324585","comm":{"aid":"100","tid":"101324585"},"edit":{"head":"","link":"","name":"记者 董兢","rank":"","desc":""},"link":"http://finance.caixin.com/2018-09-11/101324585.html","nid":101324585,"subDesc":"要闻","video":"","type":0,"tags":[],"audioUrl":"http://audio.caixin.com/caixin/585/101324585.mp3","form":null,"summ":"业绩大幅下降及赖小民接受调查，均对华融的A股发行上市审核造成不确定性影响","freeDuration":"0","freeTime":"","channelDesc":"金融频道","time":"2018-09-11 08:48:04","attr":5,"channelId":125,"pict":{"imgs":[{"txt":"","url":"http://img.caixin.com/2018-05-10/1525909901992461_145_97.jpg"}],"num":1},"desc":"华融撤回A股发行申请 条件成熟后再推进"},{"cate":"100300001;100300177;101324551","comm":{"aid":"100","tid":"101324551"},"edit":{"head":"","link":"","name":"记者 武晓蒙 霍侃","rank":"","desc":""},"link":"http://finance.caixin.com/2018-09-10/101324551.html","nid":101324551,"subDesc":"要闻","video":"","type":0,"tags":[],"audioUrl":"http://audio.caixin.com/caixin/551/101324551.mp3","form":null,"summ":"除了工行襄阳分行132亿元虚假理财案，湖北分行辖内还有十堰、荆门等分行出现了多起违规融资、骗贷案，部分资产的处置已陷入僵局","freeDuration":"0","freeTime":"","channelDesc":"金融频道","time":"2018-09-10 20:22:37","attr":5,"channelId":125,"pict":{"imgs":[{"txt":"","url":"http://img.caixin.com/2018-09-10/1536582638713043_145_97.jpg"}],"num":1},"desc":"特稿|陈智军供应链骗贷案发 工行十堰分行陷泥潭"},{"cate":"100300001;100300177;101324420","comm":{"aid":"100","tid":"101324420"},"edit":{"head":"","link":"","name":"见习记者 胡越","rank":"","desc":""},"link":"http://finance.caixin.com/2018-09-10/101324420.html","nid":101324420,"subDesc":"要闻","video":"","type":0,"tags":[],"audioUrl":"http://audio.caixin.com/caixin/420/101324420.mp3","form":null,"summ":"持牌消费金融公司的收入和利润增速有所放缓，反映了现金贷新规的影响；不良贷款率上升导致的拨备覆盖率提高，也导致消费金融公司利润下滑甚至亏损","freeDuration":"0","freeTime":"","channelDesc":"金融频道","time":"2018-09-10 16:24:41","attr":5,"channelId":125,"pict":{"imgs":[{"txt":"","url":"http://img.caixin.com/2018-09-10/1536568248471258_145_97.jpg"}],"num":1},"desc":"消费金融公司半年答卷：增速放缓 不良上升"},{"cate":"100300001;100300177;101324280","comm":{"aid":"100","tid":"101324280"},"edit":{"head":"","link":"","name":"驻香港记者 尉奕阳","rank":"","desc":""},"link":"http://finance.caixin.com/2018-09-10/101324280.html","nid":101324280,"subDesc":"要闻","video":"","type":0,"tags":[],"audioUrl":"http://audio.caixin.com/caixin/280/101324280.mp3","form":null,"summ":"五名基石投资者将共认购42.5%海底捞IPO发行股份；海底捞市盈率高过百胜中国","freeDuration":"0","freeTime":"","channelDesc":"金融频道","time":"2018-09-10 10:36:12","attr":5,"channelId":125,"pict":{"imgs":[{"txt":"","url":"http://img.caixin.com/2018-09-10/1536547245356528_145_97.jpg"}],"num":1},"desc":"海底捞香港IPO集资76亿港元 高瓴摩根士丹利任基石"},{"cate":"100300001;100300177;101324197","comm":{"aid":"100","tid":"101324197"},"edit":{"head":"","link":"","name":"记者 全月","rank":"","desc":""},"link":"http://finance.caixin.com/2018-09-09/101324197.html","nid":101324197,"subDesc":"要闻","video":"","type":0,"tags":[],"audioUrl":"http://audio.caixin.com/caixin/197/101324197.mp3","form":null,"summ":"紫光集团股权转让落地后，中国第一大高校企业少了清华的加持，其名下多项美元债大跌","freeDuration":"0","freeTime":"","channelDesc":"金融频道","time":"2018-09-09 19:32:13","attr":5,"channelId":125,"pict":{"imgs":[{"txt":"","url":"http://img.caixin.com/2018-09-09/1536493928730514_145_97.jpg"}],"num":1},"desc":"紫光美元债连创新低 股权交易影响海外融资能力？"},{"cate":"100300001;100300177;101324067","comm":{"aid":"100","tid":"101324067"},"edit":{"head":"","link":"","name":"记者 张榆","rank":"","desc":""},"link":"http://finance.caixin.com/2018-09-08/101324067.html","nid":101324067,"subDesc":"要闻","video":"","type":0,"tags":[],"audioUrl":"http://audio.caixin.com/caixin/067/101324067.mp3","form":null,"summ":"华闻传媒持有的东海证券10.22%股权已被上海经侦司法冻结，华闻传媒此前的实际控制人正是阜兴集团。朱一栋被押解回国后，阜兴案处理进度正在加快","freeDuration":"0","freeTime":"","channelDesc":"金融频道","time":"2018-09-08 12:38:25","attr":5,"channelId":125,"pict":{"imgs":[{"txt":"","url":"http://img.caixin.com/2018-09-08/1536381940600646_145_97.jpg"}],"num":1},"desc":"阜兴案最新进展：华闻传媒持东海证券股权被冻结"},{"cate":"100300001;100300177;101323886","comm":{"aid":"100","tid":"101323886"},"edit":{"head":"","link":"","name":"驻香港记者 尉奕阳","rank":"","desc":""},"link":"http://finance.caixin.com/2018-09-07/101323886.html","nid":101323886,"subDesc":"要闻","video":"","type":0,"tags":[],"audioUrl":"http://audio.caixin.com/caixin/886/101323886.mp3","form":null,"summ":"雷添良为香港执业会计师，在金融、教育、税务等领域经验丰富，现任主席唐家成将于今年10月届满离任","freeDuration":"0","freeTime":"","channelDesc":"金融频道","time":"2018-09-07 20:30:06","attr":5,"channelId":125,"pict":{"imgs":[{"txt":"","url":"http://img.caixin.com/2018-09-07/1536325442450549_145_97.jpg"}],"num":1},"desc":"雷添良出任香港证监会主席"},{"cate":"100300001;100300177;101323834","comm":{"aid":"100","tid":"101323834"},"edit":{"head":"","link":"","name":"记者 彭骎骎","rank":"","desc":""},"link":"http://finance.caixin.com/2018-09-07/101323834.html","nid":101323834,"subDesc":"要闻","video":"","type":0,"tags":[],"audioUrl":"http://audio.caixin.com/caixin/834/101323834.mp3","form":null,"summ":"外汇局表示，今年前8个月银行结售汇平衡状况依然明显好于上年同期，涉外收支逆差继续呈现同比大幅收窄态势","freeDuration":"48","freeTime":"","channelDesc":"金融频道","time":"2018-09-07 19:22:07","attr":0,"channelId":125,"pict":{"imgs":[{"txt":"","url":"http://img.caixin.com/2018-09-07/1536319974486758_145_97.jpg"}],"num":1},"desc":"估值因素导致8月外储微降  外汇局称资本跨境流动平稳"},{"cate":"100300001;100300177;101323797","comm":{"aid":"100","tid":"101323797"},"edit":{"head":"","link":"","name":"记者 董兢","rank":"","desc":""},"link":"http://finance.caixin.com/2018-09-07/101323797.html","nid":101323797,"subDesc":"要闻","video":"","type":0,"tags":[],"audioUrl":"http://audio.caixin.com/caixin/797/101323797.mp3","form":null,"summ":"“保险一哥”中国人寿面临市场份额正在缩水的压力，新董事长将如何作为？","freeDuration":"0","freeTime":"","channelDesc":"金融频道","time":"2018-09-07 18:17:46","attr":5,"channelId":125,"pict":{"imgs":[{"txt":"","url":"http://img.caixin.com/2018-09-07/1536315697501792_145_97.jpg"}],"num":1},"desc":"中国人寿新任董事长到位  王滨接任杨明生"},{"cate":"100300001;100300177;101323793","comm":{"aid":"100","tid":"101323793"},"edit":{"head":"","link":"","name":"记者 彭岩锋","rank":"","desc":""},"link":"http://finance.caixin.com/2018-09-07/101323793.html","nid":101323793,"subDesc":"要闻","video":"","type":0,"tags":[],"audioUrl":"http://audio.caixin.com/caixin/793/101323793.mp3","form":null,"summ":"王娴认为，2008年金融危机以后，全球四大经济体都实行了量化宽松政策，推动“独角兽”企业出现","freeDuration":"0","freeTime":"","channelDesc":"金融频道","time":"2018-09-07 18:15:12","attr":5,"channelId":125,"pict":{"imgs":[{"txt":"","url":"http://img.caixin.com/2018-09-07/1536315572191923_145_97.jpg"}],"num":1},"desc":"清华大学王娴：企业风险投资助推独角兽企业"},{"cate":"100300001;100300177;101323779","comm":{"aid":"100","tid":"101323779"},"edit":{"head":"","link":"","name":"记者 吴红毓然","rank":"","desc":""},"link":"http://finance.caixin.com/2018-09-07/101323779.html","nid":101323779,"subDesc":"要闻","video":"","type":0,"tags":[],"audioUrl":"http://audio.caixin.com/caixin/779/101323779.mp3","form":null,"summ":"在工行担任了约一年半的副行长后，这位成长于建行的中管干部有望被派往四川省","freeDuration":"0","freeTime":"","channelDesc":"金融频道","time":"2018-09-07 18:08:29","attr":5,"channelId":125,"pict":{"imgs":[{"txt":"","url":"http://img.caixin.com/2018-09-07/1536315233823774_145_97.jpg"}],"num":1},"desc":"工行副行长李云泽离职  将赴四川"},{"cate":"100300001;100300177;101323644","comm":{"aid":"100","tid":"101323644"},"edit":{"head":"","link":"","name":"记者 刘彩萍","rank":"","desc":""},"link":"http://finance.caixin.com/2018-09-07/101323644.html","nid":101323644,"subDesc":"要闻","video":"","type":0,"tags":[],"audioUrl":"http://audio.caixin.com/caixin/644/101323644.mp3","form":null,"summ":"以库存方式持有的回购股份，持有期限不得超过三年，且没有表决权、不得分配利润。同时正在研究规则防范库存股制度沦为市场操纵、内幕交易的工具","freeDuration":"0","freeTime":"","channelDesc":"金融频道","time":"2018-09-07 16:35:10","attr":5,"channelId":125,"pict":{"imgs":[{"txt":"","url":"http://img.caixin.com/2018-09-07/1536309789936249_145_97.jpg"}],"num":1},"desc":"允库存防操纵 证监会大推股份回购"},{"cate":"100300001;100300177;101323365","comm":{"aid":"100","tid":"101323365"},"edit":{"head":"","link":"","name":"驻香港记者 刘雁菲","rank":"","desc":""},"link":"http://finance.caixin.com/2018-09-07/101323365.html","nid":101323365,"subDesc":"要闻","video":"","type":0,"tags":[],"audioUrl":"http://audio.caixin.com/caixin/365/101323365.mp3","form":null,"summ":"专注于新经济业务的投行和投资管理公司，此次融资规模约4亿美元","freeDuration":"0","freeTime":"","channelDesc":"金融频道","time":"2018-09-07 08:11:52","attr":5,"channelId":125,"pict":{"imgs":[{"txt":"","url":"http://img.caixin.com/2018-06-26/1529971970886349_145_97.jpg"}],"num":1},"desc":"华兴资本IPO通过港交所聆讯 9月中启动路演"},{"cate":"100300001;100300177;101323355","comm":{"aid":"100","tid":"101323355"},"edit":{"head":"","link":"","name":"驻香港实习记者 张岱鼎 驻香港记者 尉奕阳","rank":"","desc":""},"link":"http://finance.caixin.com/2018-09-07/101323355.html","nid":101323355,"subDesc":"要闻","video":"","type":0,"tags":[],"audioUrl":"http://audio.caixin.com/caixin/355/101323355.mp3","form":null,"summ":"香港跟随美国进入加息周期，银行业资金成本持续增加，市场正告别流动性“水漫金山”的日子","freeDuration":"0","freeTime":"","channelDesc":"金融频道","time":"2018-09-07 07:50:52","attr":5,"channelId":125,"pict":{"imgs":[{"txt":"","url":"http://img.caixin.com/2018-09-07/1536279840561636_145_97.jpg"}],"num":1},"desc":"香港银行12年来首加活期利率意味什么？"},{"cate":"100300001;100300177;101323344","comm":{"aid":"100","tid":"101323344"},"edit":{"head":"","link":"","name":"记者 刘彩萍","rank":"","desc":""},"link":"http://finance.caixin.com/2018-09-07/101323344.html","nid":101323344,"subDesc":"要闻","video":"","type":0,"tags":[],"audioUrl":"http://audio.caixin.com/caixin/344/101323344.mp3","form":null,"summ":"国务院会议明确，保持地方已实施的创投基金税收支持政策稳定，由有关部门结合修订个人所得税法实施条例，按照不溯及既往、确保总体税负不增的原则，抓紧完善进一步支持创投基金发展的税收政策","freeDuration":"0","freeTime":"","channelDesc":"金融频道","time":"2018-09-07 07:07:21","attr":5,"channelId":125,"pict":{"imgs":[{"txt":"","url":"http://img.caixin.com/2018-06-19/1529382933964779_145_97.jpg"}],"num":1},"desc":"创投基金税收争议平息 总体不增"},{"cate":"100300001;100300177;101323230","comm":{"aid":"100","tid":"101323230"},"edit":{"head":"","link":"","name":"记者 朱亮韬","rank":"","desc":""},"link":"http://finance.caixin.com/2018-09-06/101323230.html","nid":101323230,"subDesc":"要闻","video":"","type":0,"tags":[],"audioUrl":"http://audio.caixin.com/caixin/230/101323230.mp3","form":null,"summ":"国内国外买资产装入上市公司套利，外部环境变化资金链骤然断裂。三胞集团是民企激进并购的典型样本，江苏省市两级政府多次协调金融机构债权人，试图化解危机","freeDuration":"0","freeTime":"","channelDesc":"金融频道","time":"2018-09-06 17:20:17","attr":5,"channelId":125,"pict":{"imgs":[{"txt":"","url":"http://img.caixin.com/2018-09-06/1536225913664827_145_97.jpg"}],"num":1},"desc":"独家|三胞集团金融债委会成立 600亿债务危局化解寻路"},{"cate":"100300001;100300177;101323108","comm":{"aid":"100","tid":"101323108"},"edit":{"head":"","link":"","name":"记者 张榆","rank":"","desc":""},"link":"http://finance.caixin.com/2018-09-06/101323108.html","nid":101323108,"subDesc":"要闻","video":"","type":0,"tags":[],"audioUrl":"http://audio.caixin.com/caixin/108/101323108.mp3","form":null,"summ":"拟修订《公司法》，增加股份回购情形、完善实施股份回购的决策程序、建立库存股制度","freeDuration":"0","freeTime":"","channelDesc":"金融频道","time":"2018-09-06 11:18:09","attr":5,"channelId":125,"pict":{"imgs":[{"txt":"","url":"http://img.caixin.com/2018-05-04/1525445523195960_145_97.jpg"}],"num":1},"desc":"证监会提修法建议 推上市公司回购"},{"cate":"100300001;100300177;101323102","comm":{"aid":"100","tid":"101323102"},"edit":{"head":"","link":"","name":"记者 董兢","rank":"","desc":""},"link":"http://finance.caixin.com/2018-09-06/101323102.html","nid":101323102,"subDesc":"要闻","video":"","type":0,"tags":[],"audioUrl":"http://audio.caixin.com/caixin/102/101323102.mp3","form":null,"summ":"受人身险原保费收入下降影响，全行业原保费收入下滑；中小险企资金流日趋紧张，上半年发行的万能险、投连险有抬头趋势","freeDuration":"0","freeTime":"","channelDesc":"金融频道","time":"2018-09-06 11:08:16","attr":5,"channelId":125,"pict":{"imgs":[{"txt":"","url":"http://img.caixin.com/2018-09-06/1536203708763048_145_97.jpg"}],"num":1},"desc":"险企交半年答卷 全面缓规模调结构"},{"cate":"100300001;100300177;101323060","comm":{"aid":"100","tid":"101323060"},"edit":{"head":"","link":"","name":"记者 韩祎","rank":"","desc":""},"link":"http://finance.caixin.com/2018-09-06/101323060.html","nid":101323060,"subDesc":"要闻","video":"","type":0,"tags":[],"audioUrl":"http://audio.caixin.com/caixin/060/101323060.mp3","form":null,"summ":"某公司借客户名义，与银行内部人员勾结，通过信用卡现金分期、消费贷款、信用卡消费分期业务，向银行业金融机构申请贷款","freeDuration":"0","freeTime":"","channelDesc":"金融频道","time":"2018-09-06 10:10:07","attr":5,"channelId":125,"pict":{"imgs":[{"txt":"","url":"http://img.caixin.com/2018-09-06/1536200038476298_145_97.jpg"}],"num":1},"desc":"银保监会通报非法集资新样本：借客户名义向银行骗贷"},{"cate":"100300001;100300177;101322981","comm":{"aid":"100","tid":"101322981"},"edit":{"head":"","link":"","name":"记者 彭骎骎 吴红毓然","rank":"","desc":""},"link":"http://finance.caixin.com/2018-09-05/101322981.html","nid":101322981,"subDesc":"要闻","video":"","type":0,"tags":[],"audioUrl":"http://audio.caixin.com/caixin/981/101322981.mp3","form":null,"summ":"资金在银行体系内打转，市场利率与政策利率一度“倒挂”，银行的钱“花”不出去；通过定向正回购回笼资金，可暂时缓解短期市场利率过低的局面","freeDuration":"0","freeTime":"","channelDesc":"金融频道","time":"2018-09-05 21:59:49","attr":5,"channelId":125,"pict":{"imgs":[{"txt":"","url":"http://img.caixin.com/2016-11-28/1480302867967627_145_97.jpg"}],"num":1},"desc":"资金堆积银行间 央行启用定向正回购"},{"cate":"100300001;100300177;101322919","comm":{"aid":"100","tid":"101322919"},"edit":{"head":"","link":"","name":"记者 张榆","rank":"","desc":""},"link":"http://finance.caixin.com/2018-09-05/101322919.html","nid":101322919,"subDesc":"要闻","video":"","type":0,"tags":[],"audioUrl":"http://audio.caixin.com/caixin/914/101322914.mp3","form":null,"summ":"自乐视网与非上市体系对债务规模达成共识后，股价不断上涨，12个交易日即翻番。但从基本面看，贾跃亭非上市体系的67亿元债务并无还款计划，公司将在今年年底面临暂停上市风险","freeDuration":"0","freeTime":"","channelDesc":"金融频道","time":"2018-09-05 18:57:12","attr":5,"channelId":125,"pict":{"imgs":[{"txt":"","url":"http://img.caixin.com/2018-09-05/1536145418531489_145_97.jpg"}],"num":1},"desc":"独家|乐视网仍将面临暂停上市 12个交易日股价翻番游资缘何疯狂？"},{"cate":"100300001;100300177;101322880","comm":{"aid":"100","tid":"101322880"},"edit":{"head":"","link":"","name":"见习记者 胡越","rank":"","desc":""},"link":"http://finance.caixin.com/2018-09-05/101322880.html","nid":101322880,"subDesc":"要闻","video":"","type":0,"tags":[],"audioUrl":"http://audio.caixin.com/caixin/880/101322880.mp3","form":null,"summ":"“放心借”属于给持牌机构导流助贷，目前看来并无明显违规之处；但行业内仍有违规现象存在，包括与流量平台合作的贷款服务提供方并非都有正规牌照、平台违规向客户收手续费等","freeDuration":"0","freeTime":"","channelDesc":"金融频道","time":"2018-09-05 18:06:05","attr":5,"channelId":125,"pict":{"imgs":[{"txt":"","url":"http://img.caixin.com/2018-09-05/1536142241443042_145_97.jpg"}],"num":1},"desc":"今日头条“放心借”遭举报  流量平台助贷风险几何"},{"cate":"100300001;100300177;101322843","comm":{"aid":"100","tid":"101322843"},"edit":{"head":"","link":"","name":"记者 吴红毓然","rank":"","desc":""},"link":"http://finance.caixin.com/2018-09-05/101322843.html","nid":101322843,"subDesc":"要闻","video":"","type":0,"tags":[],"audioUrl":"http://audio.caixin.com/caixin/843/101322843.mp3","form":null,"summ":"市场分析称，在修复民企融资环境问题上，货币政策可以发挥的空间已经不大了；真正通过减税降费稳住经济，是眼下最急迫的事情","freeDuration":"0","freeTime":"","channelDesc":"金融频道","time":"2018-09-05 17:13:38","attr":5,"channelId":125,"pict":{"imgs":[{"txt":"","url":"http://img.caixin.com/2018-09-05/1536139117300093_145_97.jpg"}],"num":1},"desc":"民企最难一年？央行集结14家银行与29家企业座谈"},{"cate":"100300001;100300177;101322799","comm":{"aid":"100","tid":"101322799"},"edit":{"head":"","link":"","name":"记者 刘彩萍","rank":"","desc":""},"link":"http://finance.caixin.com/2018-09-05/101322799.html","nid":101322799,"subDesc":"要闻","video":"","type":0,"tags":[],"audioUrl":"http://audio.caixin.com/caixin/799/101322799.mp3","form":null,"summ":"监管希望税收政策的调整不要对行业造成过大冲击","freeDuration":"48","freeTime":"","channelDesc":"金融频道","time":"2018-09-05 16:05:27","attr":5,"channelId":125,"pict":{"imgs":[{"txt":"","url":"http://img.caixin.com/2018-09-05/1536135049957773_145_97.jpg"}],"num":1},"desc":"合伙创投如何征税 专家企业看法迥异"},{"cate":"100300001;100300177;101322714","comm":{"aid":"100","tid":"101322714"},"edit":{"head":"","link":"","name":"记者 吴雨俭","rank":"","desc":""},"link":"http://finance.caixin.com/2018-09-05/101322714.html","nid":101322714,"subDesc":"要闻","video":"","type":0,"tags":[],"audioUrl":"http://audio.caixin.com/caixin/714/101322714.mp3","form":null,"summ":"科技带来的便利，某种程度上也放大了金融风险，让风险的积聚、扩散和传播更迅速，杀伤力也更大","freeDuration":"0","freeTime":"","channelDesc":"金融频道","time":"2018-09-05 14:44:42","attr":5,"channelId":125,"pict":{"imgs":[{"txt":"","url":"http://img.caixin.com/2018-09-05/1536130647825784_145_97.jpg"}],"num":1},"desc":"普华永道：人工智能等金融基础设施或成系统性风险来源"},{"cate":"100300001;100300177;101322707","comm":{"aid":"100","tid":"101322707"},"edit":{"head":"","link":"","name":"记者 朱亮韬","rank":"","desc":""},"link":"http://finance.caixin.com/2018-09-05/101322707.html","nid":101322707,"subDesc":"要闻","video":"","type":0,"tags":[],"audioUrl":"http://audio.caixin.com/caixin/707/101322707.mp3","form":null,"summ":"租赁的房产已经被用于抵押担保，这对上市公司的租赁权益保障构成潜在风险。上交所多次关注亚泰集团对外收购等交易的合理性","freeDuration":"0","freeTime":"","channelDesc":"金融频道","time":"2018-09-05 13:33:41","attr":5,"channelId":125,"pict":{"imgs":[{"txt":"","url":"http://img.caixin.com/2018-09-05/1536125909393126_145_97.jpg"}],"num":1},"desc":"亚泰集团5.24亿租赁已抵押房产 上交所年内第三次发函质疑"},{"cate":"100300001;100300177;101322481","comm":{"aid":"100","tid":"101322481"},"edit":{"head":"","link":"","name":"记者 董兢","rank":"","desc":""},"link":"http://finance.caixin.com/2018-09-04/101322481.html","nid":101322481,"subDesc":"要闻","video":"","type":0,"tags":[],"audioUrl":"http://audio.caixin.com/caixin/481/101322481.mp3","form":null,"summ":"过渡期内，信托公司可发行老产品接续存量未到期资产；主要因近期社会融资规模持续下降，实体经济融资难","freeDuration":"0","freeTime":"","channelDesc":"金融频道","time":"2018-09-04 18:21:47","attr":5,"channelId":125,"pict":{"imgs":[{"txt":"","url":"http://img.caixin.com/2018-09-04/1536056746095612_145_97.jpg"}],"num":1},"desc":"资管新规过渡期 投向实体经济的信托通道可做"},{"cate":"100300001;100300177;101322343","comm":{"aid":"100","tid":"101322343"},"edit":{"head":"","link":"","name":"记者 彭骎骎","rank":"","desc":""},"link":"http://finance.caixin.com/2018-09-04/101322343.html","nid":101322343,"subDesc":"要闻","video":"","type":0,"tags":[],"audioUrl":"http://audio.caixin.com/caixin/343/101322343.mp3","form":null,"summ":"监管未能形成合力，相互推诿是主要原因；中国互金协会两次发布风险提示，但互金协会权限小、没有执法权，此类通知作用有限","freeDuration":"0","freeTime":"","channelDesc":"金融频道","time":"2018-09-04 15:16:36","attr":5,"channelId":125,"pict":{"imgs":[{"txt":"","url":"http://img.caixin.com/2018-09-04/1536045707831290_145_97.jpg"}],"num":1},"desc":"监管再提醒外汇按金交易风险 违法平台为何屡禁不止"},{"cate":"100300001;100300177;101322323","comm":{"aid":"100","tid":"101322323"},"edit":{"head":"","link":"","name":"记者 张榆","rank":"","desc":""},"link":"http://finance.caixin.com/2018-09-04/101322323.html","nid":101322323,"subDesc":"要闻","video":"","type":0,"tags":[],"audioUrl":"http://audio.caixin.com/caixin/323/101322323.mp3","form":null,"summ":"上半年仅5家券商实现净利润增长，在市场环境和监管的双重倒逼下，中小型券商综合实力羸弱的病症愈加明显","freeDuration":"0","freeTime":"","channelDesc":"金融频道","time":"2018-09-04 14:14:32","attr":5,"channelId":125,"pict":{"imgs":[{"txt":"","url":"http://img.caixin.com/2018-09-04/1536041940182979_145_97.jpg"}],"num":1},"desc":"熊市凸显综合实力 头部券商扩大领先优势"},{"cate":"100300001;100300177;101322317","comm":{"aid":"100","tid":"101322317"},"edit":{"head":"","link":"","name":"记者 吴红毓然","rank":"","desc":""},"link":"http://finance.caixin.com/2018-09-04/101322317.html","nid":101322317,"subDesc":"要闻","video":"","type":0,"tags":[],"audioUrl":"http://audio.caixin.com/caixin/317/101322317.mp3","form":null,"summ":"外界关注，“胡张配”如何带领口行立足政策性银行定位，又持续深化内部改革、防范化解好风险","freeDuration":"0","freeTime":"","channelDesc":"金融频道","time":"2018-09-04 13:43:13","attr":5,"channelId":125,"pict":{"imgs":[{"txt":"","url":"http://img.caixin.com/2018-09-04/1536040049431218_145_97.jpg"}],"num":1},"desc":"中行张青松履新进出口银行行长"},{"cate":"100300001;100300177;101322268","comm":{"aid":"100","tid":"101322268"},"edit":{"head":"","link":"","name":"记者 吴红毓然","rank":"","desc":""},"link":"http://finance.caixin.com/2018-09-04/101322268.html","nid":101322268,"subDesc":"要闻","video":"","type":0,"tags":[],"audioUrl":"http://audio.caixin.com/caixin/268/101322268.mp3","form":null,"summ":"银行有意控制风险资产增速，宽货币向宽信用传导仍然不畅；中信证券预计8月的信贷和社融数据将低于预期","freeDuration":"0","freeTime":"","channelDesc":"金融频道","time":"2018-09-04 11:58:44","attr":5,"channelId":125,"pict":{"imgs":[{"txt":"","url":"http://img.caixin.com/2018-09-04/1536033708865587_145_97.jpg"}],"num":1},"desc":"下半年紧信用恐将持续 银行重点投放零售和基建"},{"cate":"100300001;100300177;101322201","comm":{"aid":"100","tid":"101322201"},"edit":{"head":"","link":"","name":"记者 吴红毓然 霍侃","rank":"","desc":""},"link":"http://finance.caixin.com/2018-09-04/101322201.html","nid":101322201,"subDesc":"要闻","video":"","type":0,"tags":[],"audioUrl":"http://audio.caixin.com/caixin/201/101322201.mp3","form":null,"summ":"主要是考虑到地方政府债券不存在违约风险，取消认购比例限制，有助于提高地方政府债券发行效率，风险也可控","freeDuration":"0","freeTime":"","channelDesc":"金融频道","time":"2018-09-04 10:42:31","attr":5,"channelId":125,"pict":{"imgs":[{"txt":"","url":"http://img.caixin.com/2018-09-04/1536055045104092_145_97.jpg"}],"num":1},"desc":"银保监会允许银行包销地方债 风险权重暂未调整"},{"cate":"100300001;100300177;101322078","comm":{"aid":"100","tid":"101322078"},"edit":{"head":"","link":"","name":"驻香港记者 刘雁菲","rank":"","desc":""},"link":"http://finance.caixin.com/2018-09-03/101322078.html","nid":101322078,"subDesc":"要闻","video":"","type":0,"tags":[],"audioUrl":"http://audio.caixin.com/caixin/078/101322078.mp3","form":null,"summ":"今次已是博华太平洋第二次推迟工程进度，曾卷入非法输入及雇佣中国劳工丑闻","freeDuration":"0","freeTime":"","channelDesc":"金融频道","time":"2018-09-03 21:27:44","attr":5,"channelId":125,"pict":{"imgs":[{"txt":"","url":"http://img.caixin.com/2018-09-03/1535981807962637_145_97.jpg"}],"num":1},"desc":"纪晓波塞班度假村再推延 预料两年后完工"},{"cate":"100300001;100300177;101322040","comm":{"aid":"100","tid":"101322040"},"edit":{"head":"","link":"","name":"记者 吴红毓然","rank":"","desc":""},"link":"http://finance.caixin.com/2018-09-03/101322040.html","nid":101322040,"subDesc":"要闻","video":"","type":0,"tags":[],"audioUrl":"http://audio.caixin.com/caixin/040/101322040.mp3","form":null,"summ":"工行、建行、中行等表态将积极投资地方政府债券；最近一个月发行的地方债规模，已经超过了上半年发行总量的一半","freeDuration":"0","freeTime":"","channelDesc":"金融频道","time":"2018-09-03 20:04:21","attr":5,"channelId":125,"pict":{"imgs":[{"txt":"","url":"http://img.caixin.com/2018-09-03/1535976511411731_145_97.jpg"}],"num":1},"desc":"地方债风险权重调整尚未确认 多家大行已加仓"},{"cate":"100300001;100300177;101321791","comm":{"aid":"100","tid":"101321791"},"edit":{"head":"","link":"","name":"记者 吴雨俭","rank":"","desc":""},"link":"http://finance.caixin.com/2018-09-03/101321791.html","nid":101321791,"subDesc":"要闻","video":"","type":0,"tags":[],"audioUrl":"http://audio.caixin.com/caixin/791/101321791.mp3","form":null,"summ":"行业情绪依旧低迷，8月成交额、借款人和投资人数均环比下降三成，较上个月有所扩大，多家头部平台新增借款呈断崖式下跌，P2P行业资金净流出仍未改变","freeDuration":"0","freeTime":"","channelDesc":"金融频道","time":"2018-09-03 14:44:38","attr":5,"channelId":125,"pict":{"imgs":[{"txt":"","url":"http://img.caixin.com/2018-09-03/1535957324482098_145_97.jpg"}],"num":1},"desc":"8月P2P问题平台大幅减少 但成交额环比降幅扩大"},{"cate":"100300001;100300177;101321621","comm":{"aid":"100","tid":"101321621"},"edit":{"head":"","link":"","name":"记者 朱亮韬","rank":"","desc":""},"link":"http://finance.caixin.com/2018-09-03/101321621.html","nid":101321621,"subDesc":"要闻","video":"","type":0,"tags":[],"audioUrl":"http://audio.caixin.com/caixin/621/101321621.mp3","form":null,"summ":"知情人士称，宏图高科剥离这部分业务是为卖壳做准备，上市公司下一步可能将迎来新的买家。上市公司在交易预案中称，将积极寻求向现代金融服务与金融科技业转型","freeDuration":"0","freeTime":"","channelDesc":"金融频道","time":"2018-09-03 07:13:33","attr":5,"channelId":125,"pict":{"imgs":[{"txt":"","url":"http://img.caixin.com/2018-09-03/1535934184379681_145_97.jpg"}],"num":1},"desc":"三胞集团卖壳自救 宏图高科拟剥离3C零售业务"},{"cate":"100300001;100300177;101321617","comm":{"aid":"100","tid":"101321617"},"edit":{"head":"","link":"","name":"记者 韩祎","rank":"","desc":""},"link":"http://finance.caixin.com/2018-09-03/101321617.html","nid":101321617,"subDesc":"要闻","video":"","type":0,"tags":[],"audioUrl":"http://audio.caixin.com/caixin/617/101321617.mp3","form":null,"summ":"实际控制人马申科以集资诈骗获无期徒刑。该案共形成144亿余元集资款，其中大部分被用于返还集资本息、经营费用及员工薪酬，或用于个人挥霍","freeDuration":"0","freeTime":"","channelDesc":"金融频道","time":"2018-09-03 07:05:30","attr":5,"channelId":125,"pict":{"imgs":[{"txt":"","url":"http://img.caixin.com/2018-09-03/1535933717460037_145_97.jpg"}],"num":1},"desc":"“大大集团”集资诈骗案宣判 6万受害人损失65亿"},{"cate":"100300001;100300177;101321576","comm":{"aid":"100","tid":"101321576"},"edit":{"head":"","link":"","name":"记者 吴雨俭","rank":"","desc":""},"link":"http://finance.caixin.com/2018-09-02/101321576.html","nid":101321576,"subDesc":"要闻","video":"","type":0,"tags":[],"audioUrl":"http://audio.caixin.com/caixin/576/101321576.mp3","form":null,"summ":"大量平台尚未完成整改，错配、刚兑现象普遍；平台资产未达到小额分散、平台间关联交易较多，是导致风险出现重要原因","freeDuration":"12","freeTime":"","channelDesc":"金融频道","time":"2018-09-02 13:55:20","attr":5,"channelId":125,"pict":{"imgs":[{"txt":"","url":"http://img.caixin.com/2018-09-02/1535867894389416_145_97.jpg"}],"num":1},"desc":"杨凯生：P2P爆雷并非监管力度过大 需全面落实整治措施"},{"cate":"100300001;100300177;101321565","comm":{"aid":"100","tid":"101321565"},"edit":{"head":"","link":"","name":"见习记者 胡越","rank":"","desc":""},"link":"http://finance.caixin.com/2018-09-02/101321565.html","nid":101321565,"subDesc":"要闻","video":"","type":0,"tags":[],"audioUrl":"http://audio.caixin.com/caixin/565/101321565.mp3","form":null,"summ":"李东荣表示，应当建立“五位一体”多层次的金融科技治理体系，严格法律约束，强化行政监管，加强行业自律，做好机构内控，深化社会监督","freeDuration":"12","freeTime":"","channelDesc":"金融频道","time":"2018-09-02 11:28:11","attr":5,"channelId":125,"pict":{"imgs":[{"txt":"","url":"http://img.caixin.com/2018-09-02/1535859085315987_145_97.jpg"}],"num":1},"desc":"李东荣：金融科技提升长尾风险 必须进行多元治理"},{"cate":"100300001;100300177;101321541","comm":{"aid":"100","tid":"101321541"},"edit":{"head":"","link":"","name":"记者 吴红毓然","rank":"","desc":""},"link":"http://finance.caixin.com/2018-09-01/101321541.html","nid":101321541,"subDesc":"要闻","video":"","type":0,"tags":[],"audioUrl":"http://audio.caixin.com/caixin/541/101321541.mp3","form":null,"summ":"截至6月末工行理财产品余额3.37万亿元，其中非标资产9000多亿元；受监管政策等影响，理财收入下降20%","freeDuration":"0","freeTime":"","channelDesc":"金融频道","time":"2018-09-01 22:16:46","attr":5,"channelId":125,"pict":{"imgs":[{"txt":"","url":"http://img.caixin.com/2018-09-01/1535811737883164_145_97.jpg"}],"num":1},"desc":"工行理财规模逆势增12% 大船如何掉头？"},{"cate":"100300001;100300177;101321407","comm":{"aid":"100","tid":"101321407"},"edit":{"head":"","link":"","name":"记者 彭骎骎 张宇哲","rank":"","desc":""},"link":"http://finance.caixin.com/2018-09-01/101321407.html","nid":101321407,"subDesc":"要闻","video":"","type":0,"tags":[],"audioUrl":"http://audio.caixin.com/caixin/407/101321407.mp3","form":null,"summ":"税务豁免将促使现有客户增加投资量，而DVP结算模式的全面实施会带来新的投资者","freeDuration":"0","freeTime":"","channelDesc":"金融频道","time":"2018-09-01 11:56:59","attr":5,"channelId":125,"pict":{"imgs":[{"txt":"","url":"http://img.caixin.com/2018-09-01/1535774396785962_145_97.jpg"}],"num":1},"desc":"境内债市开放加速 境外机构投资利息所得三年免税"},{"cate":"100300001;100300177;101321333","comm":{"aid":"100","tid":"101321333"},"edit":{"head":"","link":"","name":"记者 刘彩萍","rank":"","desc":""},"link":"http://finance.caixin.com/2018-09-01/101321333.html","nid":101321333,"subDesc":"要闻","video":"","type":0,"tags":[],"audioUrl":"http://audio.caixin.com/caixin/333/101321333.mp3","form":null,"summ":"证监会暂不允许伦交所上市公司在A股市场通过新增股份发行CDR的方式直接融资","freeDuration":"12","freeTime":"","channelDesc":"金融频道","time":"2018-09-01 08:00:45","attr":5,"channelId":125,"pict":{"imgs":[{"txt":"","url":"http://img.caixin.com/2018-09-01/1535760546934419_145_97.jpg"}],"num":1},"desc":"沪伦通来了：伦交所公司只在A股交易不融资"},{"cate":"100300001;100300177;101321321","comm":{"aid":"100","tid":"101321321"},"edit":{"head":"","link":"","name":"驻香港记者 刘雁菲","rank":"","desc":""},"link":"http://finance.caixin.com/2018-08-31/101321321.html","nid":101321321,"subDesc":"要闻","video":"","type":0,"tags":[],"audioUrl":"http://audio.caixin.com/caixin/321/101321321.mp3","form":null,"summ":"自赖小民出事以来，“华融系”三家港股上市公司的股价均有50%左右的跌幅","freeDuration":"0","freeTime":"","channelDesc":"金融频道","time":"2018-08-31 21:47:22","attr":5,"channelId":125,"pict":{"imgs":[{"txt":"","url":"http://img.caixin.com/2018-03-22/1521726198869286_145_97.jpg"}],"num":1},"desc":"华融金控半年亏损逾11亿港元 资本负债率1229%"},{"cate":"100300001;100300177;101321298","comm":{"aid":"100","tid":"101321298"},"edit":{"head":"","link":"","name":"驻香港记者 尉奕阳","rank":"","desc":""},"link":"http://finance.caixin.com/2018-08-31/101321298.html","nid":101321298,"subDesc":"要闻","video":"","type":0,"tags":[],"audioUrl":"http://audio.caixin.com/caixin/298/101321298.mp3","form":null,"summ":"市场分析认为，人民币贬值压力重现，在市场下滑一段趋势后，未来内地客赴港买保险将进入有机增长","freeDuration":"0","freeTime":"","channelDesc":"金融频道","time":"2018-08-31 21:12:47","attr":5,"channelId":125,"pict":{"imgs":[{"txt":"","url":"http://img.caixin.com/2017-04-25/1493099938176947_145_97.jpg"}],"num":1},"desc":"内地客赴港买保险热潮续降温 上半年新单保费跌近三成"},{"cate":"100300001;100300177;101321281","comm":{"aid":"100","tid":"101321281"},"edit":{"head":"","link":"","name":"记者 董兢","rank":"","desc":""},"link":"http://finance.caixin.com/2018-08-31/101321281.html","nid":101321281,"subDesc":"要闻","video":"","type":0,"tags":[],"audioUrl":"http://audio.caixin.com/caixin/281/101321281.mp3","form":null,"summ":"以规避监管为目的的通道业务规模下降，一定程度上挤出了信托资产规模的“水分”","freeDuration":"0","freeTime":"","channelDesc":"金融频道","time":"2018-08-31 20:57:02","attr":5,"channelId":125,"pict":{"imgs":[{"txt":"","url":"http://img.caixin.com/2018-08-31/1535720631795255_145_97.jpg"}],"num":1},"desc":"二季度信托资产余额持续下滑 通道类压降明显"},{"cate":"100300001;100300177;101321158","comm":{"aid":"100","tid":"101321158"},"edit":{"head":"","link":"","name":"记者 任蕙兰","rank":"","desc":""},"link":"http://finance.caixin.com/2018-08-31/101321158.html","nid":101321158,"subDesc":"要闻","video":"","type":0,"tags":[],"audioUrl":"http://audio.caixin.com/caixin/158/101321158.mp3","form":null,"summ":"鼎家爆雷事件中最无辜的是租户，目前已有部分被免除债务。网贷和传统金融机构切入租赁贷场景，但租户的信用被服务商用来占用资金放大杠杆，针对租户的风控措施无法控制服务商风险","freeDuration":"0","freeTime":"","channelDesc":"金融频道","time":"2018-08-31 17:34:56","attr":5,"channelId":125,"pict":{"imgs":[{"txt":"","url":"http://img.caixin.com/2018-08-31/1535708269325761_145_97.jpg"}],"num":1},"desc":"部分鼎家租户获免债务 长租公寓租赁贷风控缘何失效"},{"cate":"100300001;100300177;101321119","comm":{"aid":"100","tid":"101321119"},"edit":{"head":"","link":"","name":"记者 彭骎骎","rank":"","desc":""},"link":"http://finance.caixin.com/2018-08-31/101321119.html","nid":101321119,"subDesc":"要闻","video":"","type":0,"tags":[],"audioUrl":"http://audio.caixin.com/caixin/119/101321119.mp3","form":null,"summ":"首次提及资金违规出境后的境外购房案例；将加大对预付货款、贸易融资的检查力度","freeDuration":"0","freeTime":"","channelDesc":"金融频道","time":"2018-08-31 16:53:33","attr":0,"channelId":125,"pict":{"imgs":[{"txt":"","url":"http://img.caixin.com/2018-08-31/1535705837736173_145_97.jpg"}],"num":1},"desc":"外汇局通报23起外汇违规案例 将加强银行内控检查"},{"cate":"100300001;100300177;101321004","comm":{"aid":"100","tid":"101321004"},"edit":{"head":"","link":"","name":"记者 董兢","rank":"","desc":""},"link":"http://finance.caixin.com/2018-08-31/101321004.html","nid":101321004,"subDesc":"要闻","video":"","type":0,"tags":[],"audioUrl":"http://audio.caixin.com/caixin/004/101321004.mp3","form":null,"summ":"55岁的陈文辉在保险监管体系工作了20多年，是公认的专业监管干部","freeDuration":"0","freeTime":"","channelDesc":"金融频道","time":"2018-08-31 14:38:53","attr":5,"channelId":125,"pict":{"imgs":[{"txt":"","url":"http://img.caixin.com/2017-07-13/1499939051252267_145_97.jpg"}],"num":1},"desc":"陈文辉转任社保基金副理事长"},{"cate":"100300001;100300177;101320994","comm":{"aid":"100","tid":"101320994"},"edit":{"head":"","link":"","name":"记者 朱亮韬","rank":"","desc":""},"link":"http://finance.caixin.com/2018-08-31/101320994.html","nid":101320994,"subDesc":"要闻","video":"","type":0,"tags":[],"audioUrl":"http://audio.caixin.com/caixin/994/101320994.mp3","form":null,"summ":"并购标的原实际控制人、董事长廖良茂因涉嫌违规担保、隐瞒债务被上市公司举报，公安机关以康尼机电涉嫌“合同诈骗”立案调查。上市公司已因“黑天鹅”事件计提8.6亿元损失","freeDuration":"0","freeTime":"","channelDesc":"金融频道","time":"2018-08-31 13:52:19","attr":5,"channelId":125,"pict":{"imgs":[{"txt":"","url":"http://img.caixin.com/2018-08-31/1535694990887169_145_97.jpg"}],"num":1},"desc":"康尼机电并购标的“黑天鹅” 原大股东违规担保被刑拘"},{"cate":"100300001;100300177;101320938","comm":{"aid":"100","tid":"101320938"},"edit":{"head":"","link":"","name":"记者 董兢","rank":"","desc":""},"link":"http://finance.caixin.com/2018-08-31/101320938.html","nid":101320938,"subDesc":"要闻","video":"","type":0,"tags":[],"audioUrl":"http://audio.caixin.com/caixin/938/101320938.mp3","form":null,"summ":"金融资产大幅减值是华融业绩不佳的主要原因；审计机构德勤对该财报出具了有保留意见的审计报告","freeDuration":"0","freeTime":"","channelDesc":"金融频道","time":"2018-08-31 11:46:55","attr":5,"channelId":125,"pict":{"imgs":[{"txt":"","url":"http://img.caixin.com/2018-08-31/1535687564254993_145_97.jpg"}],"num":1},"desc":"赖小民被查后华融首份财报出炉 净利润同比降95%"},{"cate":"100300001;100300177;101320823","comm":{"aid":"100","tid":"101320823"},"edit":{"head":"","link":"","name":"记者 董兢","rank":"","desc":""},"link":"http://finance.caixin.com/2018-08-31/101320823.html","nid":101320823,"subDesc":"要闻","video":"","type":0,"tags":[],"audioUrl":"","form":null,"summ":"二季度末，信托资金配置到房地产领域规模环比增长5.43%，工商企业、基础产业信托余额则分别环比下降4.56%、3.32%","freeDuration":"0","freeTime":"","channelDesc":"金融频道","time":"2018-08-31 08:31:53","attr":5,"channelId":125,"pict":{"imgs":[{"txt":"","url":"http://img.caixin.com/2018-08-31/1535675727627493_145_97.jpg"}],"num":1},"desc":"工商企业、基建融资难 房地产信托逆势增长"},{"cate":"100300001;100300177;101320704","comm":{"aid":"100","tid":"101320704"},"edit":{"head":"","link":"","name":"记者 张立君 张榆","rank":"","desc":""},"link":"http://finance.caixin.com/2018-08-30/101320704.html","nid":101320704,"subDesc":"要闻","video":"","type":0,"tags":[],"audioUrl":"http://audio.caixin.com/caixin/704/101320704.mp3","form":null,"summ":"立信等6家审计机构在IPO和再融资业务中占据四成市场份额，今年6月一度因案件调查而被证监会暂停受理材料，牵连整个发行业务链条上其他中介，特别是券商的业务也停顿下来","freeDuration":"0","freeTime":"","channelDesc":"金融频道","time":"2018-08-30 21:09:23","attr":5,"channelId":125,"pict":{"imgs":[{"txt":"","url":"http://img.caixin.com/2018-08-30/1535635019700591_145_97.jpg"}],"num":1},"desc":"证监会解禁立信等审计机构 发行市场链条重启"},{"cate":"100300001;100300177;101320409","comm":{"aid":"100","tid":"101320409"},"edit":{"head":"","link":"","name":"记者 韩祎","rank":"","desc":""},"link":"http://finance.caixin.com/2018-08-30/101320409.html","nid":101320409,"subDesc":"要闻","video":"","type":0,"tags":[],"audioUrl":"http://audio.caixin.com/caixin/409/101320409.mp3","form":null,"summ":"继续坚持“负债为王”，降低负债成本、优化负债结构；上半年大力压缩非标类资产，积极推动“非标转标”","freeDuration":"0","freeTime":"","channelDesc":"金融频道","time":"2018-08-30 11:19:56","attr":5,"channelId":125,"pict":{"imgs":[{"txt":"","url":"http://img.caixin.com/2018-08-30/1535599577114982_145_97.jpg"}],"num":1},"desc":"兴业银行严控高成本同业负债  上半年压缩900亿非标"},{"cate":"100300001;100300177;101320391","comm":{"aid":"100","tid":"101320391"},"edit":{"head":"","link":"","name":"记者 彭骎骎","rank":"","desc":""},"link":"http://finance.caixin.com/2018-08-30/101320391.html","nid":101320391,"subDesc":"要闻","video":"","type":0,"tags":[],"audioUrl":"http://audio.caixin.com/caixin/391/101320391.mp3","form":null,"summ":"净息差同比略增；不良率与超过90天的逾期贷款平稳，但不良贷款的先行指标、90天内逾期贷款率翻倍；正式宣布刘连舸任中行新行长","freeDuration":"0","freeTime":"","channelDesc":"金融频道","time":"2018-08-30 10:56:25","attr":5,"channelId":125,"pict":{"imgs":[{"txt":"","url":"http://img.caixin.com/2018-08-30/1535597951174066_145_97.jpg"}],"num":1},"desc":"中行上半年净利润同比增5.3%  化解不良任务严峻"},{"cate":"100300001;100300177;101320373","comm":{"aid":"100","tid":"101320373"},"edit":{"head":"","link":"","name":"记者 武晓蒙","rank":"","desc":""},"link":"http://finance.caixin.com/2018-08-30/101320373.html","nid":101320373,"subDesc":"要闻","video":"","type":0,"tags":[],"audioUrl":"http://audio.caixin.com/caixin/373/101320373.mp3","form":null,"summ":"建行称租房贷是明确贷给租户的，由建行通过自己的租赁平台直接将租金付给出租方，没有经过中介环节","freeDuration":"0","freeTime":"","channelDesc":"金融频道","time":"2018-08-30 10:18:21","attr":5,"channelId":125,"pict":{"imgs":[{"txt":"","url":"http://img.caixin.com/2018-08-30/1535596242712835_145_97.jpg"}],"num":1},"desc":"建行住房租赁平台租出9万套 王祖继称未给中介融资"},{"cate":"100300001;100300177;101320299","comm":{"aid":"100","tid":"101320299"},"edit":{"head":"","link":"","name":"","rank":"","desc":""},"link":"http://finance.caixin.com/2018-08-30/101320299.html","nid":101320299,"subDesc":"要闻","video":"","type":0,"tags":[],"audioUrl":"http://audio.caixin.com/caixin/299/101320299.mp3","form":null,"summ":"在近期外部受美国贸易摩擦不断升级影响，国内由于严监管、去杠杆进入深水区，金融市场出现较多风险，课题组组织了监管与业内专家共同讨论，对国内外经济指标与金融市场情况进行梳理，分析存在的主要金融风险与其演化与传导路径，提出货币、金融、财政多个领域的建议与政策","freeDuration":"0","freeTime":"","channelDesc":"金融频道","time":"2018-08-30 08:15:48","attr":5,"channelId":125,"pict":{"imgs":[{"txt":"","url":"http://img.caixin.com/2018-08-16/1534385991354352_145_97.jpg"}],"num":1},"desc":"当前国内外经济金融形势、风险研判与政策建议"},{"cate":"100300001;100300177;101320270","comm":{"aid":"100","tid":"101320270"},"edit":{"head":"","link":"","name":"驻香港记者 王端 尉奕阳 记者 郑丽纯","rank":"","desc":""},"link":"http://finance.caixin.com/2018-08-30/101320270.html","nid":101320270,"subDesc":"要闻","video":"","type":0,"tags":[],"audioUrl":"http://audio.caixin.com/caixin/270/101320270.mp3","form":null,"summ":"“新势力造车”登陆资本市场“头炮”， 一级市场愿意下重金，二级市场愿意接盘吗","freeDuration":"0","freeTime":"","channelDesc":"金融频道","time":"2018-08-30 07:22:02","attr":5,"channelId":125,"pict":{"imgs":[{"txt":"","url":"http://img.caixin.com/2018-08-30/1535589825708850_145_97.jpg"}],"num":1},"desc":"特稿|基金经理会为中国的特斯拉“埋单”吗？"},{"cate":"100300001;100300177;101320266","comm":{"aid":"100","tid":"101320266"},"edit":{"head":"","link":"","name":"记者 朱亮韬","rank":"","desc":""},"link":"http://finance.caixin.com/2018-08-30/101320266.html","nid":101320266,"subDesc":"要闻","video":"","type":0,"tags":[],"audioUrl":"http://audio.caixin.com/caixin/266/101320266.mp3","form":null,"summ":"所谓供应链金融产品实际是对大宗商品平台金银岛的信用贷款，货物或者货款“二者必占其一”的风控措施最终“钱货两空”","freeDuration":"0","freeTime":"","channelDesc":"金融频道","time":"2018-08-30 07:12:27","attr":5,"channelId":125,"pict":{"imgs":[{"txt":"","url":"http://img.caixin.com/2018-06-10/1528594684705375_145_97.jpg"}],"num":1},"desc":"九州证券3亿资管踩雷 员工举报“伪供应链金融”"},{"cate":"100300001;100300177;101320252","comm":{"aid":"100","tid":"101320252"},"edit":{"head":"","link":"","name":"记者 张榆","rank":"","desc":""},"link":"http://finance.caixin.com/2018-08-29/101320252.html","nid":101320252,"subDesc":"要闻","video":"","type":0,"tags":[],"audioUrl":"http://audio.caixin.com/caixin/252/101320252.mp3","form":null,"summ":"令投资者和相关合作机构意想不到的是，阜兴系除了旗下四家私募基金，还牵连银行、信托、基金子公司等十余家金融机构","freeDuration":"0","freeTime":"","channelDesc":"金融频道","time":"2018-08-29 23:45:57","attr":5,"channelId":125,"pict":{"imgs":[{"txt":"","url":"http://img.caixin.com/2018-08-30/1535588254833423_145_97.jpg"}],"num":1},"desc":"阜兴系实控人朱一栋归案 数百亿资金黑洞待查清"},{"cate":"100300001;100300177;101320238","comm":{"aid":"100","tid":"101320238"},"edit":{"head":"","link":"","name":"记者 吴红毓然","rank":"","desc":""},"link":"http://finance.caixin.com/2018-08-29/101320238.html","nid":101320238,"subDesc":"要闻","video":"","type":0,"tags":[],"audioUrl":"http://audio.caixin.com/caixin/238/101320238.mp3","form":null,"summ":"近期工作重点是要继续做好防范化解金融风险各项工作，这包括互金风险、房地产风险、地方融资平台风险等","freeDuration":"12","freeTime":"","channelDesc":"金融频道","time":"2018-08-29 22:01:02","attr":5,"channelId":125,"pict":{"imgs":[{"txt":"","url":"http://img.caixin.com/2018-08-16/1534405518033074_145_97.jpg"}],"num":1},"desc":"银保监会安排近期四大重点工作 防范互金风险居首位"},{"cate":"100300001;100300177;101320230","comm":{"aid":"100","tid":"101320230"},"edit":{"head":"","link":"","name":"记者 董兢","rank":"","desc":""},"link":"http://finance.caixin.com/2018-08-29/101320230.html","nid":101320230,"subDesc":"要闻","video":"","type":0,"tags":[],"audioUrl":"http://audio.caixin.com/caixin/230/101320230.mp3","form":null,"summ":"上半年，农业银行新发生的不良贷款中，近9%来自房地产行业；下半年农行将按照三年净表计划，加大不良处置力度","freeDuration":"0","freeTime":"","channelDesc":"金融频道","time":"2018-08-29 21:40:30","attr":5,"channelId":125,"pict":{"imgs":[{"txt":"","url":"http://img.caixin.com/2018-06-21/1529562392588572_145_97.jpg"}],"num":1},"desc":"农行不良连续六个季度双降 房地产业不良却现双升"},{"cate":"100300001;100300177;101320222","comm":{"aid":"100","tid":"101320222"},"edit":{"head":"","link":"","name":"记者 董兢","rank":"","desc":""},"link":"http://finance.caixin.com/2018-08-29/101320222.html","nid":101320222,"subDesc":"要闻","video":"","type":0,"tags":[],"audioUrl":"http://audio.caixin.com/caixin/222/101320222.mp3","form":null,"summ":"首年保费占比20.8%，趸交保费占比4.28%，依靠续期拉动保费发展的模式基本显现","freeDuration":"0","freeTime":"","channelDesc":"金融频道","time":"2018-08-29 21:16:21","attr":5,"channelId":125,"pict":{"imgs":[{"txt":"","url":"http://img.caixin.com/2018-08-29/1535549007823389_145_97.jpg"}],"num":1},"desc":"主动舍弃趸交业务  新华保险上半年净利润增逾八成"},{"cate":"100300001;100300177;101320205","comm":{"aid":"100","tid":"101320205"},"edit":{"head":"","link":"","name":"记者 吴雨俭","rank":"","desc":""},"link":"http://finance.caixin.com/2018-08-29/101320205.html","nid":101320205,"subDesc":"要闻","video":"","type":0,"tags":[],"audioUrl":"http://audio.caixin.com/caixin/205/101320205.mp3","form":null,"summ":"对于机构是否为自身或变相为自身融资，《自查清单》要求披露“是否存在于网贷机构受同一实际控制人控制的关联方在网贷平台融资”，以及在平台是否存在“持有5%以上的股份的股东、实际控制人、董事、监事、高级管理人员及其近亲属等关联方在网贷机构融资”等情况","freeDuration":"0","freeTime":"","channelDesc":"金融频道","time":"2018-08-29 20:58:46","attr":5,"channelId":125,"pict":{"imgs":[{"txt":"","url":"http://img.caixin.com/2018-08-29/1535549925901799_145_97.jpg"}],"num":1},"desc":"互金协会下发P2P会员自查清单 要求披露更多细节"},{"cate":"100300001;100300177;101320131","comm":{"aid":"100","tid":"101320131"},"edit":{"head":"","link":"","name":"见习记者 胡越","rank":"","desc":""},"link":"http://finance.caixin.com/2018-08-29/101320131.html","nid":101320131,"subDesc":"要闻","video":"","type":0,"tags":[],"audioUrl":"http://audio.caixin.com/caixin/131/101320131.mp3","form":null,"summ":"近期爆雷的P2P平台数量有所减少，与此同时，平台收益率和借款期限双双跳涨","freeDuration":"0","freeTime":"","channelDesc":"金融频道","time":"2018-08-29 18:01:26","attr":5,"channelId":125,"pict":{"imgs":[{"txt":"","url":"http://img.caixin.com/2018-08-29/1535539194823513_145_97.jpg"}],"num":1},"desc":"P2P风险如何化解 长效机制比短期延缓更重要"},{"cate":"100300001;100300177;101320111","comm":{"aid":"100","tid":"101320111"},"edit":{"head":"","link":"","name":"驻香港记者 尉奕阳","rank":"","desc":""},"link":"http://finance.caixin.com/2018-08-29/101320111.html","nid":101320111,"subDesc":"要闻","video":"","type":0,"tags":[],"audioUrl":"http://audio.caixin.com/caixin/111/101320111.mp3","form":null,"summ":"确认相关收购获得捷克政府批准，但此项收购“还有相当长的路要走”；此外，中信股份今年上半年未对澳矿项目进行减值拨备","freeDuration":"0","freeTime":"","channelDesc":"金融频道","time":"2018-08-29 17:48:57","attr":5,"channelId":125,"pict":{"imgs":[{"txt":"","url":"http://img.caixin.com/2018-08-29/1535536321962431_145_97.jpg"}],"num":1},"desc":"中信称收购华信捷克资产交易对价未敲定"},{"cate":"100300001;100300177;101319963","comm":{"aid":"100","tid":"101319963"},"edit":{"head":"","link":"","name":"记者 董兢","rank":"","desc":""},"link":"http://finance.caixin.com/2018-08-29/101319963.html","nid":101319963,"subDesc":"要闻","video":"","type":0,"tags":[],"audioUrl":"http://audio.caixin.com/caixin/963/101319963.mp3","form":null,"summ":"在原董事长赖小民涉嫌严重违纪违法被调查后，中国华融延长了A股发行方案及境外优先股授权方案的有效期，这导致其资本补充计划慢于预期","freeDuration":"0","freeTime":"","channelDesc":"金融频道","time":"2018-08-29 10:37:35","attr":5,"channelId":125,"pict":{"imgs":[{"txt":"","url":"http://img.caixin.com/2018-08-29/1535510743497924_145_97.jpg"}],"num":1},"desc":"标普下调中国华融评级至BBB+：财务杠杆过高"},{"cate":"100300001;100741708;101319835","comm":{"aid":"100","tid":"101319835"},"edit":{"head":"","link":"","name":"特约作者 齐思乐","rank":"","desc":""},"link":"http://finance.caixin.com/2018-08-28/101319835.html","nid":101319835,"subDesc":"金融混业观察","video":"","type":0,"tags":[],"audioUrl":"http://audio.caixin.com/caixin/835/101319835.mp3","form":null,"summ":"P2P、私募基金接连爆雷，监管一筹莫展，让谁来负责民事追偿、维护投资者权益呢？过去赢得高额回报的不当得利是否要追缴？在这些方面，爆发于2008年的美国麦道夫案，经过10年的不懈努力，已经追回的资金超过六成，怎么办到的？","freeDuration":"48","freeTime":"","channelDesc":"金融频道","time":"2018-08-28 20:54:20","attr":5,"channelId":125,"pict":{"imgs":[{"txt":"","url":"http://img.caixin.com/2018-08-28/1535461234599074_145_97.jpg"}],"num":1},"desc":"来论|麦道夫案受害者十年不懈追偿 庞氏骗局风险处置何解"},{"cate":"100300001;100300177;101319768","comm":{"aid":"100","tid":"101319768"},"edit":{"head":"","link":"","name":"实习记者 甘星星 记者 霍侃","rank":"","desc":""},"link":"http://finance.caixin.com/2018-08-28/101319768.html","nid":101319768,"subDesc":"要闻","video":"","type":0,"tags":[],"audioUrl":"http://audio.caixin.com/caixin/768/101319768.mp3","form":null,"summ":"如果按约60%的回售率估算，今年接下来四个月可行使回售权的5096亿元债券中，将有约3000亿元实际到期；持有人大规模执行回售权将导致发行人提前暴露信用风险","freeDuration":"0","freeTime":"","channelDesc":"金融频道","time":"2018-08-28 18:16:44","attr":5,"channelId":125,"pict":{"imgs":[{"txt":"","url":"http://img.caixin.com/2018-08-28/1535452190662713_145_97.jpg"}],"num":1},"desc":"“15金鸿债”回售违约 警惕回售高峰期风险提前暴露"},{"cate":"100300001;100300177;101319707","comm":{"aid":"100","tid":"101319707"},"edit":{"head":"","link":"","name":"记者 彭骎骎","rank":"","desc":""},"link":"http://finance.caixin.com/2018-08-28/101319707.html","nid":101319707,"subDesc":"要闻","video":"<script src=\"http://player.caixin.com/player_tide/js/tidePlayer.cx.js\"><\/script><script>new tidePlayer({width:\"100%\",height:\"100%\",autoplay:false,json:\"http://player.caixin.com/v/g/i/2018/8/28/1535441324572.json\",adshowtype:2,channel:\"1985,3195\"});<\/script>","type":0,"tags":[],"audioUrl":"http://audio.caixin.com/caixin/707/101319707.mp3","form":null,"summ":"老牌法资投行准备加快在华扩张；强调外资行与中资行的合作而非竞争关系","freeDuration":"0","freeTime":"","channelDesc":"金融频道","time":"2018-08-28 15:35:29","attr":5,"channelId":125,"pict":{"imgs":[{"txt":"","url":"http://img.caixin.com/2018-08-28/1535442231818898_145_97.jpg"}],"num":1},"desc":"东方汇理银行在华另辟蹊径 发力外汇、贸易融资等"},{"cate":"100300001;100300177;101319703","comm":{"aid":"100","tid":"101319703"},"edit":{"head":"","link":"","name":"见习记者 全月","rank":"","desc":""},"link":"http://finance.caixin.com/2018-08-28/101319703.html","nid":101319703,"subDesc":"要闻","video":"","type":0,"tags":[],"audioUrl":"http://audio.caixin.com/caixin/703/101319703.mp3","form":null,"summ":"债务重组公告称加多宝将相关主业的优质资产注入中弘股份并提供流动性支持和为期5年的经营托管。中弘股份目前已连续10个交易日低于每股1元，再有10个交易日低于面值将被强制退市","freeDuration":"0","freeTime":"","channelDesc":"金融频道","time":"2018-08-28 15:34:00","attr":5,"channelId":125,"pict":{"imgs":[{"txt":"","url":"http://img.caixin.com/2018-08-28/1535444075800385_145_97.jpg"}],"num":1},"desc":"中弘股份引资公告拉涨停 加多宝全盘否认"},{"cate":"100300001;100300177;101319510","comm":{"aid":"100","tid":"101319510"},"edit":{"head":"","link":"","name":"记者 武晓蒙","rank":"","desc":""},"link":"http://finance.caixin.com/2018-08-28/101319510.html","nid":101319510,"subDesc":"要闻","video":"","type":0,"tags":[],"audioUrl":"http://audio.caixin.com/caixin/510/101319510.mp3","form":null,"summ":"逾期90天以上贷款全部计入不良贷款，是该行不良上升的其中一个原因；金融市场业务营业收入虽然占比较低，但上半年发展迅速","freeDuration":"0","freeTime":"","channelDesc":"金融频道","time":"2018-08-28 10:35:10","attr":5,"channelId":125,"pict":{"imgs":[{"txt":"","url":"http://img.caixin.com/2018-08-28/1535423990139760_145_97.jpg"}],"num":1},"desc":"中信银行不良“双升” 金融市场业务营收增92%"},{"cate":"100300001;100300177;101319466","comm":{"aid":"100","tid":"101319466"},"edit":{"head":"","link":"","name":"驻香港记者 尉奕阳","rank":"","desc":""},"link":"http://finance.caixin.com/2018-08-28/101319466.html","nid":101319466,"subDesc":"要闻","video":"","type":0,"tags":[],"audioUrl":"http://audio.caixin.com/caixin/466/101319466.mp3","form":null,"summ":"中远海运港口表示，贸易摩擦可能影响资产价格，公司会谨慎观察是否有更好的定价机会","freeDuration":"0","freeTime":"","channelDesc":"金融频道","time":"2018-08-28 09:20:51","attr":5,"channelId":125,"pict":{"imgs":[{"txt":"","url":"http://img.caixin.com/2018-08-28/1535419493530185_145_97.jpg"}],"num":1},"desc":"忧贸易摩擦 中远海运港口大削资本开支近26亿美元"},{"cate":"100300001;100300177;101319420","comm":{"aid":"100","tid":"101319420"},"edit":{"head":"","link":"","name":"记者 董兢","rank":"","desc":""},"link":"http://finance.caixin.com/2018-08-28/101319420.html","nid":101319420,"subDesc":"要闻","video":"","type":0,"tags":[],"audioUrl":"http://audio.caixin.com/caixin/420/101319420.mp3","form":null,"summ":"2018年人身险行业重度转型，保费负增长阴云不散，人保集团依靠财险领先同业","freeDuration":"12","freeTime":"","channelDesc":"金融频道","time":"2018-08-28 08:22:34","attr":5,"channelId":125,"pict":{"imgs":[{"txt":"","url":"http://img.caixin.com/2018-08-28/1535416107501289_145_97.jpg"}],"num":1},"desc":"财险保费超七成 人保集团上半年净利增14%"},{"cate":"100300001;100300177;101319403","comm":{"aid":"100","tid":"101319403"},"edit":{"head":"","link":"","name":"驻香港记者 尉奕阳","rank":"","desc":""},"link":"http://finance.caixin.com/2018-08-28/101319403.html","nid":101319403,"subDesc":"要闻","video":"","type":0,"tags":[],"audioUrl":"http://audio.caixin.com/caixin/403/101319403.mp3","form":null,"summ":"合营公司“安安”首个科技合作项目拟今年落地东南亚","freeDuration":"0","freeTime":"","channelDesc":"金融频道","time":"2018-08-28 07:49:30","attr":5,"channelId":125,"pict":{"imgs":[{"txt":"","url":"http://img.caixin.com/2018-08-28/1535414522002270_145_97.jpg"}],"num":1},"desc":"软银携众安拟投资2亿美元拓展亚洲保险科技业务"},{"cate":"100300001;100300177;101319321","comm":{"aid":"100","tid":"101319321"},"edit":{"head":"","link":"","name":"记者 彭骎骎","rank":"","desc":""},"link":"http://finance.caixin.com/2018-08-27/101319321.html","nid":101319321,"subDesc":"要闻","video":"","type":0,"tags":[],"audioUrl":"http://audio.caixin.com/caixin/321/101319321.mp3","form":null,"summ":"建行和监管部门都属意让中行接手；成交价略高于挂牌价","freeDuration":"0","freeTime":"","channelDesc":"金融频道","time":"2018-08-27 19:04:25","attr":5,"channelId":125,"pict":{"imgs":[{"txt":"","url":"http://img.caixin.com/2018-08-27/1535368407209755_145_97.jpg"}],"num":1},"desc":"中行16亿元接手建行27家村镇银行 成最多村镇银行拥有者"},{"cate":"100300001;100300177;101319309","comm":{"aid":"100","tid":"101319309"},"edit":{"head":"","link":"","name":"记者 吴雨俭","rank":"","desc":""},"link":"http://finance.caixin.com/2018-08-27/101319309.html","nid":101319309,"subDesc":"要闻","video":"","type":0,"tags":[],"audioUrl":"http://audio.caixin.com/caixin/309/101319309.mp3","form":null,"summ":"协会呼吁，深圳市严禁互金平台与违法违规从事长租公寓业务的中介服务商开展类似“租金贷”业务合作，不得以不实宣传误导金融消费者","freeDuration":"12","freeTime":"","channelDesc":"金融频道","time":"2018-08-27 18:50:25","attr":5,"channelId":125,"pict":{"imgs":[{"txt":"","url":"http://img.caixin.com/2018-08-27/1535367247894425_145_97.jpg"}],"num":1},"desc":"深圳互金协会：房屋中介截留“租金贷”具有非法侵占他人财物特征"},{"cate":"100300001;100300177;101319158","comm":{"aid":"100","tid":"101319158"},"edit":{"head":"","link":"","name":"见习记者 胡越","rank":"","desc":""},"link":"http://finance.caixin.com/2018-08-27/101319158.html","nid":101319158,"subDesc":"要闻","video":"","type":0,"tags":[],"audioUrl":"http://audio.caixin.com/caixin/158/101319158.mp3","form":null,"summ":"8月27在北京召开每年一度的全体会议，周小川将接替曾培炎担任委员","freeDuration":"0","freeTime":"","channelDesc":"金融频道","time":"2018-08-27 13:29:08","attr":5,"channelId":125,"pict":{"imgs":[{"txt":"","url":"http://img.caixin.com/2018-08-27/1535347919182969_145_97.jpg"}],"num":1},"desc":"中投国际咨询委员会年度会议召开  周小川接任委员"},{"cate":"100300001;100300177;101319059","comm":{"aid":"100","tid":"101319059"},"edit":{"head":"","link":"","name":"记者 任蕙兰 张立君","rank":"","desc":""},"link":"http://finance.caixin.com/2018-08-27/101319059.html","nid":101319059,"subDesc":"要闻","video":"","type":0,"tags":[],"audioUrl":"http://audio.caixin.com/caixin/059/101319059.mp3","form":null,"summ":"大学生仅租房一个月，就欠了工行5万多元信用卡房租贷款——对接网贷机构的租客在不知情下“被贷款”。杭州鼎家杠杆扩张模式存在租金倒挂、房屋空置和资金期限错配、挪用等风险，这在长租公寓业内十分普遍","freeDuration":"0","freeTime":"","channelDesc":"金融频道","time":"2018-08-27 10:25:00","attr":5,"channelId":125,"pict":{"imgs":[{"txt":"","url":"http://img.caixin.com/2018-08-27/1535337313844384_145_97.jpg"}],"num":1},"desc":"特稿|鼎家长租公寓爆雷样本：网贷与信用卡贷款皆不合规"}],"start":400,"count":100,"maxes":1000}