{"datas":[{"tags":[],"comm":{"tid":"101339003","aid":"100"},"cate":"100300002;100000091;100324037;101064085;101339003","desc":"保护主义的反噬","form":null,"channelId":126,"nid":101339003,"link":"http://opinion.caixin.com/2018-10-25/101339003.html","edit":{"rank":"专栏作家 ","desc":"工银国际研究部主管，首席经济学家","name":"程实","link":"http://opinion.caixin.com/chengshi_mjxx/index.html","head":"http://www.caixin.com/upload/zhuanlan/101064085_48_48.jpg"},"attr":5,"freeDuration":"48","type":1,"subDesc":"程实","channelDesc":"观点频道","pict":null,"audioUrl":"http://audio.caixin.com/caixin/003/101339003.mp3","time":"2018-10-25 18:04:42","freeTime":"","video":"","summ":"“覆巢”格局的形成将倒逼全球政策做出相应调整，贸易保护主义和地缘孤岛主义有望受到抑制，进而有助于缓解全球长期潜在增长率的下滑，而全球金融市场在大幅调整之后的长期投资价值也将渐次显现"},{"tags":[],"comm":{"tid":"101338876","aid":"100"},"cate":"100300002;100000091;100324037;101220072;101338876","desc":"用智慧穿越底部：做有耐性的投资者","form":null,"channelId":126,"nid":101338876,"link":"http://opinion.caixin.com/2018-10-25/101338876.html","edit":{"rank":"专栏作家 ","desc":"丹阳投资董事长、首席投资官。","name":"康水跃","link":"http://opinion.caixin.com/kangshuiyue/index.html","head":"http://www.caixin.com/upload/zhuanlan/101220072_48_48.jpg"},"attr":5,"freeDuration":"48","type":1,"subDesc":"康水跃","channelDesc":"观点频道","pict":null,"audioUrl":"http://audio.caixin.com/caixin/876/101338876.mp3","time":"2018-10-25 14:53:04","freeTime":"","video":"","summ":"当下较低的估值水平仅仅说明沪深两市已经具备不错的投资价值，但不能说明熊市已经终止并应立即上涨。不过，对一名有耐性的投资者来说，目前政策底的出现以及较低的绝对估值水平，在市场底到来之前仍不失为一次不可多得的进场良机"},{"tags":[],"comm":{"tid":"101338802","aid":"100"},"cate":"100300002;100300201;101338802","desc":"“中美冷战”的附带伤害","form":null,"channelId":126,"nid":101338802,"link":"http://opinion.caixin.com/2018-10-25/101338802.html","edit":{"rank":"","desc":"","name":"文|裴敏欣","link":"","head":""},"attr":5,"freeDuration":"0","type":1,"subDesc":"聚焦","channelDesc":"观点频道","pict":{"imgs":[{"url":"http://img.caixin.com/2018-10-25/1540440184546259_145_97.jpg","txt":""}],"num":1},"audioUrl":"http://audio.caixin.com/caixin/802/101338802.mp3","time":"2018-10-25 11:59:14","freeTime":"","video":"","summ":"1991年冷战的结束开启了全球经济一体化的黄金时代，而世界最大两个经济体之间的“新冷战”必然会导致分裂和破碎"},{"tags":[],"comm":{"tid":"101338798","aid":"100"},"cate":"100300002;100000091;100324039;100922527;101338798","desc":"股市下跌背后的全球经济“预期差”","form":null,"channelId":126,"nid":101338798,"link":"http://opinion.caixin.com/2018-10-25/101338798.html","edit":{"rank":"专栏作家 ","desc":"德国商业银行亚洲高级经济学家，负责北亚地区宏观和市场研究","name":"周浩","link":"http://opinion.caixin.com/zhou_hao_zssc/index.html","head":"http://www.caixin.com/upload/zhuanlan/100922527_48_48.jpg"},"attr":5,"freeDuration":"48","type":1,"subDesc":"周浩","channelDesc":"观点频道","pict":null,"audioUrl":"http://audio.caixin.com/caixin/798/101338798.mp3","time":"2018-10-25 11:54:44","freeTime":"","video":"","summ":"从美国、中国、欧洲以及新兴市场的整体经济表现来看，今年与预期呈现出最大差异的是：美国经济表现异常强劲，以及中国经济出现了令人意外的消费减速"},{"tags":[],"comm":{"tid":"101338793","aid":"100"},"cate":"100300002;100000091;100324037;100324353;101338793","desc":"周其仁：接下来，挑难的事做","form":null,"channelId":126,"nid":101338793,"link":"http://opinion.caixin.com/2018-10-25/101338793.html","edit":{"rank":"专栏作家 ","desc":"北京大学国家发展研究院教授","name":"周其仁","link":"http://opinion.caixin.com/zhouqiren_mjxx/index.html","head":"http://www.caixin.com/upload/zhuanlan/100324353_48_48.jpg"},"attr":5,"freeDuration":"48","type":1,"subDesc":"周其仁","channelDesc":"观点频道","pict":null,"audioUrl":"http://audio.caixin.com/caixin/793/101338793.mp3","time":"2018-10-25 11:52:19","freeTime":"","video":"","summ":"现在新的问题是成本曲线调头向上，国内有国内的问题，体制成本重新上升，市场成本急剧上升。特朗普这么一闹，中国将来的进出口成本也会上升。下一步的出路就是两件事：改革突围、创新突围"},{"tags":[],"comm":{"tid":"101338788","aid":"100"},"cate":"100300002;100000091;100324037;101329956;101338788","desc":"金融危机 十年一度？","form":null,"channelId":126,"nid":101338788,"link":"http://opinion.caixin.com/2018-10-25/101338788.html","edit":{"rank":"专栏作家 ","desc":"某大型房地产公司融资中心负责人","name":"汪杰","link":"http://opinion.caixin.com/wangjie_mjxx/index.html","head":"http://www.caixin.com/upload/zhuanlan/101329956_48_48.jpg"},"attr":5,"freeDuration":"48","type":1,"subDesc":"汪杰","channelDesc":"观点频道","pict":null,"audioUrl":"http://audio.caixin.com/caixin/788/101338788.mp3","time":"2018-10-25 11:44:02","freeTime":"","video":"","summ":"一个是过度债务杠杆带来的泡沫，一个是房价畸高产生的泡沫，虽然有各自不同，但是与十年前金融危机之情形何其相似"},{"tags":[],"comm":{"tid":"101338687","aid":"100"},"cate":"100300002;100000091;100324037;101232311;101338687","desc":"个税抵扣的“首套房”应该如何认定","form":null,"channelId":126,"nid":101338687,"link":"http://opinion.caixin.com/2018-10-25/101338687.html","edit":{"rank":"专栏作家 ","desc":"恒大研究院副院长、房地产行业首席研究员，中国人民大学财金学院金融硕士业界导师。","name":"夏磊","link":"http://opinion.caixin.com/xialei/index.html","head":"http://www.caixin.com/upload/zhuanlan/101232311_48_48.jpg"},"attr":5,"freeDuration":"48","type":1,"subDesc":"夏磊","channelDesc":"观点频道","pict":null,"audioUrl":"http://audio.caixin.com/caixin/687/101338687.mp3","time":"2018-10-25 09:33:18","freeTime":"","video":"","summ":"在数据未实现共享之前，有一个很简单的方法可以快速认定个税抵扣的“首套房”，即是看纳税人名下还在还贷的住房，当时缴纳契税时是否被认定为“首套房”"},{"tags":[],"comm":{"tid":"101338452","aid":"100"},"cate":"100300002;100300201;101338452","desc":"卡舒吉事件后的美国-沙特关系","form":null,"channelId":126,"nid":101338452,"link":"http://opinion.caixin.com/2018-10-24/101338452.html","edit":{"rank":"","desc":"","name":"文|巴拉克·巴尔菲（Barak Barfi）","link":"","head":""},"attr":5,"freeDuration":"3","type":1,"subDesc":"聚焦","channelDesc":"观点频道","pict":{"imgs":[{"url":"http://img.caixin.com/2018-10-24/1540370363306418_145_97.jpg","txt":""}],"num":1},"audioUrl":"","time":"2018-10-24 16:30:41","freeTime":"","video":"","summ":"即便所有证据都指向国家批准的刺杀，双边关系也不可能出现重大裂痕，更不用说外交决裂了。沙特阿拉伯对美国的利益太重要了，一个人的死不可能影响到美沙关系"},{"tags":[],"comm":{"tid":"101338425","aid":"100"},"cate":"100300002;100300200;101338425","desc":"朱巍：自媒体敲诈生态链因何而生","form":null,"channelId":126,"nid":101338425,"link":"http://opinion.caixin.com/2018-10-24/101338425.html","edit":{"rank":"","desc":"","name":"记者 周东旭","link":"","head":""},"attr":5,"freeDuration":"0","type":1,"subDesc":"意见领袖","channelDesc":"观点频道","pict":{"imgs":[{"url":"http://img.caixin.com/2018-10-24/1540369125401785_145_97.jpg","txt":""}],"num":1},"audioUrl":"http://audio.caixin.com/caixin/425/101338425.mp3","time":"2018-10-24 16:00:21","freeTime":"","video":"","summ":"舆论分化已经非常严重。有的人只相信网红以及网络偶像的话，这是值得重视的现象。其实很多所谓的影响都不过是刷出来的，舆情也是做出来的"},{"tags":[],"comm":{"tid":"101338376","aid":"100"},"cate":"100300002;100000091;100324039;100536259;101338376","desc":"油价上涨对亚洲经济有何影响","form":null,"channelId":126,"nid":101338376,"link":"http://opinion.caixin.com/2018-10-24/101338376.html","edit":{"rank":"专栏作家 ","desc":"瑞银财富管理投资总监办公室（CIO）亚太区投资总监及首席中国经济学家","name":"胡一帆","link":"http://opinion.caixin.com/huyifan_zssc/index.html","head":"http://www.caixin.com/upload/zhuanlan/100536259_48_48.jpg"},"attr":5,"freeDuration":"48","type":1,"subDesc":"胡一帆","channelDesc":"观点频道","pict":null,"audioUrl":"http://audio.caixin.com/caixin/376/101338376.mp3","time":"2018-10-24 14:51:00","freeTime":"","video":"","summ":"今年以来平均油价升至74美元/桶，比2017年高出约35%。再加上货币政策收紧，可能会导致亚洲经济增长在2019年略微放缓，石油供应波动加大是一个风险"},{"tags":[],"comm":{"tid":"101338340","aid":"100"},"cate":"100300002;100000091;100324040;100868265;101338340","desc":"在美国大学，外行如何管理内行？","form":null,"channelId":126,"nid":101338340,"link":"http://opinion.caixin.com/2018-10-24/101338340.html","edit":{"rank":"专栏作家 ","desc":"饶毅、鲁白、谢宇三位学者创办的移动新媒体平台","name":"知识分子","link":"http://opinion.caixin.com/zsfz_shwx/index.html","head":"http://www.caixin.com/upload/zhuanlan/100868265_48_48.jpg"},"attr":0,"freeDuration":"0","type":1,"subDesc":"知识分子","channelDesc":"观点频道","pict":null,"audioUrl":"http://audio.caixin.com/caixin/340/101338340.mp3","time":"2018-10-24 11:29:56","freeTime":"","video":"","summ":"美国的大学，校长、院长表面的权力很大，但权力的边界清晰，任意性很小。教授治校并非教授直接行使行政权力，而是对行政权力进行有效的制约"},{"tags":[],"comm":{"tid":"101338325","aid":"100"},"cate":"100300002;100000091;100324037;101338372;101338325","desc":"监管需在市场规则与波动之间寻找平衡","form":null,"channelId":126,"nid":101338325,"link":"http://opinion.caixin.com/2018-10-24/101338325.html","edit":{"rank":"专栏作家 ","desc":"经济学博士，中国社会科学院金融研究所副研究员，中国社会科学院金融法律与金融监管研究基地副主任。","name":"郑联盛","link":"http://opinion.caixin.com/zhengliansheng_mjxx/index.html","head":"http://www.caixin.com/upload/zhuanlan/101338372_48_48.jpg"},"attr":5,"freeDuration":"24","type":1,"subDesc":"郑联盛","channelDesc":"观点频道","pict":{"imgs":[{"url":"http://img.caixin.com/2018-10-24/1540350955341358_145_97.jpg","txt":""}],"num":1},"audioUrl":"http://audio.caixin.com/caixin/325/101338325.mp3","time":"2018-10-24 11:08:09","freeTime":"","video":"","summ":"期待“国家队”救援是一种良好的期待，但是，救援有时并非市场稳定和发展的最优方式，市场自身的扭曲需要市场化的方式加以纠正，监管不应因市场波动而被叫停"},{"tags":[],"comm":{"tid":"101338300","aid":"100"},"cate":"100300002;100000091;100324037;100867930;101338300","desc":"俞可平：中国政治学的主要趋势","form":null,"channelId":126,"nid":101338300,"link":"http://opinion.caixin.com/2018-10-24/101338300.html","edit":{"rank":"专栏作家 ","desc":"俞可平，著名学者，政治学家。现任北京大学讲席教授、政府管理学院院长兼北京大学中国政治学研究中心主任，哲学、政治学、国际政治多学科博士生导师","name":"俞可平","link":"http://opinion.caixin.com/yukeping_mjxx/index.html","head":"http://www.caixin.com/upload/zhuanlan/100867930_48_48.jpg"},"attr":5,"freeDuration":"48","type":1,"subDesc":"俞可平","channelDesc":"观点频道","pict":null,"audioUrl":"http://audio.caixin.com/caixin/300/101338300.mp3","time":"2018-10-24 10:12:51","freeTime":"","video":"","summ":"国家治理的现代化，需要政治科学的繁荣"},{"tags":[],"comm":{"tid":"101338297","aid":"100"},"cate":"100300002;100300201;101338297","desc":"中国票据制度的现在与未来","form":null,"channelId":126,"nid":101338297,"link":"http://opinion.caixin.com/2018-10-24/101338297.html","edit":{"rank":"","desc":"","name":"文丨肖小和","link":"","head":""},"attr":5,"freeDuration":"0","type":1,"subDesc":"聚焦","channelDesc":"观点频道","pict":{"imgs":[{"url":"http://img.caixin.com/2018-10-24/1540347597373774_145_97.jpg","txt":""}],"num":1},"audioUrl":"http://audio.caixin.com/caixin/297/101338297.mp3","time":"2018-10-24 10:10:59","freeTime":"","video":"","summ":"中国票据制度存在不少问题，已经在一定程度上影响了票据功能的发挥，需要加以完善"},{"tags":[],"comm":{"tid":"101338247","aid":"100"},"cate":"100300002;100000091;100324037;101060546;101338247","desc":"徐忠：设立民企债券融资支持工具是央行重大政策创新","form":null,"channelId":126,"nid":101338247,"link":"http://opinion.caixin.com/2018-10-24/101338247.html","edit":{"rank":"专栏作家 ","desc":"中国人民银行研究局局长，经济学博士。中国金融学会秘书长，《金融研究》杂志主编","name":"徐忠","link":"http://opinion.caixin.com/xuzhong_mjxx/index.html","head":"http://www.caixin.com/upload/zhuanlan/101060546_48_48.jpg"},"attr":5,"freeDuration":"48","type":1,"subDesc":"徐忠","channelDesc":"观点频道","pict":null,"audioUrl":"http://audio.caixin.com/caixin/247/101338247.mp3","time":"2018-10-24 08:21:13","freeTime":"","video":"","summ":"设立民营企业债券融资支持工具，并不意味着货币政策取向发生改变，其政策着眼点在于弥补民营经济的融资短板，以市场化手段重点支持暂时遇到困难，但有市场、有前景、有技术、有竞争力的民营企业债券融资"},{"tags":[],"comm":{"tid":"101338036","aid":"100"},"cate":"100300002;100000091;100324037;101164160;101338036","desc":"为改革算一笔账","form":null,"channelId":126,"nid":101338036,"link":"http://opinion.caixin.com/2018-10-23/101338036.html","edit":{"rank":"专栏作家 ","desc":"经济学博士，教授，博士生导师，中央党校国际战略研究院副院长。","name":"周天勇","link":"http://opinion.caixin.com/zhoutianyong_mjxx/index.html","head":"http://www.caixin.com/upload/zhuanlan/101164160_48_48.jpg"},"attr":5,"freeDuration":"48","type":1,"subDesc":"周天勇","channelDesc":"观点频道","pict":null,"audioUrl":"http://audio.caixin.com/caixin/036/101338036.mp3","time":"2018-10-23 16:16:55","freeTime":"","video":"","summ":"政府干预使供给自动创造需求失效，造成了2012年以来产能过剩、要素利用率不足性的全要素生产率下降；提高全要素生产率和经济增长关键是突破性的改革"},{"tags":[],"comm":{"tid":"101337964","aid":"100"},"cate":"100300002;100000091;100324037;101337963;101337964","desc":"民企长周期发展机遇的新拐点","form":null,"channelId":126,"nid":101337964,"link":"http://opinion.caixin.com/2018-10-23/101337964.html","edit":{"rank":"专栏作家 ","desc":"峰瑞资本创始合伙人，侧重于消费和深科技领域的投资。","name":"李丰","link":"http://opinion.caixin.com/lifeng_mjxx/index.html","head":"http://www.caixin.com/upload/zhuanlan/101337963_48_48.jpg"},"attr":5,"freeDuration":"48","type":1,"subDesc":"李丰","channelDesc":"观点频道","pict":null,"audioUrl":"http://audio.caixin.com/caixin/964/101337964.mp3","time":"2018-10-23 14:00:14","freeTime":"","video":"","summ":"从改革开放的40年来看，每一次在出现经济挑战的特定历史时间点，都会迎来垄断性市场的市场化开放和改革的时间点"},{"tags":[],"comm":{"tid":"101337960","aid":"100"},"cate":"100300002;100000091;100324037;100659646;101337960","desc":"盛松成：货币政策稳健中性 定向滴灌支持民企发展","form":null,"channelId":126,"nid":101337960,"link":"http://opinion.caixin.com/2018-10-23/101337960.html","edit":{"rank":"专栏作家 ","desc":"中国人民银行参事、调查统计司原司长","name":"盛松成","link":"http://opinion.caixin.com/shengsongcheng_mjxx/index.html","head":"http://www.caixin.com/upload/zhuanlan/100659646_48_48.jpg"},"attr":5,"freeDuration":"48","type":1,"subDesc":"盛松成","channelDesc":"观点频道","pict":null,"audioUrl":"http://audio.caixin.com/caixin/960/101337960.mp3","time":"2018-10-23 13:27:00","freeTime":"","video":"","summ":"人民银行通过再贷款提供部分初始资金，引导设立民营企业债券融资支持工具，并非为民企信用风险兜底，更不是“量化宽松”"},{"tags":[],"comm":{"tid":"101337930","aid":"100"},"cate":"100300002;100300201;101337930","desc":"“马蜂窝事件”法律上捅了哪些“马蜂窝”","form":null,"channelId":126,"nid":101337930,"link":"http://opinion.caixin.com/2018-10-23/101337930.html","edit":{"rank":"","desc":"","name":"文|张延来","link":"","head":""},"attr":5,"freeDuration":"0","type":1,"subDesc":"聚焦","channelDesc":"观点频道","pict":{"imgs":[{"url":"http://img.caixin.com/2018-10-23/1540266007226775_145_97.jpg","txt":""}],"num":1},"audioUrl":"http://audio.caixin.com/caixin/930/101337930.mp3","time":"2018-10-23 11:35:38","freeTime":"","video":"","summ":"“马蜂窝”的法律风险来自于以下几个维度：对数据源头网站的不正当竞争; 对消费者构成欺诈; 广告上的虚假宣传; 对投资人构成违约"},{"tags":[],"comm":{"tid":"101337897","aid":"100"},"cate":"100300002;100000091;100324040;100608404;101337897","desc":"地方立法的法治化意义","form":null,"channelId":126,"nid":101337897,"link":"http://opinion.caixin.com/2018-10-23/101337897.html","edit":{"rank":"专栏作家 ","desc":"中国政法大学法学博士,云南省人大常委会法制工作委员会副主任","name":"田成有","link":"http://opinion.caixin.com/tianchengyou_shwx/index.html","head":"http://www.caixin.com/upload/zhuanlan/100608404_48_48.jpg"},"attr":5,"freeDuration":"48","type":1,"subDesc":"田成有","channelDesc":"观点频道","pict":null,"audioUrl":"http://audio.caixin.com/caixin/897/101337897.mp3","time":"2018-10-23 10:41:07","freeTime":"","video":"","summ":"政府主导立法的工作模式，导致民众面对法律的陌生与麻木，造成法律作为一种公共产品的“滞销”以及与社会的疏远脱节，容易造成“立法就是政府管老百姓”的社会认知或人大不作为的评价"},{"tags":[],"comm":{"tid":"101337891","aid":"100"},"cate":"100300002;100000091;100324037;101337513;101337891","desc":"数字小微贷莫被“高科技”误导","form":null,"channelId":126,"nid":101337891,"link":"http://opinion.caixin.com/2018-10-23/101337891.html","edit":{"rank":"专栏作家 ","desc":"德国科隆大学经济学博士，中国小微信贷资深专家，世界银行IFC特聘专家，中国普惠金融研究院高级顾问。","name":"丁宇","link":"http://opinion.caixin.com/dingyu_mjxx/index.html","head":"http://www.caixin.com/upload/zhuanlan/101337513_48_48.jpg"},"attr":5,"freeDuration":"48","type":1,"subDesc":"丁宇","channelDesc":"观点频道","pict":null,"audioUrl":"http://audio.caixin.com/caixin/891/101337891.mp3","time":"2018-10-23 10:38:35","freeTime":"","video":"","summ":"部分商业银行盲目崇拜技术，大量投资硬上金融科技项目，在一些花里胡哨的“高科技”误导下急剧增加贷款投放"},{"tags":[],"comm":{"tid":"101337685","aid":"100"},"cate":"100300002;100300201;101337685","desc":"土地制度改革下一程","form":null,"channelId":126,"nid":101337685,"link":"http://opinion.caixin.com/2018-10-22/101337685.html","edit":{"rank":"","desc":"","name":"文|刘守英","link":"","head":""},"attr":5,"freeDuration":"0","type":1,"subDesc":"聚焦","channelDesc":"观点频道","pict":{"imgs":[{"url":"http://img.caixin.com/2018-05-17/1526551668247213_145_97.jpg","txt":""}],"num":1},"audioUrl":"http://audio.caixin.com/caixin/685/101337685.mp3","time":"2018-10-22 16:44:51","freeTime":"","video":"","summ":"允许农民集体土地在符合规划和用途管制下进入建设用地市场，实现两种所有制土地同地同权，这是决定中国从城乡中国阶段迈入城市中国阶段的最重要的改革"},{"tags":[],"comm":{"tid":"101337659","aid":"100"},"cate":"100300002;100000091;100324037;100985823;101337659","desc":"强制提高女性高管比例是一个好主意吗","form":null,"channelId":126,"nid":101337659,"link":"http://opinion.caixin.com/2018-10-22/101337659.html","edit":{"rank":"专栏作家 ","desc":"阿姆斯特丹大学经济学博士。现任新加坡南洋理工大学经济学助理教授","name":"包特","link":"http://opinion.caixin.com/baote_mjxx/index.html","head":"http://www.caixin.com/upload/zhuanlan/100985823_48_48.jpg"},"attr":5,"freeDuration":"48","type":1,"subDesc":"包特","channelDesc":"观点频道","pict":null,"audioUrl":"http://audio.caixin.com/caixin/659/101337659.mp3","time":"2018-10-22 16:09:34","freeTime":"","video":"","summ":"以挪威等国数据为基础的经济学研究结果对增加女性高管比例对于公司绩效的影响似乎并没有统一结论。但与此同时，基于中国数据的研究结果则表明，中国企业的资产回报与董事会里女性董事的比例显著正相关"},{"tags":[],"comm":{"tid":"101337657","aid":"100"},"cate":"100300002;100000091;100324037;101336177;101337657","desc":"美国退出万国邮联的虚与实","form":null,"channelId":126,"nid":101337657,"link":"http://opinion.caixin.com/2018-10-22/101337657.html","edit":{"rank":"专栏作家 ","desc":"中国工商银行总行城市金融研究所国际市场与问题研究处副处长，经济学博士。","name":"宋玮","link":"http://opinion.caixin.com/songwei_mjxx/index.html","head":"http://www.caixin.com/upload/zhuanlan/101336177_48_48.jpg"},"attr":5,"freeDuration":"48","type":1,"subDesc":"宋玮","channelDesc":"观点频道","pict":null,"audioUrl":"http://audio.caixin.com/caixin/657/101337657.mp3","time":"2018-10-22 16:07:50","freeTime":"","video":"","summ":"退出万国邮政联盟的决定成为美国与中国开展贸易战一揽子举措的政策工具，并再次对联合国等国际组织进行挑战和威胁，已成为了美国倒逼联合国改革的重要棋子"},{"tags":[],"comm":{"tid":"101337656","aid":"100"},"cate":"100300002;100000091;100324040;100608404;101337656","desc":"把握人大“主导”立法的度","form":null,"channelId":126,"nid":101337656,"link":"http://opinion.caixin.com/2018-10-22/101337656.html","edit":{"rank":"专栏作家 ","desc":"中国政法大学法学博士,云南省人大常委会法制工作委员会副主任","name":"田成有","link":"http://opinion.caixin.com/tianchengyou_shwx/index.html","head":"http://www.caixin.com/upload/zhuanlan/100608404_48_48.jpg"},"attr":5,"freeDuration":"48","type":1,"subDesc":"田成有","channelDesc":"观点频道","pict":null,"audioUrl":"http://audio.caixin.com/caixin/656/101337656.mp3","time":"2018-10-22 16:00:07","freeTime":"","video":"","summ":"人民群众对立法的期待已经不是有没有的问题，而是好不好，管用不管用的问题。为了推动改革健康发展，也需要人大主导立法"},{"tags":[],"comm":{"tid":"101337538","aid":"100"},"cate":"100300002;100300201;101337538","desc":"法治中国 四十不惑","form":null,"channelId":126,"nid":101337538,"link":"http://opinion.caixin.com/2018-10-22/101337538.html","edit":{"rank":"","desc":"","name":"文|季卫东","link":"","head":""},"attr":5,"freeDuration":"0","type":1,"subDesc":"聚焦","channelDesc":"观点频道","pict":{"imgs":[{"url":"http://img.caixin.com/2018-10-22/1540181242547865_145_97.jpg","txt":""}],"num":1},"audioUrl":"http://audio.caixin.com/caixin/538/101337538.mp3","time":"2018-10-22 12:05:55","freeTime":"","video":"","summ":"思想解放、经济优先、法治路线这三件事，分别对应于社会系统的不同维度，构成中国进入改革开放时代的最有典型意义的标志，也构成40年来中国发展的主旋律"},{"tags":[],"comm":{"tid":"101337529","aid":"100"},"cate":"100300002;100000091;100324037;101306801;101337529","desc":"高尚全：当前为什么要坚持和完善基本经济制度不动摇","form":null,"channelId":126,"nid":101337529,"link":"http://opinion.caixin.com/2018-10-22/101337529.html","edit":{"rank":"专栏作家 ","desc":"著名经济学家/原体改委副主任","name":"高尚全","link":"http://opinion.caixin.com/gaoshangquan_mjxx/index.html","head":"http://www.caixin.com/upload/zhuanlan/101306801_48_48.jpg"},"attr":5,"freeDuration":"48","type":1,"subDesc":"高尚全","channelDesc":"观点频道","pict":null,"audioUrl":"http://audio.caixin.com/caixin/529/101337529.mp3","time":"2018-10-22 11:45:46","freeTime":"","video":"","summ":"两种轨道运行要变成一种轨道上运行，就是在社会主义经济建设中，你中有我，我中有你，共同发展，而不是你吃掉我，我吃掉你，这就是混合所有经济的由来"},{"tags":[],"comm":{"tid":"101337515","aid":"100"},"cate":"100300002;100000091;100324037;101332941;101337515","desc":"个税专项扣除比提高起征点更有深意","form":null,"channelId":126,"nid":101337515,"link":"http://opinion.caixin.com/2018-10-22/101337515.html","edit":{"rank":"专栏作家 ","desc":"西南财经大学经济与管理研究院院长","name":"甘犁","link":"http://opinion.caixin.com/ganli_mjxx/index.html","head":"http://www.caixin.com/upload/zhuanlan/101332941_48_48.jpg"},"attr":5,"freeDuration":"48","type":1,"subDesc":"甘犁","channelDesc":"观点频道","pict":null,"audioUrl":"http://audio.caixin.com/caixin/515/101337515.mp3","time":"2018-10-22 11:15:22","freeTime":"","video":"","summ":"专项附加扣除有针对性地帮助了真正需要帮助的人，进一步体现了税负的公平理念与个税精准调节收入的改革方向。专项附加扣除在技术上并不复杂，已经完全可以实现"},{"tags":[],"comm":{"tid":"101337488","aid":"100"},"cate":"100300002;100000091;100324039;100751110;101337488","desc":"个税抵扣 一二线城市家庭获益更多","form":null,"channelId":126,"nid":101337488,"link":"http://opinion.caixin.com/2018-10-22/101337488.html","edit":{"rank":"专栏作家 ","desc":"中金公司研究部负责人、首席经济学家","name":"梁红","link":"http://opinion.caixin.com/lianghong/index.html","head":"http://www.caixin.com/upload/zhuanlan/100751110_48_48.jpg"},"attr":5,"freeDuration":"48","type":1,"subDesc":"梁红","channelDesc":"观点频道","pict":null,"audioUrl":"http://audio.caixin.com/caixin/488/101337488.mp3","time":"2018-10-22 10:14:09","freeTime":"","video":"","summ":"个税抵扣将提高中产家庭可支配收入，对大病医疗、继续教育支出以及消费升级有促进作用，也为促进租赁市场长期发展提供制度催化"},{"tags":[],"comm":{"tid":"101337445","aid":"100"},"cate":"100300002;100300201;101337445","desc":"病耻感，官员抑郁症自杀的助推凶手——从澳门中联办主任身亡说起","form":null,"channelId":126,"nid":101337445,"link":"http://opinion.caixin.com/2018-10-22/101337445.html","edit":{"rank":"","desc":"","name":"作者｜张进","link":"","head":""},"attr":5,"freeDuration":"0","type":1,"subDesc":"聚焦","channelDesc":"观点频道","pict":{"imgs":[{"url":"http://img.caixin.com/2018-10-22/1540169221509159_145_97.jpg","txt":""}],"num":1},"audioUrl":"http://audio.caixin.com/caixin/445/101337445.mp3","time":"2018-10-22 08:43:40","freeTime":"","video":"","summ":"假如官员得了抑郁症被外界知晓，他的仕途就可能受到影响。而一位官员仕途受到影响，对他意味着什么，是不言而喻的"},{"tags":[],"comm":{"tid":"101337438","aid":"100"},"cate":"100300002;100000091;100324037;100467689;101337438","desc":"梁建章：个税专项扣除 “子女养育”减免严重不足","form":null,"channelId":126,"nid":101337438,"link":"http://opinion.caixin.com/2018-10-22/101337438.html","edit":{"rank":"专栏作家 ","desc":"携程集团执行董事长，北京大学光华管理学院教授","name":"梁建章","link":"http://opinion.caixin.com/liangjianzhang_mjxx/index.html","head":"http://www.caixin.com/upload/zhuanlan/100467689_48_48.jpg"},"attr":5,"freeDuration":"48","type":1,"subDesc":"梁建章","channelDesc":"观点频道","pict":null,"audioUrl":"http://audio.caixin.com/caixin/438/101337438.mp3","time":"2018-10-22 08:31:14","freeTime":"","video":"","summ":"建议将个税专项附加扣除中的“子女教育”扩展为“子女养育”，不仅让抵税时段涵盖孩子0-3岁的阶段，还应该提高抵扣金额"},{"tags":[],"comm":{"tid":"101337468","aid":"100"},"cate":"100300002;100300204;101337468","desc":"社论|竞争政策何以“中性”","form":null,"channelId":126,"nid":101337468,"link":"http://opinion.caixin.com/2018-10-20/101337468.html","edit":{"rank":"","desc":"","name":"","link":"","head":""},"attr":5,"freeDuration":"0","type":1,"subDesc":"社评","channelDesc":"观点频道","pict":null,"audioUrl":"http://audio.caixin.com/caixin/468/101337468.mp3","time":"2018-10-20 08:04:02","freeTime":"","video":"","summ":"人们淡忘企业的所有制标签之日，方是“竞争中性”原则实现之时"},{"tags":[],"comm":{"tid":"101337094","aid":"100"},"cate":"100300002;100239120;100239131;101222185;101337094","desc":"火线评论|“救市”的标与本","form":null,"channelId":126,"nid":101337094,"link":"http://opinion.caixin.com/2018-10-19/101337094.html","edit":{"rank":"火线记者 ","desc":"","name":"张榆","link":"http://opinion.caixin.com/zhangyu/index.html","head":"http://www.caixin.com/upload/huoxian/huoxian/101222185.jpg"},"attr":5,"freeDuration":"0","type":1,"subDesc":"张榆","channelDesc":"观点频道","pict":{"imgs":[{"url":"http://img.caixin.com/2018-10-19/1539947926994982_145_97.jpg","txt":""}],"num":1},"audioUrl":"http://audio.caixin.com/caixin/094/101337094.mp3","time":"2018-10-19 19:59:03","freeTime":"","video":"","summ":"积极支持优质境外上市中资企业参与A股上市公司并购重组，回归渠道进一步畅通"},{"tags":[],"comm":{"tid":"101337044","aid":"100"},"cate":"100300002;100000091;100324037;101066352;101337044","desc":"2019牛市三大前提（三）：放水养鱼","form":null,"channelId":126,"nid":101337044,"link":"http://opinion.caixin.com/2018-10-19/101337044.html","edit":{"rank":"专栏作家 ","desc":"兴业银行首席策略分析师。原国泰君安首席策略分析师，策略研究团队负责人。","name":"乔永远","link":"http://opinion.caixin.com/qiaoyongyuan_mjxx/index.html","head":"http://www.caixin.com/upload/zhuanlan/101066352_48_48.jpg"},"attr":5,"freeDuration":"48","type":1,"subDesc":"乔永远","channelDesc":"观点频道","pict":null,"audioUrl":"http://audio.caixin.com/caixin/044/101337044.mp3","time":"2018-10-19 18:31:37","freeTime":"","video":"","summ":"在一致的悲观预期之下，走出市场底部、启动牛市还依赖于增量资金入场。本轮的增量资金大概率来源于银行、保险等长期资金"},{"tags":[],"comm":{"tid":"101337004","aid":"100"},"cate":"100300002;100239120;100240407;100724495;101337004","desc":"支持民企关键是落实国企“竞争中性”|观点精选","form":null,"channelId":126,"nid":101337004,"link":"http://opinion.caixin.com/2018-10-19/101337004.html","edit":{"rank":"火线记者 ","desc":"","name":"周东旭","link":"http://opinion.caixin.com/zhoudongxu/index.html","head":"http://www.caixin.com/upload/huoxian/huoxian/100724495.jpg"},"attr":5,"freeDuration":"0","type":1,"subDesc":"周东旭","channelDesc":"观点频道","pict":{"imgs":[{"url":"http://img.caixin.com/2018-10-19/1539943684532549_145_97.jpg","txt":""}],"num":1},"audioUrl":"http://audio.caixin.com/caixin/004/101337004.mp3","time":"2018-10-19 17:54:10","freeTime":"","video":"","summ":"确保国企不利用国家的权力强化自己的竞争优势，这应该是民企当下更为期盼的及时雨，亦是彰显对非公经济“毫不动摇”的有力举措"},{"tags":[],"comm":{"tid":"101336885","aid":"100"},"cate":"100300002;100000091;100324039;100324366;101336885","desc":"经济艰难时刻 决策层集体喊话是积极信号","form":null,"channelId":126,"nid":101336885,"link":"http://opinion.caixin.com/2018-10-19/101336885.html","edit":{"rank":"专栏作家 ","desc":"京东数字科技副总裁、首席经济学家，复旦大学泛海国际金融学院客座教授","name":"沈建光","link":"http://opinion.caixin.com/shenjianguang_zssc/index.html","head":"http://www.caixin.com/upload/zhuanlan/100324366_48_48.jpg"},"attr":5,"freeDuration":"48","type":1,"subDesc":"沈建光","channelDesc":"观点频道","pict":null,"audioUrl":"http://audio.caixin.com/caixin/885/101336885.mp3","time":"2018-10-19 15:48:25","freeTime":"","video":"","summ":"未来做好政策协调，对于民营经济遇到的难处给予过渡期考虑，同时，推动供给侧改革，加大财政发力，特别是推动大规模的减税措施早日落地"},{"tags":[],"comm":{"tid":"101336835","aid":"100"},"cate":"100300002;100000091;100324037;100777156;101336835","desc":"社融已进入无影状态","form":null,"channelId":126,"nid":101336835,"link":"http://opinion.caixin.com/2018-10-19/101336835.html","edit":{"rank":"专栏作家 ","desc":"财新网“简容论经”专栏作家，经济学博士，现任职中国建设银行金融市场部，本专栏观点与所属单位无关。","name":"张涛","link":"http://opinion.caixin.com/zhangtao_mjxx/index.html","head":"http://www.caixin.com/upload/zhuanlan/100777156_48_48.jpg"},"attr":5,"freeDuration":"48","type":1,"subDesc":"张涛","channelDesc":"观点频道","pict":null,"audioUrl":"http://audio.caixin.com/caixin/835/101336835.mp3","time":"2018-10-19 14:55:32","freeTime":"","video":"","summ":"仅从去杠杆的规模而言，很难完全解释目前经济运行中的新变化，需要从结构变化上来找答案——这个答案显然就在影子融资的逆转变化中"},{"tags":[],"comm":{"tid":"101336811","aid":"100"},"cate":"100300002;100000091;100324037;101064085;101336811","desc":"“稳增长”期待“宽财政”提速","form":null,"channelId":126,"nid":101336811,"link":"http://opinion.caixin.com/2018-10-19/101336811.html","edit":{"rank":"专栏作家 ","desc":"工银国际研究部主管，首席经济学家","name":"程实","link":"http://opinion.caixin.com/chengshi_mjxx/index.html","head":"http://www.caixin.com/upload/zhuanlan/101064085_48_48.jpg"},"attr":5,"freeDuration":"48","type":1,"subDesc":"程实","channelDesc":"观点频道","pict":null,"audioUrl":"http://audio.caixin.com/caixin/811/101336811.mp3","time":"2018-10-19 13:54:39","freeTime":"","video":"","summ":"当前货币政策受限于结构性瓶颈，是“宽货币”未能实现“宽信用”的主因，削弱了其“稳增长”作用。打破这一瓶颈的关键，不在于货币政策本身的腾挪，而在于财政政策的精准配合"},{"tags":[],"comm":{"tid":"101336805","aid":"100"},"cate":"100300002;100000091;100324037;101336669;101336805","desc":"为何SmartBeta能长期战胜市场大盘","form":null,"channelId":126,"nid":101336805,"link":"http://opinion.caixin.com/2018-10-19/101336805.html","edit":{"rank":"专栏作家 ","desc":"财新鋭联指数科技公司首席执行官,鋭联财智董事总经理","name":"段嘉尚","link":"http://opinion.caixin.com/duanjiashang_mjxx/index.html","head":"http://www.caixin.com/upload/zhuanlan/101336669_48_48.jpg"},"attr":5,"freeDuration":"48","type":1,"subDesc":"段嘉尚","channelDesc":"观点频道","pict":null,"audioUrl":"http://audio.caixin.com/caixin/805/101336805.mp3","time":"2018-10-19 13:44:10","freeTime":"","video":"","summ":"近期，中美贸易战和市场去杠杆等多重因素叠加，市场的恐慌使得股市已跌至相对低点，有耐心的投资人应该可以逐渐买入等待市场回升，SmartBeta即是一个非常好的长期投资工具"},{"tags":[],"comm":{"tid":"101336787","aid":"100"},"cate":"100300002;100000091;100324039;100751110;101336787","desc":"央行确认与联储“脱钩”","form":null,"channelId":126,"nid":101336787,"link":"http://opinion.caixin.com/2018-10-19/101336787.html","edit":{"rank":"专栏作家 ","desc":"中金公司研究部负责人、首席经济学家","name":"梁红","link":"http://opinion.caixin.com/lianghong/index.html","head":"http://www.caixin.com/upload/zhuanlan/100751110_48_48.jpg"},"attr":5,"freeDuration":"48","type":1,"subDesc":"梁红","channelDesc":"观点频道","pict":null,"audioUrl":"http://audio.caixin.com/caixin/787/101336787.mp3","time":"2018-10-19 13:10:34","freeTime":"","video":"","summ":"鉴于对美元处于下行通道的中期预测，人民币兑美元汇率的“下行空间”也相对有限。综合来看，人民币兑一篮子货币可能会维持弱势"},{"tags":[],"comm":{"tid":"101336782","aid":"100"},"cate":"100300002;100000091;100324039;100933362;101336782","desc":"美国未把中国列为“汇率操纵国”传递出什么信号","form":null,"channelId":126,"nid":101336782,"link":"http://opinion.caixin.com/2018-10-19/101336782.html","edit":{"rank":"专栏作家 ","desc":"专注于国内消费金融、贸易金融、互联网金融和产业金融等研究领域的专业研究机构","name":"金融观察","link":"http://opinion.caixin.com/snjr/index.html","head":"http://www.caixin.com/upload/zhuanlan/100933362_48_48.jpg"},"attr":5,"freeDuration":"48","type":1,"subDesc":"金融观察","channelDesc":"观点频道","pict":null,"audioUrl":"http://audio.caixin.com/caixin/782/101336782.mp3","time":"2018-10-19 13:07:30","freeTime":"","video":"","summ":"11月末的阿根廷布宜诺斯艾利斯G20峰会上，中美两国元首将进行会晤，为中美经贸关系明确方向。中美两国经济都受到前期双边贸易摩擦的冲击，此时美国财政部若不顾事实、蛮横地给中国贴上“汇率操纵”的标签，显然不利于中美两国领导人会晤的氛围"},{"tags":[],"comm":{"tid":"101336766","aid":"100"},"cate":"100300002;100300201;101336766","desc":"樊纲：贸易战最积极意义在于促改革","form":null,"channelId":126,"nid":101336766,"link":"http://opinion.caixin.com/2018-10-19/101336766.html","edit":{"rank":"","desc":"","name":"记者 王力为 张娱","link":"","head":""},"attr":5,"freeDuration":"0","type":1,"subDesc":"聚焦","channelDesc":"观点频道","pict":{"imgs":[{"url":"http://img.caixin.com/2018-10-19/1539923969861356_145_97.jpg","txt":""}],"num":1},"audioUrl":"http://audio.caixin.com/caixin/766/101336766.mp3","time":"2018-10-19 11:59:08","freeTime":"","video":"","summ":"短期内，贸易战对中美双方负面影响都有限，但背后的长期性、根本性诱因不容忽视，中国改革开放需要进入新阶段"},{"tags":[],"comm":{"tid":"101336686","aid":"100"},"cate":"100300002;100000091;100324039;100751110;101336686","desc":"财政收入增速放缓、支出力度加大","form":null,"channelId":126,"nid":101336686,"link":"http://opinion.caixin.com/2018-10-19/101336686.html","edit":{"rank":"专栏作家 ","desc":"中金公司研究部负责人、首席经济学家","name":"梁红","link":"http://opinion.caixin.com/lianghong/index.html","head":"http://www.caixin.com/upload/zhuanlan/100751110_48_48.jpg"},"attr":5,"freeDuration":"48","type":1,"subDesc":"梁红","channelDesc":"观点频道","pict":null,"audioUrl":"http://audio.caixin.com/caixin/686/101336686.mp3","time":"2018-10-19 09:58:11","freeTime":"","video":"","summ":"四季度将有更多减税政策落地，2018年宏观税负有望继续回落"},{"tags":[],"comm":{"tid":"101336406","aid":"100"},"cate":"100300002;100000091;100324040;101128012;101336406","desc":"宋喆被判刑之后，很多人又想到了马蓉","form":null,"channelId":126,"nid":101336406,"link":"http://opinion.caixin.com/2018-10-18/101336406.html","edit":{"rank":"专栏作家 ","desc":"邓学平律师，京衡律师上海事务所副主任、高级合伙人。","name":"邓学平","link":"http://opinion.caixin.com/dengxueping_shwx/index.html","head":"http://www.caixin.com/upload/zhuanlan/101128012_48_48.jpg"},"attr":5,"freeDuration":"48","type":1,"subDesc":"邓学平","channelDesc":"观点频道","pict":null,"audioUrl":"http://audio.caixin.com/caixin/406/101336406.mp3","time":"2018-10-18 17:39:19","freeTime":"","video":"","summ":"企业高管们，对于宋喆案，不要只是看看热闹而已"},{"tags":[],"comm":{"tid":"101336298","aid":"100"},"cate":"100300002;100000091;100324039;100625679;101336298","desc":"“贸易沙皇”莱特希泽的贸易战棋局","form":null,"channelId":126,"nid":101336298,"link":"http://opinion.caixin.com/2018-10-18/101336298.html","edit":{"rank":"专栏作家 ","desc":"东方证券首席经济学家，牛津大学John SWIRE学者，复旦大学金融研究院研究员暨研究生导师","name":"邵宇","link":"http://opinion.caixin.com/shaoyu_zssc/index.html","head":"http://www.caixin.com/upload/zhuanlan/100625679_48_48.jpg"},"attr":5,"freeDuration":"48","type":1,"subDesc":"邵宇","channelDesc":"观点频道","pict":null,"audioUrl":"http://audio.caixin.com/caixin/298/101336298.mp3","time":"2018-10-18 13:19:34","freeTime":"","video":"","summ":"出生于冷战元年，成名于美日贸易战，再度受命于中美贸易战，莱特希泽将其一生献给了美国的贸易事业"},{"tags":[],"comm":{"tid":"101336291","aid":"100"},"cate":"100300002;100000091;100324037;101133747;101336291","desc":"正念养育：学习做父母","form":null,"channelId":126,"nid":101336291,"link":"http://opinion.caixin.com/2018-10-18/101336291.html","edit":{"rank":"专栏作家 ","desc":"作家，叶史瓦大学（纽约）兼职心理学教授","name":"爱德华·霍夫曼","link":"http://opinion.caixin.com/edwardhoffman_mjxx/index.html","head":"http://www.caixin.com/upload/zhuanlan/101133747_48_48.jpg"},"attr":5,"freeDuration":"48","type":1,"subDesc":"爱德华·霍夫曼","channelDesc":"观点频道","pict":null,"audioUrl":"http://audio.caixin.com/caixin/291/101336291.mp3","time":"2018-10-18 12:59:36","freeTime":"","video":"","summ":"正念养育不是某种“本能”或“自然”的东西，它是所有父母通过学习能获得的技能"},{"tags":[],"comm":{"tid":"101336290","aid":"100"},"cate":"100300002;100000091;100324037;101336180;101336290","desc":"商品房预售改现售利大于弊","form":null,"channelId":126,"nid":101336290,"link":"http://opinion.caixin.com/2018-10-18/101336290.html","edit":{"rank":"专栏作家 ","desc":"景城置业总裁","name":"戴俊凯","link":"http://opinion.caixin.com/daijunkai_mjxx/index.html","head":"http://www.caixin.com/upload/zhuanlan/101336180_48_48.jpg"},"attr":5,"freeDuration":"48","type":1,"subDesc":"戴俊凯","channelDesc":"观点频道","pict":null,"audioUrl":"http://audio.caixin.com/caixin/290/101336290.mp3","time":"2018-10-18 12:49:23","freeTime":"","video":"","summ":"无论是否取消预售，未来的房地产价格的走势，除了供需关系及货币价值之外，很大程度取决于购房者的信心"},{"tags":[],"comm":{"tid":"101336242","aid":"100"},"cate":"100300002;100000091;100000152;101336242","desc":"9月信贷增速不及预期","form":null,"channelId":126,"nid":101336242,"link":"http://opinion.caixin.com/2018-10-18/101336242.html","edit":{"rank":"专栏作家 ","desc":"瑞银亚洲经济研究主管、首席中国经济学家、董事总经理","name":"汪涛","link":"http://opinion.caixin.com/wangtao/index.html","head":"http://www.caixin.com/upload/zhuanlan/100000152_48_48.jpg"},"attr":5,"freeDuration":"48","type":1,"subDesc":"汪涛","channelDesc":"观点频道","pict":null,"audioUrl":"http://audio.caixin.com/caixin/242/101336242.mp3","time":"2018-10-18 11:06:30","freeTime":"","video":"","summ":"新增社融规模乏力主要是因为影子信贷继续收缩，且企业债券净发行规模走弱，四季度整体信贷增速或低位徘徊，2019年可能反弹"},{"tags":[],"comm":{"tid":"101336233","aid":"100"},"cate":"100300002;100000091;100324037;101336177;101336233","desc":"银行结构性存款现状与未来","form":null,"channelId":126,"nid":101336233,"link":"http://opinion.caixin.com/2018-10-18/101336233.html","edit":{"rank":"专栏作家 ","desc":"中国工商银行总行城市金融研究所国际市场与问题研究处副处长，经济学博士。","name":"宋玮","link":"http://opinion.caixin.com/songwei_mjxx/index.html","head":"http://www.caixin.com/upload/zhuanlan/101336177_48_48.jpg"},"attr":5,"freeDuration":"48","type":1,"subDesc":"宋玮","channelDesc":"观点频道","pict":null,"audioUrl":"http://audio.caixin.com/caixin/233/101336233.mp3","time":"2018-10-18 10:54:07","freeTime":"","video":"","summ":"监管趋严将加大对“假结构性存款”的监管力度，再加上年中过后银行揽储压力减轻，未来结构性存款有望进入合规性逐渐增强、大型和中小型银行发行规模有所分化的新阶段"},{"tags":[],"comm":{"tid":"101336198","aid":"100"},"cate":"100300002;100000091;100324039;101305952;101336198","desc":"社融口径调整背后的逻辑","form":null,"channelId":126,"nid":101336198,"link":"http://opinion.caixin.com/2018-10-18/101336198.html","edit":{"rank":"专栏作家 ","desc":"兴业银行、华福证券首席经济学家，兴业研究公司副总裁","name":"鲁政委","link":"http://opinion.caixin.com/luzhengwei_zssc/index.html","head":"http://www.caixin.com/upload/zhuanlan/101305952_48_48.jpg"},"attr":5,"freeDuration":"48","type":1,"subDesc":"鲁政委","channelDesc":"观点频道","pict":null,"audioUrl":"http://audio.caixin.com/caixin/198/101336198.mp3","time":"2018-10-18 10:33:04","freeTime":"","video":"","summ":"居民贷款短期化趋势日益明显；居民资产或正在从表外理财向表内存款转移，助力M2增速企稳；信贷政策的放松对M1增速起到托底的作用，但M1回升力度受限"},{"tags":[],"comm":{"tid":"101336187","aid":"100"},"cate":"100300002;100000091;100324037;101325968;101336187","desc":"专家治国：智利的小国大智","form":null,"channelId":126,"nid":101336187,"link":"http://opinion.caixin.com/2018-10-18/101336187.html","edit":{"rank":"专栏作家 ","desc":"财新传媒副主编、编辑委员会委员","name":"黄山","link":"http://opinion.caixin.com/huangshan_mjxx/index.html","head":"http://www.caixin.com/upload/zhuanlan/101325968_48_48.jpg"},"attr":5,"freeDuration":"48","type":1,"subDesc":"黄山","channelDesc":"观点频道","pict":null,"audioUrl":"http://audio.caixin.com/caixin/187/101336187.mp3","time":"2018-10-18 10:00:19","freeTime":"","video":"","summ":"自1990年智利结束皮诺切特军政府独裁统治以来，迄今经历了11位外长——四位是政治学博士，一位经济学博士。如此高配是为何？"},{"tags":[],"comm":{"tid":"101335918","aid":"100"},"cate":"100300002;100000091;100324037;101335880;101335918","desc":"大规模减税，为何企业获得感不明显","form":null,"channelId":126,"nid":101335918,"link":"http://opinion.caixin.com/2018-10-17/101335918.html","edit":{"rank":"专栏作家 ","desc":"赛意企业研究所研究部主任、武汉大学财税和法律研究中心客座研究员。","name":"唐大杰","link":"http://opinion.caixin.com/tangdajie_mjxx/index.html","head":"http://www.caixin.com/upload/zhuanlan/101335880_48_48.jpg"},"attr":5,"freeDuration":"48","type":1,"subDesc":"唐大杰","channelDesc":"观点频道","pict":null,"audioUrl":"http://audio.caixin.com/caixin/918/101335918.mp3","time":"2018-10-17 15:33:39","freeTime":"","video":"","summ":"减税政策应以精确降低实体经济税负为目的，应设计精准的减税方案，将增值税税率从16%降至10%"},{"tags":[],"comm":{"tid":"101335888","aid":"100"},"cate":"100300002;100000091;100324039;100324366;101335888","desc":"宏观政策如何破局","form":null,"channelId":126,"nid":101335888,"link":"http://opinion.caixin.com/2018-10-17/101335888.html","edit":{"rank":"专栏作家 ","desc":"京东数字科技副总裁、首席经济学家，复旦大学泛海国际金融学院客座教授","name":"沈建光","link":"http://opinion.caixin.com/shenjianguang_zssc/index.html","head":"http://www.caixin.com/upload/zhuanlan/100324366_48_48.jpg"},"attr":5,"freeDuration":"48","type":1,"subDesc":"沈建光","channelDesc":"观点频道","pict":null,"audioUrl":"http://audio.caixin.com/caixin/888/101335888.mp3","time":"2018-10-17 14:18:51","freeTime":"","video":"","summ":"若要稳定信心、稳定预期，不只是需要决策层的隔空喊话，更重要的是针对当前市场普遍担心与质疑的问题做出根本回应，才能起到四两拨千斤的效果"},{"tags":[],"comm":{"tid":"101335780","aid":"100"},"cate":"100300002;100000091;100324037;100820002;101335780","desc":"求解金融服务“绕道”问题","form":null,"channelId":126,"nid":101335780,"link":"http://opinion.caixin.com/2018-10-17/101335780.html","edit":{"rank":"专栏作家 ","desc":"中国社会科学院世界经济与政治研究所研究员","name":"张斌","link":"http://opinion.caixin.com/zhangbin_mjxx/index.html","head":"http://www.caixin.com/upload/zhuanlan/100820002_48_48.jpg"},"attr":5,"freeDuration":"48","type":1,"subDesc":"张斌","channelDesc":"观点频道","pict":null,"audioUrl":"http://audio.caixin.com/caixin/780/101335780.mp3","time":"2018-10-17 10:13:54","freeTime":"","video":"","summ":"近年来，金融服务“正门不通走后门”的绕道现象凸显。解决这一问题需依托金融监管的完善和金融“补短板”"},{"tags":[],"comm":{"tid":"101335729","aid":"100"},"cate":"100300002;100000091;100324037;101335746;101335729","desc":"田国强：大国战略之定力、改革与全球化","form":null,"channelId":126,"nid":101335729,"link":"http://opinion.caixin.com/2018-10-17/101335729.html","edit":{"rank":"专栏作家 ","desc":"上海财经大学经济学院院长、高等研究院院长。","name":"田国强","link":"http://opinion.caixin.com/tianguoqiang_mjxx/index.html","head":"http://www.caixin.com/upload/zhuanlan/101335746_48_48.jpg"},"attr":5,"freeDuration":"0","type":1,"subDesc":"田国强","channelDesc":"观点频道","pict":{"imgs":[{"url":"http://img.caixin.com/2018-10-18/1539835786202724_145_97.jpg","txt":""}],"num":1},"audioUrl":"http://audio.caixin.com/caixin/729/101335729.mp3","time":"2018-10-17 08:34:05","freeTime":"","video":"","summ":"以更大定力、更大力度的市场化改革和经济全球化开放来应对"},{"tags":[],"comm":{"tid":"101335512","aid":"100"},"cate":"100300002;100000091;100324039;100324366;101335512","desc":"9月通胀压力不改货币政策放松","form":null,"channelId":126,"nid":101335512,"link":"http://opinion.caixin.com/2018-10-16/101335512.html","edit":{"rank":"专栏作家 ","desc":"京东数字科技副总裁、首席经济学家，复旦大学泛海国际金融学院客座教授","name":"沈建光","link":"http://opinion.caixin.com/shenjianguang_zssc/index.html","head":"http://www.caixin.com/upload/zhuanlan/100324366_48_48.jpg"},"attr":5,"freeDuration":"48","type":1,"subDesc":"沈建光","channelDesc":"观点频道","pict":null,"audioUrl":"http://audio.caixin.com/caixin/512/101335512.mp3","time":"2018-10-16 16:55:49","freeTime":"","video":"","summ":"虽然当前CPI有上涨的势头，但考虑到去年较低的基数效应，年内通胀应该不会成为威胁。而从中期来看，需要避免“流动性陷阱”风险"},{"tags":[],"comm":{"tid":"101335500","aid":"100"},"cate":"100300002;100000091;100324037;101064085;101335500","desc":"美国国债收益率曲线的沙盘推演","form":null,"channelId":126,"nid":101335500,"link":"http://opinion.caixin.com/2018-10-16/101335500.html","edit":{"rank":"专栏作家 ","desc":"工银国际研究部主管，首席经济学家","name":"程实","link":"http://opinion.caixin.com/chengshi_mjxx/index.html","head":"http://www.caixin.com/upload/zhuanlan/101064085_48_48.jpg"},"attr":5,"freeDuration":"48","type":1,"subDesc":"程实","channelDesc":"观点频道","pict":null,"audioUrl":"http://audio.caixin.com/caixin/500/101335500.mp3","time":"2018-10-16 16:36:09","freeTime":"","video":"","summ":"2018年11月美国中期选举，以及2019年年中的美联储缩表变速，是未来的关键节点，将逐步决定美债收益率曲线的形状演变和风险冲击"},{"tags":[],"comm":{"tid":"101335287","aid":"100"},"cate":"100300002;100000091;100324037;100759749;101335287","desc":"沪伦通：沪港通、深港通升级版","form":null,"channelId":126,"nid":101335287,"link":"http://opinion.caixin.com/2018-10-16/101335287.html","edit":{"rank":"专栏作家 ","desc":"武汉科技大学金融证券研究所所长","name":"董登新","link":"http://opinion.caixin.com/dongdengxin_mjxx/index.html","head":"http://www.caixin.com/upload/zhuanlan/100759749_48_48.jpg"},"attr":5,"freeDuration":"48","type":1,"subDesc":"董登新","channelDesc":"观点频道","pict":null,"audioUrl":"http://audio.caixin.com/caixin/287/101335287.mp3","time":"2018-10-16 11:16:36","freeTime":"","video":"","summ":"沪伦通在两地股票可直接双向交易的基础上，将首次推出DR，这是中国资本市场对外开放的又一个重要的里程碑"},{"tags":[],"comm":{"tid":"101335280","aid":"100"},"cate":"100300002;100000091;100324037;101329956;101335280","desc":"寒冬来临，房企如何调整与续航","form":null,"channelId":126,"nid":101335280,"link":"http://opinion.caixin.com/2018-10-16/101335280.html","edit":{"rank":"专栏作家 ","desc":"某大型房地产公司融资中心负责人","name":"汪杰","link":"http://opinion.caixin.com/wangjie_mjxx/index.html","head":"http://www.caixin.com/upload/zhuanlan/101329956_48_48.jpg"},"attr":5,"freeDuration":"48","type":1,"subDesc":"汪杰","channelDesc":"观点频道","pict":null,"audioUrl":"http://audio.caixin.com/caixin/280/101335280.mp3","time":"2018-10-16 11:07:31","freeTime":"","video":"","summ":"曾被认为是“中国经济发动机”的地产行业风光不再，地产行业寒冬的到来使得房地产企业必须不断加强创新和转型力度，方能适应经济新常态"},{"tags":[],"comm":{"tid":"101335276","aid":"100"},"cate":"100300002;100000091;100324037;101220072;101335276","desc":"“股灾底”跌穿  重温巴鲁克风暴前何以全身而退","form":null,"channelId":126,"nid":101335276,"link":"http://opinion.caixin.com/2018-10-16/101335276.html","edit":{"rank":"专栏作家 ","desc":"丹阳投资董事长、首席投资官。","name":"康水跃","link":"http://opinion.caixin.com/kangshuiyue/index.html","head":"http://www.caixin.com/upload/zhuanlan/101220072_48_48.jpg"},"attr":5,"freeDuration":"48","type":1,"subDesc":"康水跃","channelDesc":"观点频道","pict":null,"audioUrl":"http://audio.caixin.com/caixin/276/101335276.mp3","time":"2018-10-16 10:58:09","freeTime":"","video":"","summ":"在2638点“股灾底”被跌穿之际，我们有必要重温巴鲁克这位老前辈的投资思想"},{"tags":[],"comm":{"tid":"101335273","aid":"100"},"cate":"100300002;100000091;100324037;100994410;101335273","desc":"消费引领与房地产发展","form":null,"channelId":126,"nid":101335273,"link":"http://opinion.caixin.com/2018-10-16/101335273.html","edit":{"rank":"专栏作家 ","desc":"中国发展研究基金会是国务院发展研究中心发起成立的全国性公募基金会，成立于1997年","name":"中国发展研究基金会","link":"http://opinion.caixin.com/cdrf_mjxx/index.html","head":"http://www.caixin.com/upload/zhuanlan/100994410_48_48.jpg"},"attr":5,"freeDuration":"48","type":1,"subDesc":"中国发展研究基金会","channelDesc":"观点频道","pict":null,"audioUrl":"http://audio.caixin.com/caixin/273/101335273.mp3","time":"2018-10-16 10:38:37","freeTime":"","video":"","summ":"现在高质量发展房地产最大问题是质量不仅没有提高还在下降，这与某些开发商盲目准求高周转，和政府限价有关"},{"tags":[],"comm":{"tid":"101335251","aid":"100"},"cate":"100300002;100000091;100324037;100994410;101335251","desc":"需尽早推出机构型租赁住房","form":null,"channelId":126,"nid":101335251,"link":"http://opinion.caixin.com/2018-10-16/101335251.html","edit":{"rank":"专栏作家 ","desc":"中国发展研究基金会是国务院发展研究中心发起成立的全国性公募基金会，成立于1997年","name":"中国发展研究基金会","link":"http://opinion.caixin.com/cdrf_mjxx/index.html","head":"http://www.caixin.com/upload/zhuanlan/100994410_48_48.jpg"},"attr":5,"freeDuration":"48","type":1,"subDesc":"中国发展研究基金会","channelDesc":"观点频道","pict":null,"audioUrl":"http://audio.caixin.com/caixin/251/101335251.mp3","time":"2018-10-16 10:14:12","freeTime":"","video":"","summ":"要把上半场的房地产开发销售和下半场的房地产或者不动产整体持有和运营分开来；要让保障的归保障，市场的归市场"},{"tags":[],"comm":{"tid":"101335248","aid":"100"},"cate":"100300002;100000091;100324037;100414320;101335248","desc":"全球化从来不是单行道","form":null,"channelId":126,"nid":101335248,"link":"http://opinion.caixin.com/2018-10-16/101335248.html","edit":{"rank":"专栏作家 ","desc":"Guggenheim Investments基金经理","name":"吴谦立","link":"http://opinion.caixin.com/wuqianli_mjxx/index.html","head":"http://www.caixin.com/upload/zhuanlan/100414320_48_48.jpg"},"attr":5,"freeDuration":"48","type":1,"subDesc":"吴谦立","channelDesc":"观点频道","pict":null,"audioUrl":"http://audio.caixin.com/caixin/248/101335248.mp3","time":"2018-10-16 10:07:45","freeTime":"","video":"","summ":"历史上曾经多次出现不同程度的“全球化”和“去全球化”的循环，全球化从来都不是一直向前的单行道"},{"tags":[],"comm":{"tid":"101335179","aid":"100"},"cate":"100300002;100000091;100324037;101325968;101335179","desc":"美国实体零售巨头Kohl’s如何“战”电商","form":null,"channelId":126,"nid":101335179,"link":"http://opinion.caixin.com/2018-10-16/101335179.html","edit":{"rank":"专栏作家 ","desc":"财新传媒副主编、编辑委员会委员","name":"黄山","link":"http://opinion.caixin.com/huangshan_mjxx/index.html","head":"http://www.caixin.com/upload/zhuanlan/101325968_48_48.jpg"},"attr":5,"freeDuration":"48","type":1,"subDesc":"黄山","channelDesc":"观点频道","pict":null,"audioUrl":"http://audio.caixin.com/caixin/179/101335179.mp3","time":"2018-10-16 08:41:55","freeTime":"","video":"","summ":"学会与竞争对手共存，而不是一味死磕，似乎也提供了竞争环境下的另一种思路"},{"tags":[],"comm":{"tid":"101334994","aid":"100"},"cate":"100300002;100000091;100324037;100994410;101334994","desc":"关于租赁市场的思考","form":null,"channelId":126,"nid":101334994,"link":"http://opinion.caixin.com/2018-10-15/101334994.html","edit":{"rank":"专栏作家 ","desc":"中国发展研究基金会是国务院发展研究中心发起成立的全国性公募基金会，成立于1997年","name":"中国发展研究基金会","link":"http://opinion.caixin.com/cdrf_mjxx/index.html","head":"http://www.caixin.com/upload/zhuanlan/100994410_48_48.jpg"},"attr":5,"freeDuration":"48","type":1,"subDesc":"中国发展研究基金会","channelDesc":"观点频道","pict":null,"audioUrl":"http://audio.caixin.com/caixin/994/101334994.mp3","time":"2018-10-15 16:44:13","freeTime":"","video":"","summ":"未来租赁市场发展只有两个大的方向，一是集体建设用地重新开发，二是老旧小区和闲置住宅租赁的使用和盘活"},{"tags":[],"comm":{"tid":"101334993","aid":"100"},"cate":"100300002;100000091;100000152;101334993","desc":"中国经常账户顺差或消失，影响几何","form":null,"channelId":126,"nid":101334993,"link":"http://opinion.caixin.com/2018-10-15/101334993.html","edit":{"rank":"专栏作家 ","desc":"瑞银亚洲经济研究主管、首席中国经济学家、董事总经理","name":"汪涛","link":"http://opinion.caixin.com/wangtao/index.html","head":"http://www.caixin.com/upload/zhuanlan/100000152_48_48.jpg"},"attr":5,"freeDuration":"48","type":1,"subDesc":"汪涛","channelDesc":"观点频道","pict":null,"audioUrl":"http://audio.caixin.com/caixin/993/101334993.mp3","time":"2018-10-15 16:42:03","freeTime":"","video":"","summ":"经常账户顺差时代接近尾声加剧人民币贬值压力，但预计经常账户逆差规模较小，且不会成为政策宽松的主要制约因素；人民币可能继续走弱，但应不会大幅贬值"},{"tags":[],"comm":{"tid":"101334989","aid":"100"},"cate":"100300002;100000091;100324037;100994410;101334989","desc":"从地价变化看楼市走势","form":null,"channelId":126,"nid":101334989,"link":"http://opinion.caixin.com/2018-10-15/101334989.html","edit":{"rank":"专栏作家 ","desc":"中国发展研究基金会是国务院发展研究中心发起成立的全国性公募基金会，成立于1997年","name":"中国发展研究基金会","link":"http://opinion.caixin.com/cdrf_mjxx/index.html","head":"http://www.caixin.com/upload/zhuanlan/100994410_48_48.jpg"},"attr":5,"freeDuration":"48","type":1,"subDesc":"中国发展研究基金会","channelDesc":"观点频道","pict":null,"audioUrl":"http://audio.caixin.com/caixin/989/101334989.mp3","time":"2018-10-15 16:34:03","freeTime":"","video":"","summ":"比较好的一二线城市的土地流拍增多，土地流拍的增加，是市场变化的前奏"},{"tags":[],"comm":{"tid":"101334972","aid":"100"},"cate":"100300002;100000091;100324037;100994410;101334972","desc":"房价不是泡沫而是扭曲","form":null,"channelId":126,"nid":101334972,"link":"http://opinion.caixin.com/2018-10-15/101334972.html","edit":{"rank":"专栏作家 ","desc":"中国发展研究基金会是国务院发展研究中心发起成立的全国性公募基金会，成立于1997年","name":"中国发展研究基金会","link":"http://opinion.caixin.com/cdrf_mjxx/index.html","head":"http://www.caixin.com/upload/zhuanlan/100994410_48_48.jpg"},"attr":5,"freeDuration":"48","type":1,"subDesc":"中国发展研究基金会","channelDesc":"观点频道","pict":null,"audioUrl":"http://audio.caixin.com/caixin/972/101334972.mp3","time":"2018-10-15 16:14:52","freeTime":"","video":"","summ":"土地和城市公共管理服务扭曲是房价上升的重要因素，金融市场发育不健全也是高房价的重要推手"},{"tags":[],"comm":{"tid":"101334950","aid":"100"},"cate":"100300002;100000091;100324037;100659646;101334950","desc":"货币政策与去中心化是数字货币的悖论","form":null,"channelId":126,"nid":101334950,"link":"http://opinion.caixin.com/2018-10-15/101334950.html","edit":{"rank":"专栏作家 ","desc":"中国人民银行参事、调查统计司原司长","name":"盛松成","link":"http://opinion.caixin.com/shengsongcheng_mjxx/index.html","head":"http://www.caixin.com/upload/zhuanlan/100659646_48_48.jpg"},"attr":5,"freeDuration":"48","type":1,"subDesc":"盛松成","channelDesc":"观点频道","pict":null,"audioUrl":"http://audio.caixin.com/caixin/950/101334950.mp3","time":"2018-10-15 15:28:59","freeTime":"","video":"","summ":"没有一个国家的经济离得开货币政策的调节，这恰恰需要中心化的制度安排。这是所谓“数字货币”面临的 “悖论”：人们必须在追求币值稳定和利用货币政策调节经济之间做出选择"},{"tags":[],"comm":{"tid":"101334946","aid":"100"},"cate":"100300002;100000091;100324039;100669421;101334946","desc":"贝莱德：全球保险业者着眼上调风险敞口","form":null,"channelId":126,"nid":101334946,"link":"http://opinion.caixin.com/2018-10-15/101334946.html","edit":{"rank":"专栏作家 ","desc":"","name":"贝莱德智库","link":"http://opinion.caixin.com/beilaide_zssc/index.html","head":"http://www.caixin.com/upload/zhuanlan/100669421_48_48.jpg"},"attr":5,"freeDuration":"48","type":1,"subDesc":"贝莱德智库","channelDesc":"观点频道","pict":null,"audioUrl":"http://audio.caixin.com/caixin/946/101334946.mp3","time":"2018-10-15 15:07:28","freeTime":"","video":"","summ":"在限制投资风险胃纳多年之后，全球保险业者已带着更高的风险胃纳重返市场"},{"tags":[],"comm":{"tid":"101334936","aid":"100"},"cate":"100300002;100000091;100000152;101334936","desc":"中美贸易战：关税负面影响与中国提前出口","form":null,"channelId":126,"nid":101334936,"link":"http://opinion.caixin.com/2018-10-15/101334936.html","edit":{"rank":"专栏作家 ","desc":"瑞银亚洲经济研究主管、首席中国经济学家、董事总经理","name":"汪涛","link":"http://opinion.caixin.com/wangtao/index.html","head":"http://www.caixin.com/upload/zhuanlan/100000152_48_48.jpg"},"attr":5,"freeDuration":"48","type":1,"subDesc":"汪涛","channelDesc":"观点频道","pict":null,"audioUrl":"http://audio.caixin.com/caixin/936/101334936.mp3","time":"2018-10-15 15:02:37","freeTime":"","video":"","summ":"预计四季度中国对美出口显著下滑，在2019年一季度继续明显走弱"},{"tags":[],"comm":{"tid":"101334915","aid":"100"},"cate":"100300002;100300201;101334915","desc":"联邦币的理论构想与数字稳定代币实践","form":null,"channelId":126,"nid":101334915,"link":"http://opinion.caixin.com/2018-10-15/101334915.html","edit":{"rank":"","desc":"","name":"","link":"","head":""},"attr":5,"freeDuration":"0","type":1,"subDesc":"聚焦","channelDesc":"观点频道","pict":{"imgs":[{"url":"http://img.caixin.com/2018-10-15/1539583876991710_145_97.jpg","txt":""}],"num":1},"audioUrl":"http://audio.caixin.com/caixin/910/101334910.mp3","time":"2018-10-15 14:05:28","freeTime":"","video":"","summ":"虽然美联储主席鲍威尔及多位高管都曾公开表示对央行数字货币的谨慎态度，但美国学术界和产业界一直在研究探索数字美元。在这些探索的背后，涌动的是美国市场的竞争机制与私人部门的创新意愿"},{"tags":[],"comm":{"tid":"101334889","aid":"100"},"cate":"100300002;100000091;100324037;100898518;101334889","desc":"穿透数字稳定代币：发展中国家应高度重视相关风险","form":null,"channelId":126,"nid":101334889,"link":"http://opinion.caixin.com/2018-10-15/101334889.html","edit":{"rank":"专栏作家 ","desc":"北京师范大学金融学博士；北京网络法学研究会副秘书长","name":"赵鹞","link":"http://opinion.caixin.com/zhaoyao_mjxx/index.html","head":"http://www.caixin.com/upload/zhuanlan/100898518_48_48.jpg"},"attr":5,"freeDuration":"48","type":1,"subDesc":"赵鹞","channelDesc":"观点频道","pict":null,"audioUrl":"http://audio.caixin.com/caixin/889/101334889.mp3","time":"2018-10-15 13:59:50","freeTime":"","video":"","summ":"对于发展中国家无论是否存在外汇管制，国际环境与外汇市场的剧烈波动使得虚拟货币已经成为对冲本币贬值风险甚至本国资金外逃的渠道与工具，并完全脱离监管，甚至有着民间美元化的潜力，这无疑成为一些发展中大国的新的金融风险源头"},{"tags":[],"comm":{"tid":"101334850","aid":"100"},"cate":"100300002;100000091;100324037;101325874;101334850","desc":"张春霖：竞争中性原则如何推动国企改革","form":null,"channelId":126,"nid":101334850,"link":"http://opinion.caixin.com/2018-10-15/101334850.html","edit":{"rank":"专栏作家 ","desc":"世界银行集团金融、竞争力和创新全球业务部的首席民营经济发展专家。","name":"张春霖","link":"http://opinion.caixin.com/zhangchunlin_mjxx/index.html","head":"http://www.caixin.com/upload/zhuanlan/101325874_48_48.jpg"},"attr":5,"freeDuration":"0","type":1,"subDesc":"张春霖","channelDesc":"观点频道","pict":null,"audioUrl":"http://audio.caixin.com/caixin/850/101334850.mp3","time":"2018-10-15 12:00:45","freeTime":"","video":"","summ":"要将国企置于公平竞争环境，一是确保国企不利用国家的权力强化自己的竞争优势；二是确保国企尽管有一个国家股东，但在其他方面和别的企业一样是独立参与市场竞争的商业实体。后者要害在于政企分开，前者可供考虑的一个改革思路是接受竞争中性原则"},{"tags":[],"comm":{"tid":"101334846","aid":"100"},"cate":"100300002;100300201;101334846","desc":"企业“长期主义”只能靠不上市或者私有化吗","form":null,"channelId":126,"nid":101334846,"link":"http://opinion.caixin.com/2018-10-15/101334846.html","edit":{"rank":"","desc":"","name":"文 | 金秀咿","link":"","head":""},"attr":5,"freeDuration":"0","type":1,"subDesc":"聚焦","channelDesc":"观点频道","pict":{"imgs":[{"url":"http://img.caixin.com/2018-10-15/1539575837371161_145_97.jpg","txt":""}],"num":1},"audioUrl":"http://audio.caixin.com/caixin/846/101334846.mp3","time":"2018-10-15 11:52:10","freeTime":"","video":"","summ":"长期主义的神秘已被打破，关键在于何时才能够得到落实。培育长期主义取决于多方利益相关者的通力合作，包括企业管理层、股东、机构投资者和政策制定者。达成全球共识以及呼吁利益相关方通力合作，是实现业务可持续发展并创造长期价值的关键"},{"tags":[],"comm":{"tid":"101334813","aid":"100"},"cate":"100300002;100000091;100324037;100777156;101334813","desc":"中国货币政策传导之困（二）：印钞之术","form":null,"channelId":126,"nid":101334813,"link":"http://opinion.caixin.com/2018-10-15/101334813.html","edit":{"rank":"专栏作家 ","desc":"财新网“简容论经”专栏作家，经济学博士，现任职中国建设银行金融市场部，本专栏观点与所属单位无关。","name":"张涛","link":"http://opinion.caixin.com/zhangtao_mjxx/index.html","head":"http://www.caixin.com/upload/zhuanlan/100777156_48_48.jpg"},"attr":5,"freeDuration":"48","type":1,"subDesc":"张涛","channelDesc":"观点频道","pict":null,"audioUrl":"http://audio.caixin.com/caixin/813/101334813.mp3","time":"2018-10-15 10:51:00","freeTime":"","video":"","summ":"当前中国央行“印钞之术”无比复杂，客观上也是中国货币政策传导之困的重要原因"},{"tags":[],"comm":{"tid":"101334791","aid":"100"},"cate":"100300002;100300204;101334791","desc":"社论|以机制为国企改革撑腰打气","form":null,"channelId":126,"nid":101334791,"link":"http://opinion.caixin.com/2018-10-15/101334791.html","edit":{"rank":"","desc":"","name":"","link":"","head":""},"attr":5,"freeDuration":"0","type":1,"subDesc":"社评","channelDesc":"观点频道","pict":null,"audioUrl":"http://audio.caixin.com/caixin/476/101334476.mp3","time":"2018-10-15 09:51:05","freeTime":"","video":"","summ":"应建立一套保护国企改革者正当权利、实现激励相容的机制"},{"tags":[],"comm":{"tid":"101334382","aid":"100"},"cate":"100300002;100000091;100324039;100432719;101334382","desc":"历史到了一个十字路口，今天不买和要卖什么","form":null,"channelId":126,"nid":101334382,"link":"http://opinion.caixin.com/2018-10-12/101334382.html","edit":{"rank":"专栏作家 ","desc":"交银国际董事总经理兼首席策略师","name":"洪灏","link":"http://opinion.caixin.com/honghao_zssc/index.html","head":"http://www.caixin.com/upload/zhuanlan/100432719_48_48.jpg"},"attr":5,"freeDuration":"48","type":1,"subDesc":"洪灏","channelDesc":"观点频道","pict":null,"audioUrl":"http://audio.caixin.com/caixin/382/101334382.mp3","time":"2018-10-12 17:52:27","freeTime":"","video":"","summ":"中国进入三年经济周期最后快速下跌和美国短周期见顶产生的合力，就是大家看到市场的情况，非常动荡"},{"tags":[],"comm":{"tid":"101334334","aid":"100"},"cate":"100300002;100300201;101334334","desc":"《中日和平友好条约》谈判背后的僵局与决断","form":null,"channelId":126,"nid":101334334,"link":"http://opinion.caixin.com/2018-10-12/101334334.html","edit":{"rank":"","desc":"","name":"文 | 王泰平","link":"","head":""},"attr":5,"freeDuration":"0","type":1,"subDesc":"聚焦","channelDesc":"观点频道","pict":{"imgs":[{"url":"http://img.caixin.com/2018-10-12/1539335219628789_145_97.jpg","txt":""}],"num":1},"audioUrl":"http://audio.caixin.com/caixin/334/101334334.mp3","time":"2018-10-12 17:03:33","freeTime":"","video":"","summ":"《中日和平友好条约》全文不足1000字，但从酝酿到缔结经历了一个漫长的过程（历时六个春秋），其间中日双方各自国内的政局都发生了巨大变化，谈判的决策者和执行者也几经转换"},{"tags":[],"comm":{"tid":"101334331","aid":"100"},"cate":"100300002;100000091;100324037;100745928;101334331","desc":"特朗普景气的终结？","form":null,"channelId":126,"nid":101334331,"link":"http://opinion.caixin.com/2018-10-12/101334331.html","edit":{"rank":"专栏作家 ","desc":"恒大集团首席经济学家（副总裁级）兼研究院院长","name":"任泽平","link":"http://opinion.caixin.com/renzeping/index.html","head":"http://www.caixin.com/upload/zhuanlan/100745928_48_48.jpg"},"attr":5,"freeDuration":"48","type":1,"subDesc":"任泽平","channelDesc":"观点频道","pict":null,"audioUrl":"http://audio.caixin.com/caixin/331/101334331.mp3","time":"2018-10-12 16:55:08","freeTime":"","video":"","summ":"美股领衔全球股市大跌，可能是特朗普景气终结的前兆，这对全球经济形势、宏观政策、资本市场、中美贸易战等都将产生深远影响"},{"tags":[],"comm":{"tid":"101334302","aid":"100"},"cate":"100300002;100000091;100324039;100751110;101334302","desc":"出口升、进口降反映内需增长动能放缓","form":null,"channelId":126,"nid":101334302,"link":"http://opinion.caixin.com/2018-10-12/101334302.html","edit":{"rank":"专栏作家 ","desc":"中金公司研究部负责人、首席经济学家","name":"梁红","link":"http://opinion.caixin.com/lianghong/index.html","head":"http://www.caixin.com/upload/zhuanlan/100751110_48_48.jpg"},"attr":5,"freeDuration":"48","type":1,"subDesc":"梁红","channelDesc":"观点频道","pict":null,"audioUrl":"http://audio.caixin.com/caixin/302/101334302.mp3","time":"2018-10-12 16:35:12","freeTime":"","video":"","summ":"到目前为止，中美贸易摩擦影响更多体现在中国对美国进口上。考虑2000亿美元清单商品有可能在9月份提前出口，4季度出口将面临更大压力"},{"tags":[],"comm":{"tid":"101334173","aid":"100"},"cate":"100300002;100300201;101334173","desc":"创新如何成为经济增长的源泉","form":null,"channelId":126,"nid":101334173,"link":"http://opinion.caixin.com/2018-10-12/101334173.html","edit":{"rank":"","desc":"","name":"文|秦玲玲 孙黎","link":"","head":""},"attr":5,"freeDuration":"0","type":1,"subDesc":"聚焦","channelDesc":"观点频道","pict":{"imgs":[{"url":"http://img.caixin.com/2018-10-12/1539323122711231_145_97.jpg","txt":""}],"num":1},"audioUrl":"http://audio.caixin.com/caixin/173/101334173.mp3","time":"2018-10-12 13:38:55","freeTime":"","video":"","summ":"田轩的《创新的资本逻辑》一书勾勒出资本对创新影响机制的完整框架，阐明了创新的资本逻辑的内在机理以及实践途径"},{"tags":[],"comm":{"tid":"101334093","aid":"100"},"cate":"100300002;100000091;100324037;100828556;101334093","desc":"美股与美债的相爱相杀","form":null,"channelId":126,"nid":101334093,"link":"http://opinion.caixin.com/2018-10-12/101334093.html","edit":{"rank":"专栏作家 ","desc":"联讯证券董事总经理，首席宏观研究员","name":"李奇霖","link":"http://opinion.caixin.com/liqilin_mjxx/index.html","head":"http://www.caixin.com/upload/zhuanlan/100828556_48_48.jpg"},"attr":5,"freeDuration":"48","type":1,"subDesc":"李奇霖","channelDesc":"观点频道","pict":null,"audioUrl":"http://audio.caixin.com/caixin/093/101334093.mp3","time":"2018-10-12 10:57:35","freeTime":"","video":"","summ":"这次美股的下跌是一轮以美债快速上行为触发剂、以对企业盈利增长改善可持续预期修正为内核的调整。这轮美股的调整是短期的修正还是多年牛市终结的起点，还要看中期选举的结果及后续的影响"},{"tags":[],"comm":{"tid":"101334051","aid":"100"},"cate":"100300002;100000091;100324040;100608404;101334051","desc":"地方立法如何立出管用之法","form":null,"channelId":126,"nid":101334051,"link":"http://opinion.caixin.com/2018-10-12/101334051.html","edit":{"rank":"专栏作家 ","desc":"中国政法大学法学博士,云南省人大常委会法制工作委员会副主任","name":"田成有","link":"http://opinion.caixin.com/tianchengyou_shwx/index.html","head":"http://www.caixin.com/upload/zhuanlan/100608404_48_48.jpg"},"attr":5,"freeDuration":"48","type":1,"subDesc":"田成有","channelDesc":"观点频道","pict":null,"audioUrl":"http://audio.caixin.com/caixin/051/101334051.mp3","time":"2018-10-12 10:03:20","freeTime":"","video":"","summ":"不能局限于纯粹为了立法而立法，而要坚持精细化、专业化、实效化的路径，既要站在全局的高度，又应当具备区域发展的视野，综合考量各种立法因素"},{"tags":[],"comm":{"tid":"101334040","aid":"100"},"cate":"100300002;100000091;100324037;101315655;101334040","desc":"如何看美股泡沫风险？","form":null,"channelId":126,"nid":101334040,"link":"http://opinion.caixin.com/2018-10-12/101334040.html","edit":{"rank":"专栏作家 ","desc":"川财证券研究所所长、董事总经理。","name":"陈雳","link":"http://opinion.caixin.com/chenli_mjxx/index.html","head":"http://www.caixin.com/upload/zhuanlan/101315655_48_48.jpg"},"attr":5,"freeDuration":"48","type":1,"subDesc":"陈雳","channelDesc":"观点频道","pict":null,"audioUrl":"http://audio.caixin.com/caixin/040/101334040.mp3","time":"2018-10-12 09:58:49","freeTime":"","video":"","summ":"现阶段决定这轮牛市延续的根本原因是美国现阶段的经济基本面。中长期来看，美股繁荣的背后依然存在着较大风险"},{"tags":[],"comm":{"tid":"101333730","aid":"100"},"cate":"100300002;100000091;100324037;100994488;101333730","desc":"对伊制裁引发忧虑 油价创四年新高","form":null,"channelId":126,"nid":101333730,"link":"http://opinion.caixin.com/2018-10-11/101333730.html","edit":{"rank":"专栏作家 ","desc":"商品和能源市场的信息和基准价格的重要独立提供机构","name":"标普全球普氏","link":"http://opinion.caixin.com/bpqqps_mjxx/index.html","head":"http://www.caixin.com/upload/zhuanlan/100994488_48_48.jpg"},"attr":5,"freeDuration":"48","type":1,"subDesc":"标普全球普氏","channelDesc":"观点频道","pict":null,"audioUrl":"http://audio.caixin.com/caixin/730/101333730.mp3","time":"2018-10-11 13:34:37","freeTime":"","video":"","summ":"原油价格已上涨到四年高位，主要推动因素是美国对伊制裁的影响可能超过原来预期，且有关伊朗出口的不明朗性暗示未来数月将出现更多波动"},{"tags":[],"comm":{"tid":"101333668","aid":"100"},"cate":"100300002;100000091;100324039;100933362;101333668","desc":"央行开闸，能否提振企业家投资信心","form":null,"channelId":126,"nid":101333668,"link":"http://opinion.caixin.com/2018-10-11/101333668.html","edit":{"rank":"专栏作家 ","desc":"专注于国内消费金融、贸易金融、互联网金融和产业金融等研究领域的专业研究机构","name":"金融观察","link":"http://opinion.caixin.com/snjr/index.html","head":"http://www.caixin.com/upload/zhuanlan/100933362_48_48.jpg"},"attr":5,"freeDuration":"48","type":1,"subDesc":"金融观察","channelDesc":"观点频道","pict":null,"audioUrl":"http://audio.caixin.com/caixin/668/101333668.mp3","time":"2018-10-11 11:26:08","freeTime":"","video":"","summ":"尽管货币政策转向宽松，但银行资金并没有完全流入实体企业，加上中小企业、民营企业违约风险有所上升，大量资金在银行间市场积聚，商业银行“惜贷”现象或问题凸显，小微企业、民营企业融资难、融资贵的问题仍然无法解决"},{"tags":[],"comm":{"tid":"101333660","aid":"100"},"cate":"100300002;100000091;100324037;100949515;101333660","desc":"预见经济：10月","form":null,"channelId":126,"nid":101333660,"link":"http://opinion.caixin.com/2018-10-11/101333660.html","edit":{"rank":"专栏作家 ","desc":"伍戈，经济学博士，研究员。长江证券首席经济学家，曾长期供职央行货币政策部门，并任国际货币基金组织经济学家。中国经济学最高奖——孙冶方经济科学奖得主","name":"伍戈","link":"http://opinion.caixin.com/wuge_mjxx/index.html","head":"http://www.caixin.com/upload/zhuanlan/100949515_48_48.jpg"},"attr":5,"freeDuration":"48","type":1,"subDesc":"伍戈","channelDesc":"观点频道","pict":null,"audioUrl":"http://audio.caixin.com/caixin/660/101333660.mp3","time":"2018-10-11 10:49:48","freeTime":"","video":"","summ":"站在当前时点，国内经济动能如何演变？滞胀风险有多高？外忧内患下政策何去何从？"},{"tags":[],"comm":{"tid":"101333657","aid":"100"},"cate":"100300002;100000091;100324037;101064085;101333657","desc":"“危机回潮”警报拉响","form":null,"channelId":126,"nid":101333657,"link":"http://opinion.caixin.com/2018-10-11/101333657.html","edit":{"rank":"专栏作家 ","desc":"工银国际研究部主管，首席经济学家","name":"程实","link":"http://opinion.caixin.com/chengshi_mjxx/index.html","head":"http://www.caixin.com/upload/zhuanlan/101064085_48_48.jpg"},"attr":5,"freeDuration":"48","type":1,"subDesc":"程实","channelDesc":"观点频道","pict":null,"audioUrl":"http://audio.caixin.com/caixin/657/101333657.mp3","time":"2018-10-11 10:29:42","freeTime":"","video":"","summ":"作为年内表现最强势的两大市场“硬核”，美股和油价的此番急跌标志着全球金融动荡真正完成风险传染的闭环，覆巢之下无完卵，“危机回潮”警报正式拉响"},{"tags":[],"comm":{"tid":"101333653","aid":"100"},"cate":"100300002;100000091;100324037;100745928;101333653","desc":"当前中国经济金融运行逻辑","form":null,"channelId":126,"nid":101333653,"link":"http://opinion.caixin.com/2018-10-11/101333653.html","edit":{"rank":"专栏作家 ","desc":"恒大集团首席经济学家（副总裁级）兼研究院院长","name":"任泽平","link":"http://opinion.caixin.com/renzeping/index.html","head":"http://www.caixin.com/upload/zhuanlan/100745928_48_48.jpg"},"attr":5,"freeDuration":"48","type":1,"subDesc":"任泽平","channelDesc":"观点频道","pict":null,"audioUrl":"http://audio.caixin.com/caixin/653/101333653.mp3","time":"2018-10-11 10:18:39","freeTime":"","video":"","summ":"当前中国经济金融形势运行的主要逻辑是产能新周期的底部和金融周期的顶部。中国经济正处在六大周期叠加期。目前，我们仍有“去产能、去库存、去杠杆、降成本、补短板”五大任务亟待突破，促进金融和实体经济良性互动，防止监管竞赛和监管叠加引起新风险，把握好节奏和力度"},{"tags":[],"comm":{"tid":"101333536","aid":"100"},"cate":"100300002;100000091;100324037;100467689;101333536","desc":"梁建章：罗默获得诺贝尔经济学奖的中国启示","form":null,"channelId":126,"nid":101333536,"link":"http://opinion.caixin.com/2018-10-10/101333536.html","edit":{"rank":"专栏作家 ","desc":"携程集团执行董事长，北京大学光华管理学院教授","name":"梁建章","link":"http://opinion.caixin.com/liangjianzhang_mjxx/index.html","head":"http://www.caixin.com/upload/zhuanlan/100467689_48_48.jpg"},"attr":5,"freeDuration":"48","type":1,"subDesc":"梁建章","channelDesc":"观点频道","pict":null,"audioUrl":"http://audio.caixin.com/caixin/536/101333536.mp3","time":"2018-10-10 20:59:29","freeTime":"","video":"","summ":"内生经济增长理论加深了人们对技术创新，人口与经济发展的认识，罗默成为今年诺贝尔经济学奖的两个获得者之一，正是国际学术界对其在内生经济理论的卓越贡献的正式认可"},{"tags":[],"comm":{"tid":"101333463","aid":"100"},"cate":"100300002;100000091;100324037;100730302;101333463","desc":"抗癌药博弈背后：支付体系决定创新药价格机制","form":null,"channelId":126,"nid":101333463,"link":"http://opinion.caixin.com/2018-10-10/101333463.html","edit":{"rank":"专栏作家 ","desc":"曾就职于财经媒体，大健康产业的长期关注者","name":"赵衡","link":"http://opinion.caixin.com/zhaoheng/index.html","head":"http://www.caixin.com/upload/zhuanlan/100730302_48_48.jpg"},"attr":5,"freeDuration":"48","type":1,"subDesc":"赵衡","channelDesc":"观点频道","pict":null,"audioUrl":"http://audio.caixin.com/caixin/463/101333463.mp3","time":"2018-10-10 17:33:58","freeTime":"","video":"","summ":"从国际经验来看，以单一支付方为主的国家在医保药品谈判中都普遍占据优势，这与多头支付体系有着很大的区别，中国的医保谈判也概莫能外"},{"tags":[],"comm":{"tid":"101333381","aid":"100"},"cate":"100300002;100300201;101333381","desc":"宏观经济研究是个手艺活 ——《新时代与新格局》序","form":null,"channelId":126,"nid":101333381,"link":"http://opinion.caixin.com/2018-10-10/101333381.html","edit":{"rank":"","desc":"","name":"文 | 何帆","link":"","head":""},"attr":5,"freeDuration":"0","type":1,"subDesc":"聚焦","channelDesc":"观点频道","pict":{"imgs":[{"url":"http://img.caixin.com/2018-10-10/1539156665076879_145_97.jpg","txt":""}],"num":1},"audioUrl":"http://audio.caixin.com/caixin/381/101333381.mp3","time":"2018-10-10 15:01:45","freeTime":"","video":"","summ":"中国经济经历了重大变化，宏观经济研究的风格也发生了显著转变"},{"tags":[],"comm":{"tid":"101333346","aid":"100"},"cate":"100300002;100000091;100324037;100745928;101333346","desc":"2018诺贝尔经济学奖对中国发展的启示","form":null,"channelId":126,"nid":101333346,"link":"http://opinion.caixin.com/2018-10-10/101333346.html","edit":{"rank":"专栏作家 ","desc":"恒大集团首席经济学家（副总裁级）兼研究院院长","name":"任泽平","link":"http://opinion.caixin.com/renzeping/index.html","head":"http://www.caixin.com/upload/zhuanlan/100745928_48_48.jpg"},"attr":5,"freeDuration":"48","type":1,"subDesc":"任泽平","channelDesc":"观点频道","pict":null,"audioUrl":"http://audio.caixin.com/caixin/346/101333346.mp3","time":"2018-10-10 14:18:20","freeTime":"","video":"","summ":"罗默提出的经济增长动力源于知识技术的生产，诺德豪斯提出的环境与经济增长的关系，对中国实现高质量发展有诸多启示"},{"tags":[],"comm":{"tid":"101333337","aid":"100"},"cate":"100300002;100000091;100324037;100757375;101333337","desc":"中国艾滋病疫情数据上升之忧","form":null,"channelId":126,"nid":101333337,"link":"http://opinion.caixin.com/2018-10-10/101333337.html","edit":{"rank":"专栏作家 ","desc":"非营利智库公共卫生治理项目的创立者和负责人","name":"贾平","link":"http://opinion.caixin.com/jiaping_mjxx/index.html","head":"http://www.caixin.com/upload/zhuanlan/100757375_48_48.jpg"},"attr":5,"freeDuration":"48","type":1,"subDesc":"贾平","channelDesc":"观点频道","pict":null,"audioUrl":"http://audio.caixin.com/caixin/337/101333337.mp3","time":"2018-10-10 14:09:55","freeTime":"","video":"","summ":"中国的艾滋病流行状况是否进入了“暴增”的态势？如何解读最新艾滋病疫情数据给我们传递的信息？艾滋病的快速传播，是否和网文《中国艾滋病患暴增，高校沦为重灾区》提出的原因有关？"},{"tags":[],"comm":{"tid":"101333256","aid":"100"},"cate":"100300002;100000091;100324037;100999970;101333256","desc":"重构中国房地产税制体系","form":null,"channelId":126,"nid":101333256,"link":"http://opinion.caixin.com/2018-10-10/101333256.html","edit":{"rank":"专栏作家 ","desc":"上海财经大学公共经济与管理学院税收系主任、教授、博士生导师","name":"朱为群","link":"http://opinion.caixin.com/zhuweiqun_mjxx/index.html","head":"http://www.caixin.com/upload/zhuanlan/100999970_48_48.jpg"},"attr":5,"freeDuration":"48","type":1,"subDesc":"朱为群","channelDesc":"观点频道","pict":null,"audioUrl":"http://audio.caixin.com/caixin/256/101333256.mp3","time":"2018-10-10 10:29:32","freeTime":"","video":"","summ":"不应把持有环节的房地产税定位成调节房价的税，它是基层地方政府用来筹集财政资金的税，其收入要跟具体的公共支出项目挂钩，各个基层地方也可以相当程度上自己选择征或者不征，房地产税改革应该重在机制和制度建设上"},{"tags":[],"comm":{"tid":"101333246","aid":"100"},"cate":"100300002;100300201;101333246","desc":"保罗·罗默：全球化的哪些部分对追赶型增长是重要的","form":null,"channelId":126,"nid":101333246,"link":"http://opinion.caixin.com/2018-10-10/101333246.html","edit":{"rank":"","desc":"","name":"保罗·罗默","link":"","head":""},"attr":5,"freeDuration":"0","type":1,"subDesc":"聚焦","channelDesc":"观点频道","pict":{"imgs":[{"url":"http://img.caixin.com/2018-10-10/1539139567255891_145_97.jpg","txt":""}],"num":1},"audioUrl":"http://audio.caixin.com/caixin/246/101333246.mp3","time":"2018-10-10 10:09:02","freeTime":"","video":"","summ":"全球化是由创意再利用所带来的收益驱动的。创意流动是全球化的一部分，对消除贫困和追赶型经济增长尤为重要，但多数经济学家却因找不到合适的语言而羞于谈起"},{"tags":[],"comm":{"tid":"101333235","aid":"100"},"cate":"100300002;100300201;101333235","desc":"保罗·罗默|新卡尔多事实：创意、制度、人口和人力资本","form":null,"channelId":126,"nid":101333235,"link":"http://opinion.caixin.com/2018-10-10/101333235.html","edit":{"rank":"","desc":"","name":"查尔斯·琼斯 保罗·罗默","link":"","head":""},"attr":5,"freeDuration":"0","type":1,"subDesc":"聚焦","channelDesc":"观点频道","pict":{"imgs":[{"url":"http://img.caixin.com/2018-10-10/1539137304502846_145_97.jpg","txt":""}],"num":1},"audioUrl":"","time":"2018-10-10 10:02:18","freeTime":"","video":"","summ":"现代增长理论涉及更广泛的领域。为了解释这些事实，一个增长模型必须考虑创意、制度、人口和人力资本的相互作用"},{"tags":[],"comm":{"tid":"101333190","aid":"100"},"cate":"100300002;100300201;101333190","desc":"公共利益大于天 网约车仍须如履薄冰","form":null,"channelId":126,"nid":101333190,"link":"http://opinion.caixin.com/2018-10-10/101333190.html","edit":{"rank":"","desc":"","name":"文｜熊剪梅","link":"","head":""},"attr":5,"freeDuration":"48","type":1,"subDesc":"聚焦","channelDesc":"观点频道","pict":{"imgs":[{"url":"http://img.caixin.com/2018-10-10/1539131696302440_145_97.jpg","txt":""}],"num":1},"audioUrl":"http://audio.caixin.com/caixin/190/101333190.mp3","time":"2018-10-10 08:28:41","freeTime":"","video":"","summ":"如果网约车就此黯然退场，受益的只会是黑车和岿然不动的出租车垄断经营体制；但网约车也不能一家独大，引入良性竞争很必要。希望网约车浴火重生，给公众一个令人信服的交待"},{"tags":[],"comm":{"tid":"101333189","aid":"100"},"cate":"100300002;100000091;100324037;100985823;101333189","desc":"不羁者罗默","form":null,"channelId":126,"nid":101333189,"link":"http://opinion.caixin.com/2018-10-10/101333189.html","edit":{"rank":"专栏作家 ","desc":"阿姆斯特丹大学经济学博士。现任新加坡南洋理工大学经济学助理教授","name":"包特","link":"http://opinion.caixin.com/baote_mjxx/index.html","head":"http://www.caixin.com/upload/zhuanlan/100985823_48_48.jpg"},"attr":5,"freeDuration":"48","type":1,"subDesc":"包特","channelDesc":"观点频道","pict":null,"audioUrl":"http://audio.caixin.com/caixin/189/101333189.mp3","time":"2018-10-10 08:19:48","freeTime":"","video":"","summ":"开创报酬递增理论也好，办互联网教育公司也好，争论经济学发展之路也好，其背后主要还是体现了罗默教授希望人们摆脱传统的理论、生产模式和制度中可能存在的各种形式的束缚，追求形式背后的目的和初心的良好心愿"}],"maxes":1000,"count":100,"start":400}