{"datas":[{"tags":[],"comm":{"tid":"101311227","aid":"100"},"cate":"100300002;100000091;100324039;100592051;101311227","desc":"中国推动绿色金融基础设施建设的新举措","form":null,"channelId":126,"nid":101311227,"link":"http://opinion.caixin.com/2018-08-03/101311227.html","edit":{"rank":"专栏作家 ","desc":"亨利∙保尔森所创智库","name":"保尔森研究","link":"http://opinion.caixin.com/paulson_zssc/index.html","head":"http://www.caixin.com/upload/zhuanlan/100592051_48_48.jpg"},"attr":5,"freeDuration":"48","type":1,"subDesc":"保尔森研究","channelDesc":"观点频道","pict":null,"audioUrl":"http://audio.caixin.com/caixin/227/101311227.mp3","time":"2018-08-03 10:30:14","freeTime":"","video":"","summ":"如果中国成功实施其宏大的绿色金融计划，就可以证明可持续发展与经济增长并行不悖"},{"tags":[],"comm":{"tid":"101310920","aid":"100"},"cate":"100300002;100000091;100324040;100868265;101310920","desc":"“厉害了”VS“卡脖子”：如何评估中国的创新能力","form":null,"channelId":126,"nid":101310920,"link":"http://opinion.caixin.com/2018-08-02/101310920.html","edit":{"rank":"专栏作家 ","desc":"饶毅、鲁白、谢宇三位学者创办的移动新媒体平台","name":"知识分子","link":"http://opinion.caixin.com/zsfz_shwx/index.html","head":"http://www.caixin.com/upload/zhuanlan/100868265_48_48.jpg"},"attr":0,"freeDuration":"0","type":1,"subDesc":"知识分子","channelDesc":"观点频道","pict":null,"audioUrl":"http://audio.caixin.com/caixin/920/101310920.mp3","time":"2018-08-02 13:47:27","freeTime":"","video":"","summ":"由于各种原因，部分国民甚至包括某知名国情问题专家对中国的科技创新能力，做出了不太符合现实的估计，各种“厉害了，我的国”的说法，取代了严肃理性的分析，如不切实际地认为中国可以取代美国成为世界科技的领导者等，这反而为我国的科技发展，造成了不少负面的影响"},{"tags":[],"comm":{"tid":"101310918","aid":"100"},"cate":"100300002;100300201;101310918","desc":"长生假疫苗之罪：生产、销售伪劣产品罪“胜任”乎？","form":null,"channelId":126,"nid":101310918,"link":"http://opinion.caixin.com/2018-08-02/101310918.html","edit":{"rank":"","desc":"","name":"文︱姜涛","link":"","head":""},"attr":5,"freeDuration":"0","type":1,"subDesc":"聚焦","channelDesc":"观点频道","pict":{"imgs":[{"url":"http://img.caixin.com/2018-08-02/1533192664356439_145_97.jpg","txt":""}],"num":1},"audioUrl":"http://audio.caixin.com/caixin/918/101310918.mp3","time":"2018-08-02 13:46:14","freeTime":"","video":"","summ":"不妨以长生疫苗案为突破口，对此类案件建构一个综合责任体系：经济责任、行政责任、刑事责任三位一体，把与此相关的单位与人“一网打尽”，把问题的根源彻底暴露出来，把公民的知情权保障到位"},{"tags":[],"comm":{"tid":"101310879","aid":"100"},"cate":"100300002;100000091;100324037;100994410;101310879","desc":"2018年下半年经济形势分析","form":null,"channelId":126,"nid":101310879,"link":"http://opinion.caixin.com/2018-08-02/101310879.html","edit":{"rank":"专栏作家 ","desc":"中国发展研究基金会是国务院发展研究中心发起成立的全国性公募基金会，成立于1997年","name":"中国发展研究基金会","link":"http://opinion.caixin.com/cdrf_mjxx/index.html","head":"http://www.caixin.com/upload/zhuanlan/100994410_48_48.jpg"},"attr":5,"freeDuration":"48","type":1,"subDesc":"中国发展研究基金会","channelDesc":"观点频道","pict":null,"audioUrl":"http://audio.caixin.com/caixin/879/101310879.mp3","time":"2018-08-02 10:50:34","freeTime":"","video":"","summ":"面对国内经济周期力量向下和无法预测的贸易战冲击，国内政策应该按照最坏的情况准备，这样才能防系统性风险"},{"tags":[],"comm":{"tid":"101310870","aid":"100"},"cate":"100300002;100000091;100324037;101064085;101310870","desc":"美联储的“松紧适度”","form":null,"channelId":126,"nid":101310870,"link":"http://opinion.caixin.com/2018-08-02/101310870.html","edit":{"rank":"专栏作家 ","desc":"工银国际研究部主管，首席经济学家","name":"程实","link":"http://opinion.caixin.com/chengshi_mjxx/index.html","head":"http://www.caixin.com/upload/zhuanlan/101064085_48_48.jpg"},"attr":5,"freeDuration":"48","type":1,"subDesc":"程实","channelDesc":"观点频道","pict":null,"audioUrl":"http://audio.caixin.com/caixin/870/101310870.mp3","time":"2018-08-02 10:44:02","freeTime":"","video":"","summ":"随着美联储加息信号的明确，预期转变也已经被市场消化殆尽，因此下半年美元指数随时可能耗尽上行动力，渐次转入下行通道。新兴市场货币在继续承受一段时间的压力后，有望迎来回调"},{"tags":[],"comm":{"tid":"101310856","aid":"100"},"cate":"100300002;100000091;100324037;100994410;101310856","desc":"韧性的内外","form":null,"channelId":126,"nid":101310856,"link":"http://opinion.caixin.com/2018-08-02/101310856.html","edit":{"rank":"专栏作家 ","desc":"中国发展研究基金会是国务院发展研究中心发起成立的全国性公募基金会，成立于1997年","name":"中国发展研究基金会","link":"http://opinion.caixin.com/cdrf_mjxx/index.html","head":"http://www.caixin.com/upload/zhuanlan/100994410_48_48.jpg"},"attr":5,"freeDuration":"48","type":1,"subDesc":"中国发展研究基金会","channelDesc":"观点频道","pict":null,"audioUrl":"http://audio.caixin.com/caixin/856/101310856.mp3","time":"2018-08-02 10:21:38","freeTime":"","video":"","summ":"中国经济会有一定的韧性，即使需求面下半年出现一定程度的下滑，工业利润同比增速依然会得到支撑。随着前期土地成交价款下行的滞后影响，下半年房地产投资可能随之下行。预计未来几个月基建投资速度会进一步地恢复到常态，尽管趋势依然向下"},{"tags":[],"comm":{"tid":"101310785","aid":"100"},"cate":"100300002;100000091;100324037;100975929;101310785","desc":"理清关于房地产的六个迷思|观点精选","form":null,"channelId":126,"nid":101310785,"link":"http://opinion.caixin.com/2018-08-02/101310785.html","edit":{"rank":"专栏作家 ","desc":"博智资本董事长；曾任汇丰银行投资银行亚太区主管，花旗银行集团投资银行亚太区联席主管，巴克莱银行投资银行大中华区主管， J.P.摩根亚太区高级经济学家，哥伦比亚大学助理教授，德意志银行投资银行固定收益分析师","name":"宦国苍","link":"http://opinion.caixin.com/huanguocang_mjxx/index.html","head":"http://www.caixin.com/upload/zhuanlan/100975929_48_48.jpg"},"attr":5,"freeDuration":"48","type":1,"subDesc":"宦国苍","channelDesc":"观点频道","pict":null,"audioUrl":"http://audio.caixin.com/caixin/785/101310785.mp3","time":"2018-08-02 08:07:23","freeTime":"","video":"","summ":"关于这个产业对整个经济增长、就业、财政和税收、金融、广义的居民储蓄与投资等方面的影响与作用，粗线条的论述多，细致的分析少"},{"tags":[],"comm":{"tid":"101310782","aid":"100"},"cate":"100300002;100000091;100324040;100959589;101310782","desc":"纽约取消高中考试争议：考试公平不公平","form":null,"channelId":126,"nid":101310782,"link":"http://opinion.caixin.com/2018-08-02/101310782.html","edit":{"rank":"专栏作家 ","desc":"中国教育在线总编辑","name":"陈志文","link":"http://opinion.caixin.com/chenzhiwen_shwx/index.html","head":"http://www.caixin.com/upload/zhuanlan/100959589_48_48.jpg"},"attr":5,"freeDuration":"48","type":1,"subDesc":"陈志文","channelDesc":"观点频道","pict":null,"audioUrl":"http://audio.caixin.com/caixin/782/101310782.mp3","time":"2018-08-02 08:02:26","freeTime":"","video":"","summ":"考试，对于美国的华裔来说，是最公平的录取方式，但在墨西哥裔看来，是不公平的。对于华裔来说，上辅导班是天经地义的，但对于墨西哥裔，是不公平竞争"},{"tags":[],"comm":{"tid":"101310776","aid":"100"},"cate":"100300002;100000091;100324037;101189584;101310776","desc":"狂奔的城投","form":null,"channelId":126,"nid":101310776,"link":"http://opinion.caixin.com/2018-08-02/101310776.html","edit":{"rank":"专栏作家 ","desc":"国海证券研究所固定收益研究团队负责人。","name":"靳毅","link":"http://opinion.caixin.com/jinyi_mjxx/index.html","head":"http://www.caixin.com/upload/zhuanlan/101189584_48_48.jpg"},"attr":5,"freeDuration":"48","type":1,"subDesc":"靳毅","channelDesc":"观点频道","pict":null,"audioUrl":"http://audio.caixin.com/caixin/776/101310776.mp3","time":"2018-08-02 07:46:41","freeTime":"","video":"","summ":"今天，站在中国经济结构调整的关键之年，处在本轮去杠杆周期的关键时刻里，曾经辉煌十载、一路狂奔的城投公司，还能否续写曾经的传奇"},{"tags":[],"comm":{"tid":"101310682","aid":"100"},"cate":"100300002;100239120;100239131;100825407;101310682","desc":"长生生物是否应该按照“新规”退市？","form":null,"channelId":126,"nid":101310682,"link":"http://opinion.caixin.com/2018-08-01/101310682.html","edit":{"rank":"火线记者 ","desc":"","name":"刘彩萍","link":"http://opinion.caixin.com/liucaiping/index.html","head":"http://www.caixin.com/upload/huoxian/huoxian/100825407.jpg"},"attr":5,"freeDuration":"0","type":1,"subDesc":"刘彩萍","channelDesc":"观点频道","pict":null,"audioUrl":"http://audio.caixin.com/caixin/682/101310682.mp3","time":"2018-08-01 18:55:54","freeTime":"","video":"","summ":"“退市难、退市少”一直在中国资本市场备受诟病，证监会严格退市制度，把上市公司退市常态化和严厉化本身是值得肯定的，证监会事后“打补丁”的做法也无可厚非；但量身定制退市制度，也引发了争议"},{"tags":[],"comm":{"tid":"101310591","aid":"100"},"cate":"100300002;100300201;101310591","desc":"江西“抢棺材”惹众怒，地方政府为何如此激进？","form":null,"channelId":126,"nid":101310591,"link":"http://opinion.caixin.com/2018-08-01/101310591.html","edit":{"rank":"","desc":"","name":"文︱吕德文","link":"","head":""},"attr":5,"freeDuration":"24","type":1,"subDesc":"聚焦","channelDesc":"观点频道","pict":{"imgs":[{"url":"http://img.caixin.com/2018-08-01/1533118456306447_145_97.jpg","txt":""}],"num":1},"audioUrl":"http://audio.caixin.com/caixin/591/101310591.mp3","time":"2018-08-01 15:48:57","freeTime":"","video":"","summ":"假借殡葬改革来实现别的政策目标，或用节约土地、生态建设等别的政策目标来合理化粗暴的殡葬改革，都是不可取的。这种做法，既违背政策科学，亦是为将来的基层治理埋下祸患"},{"tags":[],"comm":{"tid":"101310563","aid":"100"},"cate":"100300002;100000091;100324037;100994410;101310563","desc":"预期管理政策尤为重要","form":null,"channelId":126,"nid":101310563,"link":"http://opinion.caixin.com/2018-08-01/101310563.html","edit":{"rank":"专栏作家 ","desc":"中国发展研究基金会是国务院发展研究中心发起成立的全国性公募基金会，成立于1997年","name":"中国发展研究基金会","link":"http://opinion.caixin.com/cdrf_mjxx/index.html","head":"http://www.caixin.com/upload/zhuanlan/100994410_48_48.jpg"},"attr":5,"freeDuration":"48","type":1,"subDesc":"中国发展研究基金会","channelDesc":"观点频道","pict":null,"audioUrl":"http://audio.caixin.com/caixin/563/101310563.mp3","time":"2018-08-01 14:49:41","freeTime":"","video":"","summ":"当前紧要任务是将财政政策、货币政策、结构性改革政策配合在一起，降低政策的不确定性，稳定市场预期"},{"tags":[],"comm":{"tid":"101310561","aid":"100"},"cate":"100300002;100000091;100324037;100994410;101310561","desc":"应对中美贸易冲突应避免“拖延”策略","form":null,"channelId":126,"nid":101310561,"link":"http://opinion.caixin.com/2018-08-01/101310561.html","edit":{"rank":"专栏作家 ","desc":"中国发展研究基金会是国务院发展研究中心发起成立的全国性公募基金会，成立于1997年","name":"中国发展研究基金会","link":"http://opinion.caixin.com/cdrf_mjxx/index.html","head":"http://www.caixin.com/upload/zhuanlan/100994410_48_48.jpg"},"attr":5,"freeDuration":"48","type":1,"subDesc":"中国发展研究基金会","channelDesc":"观点频道","pict":null,"audioUrl":"http://audio.caixin.com/caixin/561/101310561.mp3","time":"2018-08-01 14:41:07","freeTime":"","video":"","summ":"“拖延”是中国所有应对贸易战措施中最坏的一个。拖延的时间越长，对中国越不利"},{"tags":[],"comm":{"tid":"101310531","aid":"100"},"cate":"100300002;100000091;100324037;100659646;101310531","desc":"盛松成谈融资难：不能把影子银行赶尽杀绝","form":null,"channelId":126,"nid":101310531,"link":"http://opinion.caixin.com/2018-08-01/101310531.html","edit":{"rank":"专栏作家 ","desc":"中国人民银行参事、调查统计司原司长","name":"盛松成","link":"http://opinion.caixin.com/shengsongcheng_mjxx/index.html","head":"http://www.caixin.com/upload/zhuanlan/100659646_48_48.jpg"},"attr":5,"freeDuration":"48","type":1,"subDesc":"盛松成","channelDesc":"观点频道","pict":null,"audioUrl":"http://audio.caixin.com/caixin/531/101310531.mp3","time":"2018-08-01 13:52:11","freeTime":"","video":"","summ":"把表外融资赶尽杀绝不利于破解融资难的局面。就像一个人晚上走路总是有影子的，但这影子不能太大，而太小实际上也不正常"},{"tags":[],"comm":{"tid":"101310508","aid":"100"},"cate":"100300002;100000091;100317992;100401152;101310508","desc":"三四线城市房价还能走多远","form":null,"channelId":126,"nid":101310508,"link":"http://opinion.caixin.com/2018-08-01/101310508.html","edit":{"rank":"专栏作家 ","desc":"现任华安基金首席经济学家,兼任中国国际金融论坛专家顾问委员会委员，上海金融学会副秘书长","name":"林采宜","link":"http://opinion.caixin.com/lincaiyi_zeld/index.html","head":"http://www.caixin.com/upload/zhuanlan/100401152_48_48.jpg"},"attr":5,"freeDuration":"48","type":1,"subDesc":"林采宜","channelDesc":"观点频道","pict":null,"audioUrl":"http://audio.caixin.com/caixin/508/101310508.mp3","time":"2018-08-01 13:19:20","freeTime":"","video":"","summ":"未来三年棚改货币化资金来源受限，货币安置比例将大幅收缩，三四线房价上涨动力逐渐消解。未来三四线城市存量房市场将供大于求，二手房市场资产价格存在下行风险"},{"tags":[],"comm":{"tid":"101310507","aid":"100"},"cate":"100300002;100000091;100324039;100933362;101310507","desc":"有必要在调节收入分配方面多下功夫","form":null,"channelId":126,"nid":101310507,"link":"http://opinion.caixin.com/2018-08-01/101310507.html","edit":{"rank":"专栏作家 ","desc":"专注于国内消费金融、贸易金融、互联网金融和产业金融等研究领域的专业研究机构","name":"金融观察","link":"http://opinion.caixin.com/snjr/index.html","head":"http://www.caixin.com/upload/zhuanlan/100933362_48_48.jpg"},"attr":5,"freeDuration":"48","type":1,"subDesc":"金融观察","channelDesc":"观点频道","pict":null,"audioUrl":"http://audio.caixin.com/caixin/507/101310507.mp3","time":"2018-08-01 13:15:18","freeTime":"","video":"","summ":"改革开放至今，我国无论是城镇居民还是农村居民，收入水平都有了较大幅度的提高，然而不容忽视的一点是，城乡居民的收入差距正在与日俱增"},{"tags":[],"comm":{"tid":"101310502","aid":"100"},"cate":"100300002;100239120;100239136;101211539;101310502","desc":"火线评论|为何无人机公司入局物流者甚少？","form":null,"channelId":126,"nid":101310502,"link":"http://opinion.caixin.com/2018-08-01/101310502.html","edit":{"rank":"火线记者 ","desc":"","name":"黎柳茜","link":"http://opinion.caixin.com/liliuqian/index.html","head":"http://www.caixin.com/upload/huoxian/huoxian/101211539.jpg"},"attr":5,"freeDuration":"0","type":1,"subDesc":"黎柳茜","channelDesc":"观点频道","pict":{"imgs":[{"url":"http://img.caixin.com/2018-08-01/1533098062883216_145_97.jpg","txt":""}],"num":1},"audioUrl":"http://audio.caixin.com/caixin/502/101310502.mp3","time":"2018-08-01 12:26:41","freeTime":"","video":"","summ":"业内人士认为，无人机在外卖、物流方面确有应用场景，但这类应用回报期较长，且目前商业化推广还面临政策瓶颈"},{"tags":[],"comm":{"tid":"101310446","aid":"100"},"cate":"100300002;100000091;100324039;100712493;101310446","desc":"被束缚的宽松：政治局会议的政策信号","form":null,"channelId":126,"nid":101310446,"link":"http://opinion.caixin.com/2018-08-01/101310446.html","edit":{"rank":"专栏作家 ","desc":"如是金融研究院院长、首席经济学家，如是金融董事长","name":"管清友","link":"http://opinion.caixin.com/guanqingyou_zssc/index.html","head":"http://www.caixin.com/upload/zhuanlan/100712493_48_48.jpg"},"attr":5,"freeDuration":"48","type":1,"subDesc":"管清友","channelDesc":"观点频道","pict":null,"audioUrl":"http://audio.caixin.com/caixin/446/101310446.mp3","time":"2018-08-01 10:17:32","freeTime":"","video":"","summ":"中央看到了目前的下行趋势，但并不认为压力像2014年那么大；会议重提“管住货币供给总闸门”，大水漫灌式的货币宽松短期还看不到，财政政策可能成为结构性微调的主要手段；以强化金融监管为核心的去杠杆措施最紧张的时候已经过去了"},{"tags":[],"comm":{"tid":"101310372","aid":"100"},"cate":"100300002;100000091;100324037;100861497;101310372","desc":"稳就业是底线，政策层面以时间换空间","form":null,"channelId":126,"nid":101310372,"link":"http://opinion.caixin.com/2018-08-01/101310372.html","edit":{"rank":"专栏作家 ","desc":"招商银行金融市场部高级分析师","name":"万钊","link":"http://opinion.caixin.com/wanzhao_mjxx/index.html","head":"http://www.caixin.com/upload/zhuanlan/100861497_48_48.jpg"},"attr":5,"freeDuration":"48","type":1,"subDesc":"万钊","channelDesc":"观点频道","pict":null,"audioUrl":"http://audio.caixin.com/caixin/372/101310372.mp3","time":"2018-08-01 07:52:45","freeTime":"","video":"","summ":"当前政策要点在于修习内功，在就业大局保持稳定的前提下，以时间换空间"},{"tags":[],"comm":{"tid":"101310369","aid":"100"},"cate":"100300002;100000091;100324037;100828556;101310369","desc":"迟来的会议，没来的转向","form":null,"channelId":126,"nid":101310369,"link":"http://opinion.caixin.com/2018-08-01/101310369.html","edit":{"rank":"专栏作家 ","desc":"联讯证券董事总经理，首席宏观研究员","name":"李奇霖","link":"http://opinion.caixin.com/liqilin_mjxx/index.html","head":"http://www.caixin.com/upload/zhuanlan/100828556_48_48.jpg"},"attr":5,"freeDuration":"48","type":1,"subDesc":"李奇霖","channelDesc":"观点频道","pict":null,"audioUrl":"http://audio.caixin.com/caixin/369/101310369.mp3","time":"2018-08-01 07:46:35","freeTime":"","video":"","summ":"政策只是微调，远非转向。财政政策是下一阶段扩大内需的主力，监管方向未变，只是节奏上有所放缓，宽货币能否到宽信用还有待观察"},{"tags":[],"comm":{"tid":"101310180","aid":"100"},"cate":"100300002;100000091;100324037;100879018;101310180","desc":"房产税究竟何时推出？","form":null,"channelId":126,"nid":101310180,"link":"http://opinion.caixin.com/2018-07-31/101310180.html","edit":{"rank":"专栏作家 ","desc":"太平洋证券首席宏观研究员，中国社科院世经政所副研究员","name":"肖立晟","link":"http://opinion.caixin.com/xiaolisheng_mjxx/index.html","head":"http://www.caixin.com/upload/zhuanlan/100879018_48_48.jpg"},"attr":5,"freeDuration":"48","type":1,"subDesc":"肖立晟","channelDesc":"观点频道","pict":null,"audioUrl":"http://audio.caixin.com/caixin/180/101310180.mp3","time":"2018-07-31 15:33:05","freeTime":"","video":"","summ":"按照“立法先行，充分授权，分步推进”的原则，房地产税可能会加快立法进程，但从立法到全国推广还有较长的路要走"},{"tags":[],"comm":{"tid":"101310159","aid":"100"},"cate":"100300002;100000091;100324037;101064085;101310159","desc":"美国经济：内定而外动","form":null,"channelId":126,"nid":101310159,"link":"http://opinion.caixin.com/2018-07-31/101310159.html","edit":{"rank":"专栏作家 ","desc":"工银国际研究部主管，首席经济学家","name":"程实","link":"http://opinion.caixin.com/chengshi_mjxx/index.html","head":"http://www.caixin.com/upload/zhuanlan/101064085_48_48.jpg"},"attr":5,"freeDuration":"48","type":1,"subDesc":"程实","channelDesc":"观点频道","pict":null,"audioUrl":"http://audio.caixin.com/caixin/159/101310159.mp3","time":"2018-07-31 15:13:42","freeTime":"","video":"","summ":"美国经济增速的周期性高位或已出现，而通胀上行态势仍将延续。2018年下半年，在相对经济走向趋于收敛的情形下，特朗普“极限施压”的对外政策基调将有所调整，三大预期差的消失或推动美元指数回调"},{"tags":[],"comm":{"tid":"101310157","aid":"100"},"cate":"100300002;100300201;101310157","desc":"续贷:“循环贷款”还是“以旧还新”","form":null,"channelId":126,"nid":101310157,"link":"http://opinion.caixin.com/2018-07-31/101310157.html","edit":{"rank":"","desc":"","name":"文︱顾雷","link":"","head":""},"attr":5,"freeDuration":"0","type":1,"subDesc":"聚焦","channelDesc":"观点频道","pict":{"imgs":[{"url":"http://img.caixin.com/2017-05-11/1494477299189663_145_97.jpg","txt":""}],"num":1},"audioUrl":"http://audio.caixin.com/caixin/157/101310157.mp3","time":"2018-07-31 15:09:39","freeTime":"","video":"","summ":"从监管角度看，河北银监局文件《关于支持银行业金融机构开展小微企业续贷业务的指导意见》推出的“续贷”模式，其实就是2014年7月的“循环贷款”翻版，只不过是把这一变通处理的做法正规化"},{"tags":[],"comm":{"tid":"101310133","aid":"100"},"cate":"100300002;100000091;100324037;100994488;101310133","desc":"不确定性：美国关税的最大影响","form":null,"channelId":126,"nid":101310133,"link":"http://opinion.caixin.com/2018-07-31/101310133.html","edit":{"rank":"专栏作家 ","desc":"商品和能源市场的信息和基准价格的重要独立提供机构","name":"标普全球普氏","link":"http://opinion.caixin.com/bpqqps_mjxx/index.html","head":"http://www.caixin.com/upload/zhuanlan/100994488_48_48.jpg"},"attr":5,"freeDuration":"48","type":1,"subDesc":"标普全球普氏","channelDesc":"观点频道","pict":null,"audioUrl":"http://audio.caixin.com/caixin/133/101310133.mp3","time":"2018-07-31 13:45:15","freeTime":"","video":"","summ":"在全球金属市场，人们采取“观望”态度，打压了金属价格，但中国国内需求保持强劲，情况没那么严重；美国市场的不确定性同样大"},{"tags":[],"comm":{"tid":"101310041","aid":"100"},"cate":"100300002;100000091;100324037;100900790;101310041","desc":"管理网约车：要搞活，不要“管死”","form":null,"channelId":126,"nid":101310041,"link":"http://opinion.caixin.com/2018-07-31/101310041.html","edit":{"rank":"专栏作家 ","desc":"《比较》研究部主管，北京大学市场与网络经济研究中心的研究员和主任助理","name":"陈永伟","link":"http://opinion.caixin.com/chenyongwei_mjxx/index.html","head":"http://www.caixin.com/upload/zhuanlan/100900790_48_48.jpg"},"attr":5,"freeDuration":"48","type":1,"subDesc":"陈永伟","channelDesc":"观点频道","pict":null,"audioUrl":"http://audio.caixin.com/caixin/041/101310041.mp3","time":"2018-07-31 09:47:48","freeTime":"","video":"","summ":"整改和权衡应该是在保持网约车市场整体有序运行的基础上进行，而不应该大收大放，更不能以维护其中某一个目标为由，牺牲了更多人的便利"},{"tags":[],"comm":{"tid":"101309770","aid":"100"},"cate":"100300002;100000091;100324037;100900790;101309770","desc":"【争鸣】对《电子商务法（草案三审稿）》的几点看法","form":null,"channelId":126,"nid":101309770,"link":"http://opinion.caixin.com/2018-07-30/101309770.html","edit":{"rank":"专栏作家 ","desc":"《比较》研究部主管，北京大学市场与网络经济研究中心的研究员和主任助理","name":"陈永伟","link":"http://opinion.caixin.com/chenyongwei_mjxx/index.html","head":"http://www.caixin.com/upload/zhuanlan/100900790_48_48.jpg"},"attr":5,"freeDuration":"48","type":1,"subDesc":"陈永伟","channelDesc":"观点频道","pict":null,"audioUrl":"http://audio.caixin.com/caixin/770/101309770.mp3","time":"2018-07-30 13:34:44","freeTime":"","video":"","summ":"某些条文没有适应新业态的发展， 一些表述和规定已经严重落后于商业实践"},{"tags":[],"comm":{"tid":"101309753","aid":"100"},"cate":"100300002;100000091;100324037;100861497;101309753","desc":"中国经常项目顺差迅速萎缩的背后","form":null,"channelId":126,"nid":101309753,"link":"http://opinion.caixin.com/2018-07-30/101309753.html","edit":{"rank":"专栏作家 ","desc":"招商银行金融市场部高级分析师","name":"万钊","link":"http://opinion.caixin.com/wanzhao_mjxx/index.html","head":"http://www.caixin.com/upload/zhuanlan/100861497_48_48.jpg"},"attr":5,"freeDuration":"48","type":1,"subDesc":"万钊","channelDesc":"观点频道","pict":null,"audioUrl":"http://audio.caixin.com/caixin/753/101309753.mp3","time":"2018-07-30 12:19:07","freeTime":"","video":"","summ":"未来要稳定中国的经常项目，一是要稳定货物顺差中的加工贸易，二是寻找并遏制旅行逆差扩大的主因，尤其是居民资本外流"},{"tags":[],"comm":{"tid":"101309750","aid":"100"},"cate":"100300002;100000091;100324037;101309693;101309750","desc":"姚洋：金融开放并非“城下之盟”","form":null,"channelId":126,"nid":101309750,"link":"http://opinion.caixin.com/2018-07-30/101309750.html","edit":{"rank":"专栏作家 ","desc":"北京大学国家发展研究院院长、长江学者和博雅特聘教授","name":"姚洋","link":"http://opinion.caixin.com/yaoyang_mjxx/index.html","head":"http://www.caixin.com/upload/zhuanlan/101309693_48_48.jpg"},"attr":5,"freeDuration":"48","type":1,"subDesc":"姚洋","channelDesc":"观点频道","pict":null,"audioUrl":"http://audio.caixin.com/caixin/750/101309750.mp3","time":"2018-07-30 11:52:56","freeTime":"","video":"","summ":"把金融开放看作“城下之盟”的人，错误之处在于没有看到金融开放实现了中国对维护世界自由贸易格局的承诺，也没有看到金融开放将提升中国经济运行的效率"},{"tags":[],"comm":{"tid":"101309748","aid":"100"},"cate":"100300002;100000091;100324037;100752154;101309748","desc":"私募股权基金风险如何化解","form":null,"channelId":126,"nid":101309748,"link":"http://opinion.caixin.com/2018-07-30/101309748.html","edit":{"rank":"专栏作家 ","desc":"中国国际期货公司总裁","name":"王永利","link":"http://opinion.caixin.com/2014/wangyongli_mjxx/index.html","head":"http://www.caixin.com/upload/zhuanlan/100752154_48_48.jpg"},"attr":5,"freeDuration":"48","type":1,"subDesc":"王永利","channelDesc":"观点频道","pict":null,"audioUrl":"http://audio.caixin.com/caixin/748/101309748.mp3","time":"2018-07-30 11:47:48","freeTime":"","video":"","summ":"股权类私募基金业务相关方的权责界定非常模糊、存在歧义，资金募集和运用过程中的监管规定存在很大漏洞"},{"tags":[],"comm":{"tid":"101309737","aid":"100"},"cate":"100300002;100000091;100324037;101180653;101309737","desc":"徐林：深度城市化如何推进","form":null,"channelId":126,"nid":101309737,"link":"http://opinion.caixin.com/2018-07-30/101309737.html","edit":{"rank":"专栏作家 ","desc":"中美绿色基金董事长，国家发改委原财政金融司、规划司司长，城市发展中心主任","name":"徐林","link":"http://opinion.caixin.com/xulin_mjxx/index.html","head":"http://www.caixin.com/upload/zhuanlan/101180653_48_48.jpg"},"attr":5,"freeDuration":"48","type":1,"subDesc":"徐林","channelDesc":"观点频道","pict":null,"audioUrl":"http://audio.caixin.com/caixin/737/101309737.mp3","time":"2018-07-30 11:17:57","freeTime":"","video":"","summ":"深度城市化是供给侧改革和扩大内需的最佳结合点；在中国现行体制下，需要政府出手解决的城市化问题本质上是制度改革问题，基本导向是进一步市场化"},{"tags":[],"comm":{"tid":"101309734","aid":"100"},"cate":"100300002;100000091;100324040;100868265;101309734","desc":"“救命药”既要质优、又要价廉，可能吗？","form":null,"channelId":126,"nid":101309734,"link":"http://opinion.caixin.com/2018-07-30/101309734.html","edit":{"rank":"专栏作家 ","desc":"饶毅、鲁白、谢宇三位学者创办的移动新媒体平台","name":"知识分子","link":"http://opinion.caixin.com/zsfz_shwx/index.html","head":"http://www.caixin.com/upload/zhuanlan/100868265_48_48.jpg"},"attr":0,"freeDuration":"0","type":1,"subDesc":"知识分子","channelDesc":"观点频道","pict":null,"audioUrl":"","time":"2018-07-30 11:08:14","freeTime":"","video":"","summ":"人世间很多事情都是在两难之间做选择，只能选择相对略好一点的。这点对于我们来说其实认识得很少"},{"tags":[],"comm":{"tid":"101309733","aid":"100"},"cate":"100300002;100300204;101309733","desc":"社论|怎样解决经济决策“两难”","form":null,"channelId":126,"nid":101309733,"link":"http://opinion.caixin.com/2018-07-30/101309733.html","edit":{"rank":"","desc":"","name":"","link":"","head":""},"attr":5,"freeDuration":"0","type":1,"subDesc":"社评","channelDesc":"观点频道","pict":null,"audioUrl":"http://audio.caixin.com/caixin/392/101309392.mp3","time":"2018-07-30 11:01:12","freeTime":"","video":"","summ":"不搞“大水漫灌”，加速改革，对外开放"},{"tags":[],"comm":{"tid":"101309660","aid":"100"},"cate":"100300002;100300201;101309660","desc":"国际主义路线成就肯尼迪进入伟大法官之列","form":null,"channelId":126,"nid":101309660,"link":"http://opinion.caixin.com/2018-07-30/101309660.html","edit":{"rank":"","desc":"","name":"文|文森特 R·约翰逊","link":"","head":""},"attr":5,"freeDuration":"48","type":1,"subDesc":"聚焦","channelDesc":"观点频道","pict":{"imgs":[{"url":"http://img.caixin.com/2018-07-30/1532913741354845_145_97.jpg","txt":""}],"num":1},"audioUrl":"http://audio.caixin.com/caixin/660/101309660.mp3","time":"2018-07-30 09:14:39","freeTime":"","video":"","summ":"肯尼迪将为人铭记，这不仅仅是因为他曾在诸多案件判决上扮演了关键角色，更因为他思维开放、积极外联以及他对司法独立、人权、法治、正当程序、表达自由和尊重人之尊严（等诸价值）的倾情承诺"},{"tags":[],"comm":{"tid":"101309653","aid":"100"},"cate":"100300002;100000091;100324039;100742170;101309653","desc":"宽信用会一帆风顺么？","form":null,"channelId":126,"nid":101309653,"link":"http://opinion.caixin.com/2018-07-30/101309653.html","edit":{"rank":"专栏作家 ","desc":"财新智库莫尼塔研究董事长兼首席经济学家","name":"钟正生","link":"http://opinion.caixin.com/zhongzhengsheng/index.html","head":"http://www.caixin.com/upload/zhuanlan/100742170_48_48.jpg"},"attr":5,"freeDuration":"48","type":1,"subDesc":"钟正生","channelDesc":"观点频道","pict":null,"audioUrl":"http://audio.caixin.com/caixin/653/101309653.mp3","time":"2018-07-30 09:03:18","freeTime":"","video":"","summ":"财政强刺激或最能推动宽信用，但这不为当前债务环境所允许"},{"tags":[],"comm":{"tid":"101309454","aid":"100"},"cate":"100300002;100300201;101309454","desc":"易凯资本王冉：当下中国资本市场的温度","form":null,"channelId":126,"nid":101309454,"link":"http://opinion.caixin.com/2018-07-28/101309454.html","edit":{"rank":"","desc":"","name":"作者 王冉","link":"","head":""},"attr":5,"freeDuration":"0","type":1,"subDesc":"聚焦","channelDesc":"观点频道","pict":{"imgs":[{"url":"http://img.caixin.com/2018-05-04/1525443617610239_145_97.jpg","txt":""}],"num":1},"audioUrl":"http://audio.caixin.com/caixin/454/101309454.mp3","time":"2018-07-28 10:20:36","freeTime":"","video":"","summ":"今天中国一级市场的投资活动已经从三年前的人民币资金主导全面转向美元资金主导，但这种情况也不会持续太长时间，我们判断2019年中国一级市场上的美元资金同样很有可能会出现大面积干涸"},{"tags":[],"comm":{"tid":"101309170","aid":"100"},"cate":"100300002;100000091;100324037;101064085;101309170","desc":"资本市场的人性投影","form":null,"channelId":126,"nid":101309170,"link":"http://opinion.caixin.com/2018-07-27/101309170.html","edit":{"rank":"专栏作家 ","desc":"工银国际研究部主管，首席经济学家","name":"程实","link":"http://opinion.caixin.com/chengshi_mjxx/index.html","head":"http://www.caixin.com/upload/zhuanlan/101064085_48_48.jpg"},"attr":5,"freeDuration":"48","type":1,"subDesc":"程实","channelDesc":"观点频道","pict":null,"audioUrl":"http://audio.caixin.com/caixin/170/101309170.mp3","time":"2018-07-27 15:50:00","freeTime":"","video":"","summ":"具有讽刺意味的是，令市场掀起轩然大波的往往只是少数人最初有意或无意的行为，但从跟风而上的后果来看，在市场向理性中枢回归的过程中，头羊或许能独善其身，而跟随的“羊群”却成为牺牲者"},{"tags":[],"comm":{"tid":"101309134","aid":"100"},"cate":"100300002;100000091;100324037;100324353;101309134","desc":"周其仁：改革与发展的虚实之辩","form":null,"channelId":126,"nid":101309134,"link":"http://opinion.caixin.com/2018-07-27/101309134.html","edit":{"rank":"专栏作家 ","desc":"北京大学国家发展研究院教授","name":"周其仁","link":"http://opinion.caixin.com/zhouqiren_mjxx/index.html","head":"http://www.caixin.com/upload/zhuanlan/100324353_48_48.jpg"},"attr":5,"freeDuration":"48","type":1,"subDesc":"周其仁","channelDesc":"观点频道","pict":null,"audioUrl":"http://audio.caixin.com/caixin/134/101309134.mp3","time":"2018-07-27 14:52:07","freeTime":"","video":"","summ":"过量的货币进入经济实体，最大的危险不是物价同比全上涨，那没有危险。而是它改变相对价格，然后改变人们的投资消费的决定，形成错误的预期，形成高杠杆的运动"},{"tags":[],"comm":{"tid":"101309115","aid":"100"},"cate":"100300002;100000091;100324037;100745928;101309115","desc":"疫苗事件后，中国医药监管如何改进？","form":null,"channelId":126,"nid":101309115,"link":"http://opinion.caixin.com/2018-07-27/101309115.html","edit":{"rank":"专栏作家 ","desc":"恒大集团首席经济学家（副总裁级）兼研究院院长","name":"任泽平","link":"http://opinion.caixin.com/renzeping/index.html","head":"http://www.caixin.com/upload/zhuanlan/100745928_48_48.jpg"},"attr":5,"freeDuration":"48","type":1,"subDesc":"任泽平","channelDesc":"观点频道","pict":null,"audioUrl":"http://audio.caixin.com/caixin/115/101309115.mp3","time":"2018-07-27 14:38:10","freeTime":"","video":"","summ":"除了将不法企业和个人绳之于法，必须重新审视我国医药监管体制和疫苗产业的深层次问题，以此为契机深刻反思并作出重大改革，从根本上治理，避免悲剧一再重演"},{"tags":[],"comm":{"tid":"101309114","aid":"100"},"cate":"100300002;100000091;100324037;100898518;101309114","desc":"金融科技的“能”和“不能”","form":null,"channelId":126,"nid":101309114,"link":"http://opinion.caixin.com/2018-07-27/101309114.html","edit":{"rank":"专栏作家 ","desc":"北京师范大学金融学博士；北京网络法学研究会副秘书长","name":"赵鹞","link":"http://opinion.caixin.com/zhaoyao_mjxx/index.html","head":"http://www.caixin.com/upload/zhuanlan/100898518_48_48.jpg"},"attr":5,"freeDuration":"48","type":1,"subDesc":"赵鹞","channelDesc":"观点频道","pict":null,"audioUrl":"http://audio.caixin.com/caixin/114/101309114.mp3","time":"2018-07-27 14:26:43","freeTime":"","video":"","summ":"互联网金融的优势在哪？如果它只是产品的创新，或者是商业模式的改变，没有到制度创新的层面，就不是成功的创新"},{"tags":[],"comm":{"tid":"101309089","aid":"100"},"cate":"100300002;100000091;100324037;100820002;101309089","desc":"外汇市场的供与求","form":null,"channelId":126,"nid":101309089,"link":"http://opinion.caixin.com/2018-07-27/101309089.html","edit":{"rank":"专栏作家 ","desc":"中国社会科学院世界经济与政治研究所研究员","name":"张斌","link":"http://opinion.caixin.com/zhangbin_mjxx/index.html","head":"http://www.caixin.com/upload/zhuanlan/100820002_48_48.jpg"},"attr":5,"freeDuration":"48","type":1,"subDesc":"张斌","channelDesc":"观点频道","pict":null,"audioUrl":"http://audio.caixin.com/caixin/089/101309089.mp3","time":"2018-07-27 12:23:05","freeTime":"","video":"","summ":"人民币汇率接下来还会承受一段时间的贬值压力。与上一轮人民币贬值压力相比，从外汇市场供求角度看压力会小很多，但是人民币汇率波幅未必小，也未必是像过去那样持续单边贬值，而更多是震荡式变化"},{"tags":[],"comm":{"tid":"101309017","aid":"100"},"cate":"100300002;100000091;100000159;101309017","desc":"黄益平：以平常心看待近期人民币汇率波动","form":null,"channelId":126,"nid":101309017,"link":"http://opinion.caixin.com/2018-07-27/101309017.html","edit":{"rank":"专栏作家 ","desc":"中国央行货币政策委员会委员,北京大学国家发展研究院经济学教授、资深研究员","name":"黄益平","link":"http://opinion.caixin.com/huangyiping/index.html","head":"http://www.caixin.com/upload/zhuanlan/100000159_48_48.jpg"},"attr":5,"freeDuration":"48","type":1,"subDesc":"黄益平","channelDesc":"观点频道","pict":null,"audioUrl":"http://audio.caixin.com/caixin/017/101309017.mp3","time":"2018-07-27 09:19:40","freeTime":"","video":"","summ":"近期人民币汇率波动并未超出合理区间，与2015年下半年相比，近期的波动更多是市场情绪化的表现，市场完全没有必要对此做过度反应"},{"tags":[],"comm":{"tid":"101308706","aid":"100"},"cate":"100300002;100000091;100324040;100608404;101308706","desc":"激活被“休眠”的人大质询权","form":null,"channelId":126,"nid":101308706,"link":"http://opinion.caixin.com/2018-07-26/101308706.html","edit":{"rank":"专栏作家 ","desc":"中国政法大学法学博士,云南省人大常委会法制工作委员会副主任","name":"田成有","link":"http://opinion.caixin.com/tianchengyou_shwx/index.html","head":"http://www.caixin.com/upload/zhuanlan/100608404_48_48.jpg"},"attr":5,"freeDuration":"48","type":1,"subDesc":"田成有","channelDesc":"观点频道","pict":null,"audioUrl":"http://audio.caixin.com/caixin/706/101308706.mp3","time":"2018-07-26 14:29:03","freeTime":"","video":"","summ":"当下，依法激活人大质询权，使质询权真正成为人大监督“一府两院”的利器，成为规范公共权力行使的制度“笼子”，非常必要，也非常重要"},{"tags":[],"comm":{"tid":"101308694","aid":"100"},"cate":"100300002;100000091;100324039;100536259;101308694","desc":"亚洲增长将温和放缓","form":null,"channelId":126,"nid":101308694,"link":"http://opinion.caixin.com/2018-07-26/101308694.html","edit":{"rank":"专栏作家 ","desc":"瑞银财富管理投资总监办公室（CIO）亚太区投资总监及首席中国经济学家","name":"胡一帆","link":"http://opinion.caixin.com/huyifan_zssc/index.html","head":"http://www.caixin.com/upload/zhuanlan/100536259_48_48.jpg"},"attr":5,"freeDuration":"48","type":1,"subDesc":"胡一帆","channelDesc":"观点频道","pict":null,"audioUrl":"http://audio.caixin.com/caixin/694/101308694.mp3","time":"2018-07-26 13:04:21","freeTime":"","video":"","summ":"虽然贸易前景的逆风吹起，预期中国仍能保持相对稳健的增长势头, 尤其是政府政策最近已经转向积极宽松"},{"tags":[],"comm":{"tid":"101308673","aid":"100"},"cate":"100300002;100000091;100324039;100712493;101308673","desc":"宽松之忧：央行不是药神","form":null,"channelId":126,"nid":101308673,"link":"http://opinion.caixin.com/2018-07-26/101308673.html","edit":{"rank":"专栏作家 ","desc":"如是金融研究院院长、首席经济学家，如是金融董事长","name":"管清友","link":"http://opinion.caixin.com/guanqingyou_zssc/index.html","head":"http://www.caixin.com/upload/zhuanlan/100712493_48_48.jpg"},"attr":5,"freeDuration":"48","type":1,"subDesc":"管清友","channelDesc":"观点频道","pict":null,"audioUrl":"http://audio.caixin.com/caixin/673/101308673.mp3","time":"2018-07-26 11:50:58","freeTime":"","video":"","summ":"如果我们用新的宽松去解决过去宽松留下的问题，只会让风险的雪球越滚越大。我们更应该做的是回归本源，加快自身的改革和转型"},{"tags":[],"comm":{"tid":"101308666","aid":"100"},"cate":"100300002;100000091;100324037;101064085;101308666","desc":"宏观架构定位中国货币政策立场","form":null,"channelId":126,"nid":101308666,"link":"http://opinion.caixin.com/2018-07-26/101308666.html","edit":{"rank":"专栏作家 ","desc":"工银国际研究部主管，首席经济学家","name":"程实","link":"http://opinion.caixin.com/chengshi_mjxx/index.html","head":"http://www.caixin.com/upload/zhuanlan/101064085_48_48.jpg"},"attr":5,"freeDuration":"48","type":1,"subDesc":"程实","channelDesc":"观点频道","pict":null,"audioUrl":"http://audio.caixin.com/caixin/666/101308666.mp3","time":"2018-07-26 11:47:13","freeTime":"","video":"","summ":"预计2018年下半年央行将通过“上调市场利率+定向降准”的政策搭配，实现稳健中性基调下的货币政策边际偏宽松"},{"tags":[],"comm":{"tid":"101308598","aid":"100"},"cate":"100300002;100000091;100324037;100861497;101308598","desc":"现在居民究竟是有钱还是没钱","form":null,"channelId":126,"nid":101308598,"link":"http://opinion.caixin.com/2018-07-26/101308598.html","edit":{"rank":"专栏作家 ","desc":"招商银行金融市场部高级分析师","name":"万钊","link":"http://opinion.caixin.com/wanzhao_mjxx/index.html","head":"http://www.caixin.com/upload/zhuanlan/100861497_48_48.jpg"},"attr":5,"freeDuration":"48","type":1,"subDesc":"万钊","channelDesc":"观点频道","pict":null,"audioUrl":"http://audio.caixin.com/caixin/598/101308598.mp3","time":"2018-07-26 09:27:19","freeTime":"","video":"","summ":"居民作为一个整体，房贷支出并没有明显影响居民整体的收入，但是房地产作为一个媒介，使得购房的居民承担了房贷，而卖房的居民获得了巨额的净现金"},{"tags":[],"comm":{"tid":"101308577","aid":"100"},"cate":"100300002;100000091;100324037;101220072;101308577","desc":"长波周期与投资决策","form":null,"channelId":126,"nid":101308577,"link":"http://opinion.caixin.com/2018-07-26/101308577.html","edit":{"rank":"专栏作家 ","desc":"丹阳投资董事长、首席投资官。","name":"康水跃","link":"http://opinion.caixin.com/kangshuiyue/index.html","head":"http://www.caixin.com/upload/zhuanlan/101220072_48_48.jpg"},"attr":5,"freeDuration":"48","type":1,"subDesc":"康水跃","channelDesc":"观点频道","pict":null,"audioUrl":"http://audio.caixin.com/caixin/577/101308577.mp3","time":"2018-07-26 08:54:54","freeTime":"","video":"","summ":"金融资产价格受经济周期影响密切，可以通过预测分析长波周期的变化，提前布局投资回报率更高、风险更低的投资组合。下一次世界经济危机正在酝酿，推测会在全球贸易战的背景下爆发，预计爆发的年份落在2018—2021年"},{"tags":[],"comm":{"tid":"101308559","aid":"100"},"cate":"100300002;100000091;100324037;101009429;101308559","desc":"个人信贷市场同样需要舒缓压力","form":null,"channelId":126,"nid":101308559,"link":"http://opinion.caixin.com/2018-07-26/101308559.html","edit":{"rank":"专栏作家 ","desc":"长江商学院金融学教授、杰出院长讲席教授和MBA项目副院长","name":"李海涛","link":"http://opinion.caixin.com/lihaitao_mjxx/index.html","head":"http://www.caixin.com/upload/zhuanlan/101009429_48_48.jpg"},"attr":5,"freeDuration":"48","type":1,"subDesc":"李海涛","channelDesc":"观点频道","pict":null,"audioUrl":"http://audio.caixin.com/caixin/559/101308559.mp3","time":"2018-07-26 08:34:04","freeTime":"","video":"","summ":"居民部门杠杆率的攀升，与房地产去库存带动的通过按揭贷款加杠杆有关，这主要表现为居民中长期贷款的快速增长，但除此之外，居民短期信贷也在快速发展"},{"tags":[],"comm":{"tid":"101308529","aid":"100"},"cate":"100300002;100300201;101308529","desc":"转型中的中国（五）：融入全球金融市场","form":null,"channelId":126,"nid":101308529,"link":"http://opinion.caixin.com/2018-07-26/101308529.html","edit":{"rank":"","desc":"","name":"文|王黔","link":"","head":""},"attr":5,"freeDuration":"48","type":1,"subDesc":"聚焦","channelDesc":"观点频道","pict":{"imgs":[{"url":"http://img.caixin.com/2018-07-26/1532564766716723_145_97.jpg","txt":""}],"num":1},"audioUrl":"http://audio.caixin.com/caixin/529/101308529.mp3","time":"2018-07-26 07:39:58","freeTime":"","video":"","summ":"中国经济增速放缓可能对世界其他地区产生不利影响；然而，这种影响的幅度很大程度上取决于中国在中期步入何种发展轨迹"},{"tags":[],"comm":{"tid":"101308307","aid":"100"},"cate":"100300002;100000091;100324037;100999970;101308307","desc":"中国奢侈品消费税该怎么征","form":null,"channelId":126,"nid":101308307,"link":"http://opinion.caixin.com/2018-07-25/101308307.html","edit":{"rank":"专栏作家 ","desc":"上海财经大学公共经济与管理学院税收系主任、教授、博士生导师","name":"朱为群","link":"http://opinion.caixin.com/zhuweiqun_mjxx/index.html","head":"http://www.caixin.com/upload/zhuanlan/100999970_48_48.jpg"},"attr":5,"freeDuration":"48","type":1,"subDesc":"朱为群","channelDesc":"观点频道","pict":null,"audioUrl":"http://audio.caixin.com/caixin/307/101308307.mp3","time":"2018-07-25 14:40:48","freeTime":"","video":"","summ":"可依“统一归类，有增有减”的思路，确定奢侈品消费税的征收范围；依“简化税制，适度税负”的原则，对列入消费税征收范围的奢侈品实施有幅度限制的地区差别比例税率，并保持适当的税率水平；依“强化征管，因地制宜”的精神，将奢侈品消费税设置在零售环节征收，并将其收入归地方政府所有"},{"tags":[],"comm":{"tid":"101308274","aid":"100"},"cate":"100300002;100000091;100324037;100949515;101308274","desc":"承压的制造业","form":null,"channelId":126,"nid":101308274,"link":"http://opinion.caixin.com/2018-07-25/101308274.html","edit":{"rank":"专栏作家 ","desc":"伍戈，经济学博士，研究员。长江证券首席经济学家，曾长期供职央行货币政策部门，并任国际货币基金组织经济学家。中国经济学最高奖——孙冶方经济科学奖得主","name":"伍戈","link":"http://opinion.caixin.com/wuge_mjxx/index.html","head":"http://www.caixin.com/upload/zhuanlan/100949515_48_48.jpg"},"attr":5,"freeDuration":"48","type":1,"subDesc":"伍戈","channelDesc":"观点频道","pict":null,"audioUrl":"http://audio.caixin.com/caixin/274/101308274.mp3","time":"2018-07-25 13:28:48","freeTime":"","video":"","summ":"制造业投资近年来表现低迷，但最近3个月的制造业投资却稳步回升。带动制造业投资的力量究竟是什么？当前回升态势是昙花一现还是可持续？"},{"tags":[],"comm":{"tid":"101308255","aid":"100"},"cate":"100300002;100000091;100324039;100452427;101308255","desc":"道德高地上的灰犀牛：信用风险的伦理观察","form":null,"channelId":126,"nid":101308255,"link":"http://opinion.caixin.com/2018-07-25/101308255.html","edit":{"rank":"专栏作家 ","desc":"证券业从业人员,曾在中银国际和上海国际信托任职","name":"乐平","link":"http://opinion.caixin.com/huxiaorong_zssc/index.html","head":"http://www.caixin.com/upload/zhuanlan/100452427_48_48.jpg"},"attr":5,"freeDuration":"48","type":1,"subDesc":"乐平","channelDesc":"观点频道","pict":null,"audioUrl":"http://audio.caixin.com/caixin/255/101308255.mp3","time":"2018-07-25 11:24:37","freeTime":"","video":"","summ":"这是个伟大的时代，需要与这个时代相匹配的伟大危机出现，而对危机的处理将是一次影响深远的具有伟大建设力量的破坏"},{"tags":[],"comm":{"tid":"101308240","aid":"100"},"cate":"100300002;100000091;100317992;100401152;101308240","desc":"意大利债务问题对欧盟经济的影响","form":null,"channelId":126,"nid":101308240,"link":"http://opinion.caixin.com/2018-07-25/101308240.html","edit":{"rank":"专栏作家 ","desc":"现任华安基金首席经济学家,兼任中国国际金融论坛专家顾问委员会委员，上海金融学会副秘书长","name":"林采宜","link":"http://opinion.caixin.com/lincaiyi_zeld/index.html","head":"http://www.caixin.com/upload/zhuanlan/100401152_48_48.jpg"},"attr":5,"freeDuration":"48","type":1,"subDesc":"林采宜","channelDesc":"观点频道","pict":null,"audioUrl":"http://audio.caixin.com/caixin/240/101308240.mp3","time":"2018-07-25 11:09:36","freeTime":"","video":"","summ":"一旦意大利爆发债务危机，将是2010年欧债危机从欧洲边缘国家扩散至核心国家的重大升级"},{"tags":[],"comm":{"tid":"101308228","aid":"100"},"cate":"100300002;100300201;101308228","desc":"转型中的中国（四）：对全球经济的影响","form":null,"channelId":126,"nid":101308228,"link":"http://opinion.caixin.com/2018-07-25/101308228.html","edit":{"rank":"","desc":"","name":"文 | 王黔","link":"","head":""},"attr":5,"freeDuration":"48","type":1,"subDesc":"聚焦","channelDesc":"观点频道","pict":{"imgs":[{"url":"http://img.caixin.com/2018-07-25/1532487947915152_145_97.jpg","txt":""}],"num":1},"audioUrl":"http://audio.caixin.com/caixin/228/101308228.mp3","time":"2018-07-25 11:03:00","freeTime":"","video":"","summ":"中国经济增速放缓可能对发达市场造成的溢出效应影响相对较小，那些严重依托中国市场需求的国家和地区，可能会面临更大压力。然而，中国有可能从很多方面影响全球经济，比如通货膨胀、汇率、国际贸易和信心等"},{"tags":[],"comm":{"tid":"101308221","aid":"100"},"cate":"100300002;100000091;100324037;101198731;101308221","desc":"“长生生物”会终止上市吗？","form":null,"channelId":126,"nid":101308221,"link":"http://opinion.caixin.com/2018-07-25/101308221.html","edit":{"rank":"专栏作家 ","desc":"望华资本（Merger China Group）创始人及总裁，前中金公司（CICC）投资银行部董事总经理","name":"戚克栴","link":"http://opinion.caixin.com/qikezhan_mjxx/index.html","head":"http://www.caixin.com/upload/zhuanlan/101198731_48_48.jpg"},"attr":5,"freeDuration":"48","type":1,"subDesc":"戚克栴","channelDesc":"观点频道","pict":null,"audioUrl":"http://audio.caixin.com/caixin/221/101308221.mp3","time":"2018-07-25 10:43:35","freeTime":"","video":"","summ":"如果监管及时出手，控制上市公司账户，停止上市公司“失血”，避免实际控制人套现，则中小股东的部分权益是有可能被保全的"},{"tags":[],"comm":{"tid":"101308082","aid":"100"},"cate":"100300002;100000091;100324039;100742170;101308082","desc":"对未来宏观政策的一些思考","form":null,"channelId":126,"nid":101308082,"link":"http://opinion.caixin.com/2018-07-24/101308082.html","edit":{"rank":"专栏作家 ","desc":"财新智库莫尼塔研究董事长兼首席经济学家","name":"钟正生","link":"http://opinion.caixin.com/zhongzhengsheng/index.html","head":"http://www.caixin.com/upload/zhuanlan/100742170_48_48.jpg"},"attr":5,"freeDuration":"48","type":1,"subDesc":"钟正生","channelDesc":"观点频道","pict":null,"audioUrl":"http://audio.caixin.com/caixin/082/101308082.mp3","time":"2018-07-24 20:24:15","freeTime":"","video":"","summ":"高质量增长的战略规划并未改变，也明确了不搞大水漫灌的坚持，但实际结果需在“更加积极”与“松紧适度”的落实当中见分晓，火候掌握之不易是对政府更大的考验"},{"tags":[],"comm":{"tid":"101307924","aid":"100"},"cate":"100300002;100300201;101307924","desc":"十八大以来财税体制改革进展与评估","form":null,"channelId":126,"nid":101307924,"link":"http://opinion.caixin.com/2018-07-24/101307924.html","edit":{"rank":"","desc":"","name":"谌利民 郝思思","link":"","head":""},"attr":5,"freeDuration":"0","type":1,"subDesc":"聚焦","channelDesc":"观点频道","pict":{"imgs":[{"url":"http://img.caixin.com/2018-07-24/1532417027253955_145_97.jpg","txt":""}],"num":1},"audioUrl":"http://audio.caixin.com/caixin/924/101307924.mp3","time":"2018-07-24 15:19:10","freeTime":"","video":"","summ":"全面深化财税体制改革需要从是否有利于“优化资源配置”、是否有利于“维护市场统一”、是否有利于“促进社会公平”、是否有利于“实现国家长治久安”这四个方面入手，重点推进中央与地方财政事权与支出责任划分、预算管理制度、税收征管体制三大改革，加大力度保民生、调结构、稳增长"},{"tags":[],"comm":{"tid":"101307897","aid":"100"},"cate":"100300002;100000091;100324037;100745928;101307897","desc":"当前形势下，财政政策大有可为","form":null,"channelId":126,"nid":101307897,"link":"http://opinion.caixin.com/2018-07-24/101307897.html","edit":{"rank":"专栏作家 ","desc":"恒大集团首席经济学家（副总裁级）兼研究院院长","name":"任泽平","link":"http://opinion.caixin.com/renzeping/index.html","head":"http://www.caixin.com/upload/zhuanlan/100745928_48_48.jpg"},"attr":5,"freeDuration":"48","type":1,"subDesc":"任泽平","channelDesc":"观点频道","pict":null,"audioUrl":"http://audio.caixin.com/caixin/897/101307897.mp3","time":"2018-07-24 14:03:46","freeTime":"","video":"","summ":"货币、金融、财税三大政策应做好协调配合：货币政策应从收紧转向实质稳健中性，金融监管政策应从“一刀切”式收紧转向结构性有松有紧，财政政策应从全面收紧转向在减税和基建上更加积极"},{"tags":[],"comm":{"tid":"101307883","aid":"100"},"cate":"100300002;100000091;100324037;101133747;101307883","desc":"马斯洛之于管理者为何重要","form":null,"channelId":126,"nid":101307883,"link":"http://opinion.caixin.com/2018-07-24/101307883.html","edit":{"rank":"专栏作家 ","desc":"作家，叶史瓦大学（纽约）兼职心理学教授","name":"爱德华·霍夫曼","link":"http://opinion.caixin.com/edwardhoffman_mjxx/index.html","head":"http://www.caixin.com/upload/zhuanlan/101133747_48_48.jpg"},"attr":5,"freeDuration":"48","type":1,"subDesc":"爱德华·霍夫曼","channelDesc":"观点频道","pict":null,"audioUrl":"http://audio.caixin.com/caixin/883/101307883.mp3","time":"2018-07-24 13:25:44","freeTime":"","video":"","summ":"需求层次理论只是马斯洛思想遗产的一部分。他关于动机、自我实现和协同方面的鼓动性观点已经成为许多管理者、管理理论家和培训师们所熟知的概念。他在心理学方面所持的人文主义态度影响了各行各业，包括咨询、医疗、教育和销售"},{"tags":[],"comm":{"tid":"101307874","aid":"100"},"cate":"100300002;100300201;101307874","desc":"再论中国在WTO的“市场经济地位”问题","form":null,"channelId":126,"nid":101307874,"link":"http://opinion.caixin.com/2018-07-24/101307874.html","edit":{"rank":"","desc":"","name":"文︱吴金铎","link":"","head":""},"attr":5,"freeDuration":"24","type":1,"subDesc":"聚焦","channelDesc":"观点频道","pict":{"imgs":[{"url":"http://img.caixin.com/2018-07-24/1532409311377919_145_97.jpg","txt":""}],"num":1},"audioUrl":"http://audio.caixin.com/caixin/874/101307874.mp3","time":"2018-07-24 13:10:33","freeTime":"","video":"","summ":"无论中国能否在WTO框架下取得发达国家认可的市场经济地位，中国首先需要处理好自身的问题。中国的市场化改革仍在推进，也十分有必要让世界看到中国的市场化改革进程"},{"tags":[],"comm":{"tid":"101307865","aid":"100"},"cate":"100300002;100000091;100000152;101307865","desc":"资管新规细则较温和，对市场和去杠杆意味着什么","form":null,"channelId":126,"nid":101307865,"link":"http://opinion.caixin.com/2018-07-24/101307865.html","edit":{"rank":"专栏作家 ","desc":"瑞银亚洲经济研究主管、首席中国经济学家、董事总经理","name":"汪涛","link":"http://opinion.caixin.com/wangtao/index.html","head":"http://www.caixin.com/upload/zhuanlan/100000152_48_48.jpg"},"attr":5,"freeDuration":"48","type":1,"subDesc":"汪涛","channelDesc":"观点频道","pict":null,"audioUrl":"http://audio.caixin.com/caixin/865/101307865.mp3","time":"2018-07-24 12:13:49","freeTime":"","video":"","summ":"较为缓和的实施细则是推进去杠杆过程中较为务实和必要的调整，但这并不代表着去杠杆的结束"},{"tags":[],"comm":{"tid":"101307777","aid":"100"},"cate":"100300002;100000091;100324037;101030936;101307777","desc":"资管新规细则对中资美元债市场的影响","form":null,"channelId":126,"nid":101307777,"link":"http://opinion.caixin.com/2018-07-24/101307777.html","edit":{"rank":"专栏作家 ","desc":"从事全球固定收益类资产配置管理","name":"王龙","link":"http://opinion.caixin.com/wanglong_mjxx/index.html","head":"http://www.caixin.com/upload/zhuanlan/101030936_48_48.jpg"},"attr":5,"freeDuration":"48","type":1,"subDesc":"王龙","channelDesc":"观点频道","pict":null,"audioUrl":"http://audio.caixin.com/caixin/777/101307777.mp3","time":"2018-07-24 09:44:35","freeTime":"","video":"","summ":"从出台的细则条文来看，对于未来信用政策的导向应该是“中性边际偏松”，监管政策大概率是“紧货币，宽信用”"},{"tags":[],"comm":{"tid":"101307775","aid":"100"},"cate":"100300002;100000091;100324037;100949515;101307775","desc":"中国经济新形势","form":null,"channelId":126,"nid":101307775,"link":"http://opinion.caixin.com/2018-07-24/101307775.html","edit":{"rank":"专栏作家 ","desc":"伍戈，经济学博士，研究员。长江证券首席经济学家，曾长期供职央行货币政策部门，并任国际货币基金组织经济学家。中国经济学最高奖——孙冶方经济科学奖得主","name":"伍戈","link":"http://opinion.caixin.com/wuge_mjxx/index.html","head":"http://www.caixin.com/upload/zhuanlan/100949515_48_48.jpg"},"attr":5,"freeDuration":"48","type":1,"subDesc":"伍戈","channelDesc":"观点频道","pict":null,"audioUrl":"http://audio.caixin.com/caixin/775/101307775.mp3","time":"2018-07-24 09:38:58","freeTime":"","video":"","summ":"当前中国处在中美贸易摩擦的风口上，叠加前期人民币有过一段时间的升值、滞后效应还会发酵，今年出口对经济的拉动作用会下降。下半年基建投资增速下滑速度可能会放缓，基建真正发力可能还要等待经济更加迅速的下挫"},{"tags":[],"comm":{"tid":"101307470","aid":"100"},"cate":"100300002;100000091;100324040;100868265;101307470","desc":"读懂问题疫苗的12个疑点和4个事实","form":null,"channelId":126,"nid":101307470,"link":"http://opinion.caixin.com/2018-07-23/101307470.html","edit":{"rank":"专栏作家 ","desc":"饶毅、鲁白、谢宇三位学者创办的移动新媒体平台","name":"知识分子","link":"http://opinion.caixin.com/zsfz_shwx/index.html","head":"http://www.caixin.com/upload/zhuanlan/100868265_48_48.jpg"},"attr":0,"freeDuration":"0","type":1,"subDesc":"知识分子","channelDesc":"观点频道","pict":null,"audioUrl":"http://audio.caixin.com/caixin/470/101307470.mp3","time":"2018-07-23 15:03:06","freeTime":"","video":"","summ":"“批批检”的疫苗其实只是批批检安全性，并不是有效性。这就是为什么家长们会发现，当时公布批签发合格的疫苗为什么会在2017年11月成为了不合格的两批次疫苗"},{"tags":[],"comm":{"tid":"101307452","aid":"100"},"cate":"100300002;100300201;101307452","desc":"转型中的中国（三）：中期增长的四种可能情景","form":null,"channelId":126,"nid":101307452,"link":"http://opinion.caixin.com/2018-07-23/101307452.html","edit":{"rank":"","desc":"","name":"文|王黔","link":"","head":""},"attr":5,"freeDuration":"0","type":1,"subDesc":"聚焦","channelDesc":"观点频道","pict":{"imgs":[{"url":"http://img.caixin.com/2018-07-23/1532328480943126_145_97.jpg","txt":""}],"num":1},"audioUrl":"http://audio.caixin.com/caixin/452/101307452.mp3","time":"2018-07-23 14:41:32","freeTime":"","video":"","summ":"中国经济的发展前景是众多国内外复杂因素共同作用的结果。这些因素既相互联系又不断变化，而其发展变化将会提高或降低每种发展轨迹的出现概率"},{"tags":[],"comm":{"tid":"101307436","aid":"100"},"cate":"100300002;100000091;100324039;100933362;101307436","desc":"居民消费还有多大潜力，能否支撑中国经济高速增长？","form":null,"channelId":126,"nid":101307436,"link":"http://opinion.caixin.com/2018-07-23/101307436.html","edit":{"rank":"专栏作家 ","desc":"专注于国内消费金融、贸易金融、互联网金融和产业金融等研究领域的专业研究机构","name":"金融观察","link":"http://opinion.caixin.com/snjr/index.html","head":"http://www.caixin.com/upload/zhuanlan/100933362_48_48.jpg"},"attr":5,"freeDuration":"48","type":1,"subDesc":"金融观察","channelDesc":"观点频道","pict":null,"audioUrl":"http://audio.caixin.com/caixin/436/101307436.mp3","time":"2018-07-23 13:24:54","freeTime":"","video":"","summ":"天量的房贷，必然会对居住类以外的其他消费产生挤出效应，并最终成为我国居民消费长期增长潜力的重要掣肘"},{"tags":[],"comm":{"tid":"101307411","aid":"100"},"cate":"100300002;100000091;100324037;101189584;101307411","desc":"棚改兴衰：当这剂强心针药效过去……","form":null,"channelId":126,"nid":101307411,"link":"http://opinion.caixin.com/2018-07-23/101307411.html","edit":{"rank":"专栏作家 ","desc":"国海证券研究所固定收益研究团队负责人。","name":"靳毅","link":"http://opinion.caixin.com/jinyi_mjxx/index.html","head":"http://www.caixin.com/upload/zhuanlan/101189584_48_48.jpg"},"attr":5,"freeDuration":"48","type":1,"subDesc":"靳毅","channelDesc":"观点频道","pict":null,"audioUrl":"http://audio.caixin.com/caixin/411/101307411.mp3","time":"2018-07-23 11:52:17","freeTime":"","video":"","summ":"随着棚改货币化渐入尾声，此前三四线城市的购房主力资金也将开始陆续退场，届时背负着巨大债务压力的平台公司，其土地出让速度也将大概率减缓。到那时，地方政府隐形债务与整个房地产行业又将何去何从？"},{"tags":[],"comm":{"tid":"101307390","aid":"100"},"cate":"100300002;100000091;100324039;100432719;101307390","desc":"刺激反弹和漫长寻底","form":null,"channelId":126,"nid":101307390,"link":"http://opinion.caixin.com/2018-07-23/101307390.html","edit":{"rank":"专栏作家 ","desc":"交银国际董事总经理兼首席策略师","name":"洪灏","link":"http://opinion.caixin.com/honghao_zssc/index.html","head":"http://www.caixin.com/upload/zhuanlan/100432719_48_48.jpg"},"attr":5,"freeDuration":"48","type":1,"subDesc":"洪灏","channelDesc":"观点频道","pict":null,"audioUrl":"http://audio.caixin.com/caixin/390/101307390.mp3","time":"2018-07-23 11:15:51","freeTime":"","video":"","summ":"市场见底不应如市场共识所建议的那样，被定义为一个指数的绝对最低水平。这种定义见底的目标是回报最大化，而不是风险最小化"},{"tags":[],"comm":{"tid":"101307272","aid":"100"},"cate":"100300002;100300201;101307272","desc":"行政吸纳市场：中国疫苗安全的困境和出路","form":null,"channelId":126,"nid":101307272,"link":"http://opinion.caixin.com/2018-07-22/101307272.html","edit":{"rank":"","desc":"","name":"文｜胡颖廉","link":"","head":""},"attr":5,"freeDuration":"3","type":1,"subDesc":"聚焦","channelDesc":"观点频道","pict":{"imgs":[{"url":"http://img.caixin.com/2018-07-22/1532239051858431_145_97.jpg","txt":""}],"num":1},"audioUrl":"http://audio.caixin.com/caixin/272/101307272.mp3","time":"2018-07-22 13:51:19","freeTime":"","video":"","summ":"非法疫苗案件绝非简单的个体违法行为，也不能把成因归结为市场化，其本质是行政吸纳市场带来的产业、监管、社会系统性不匹配，使其兼具逐利机制和行政垄断的弊端"},{"tags":[],"comm":{"tid":"101307260","aid":"100"},"cate":"100300002;100000091;100324040;100868265;101307260","desc":"美国的疫苗安全是如何监管的","form":null,"channelId":126,"nid":101307260,"link":"http://opinion.caixin.com/2018-07-22/101307260.html","edit":{"rank":"专栏作家 ","desc":"饶毅、鲁白、谢宇三位学者创办的移动新媒体平台","name":"知识分子","link":"http://opinion.caixin.com/zsfz_shwx/index.html","head":"http://www.caixin.com/upload/zhuanlan/100868265_48_48.jpg"},"attr":0,"freeDuration":"0","type":1,"subDesc":"知识分子","channelDesc":"观点频道","pict":{"imgs":[{"url":"http://img.caixin.com/2018-07-22/1532226287815462_145_97.jpg","txt":""}],"num":1},"audioUrl":"http://audio.caixin.com/caixin/260/101307260.mp3","time":"2018-07-22 09:50:19","freeTime":"","video":"","summ":"美国的NVICP已经实施近30年，而我国这方面还几乎是空白，为了受伤害的儿童的家庭及时得到赔偿，我国的相关部门能否早日制定、通过相关法律？"},{"tags":[],"comm":{"tid":"101307254","aid":"100"},"cate":"100300002;100000091;100324039;100324362;101307254","desc":"高杠杆的源头与去杠杆的根本","form":null,"channelId":126,"nid":101307254,"link":"http://opinion.caixin.com/2018-07-22/101307254.html","edit":{"rank":"专栏作家 ","desc":"汇信资本董事总经理、特许金融分析师（CFA）；曾任职香港证监会中国事务总监，中银国际执行董事","name":"叶翔","link":"http://opinion.caixin.com/yexiang_zssc/index.html","head":"http://www.caixin.com/upload/zhuanlan/100324362_48_48.jpg"},"attr":5,"freeDuration":"48","type":1,"subDesc":"叶翔","channelDesc":"观点频道","pict":null,"audioUrl":"http://audio.caixin.com/caixin/254/101307254.mp3","time":"2018-07-22 07:59:15","freeTime":"","video":"","summ":"尽管降杠杆的表面目标是减低杠杆率，实质却是要提高企业的风险意识"},{"tags":[],"comm":{"tid":"101307064","aid":"100"},"cate":"100300002;100000091;100000159;101307064","desc":"黄益平：资管新规细则坚持去杠杆方向不动摇","form":null,"channelId":126,"nid":101307064,"link":"http://opinion.caixin.com/2018-07-21/101307064.html","edit":{"rank":"专栏作家 ","desc":"中国央行货币政策委员会委员,北京大学国家发展研究院经济学教授、资深研究员","name":"黄益平","link":"http://opinion.caixin.com/huangyiping/index.html","head":"http://www.caixin.com/upload/zhuanlan/100000159_48_48.jpg"},"attr":5,"freeDuration":"48","type":1,"subDesc":"黄益平","channelDesc":"观点频道","pict":null,"audioUrl":"http://audio.caixin.com/caixin/064/101307064.mp3","time":"2018-07-21 08:02:28","freeTime":"","video":"","summ":"资管新规细则进一步明确了监管标准和要求，更充分考虑我国金融市场发展的实际情况和实体经济合理融资需求，有利于消除市场不确定性，稳定市场预期"},{"tags":[],"comm":{"tid":"101307356","aid":"100"},"cate":"100300002;100300204;101307356","desc":"社论|要让网络侵权者有痛感","form":null,"channelId":126,"nid":101307356,"link":"http://opinion.caixin.com/2018-07-20/101307356.html","edit":{"rank":"","desc":"","name":"","link":"","head":""},"attr":5,"freeDuration":"0","type":1,"subDesc":"社评","channelDesc":"观点频道","pict":null,"audioUrl":"http://audio.caixin.com/caixin/356/101307356.mp3","time":"2018-07-20 22:02:27","freeTime":"","video":"","summ":"维权成本过高等于变相鼓励侵权"},{"tags":[],"comm":{"tid":"101306876","aid":"100"},"cate":"100300002;100000091;100324037;100777156;101306876","desc":"“财政货币之争”再认识","form":null,"channelId":126,"nid":101306876,"link":"http://opinion.caixin.com/2018-07-20/101306876.html","edit":{"rank":"专栏作家 ","desc":"财新网“简容论经”专栏作家，经济学博士，现任职中国建设银行金融市场部，本专栏观点与所属单位无关。","name":"张涛","link":"http://opinion.caixin.com/zhangtao_mjxx/index.html","head":"http://www.caixin.com/upload/zhuanlan/100777156_48_48.jpg"},"attr":5,"freeDuration":"48","type":1,"subDesc":"张涛","channelDesc":"观点频道","pict":null,"audioUrl":"http://audio.caixin.com/caixin/876/101306876.mp3","time":"2018-07-20 17:58:56","freeTime":"","video":"","summ":"在不确定性因素不断增加下（有些可能是人为造成的），我们可能看到的，更多是金融脆弱性的快速上升，但此时马上就把财政——这块压舱石拿出来用，是不是合适？"},{"tags":[],"comm":{"tid":"101306768","aid":"100"},"cate":"100300002;100300201;101306768","desc":"数据透视中美贸易摩擦：那些不在清单上的产品","form":null,"channelId":126,"nid":101306768,"link":"http://opinion.caixin.com/2018-07-20/101306768.html","edit":{"rank":"","desc":"","name":"文丨马弘 腾越","link":"","head":""},"attr":5,"freeDuration":"0","type":1,"subDesc":"聚焦","channelDesc":"观点频道","pict":{"imgs":[{"url":"http://img.caixin.com/2018-07-20/1532074714888171_145_97.jpg","txt":""}],"num":1},"audioUrl":"http://audio.caixin.com/caixin/768/101306768.mp3","time":"2018-07-20 16:02:00","freeTime":"","video":"","summ":"随着“贸易战”的蔓延，被列入7月征税清单的中国商品占美国同类进口总额已达23.2%，远远超过6月的两个清单（分别是7.7%和14.7%），而尚未列入清单的这些商品，则占到美国同类进口的38%"},{"tags":[],"comm":{"tid":"101306757","aid":"100"},"cate":"100300002;100000091;100324040;101128012;101306757","desc":"女孩网购银环蛇被咬身亡 卖家快递平台都要担责","form":null,"channelId":126,"nid":101306757,"link":"http://opinion.caixin.com/2018-07-20/101306757.html","edit":{"rank":"专栏作家 ","desc":"邓学平律师，京衡律师上海事务所副主任、高级合伙人。","name":"邓学平","link":"http://opinion.caixin.com/dengxueping_shwx/index.html","head":"http://www.caixin.com/upload/zhuanlan/101128012_48_48.jpg"},"attr":5,"freeDuration":"48","type":1,"subDesc":"邓学平","channelDesc":"观点频道","pict":null,"audioUrl":"http://audio.caixin.com/caixin/757/101306757.mp3","time":"2018-07-20 15:24:51","freeTime":"","video":"","summ":"由于卖家、买家、网络交易平台和快递公司都可能涉嫌行政违法，都对损害结果的发生有明显的过错，因此四方应当按照各自的过错大小，分别承担相应的侵权责任"},{"tags":[],"comm":{"tid":"101306724","aid":"100"},"cate":"100300002;100300201;101306724","desc":"转型中的中国（二）：市场面临的中期风险","form":null,"channelId":126,"nid":101306724,"link":"http://opinion.caixin.com/2018-07-20/101306724.html","edit":{"rank":"","desc":"","name":"文|王黔","link":"","head":""},"attr":5,"freeDuration":"0","type":1,"subDesc":"聚焦","channelDesc":"观点频道","pict":{"imgs":[{"url":"http://img.caixin.com/2018-07-20/1532067308690489_145_97.jpg","txt":""}],"num":1},"audioUrl":"http://audio.caixin.com/caixin/724/101306724.mp3","time":"2018-07-20 14:10:14","freeTime":"","video":"","summ":"中国市场的真正风险存在于中期到长期。如果不能实施有效的以市场为导向的结构性改革，更高的金融风险将会作用于未来，到时决策者在调控手段上也将面临“捉襟见肘”的窘境"},{"tags":[],"comm":{"tid":"101306668","aid":"100"},"cate":"100300002;100000091;100324037;101306639;101306668","desc":"网络借贷凉了吗？","form":null,"channelId":126,"nid":101306668,"link":"http://opinion.caixin.com/2018-07-20/101306668.html","edit":{"rank":"专栏作家 ","desc":"北京大学国家发展研究院/中国经济研究中心经济学教授","name":"沈艳","link":"http://opinion.caixin.com/shenyan_mjxx/index.html","head":"http://www.caixin.com/upload/zhuanlan/101306639_48_48.jpg"},"attr":5,"freeDuration":"48","type":1,"subDesc":"沈艳","channelDesc":"观点频道","pict":null,"audioUrl":"http://audio.caixin.com/caixin/668/101306668.mp3","time":"2018-07-20 11:04:23","freeTime":"","video":"","summ":"目前市场出现的低迷情绪并不足以全盘否认网络贷款业务具有特殊的普惠金融的价值，而备案延期的目的也不应是要消灭整个网络贷款行业"},{"tags":[],"comm":{"tid":"101306661","aid":"100"},"cate":"100300002;100000091;100324037;101232311;101306661","desc":"棚改货币化落幕  三四线楼市将显著逆转","form":null,"channelId":126,"nid":101306661,"link":"http://opinion.caixin.com/2018-07-20/101306661.html","edit":{"rank":"专栏作家 ","desc":"恒大研究院副院长、房地产行业首席研究员，中国人民大学财金学院金融硕士业界导师。","name":"夏磊","link":"http://opinion.caixin.com/xialei/index.html","head":"http://www.caixin.com/upload/zhuanlan/101232311_48_48.jpg"},"attr":5,"freeDuration":"48","type":1,"subDesc":"夏磊","channelDesc":"观点频道","pict":null,"audioUrl":"http://audio.caixin.com/caixin/661/101306661.mp3","time":"2018-07-20 10:38:48","freeTime":"","video":"","summ":"棚改货币化安置比例降低后，东北、西北和部分西南省份，以及主要城市群之外的三四线城市，销售将会受到较大影响"},{"tags":[],"comm":{"tid":"101306643","aid":"100"},"cate":"100300002;100000091;100324037;100820002;101306643","desc":"谁为地方政府隐性债务埋单","form":null,"channelId":126,"nid":101306643,"link":"http://opinion.caixin.com/2018-07-20/101306643.html","edit":{"rank":"专栏作家 ","desc":"中国社会科学院世界经济与政治研究所研究员","name":"张斌","link":"http://opinion.caixin.com/zhangbin_mjxx/index.html","head":"http://www.caixin.com/upload/zhuanlan/100820002_48_48.jpg"},"attr":5,"freeDuration":"48","type":1,"subDesc":"张斌","channelDesc":"观点频道","pict":null,"audioUrl":"http://audio.caixin.com/caixin/643/101306643.mp3","time":"2018-07-20 10:15:53","freeTime":"","video":"","summ":"经济结构加速转型过程中，城市发展格局的重新定位才是决定城市融资平台债务最终能不能还得起钱的关键。如何对待竞争中败下阵来的城市和这些城市的融资平台？"},{"tags":[],"comm":{"tid":"101306591","aid":"100"},"cate":"100300002;100000091;100324037;100777156;101306591","desc":"近期人民币汇率波动背后的四个信号","form":null,"channelId":126,"nid":101306591,"link":"http://opinion.caixin.com/2018-07-20/101306591.html","edit":{"rank":"专栏作家 ","desc":"财新网“简容论经”专栏作家，经济学博士，现任职中国建设银行金融市场部，本专栏观点与所属单位无关。","name":"张涛","link":"http://opinion.caixin.com/zhangtao_mjxx/index.html","head":"http://www.caixin.com/upload/zhuanlan/100777156_48_48.jpg"},"attr":5,"freeDuration":"48","type":1,"subDesc":"张涛","channelDesc":"观点频道","pict":null,"audioUrl":"http://audio.caixin.com/caixin/591/101306591.mp3","time":"2018-07-20 08:45:51","freeTime":"","video":"","summ":"6月下旬以来，汇率波动背后不断释放出新的信号，需要格外引起重视"},{"tags":[],"comm":{"tid":"101306327","aid":"100"},"cate":"100300002;100300201;101306327","desc":"转型中的中国（一）：增速放缓的背后","form":null,"channelId":126,"nid":101306327,"link":"http://opinion.caixin.com/2018-07-19/101306327.html","edit":{"rank":"","desc":"","name":"文|王黔","link":"","head":""},"attr":5,"freeDuration":"3","type":1,"subDesc":"聚焦","channelDesc":"观点频道","pict":{"imgs":[{"url":"http://img.caixin.com/2018-07-19/1531980977665881_145_97.jpg","txt":""}],"num":1},"audioUrl":"http://audio.caixin.com/caixin/327/101306327.mp3","time":"2018-07-19 13:55:47","freeTime":"","video":"","summ":"改革红利逐渐消退，改革进程渐趋缓慢。国企改革、土地改革和财政改革等体制方面的难题变得愈发困难，政府必须克服来自既得利益集团的阻力，并冒着可能面临经济增长大幅下降的风险去解决这些难题"},{"tags":[],"comm":{"tid":"101306289","aid":"100"},"cate":"100300002;100000091;100324037;100659646;101306289","desc":"盛松成：本轮房价上涨与调控政策之困","form":null,"channelId":126,"nid":101306289,"link":"http://opinion.caixin.com/2018-07-19/101306289.html","edit":{"rank":"专栏作家 ","desc":"中国人民银行参事、调查统计司原司长","name":"盛松成","link":"http://opinion.caixin.com/shengsongcheng_mjxx/index.html","head":"http://www.caixin.com/upload/zhuanlan/100659646_48_48.jpg"},"attr":5,"freeDuration":"48","type":1,"subDesc":"盛松成","channelDesc":"观点频道","pict":null,"audioUrl":"http://audio.caixin.com/caixin/289/101306289.mp3","time":"2018-07-19 10:35:13","freeTime":"","video":"","summ":"2015年以来房地产市场的这一轮上涨行情可谓乱象丛生、一筹莫展，对经济和社会产生了不利影响"},{"tags":[],"comm":{"tid":"101306285","aid":"100"},"cate":"100300002;100000091;100324037;101150395;101306285","desc":"证监会败诉：行政处罚“看得见”有多重要","form":null,"channelId":126,"nid":101306285,"link":"http://opinion.caixin.com/2018-07-19/101306285.html","edit":{"rank":"专栏作家 ","desc":"北京市竞天公诚律师事务所证券部合伙人，清华大学法学硕士。","name":"刘思远","link":"http://opinion.caixin.com/liusiyuan_mjxx/index.html","head":"http://www.caixin.com/upload/zhuanlan/101150395_48_48.jpg"},"attr":5,"freeDuration":"48","type":1,"subDesc":"刘思远","channelDesc":"观点频道","pict":null,"audioUrl":"http://audio.caixin.com/caixin/285/101306285.mp3","time":"2018-07-19 10:29:55","freeTime":"","video":"","summ":"北京高院在判决中多次提到“看得见”三个字，认为行政处罚不仅要公正，还应该将这种公正以当事人看得见的方式实现。“看得见”不仅有利于保证调查程序的公正性，也有利于提升当事人对违法行为制裁后果的预期和可接受度，实现行政处罚事后监督的作用"},{"tags":[],"comm":{"tid":"101306234","aid":"100"},"cate":"100300002;100000091;100324037;100900790;101306234","desc":"谷歌未必恶，欧盟未必对","form":null,"channelId":126,"nid":101306234,"link":"http://opinion.caixin.com/2018-07-19/101306234.html","edit":{"rank":"专栏作家 ","desc":"《比较》研究部主管，北京大学市场与网络经济研究中心的研究员和主任助理","name":"陈永伟","link":"http://opinion.caixin.com/chenyongwei_mjxx/index.html","head":"http://www.caixin.com/upload/zhuanlan/100900790_48_48.jpg"},"attr":5,"freeDuration":"48","type":1,"subDesc":"陈永伟","channelDesc":"观点频道","pict":null,"audioUrl":"http://audio.caixin.com/caixin/234/101306234.mp3","time":"2018-07-19 09:27:31","freeTime":"","video":"","summ":"如果排除掉处罚背后的政治动因，仅从反垄断层面看的话，欧盟对谷歌的此次处罚恐怕很难站得住脚"},{"tags":[],"comm":{"tid":"101306029","aid":"100"},"cate":"100300002;100000091;100324037;100752154;101306029","desc":"区块链核心问题和比特币“不可能三角”","form":null,"channelId":126,"nid":101306029,"link":"http://opinion.caixin.com/2018-07-18/101306029.html","edit":{"rank":"专栏作家 ","desc":"中国国际期货公司总裁","name":"王永利","link":"http://opinion.caixin.com/2014/wangyongli_mjxx/index.html","head":"http://www.caixin.com/upload/zhuanlan/100752154_48_48.jpg"},"attr":5,"freeDuration":"48","type":1,"subDesc":"王永利","channelDesc":"观点频道","pict":null,"audioUrl":"http://audio.caixin.com/caixin/029/101306029.mp3","time":"2018-07-18 15:50:05","freeTime":"","video":"","summ":"比特币不可能成为真正的货币，只能是一种网络虚拟资产。比特币区块链很安全，但是解决不了现实问题。目前比特币区块链或者类似的区块链都存在着“去中心、高效率和安全性”三者不可兼得的三角难题关系"},{"tags":[],"comm":{"tid":"101305993","aid":"100"},"cate":"100300002;100000091;100324037;101200010;101305993","desc":"财政去杠杆？","form":null,"channelId":126,"nid":101305993,"link":"http://opinion.caixin.com/2018-07-18/101305993.html","edit":{"rank":"专栏作家 ","desc":"中国社科院财经战略研究院研究员，财政审计研究室主任","name":"汪德华","link":"http://opinion.caixin.com/wangdehua_mjxx/index.html","head":"http://www.caixin.com/upload/zhuanlan/101200010_48_48.jpg"},"attr":5,"freeDuration":"0","type":1,"subDesc":"汪德华","channelDesc":"观点频道","pict":null,"audioUrl":"http://audio.caixin.com/caixin/993/101305993.mp3","time":"2018-07-18 14:32:27","freeTime":"","video":"","summ":"中国“去杠杆”的实质是解决无效投资问题，需要解决众多体制性的结构问题，但这个任务实属财政无法承受之重"},{"tags":[],"comm":{"tid":"101305989","aid":"100"},"cate":"100300002;100300201;101305989","desc":"“全面两孩政策未达预期”是误解吗","form":null,"channelId":126,"nid":101305989,"link":"http://opinion.caixin.com/2018-07-18/101305989.html","edit":{"rank":"","desc":"","name":"文|黄文政","link":"","head":""},"attr":5,"freeDuration":"0","type":1,"subDesc":"聚焦","channelDesc":"观点频道","pict":{"imgs":[{"url":"http://img.caixin.com/2018-07-18/1531896136846581_145_97.jpg","txt":""}],"num":1},"audioUrl":"http://audio.caixin.com/caixin/989/101305989.mp3","time":"2018-07-18 14:17:14","freeTime":"","video":"","summ":"相对于同等发展水平的国家，中国的生育水平要更低，老龄化程度更高。这说明，中国的生育水平之低和人口老龄化之严重，除了有社会发展的因素影响之外，严厉的生育限制政策也是难辞其咎"},{"tags":[],"comm":{"tid":"101305937","aid":"100"},"cate":"100300002;100300201;101305937","desc":"美元的历史周期与未来走势","form":null,"channelId":126,"nid":101305937,"link":"http://opinion.caixin.com/2018-07-18/101305937.html","edit":{"rank":"","desc":"","name":"文|李云洁","link":"","head":""},"attr":5,"freeDuration":"6","type":1,"subDesc":"聚焦","channelDesc":"观点频道","pict":{"imgs":[{"url":"http://img.caixin.com/2018-07-18/1531886808394150_145_97.jpg","txt":""}],"num":1},"audioUrl":"http://audio.caixin.com/caixin/937/101305937.mp3","time":"2018-07-18 11:55:37","freeTime":"","video":"","summ":"国债利差是市场对经济、通胀、货币政策等各种基本面因素的直接反映。从国债利差的走势可以看中长期美元走势"},{"tags":[{"url":"http://tag.caixin.com/tag/%E4%B8%AD%E7%BE%8E%E8%B4%B8%E6%98%93%E6%88%98","txt":"中美贸易战"}],"comm":{"tid":"101305885","aid":"100"},"cate":"100300002;100000091;100324037;101198731;101305885","desc":"为什么“贸易战”终将“无疾而终”？","form":null,"channelId":126,"nid":101305885,"link":"http://opinion.caixin.com/2018-07-18/101305885.html","edit":{"rank":"专栏作家 ","desc":"望华资本（Merger China Group）创始人及总裁，前中金公司（CICC）投资银行部董事总经理","name":"戚克栴","link":"http://opinion.caixin.com/qikezhan_mjxx/index.html","head":"http://www.caixin.com/upload/zhuanlan/101198731_48_48.jpg"},"attr":5,"freeDuration":"48","type":1,"subDesc":"戚克栴","channelDesc":"观点频道","pict":null,"audioUrl":"http://audio.caixin.com/caixin/885/101305885.mp3","time":"2018-07-18 09:43:20","freeTime":"","video":"","summ":"美国发起“贸易战”的动因决定了它终将“无疾而终”。因为，这样不仅不会使美国在政治、文及与经济上达到其诉求，甚至可能会适得其反"},{"tags":[],"comm":{"tid":"101305694","aid":"100"},"cate":"100300002;100000091;100324037;100777156;101305694","desc":"财政和货币政策缘何分歧：都是债务惹的祸","form":null,"channelId":126,"nid":101305694,"link":"http://opinion.caixin.com/2018-07-17/101305694.html","edit":{"rank":"专栏作家 ","desc":"财新网“简容论经”专栏作家，经济学博士，现任职中国建设银行金融市场部，本专栏观点与所属单位无关。","name":"张涛","link":"http://opinion.caixin.com/zhangtao_mjxx/index.html","head":"http://www.caixin.com/upload/zhuanlan/100777156_48_48.jpg"},"attr":5,"freeDuration":"48","type":1,"subDesc":"张涛","channelDesc":"观点频道","pict":null,"audioUrl":"http://audio.caixin.com/caixin/694/101305694.mp3","time":"2018-07-17 16:53:39","freeTime":"","video":"","summ":"当前宏观政策确实很复杂，既有减法，也有加法，既有总量，也有结构，确实给政策协调增加了不小难度。由此，不同部门围绕不同的政策重点难免有分歧"},{"tags":[],"comm":{"tid":"101305467","aid":"100"},"cate":"100300002;100000091;100324037;100861497;101305467","desc":"未来中国经济政策的两条主线","form":null,"channelId":126,"nid":101305467,"link":"http://opinion.caixin.com/2018-07-17/101305467.html","edit":{"rank":"专栏作家 ","desc":"招商银行金融市场部高级分析师","name":"万钊","link":"http://opinion.caixin.com/wanzhao_mjxx/index.html","head":"http://www.caixin.com/upload/zhuanlan/100861497_48_48.jpg"},"attr":5,"freeDuration":"48","type":1,"subDesc":"万钊","channelDesc":"观点频道","pict":null,"audioUrl":"http://audio.caixin.com/caixin/467/101305467.mp3","time":"2018-07-17 13:32:15","freeTime":"","video":"","summ":"一是放开行业各种限制门槛，倒逼地方政府由生产型向服务型转型；二是全国层面统一监管标准，提高监管能力，避免地方搭便车"},{"tags":[{"url":"http://tag.caixin.com/tag/%E4%B8%AD%E7%BE%8E%E8%B4%B8%E6%98%93%E6%88%98","txt":"中美贸易战"}],"comm":{"tid":"101305461","aid":"100"},"cate":"100300002;100000091;100000152;101305461","desc":"汪涛：贸易战升级，下调GDP和汇率预测","form":null,"channelId":126,"nid":101305461,"link":"http://opinion.caixin.com/2018-07-17/101305461.html","edit":{"rank":"专栏作家 ","desc":"瑞银亚洲经济研究主管、首席中国经济学家、董事总经理","name":"汪涛","link":"http://opinion.caixin.com/wangtao/index.html","head":"http://www.caixin.com/upload/zhuanlan/100000152_48_48.jpg"},"attr":5,"freeDuration":"48","type":1,"subDesc":"汪涛","channelDesc":"观点频道","pict":null,"audioUrl":"http://audio.caixin.com/caixin/461/101305461.mp3","time":"2018-07-17 13:29:03","freeTime":"","video":"","summ":"综合考虑外部冲击和国内政策调整，我们将2018年实际GDP增速预测从6.6%下调至6.5%、2019年实际GDP增速从6.4%下调至6.2%"},{"tags":[],"comm":{"tid":"101305246","aid":"100"},"cate":"100300002;100300201;101305246","desc":"财政部和央行都咋相处","form":null,"channelId":126,"nid":101305246,"link":"http://opinion.caixin.com/2018-07-17/101305246.html","edit":{"rank":"","desc":"","name":"文|周琼","link":"","head":""},"attr":5,"freeDuration":"0","type":1,"subDesc":"聚焦","channelDesc":"观点频道","pict":{"imgs":[{"url":"http://img.caixin.com/2018-07-17/1531797536085863_145_97.jpg","txt":""}],"num":1},"audioUrl":"http://audio.caixin.com/caixin/246/101305246.mp3","time":"2018-07-17 11:11:24","freeTime":"","video":"","summ":"央行不满财政政策不是个例，美联储前主席伯南克对财政政策批评得也很直接。总体看来，财政部不仅负责财政政策，在金融稳定方面也负有重要职责。金融和财政本来就紧密交织，需要财政部和央行、金融监管部门有更好的协调"},{"tags":[],"comm":{"tid":"101305225","aid":"100"},"cate":"100300002;100000091;100324040;101192794;101305225","desc":"药品回扣的根源","form":null,"channelId":126,"nid":101305225,"link":"http://opinion.caixin.com/2018-07-17/101305225.html","edit":{"rank":"专栏作家 ","desc":"中国社会科学院经济研究所副所长，中国社会科学院公共政策研究中心主任，中国社会科学院研究生院教授。","name":"朱恒鹏","link":"http://opinion.caixin.com/zhuhengpeng_shwx/index.html","head":"http://www.caixin.com/upload/zhuanlan/101192794_48_48.jpg"},"attr":5,"freeDuration":"48","type":1,"subDesc":"朱恒鹏","channelDesc":"观点频道","pict":null,"audioUrl":"http://audio.caixin.com/caixin/225/101305225.mp3","time":"2018-07-17 10:52:36","freeTime":"","video":"","summ":"问题的核心就是医生的公医身份，也就是事业编制身份问题"},{"tags":[],"comm":{"tid":"101305223","aid":"100"},"cate":"100300002;100000091;100324039;100435356;101305223","desc":"贸易战凸显价值股抗风险能力","form":null,"channelId":126,"nid":101305223,"link":"http://opinion.caixin.com/2018-07-17/101305223.html","edit":{"rank":"专栏作家 ","desc":"","name":"富兰克林邓普顿投资","link":"http://opinion.caixin.com/franklin_resources_inc_zssc/index.html","head":"http://www.caixin.com/upload/zhuanlan/100435356_48_48.jpg"},"attr":5,"freeDuration":"48","type":1,"subDesc":"富兰克林邓普顿投资","channelDesc":"观点频道","pict":null,"audioUrl":"http://audio.caixin.com/caixin/223/101305223.mp3","time":"2018-07-17 10:49:54","freeTime":"","video":"","summ":"贸易战升级的风险于全球经济增长和股市繁荣是净负效应。尽管价值投资组合在后周期与利率提升环境中的处境相对良好，但贸易紧张局势加剧仍然是全球投资者的隐忧"},{"tags":[],"comm":{"tid":"101305204","aid":"100"},"cate":"100300002;100300201;101305204","desc":"尤瓦尔·赫拉利:30年后，你的孩子怎么拼过人工智能","form":null,"channelId":126,"nid":101305204,"link":"http://opinion.caixin.com/2018-07-17/101305204.html","edit":{"rank":"","desc":"","name":"文|尤瓦尔·赫拉利","link":"","head":""},"attr":5,"freeDuration":"0","type":1,"subDesc":"聚焦","channelDesc":"观点频道","pict":{"imgs":[{"url":"http://img.caixin.com/2018-07-17/1531796057246446_145_97.jpg","txt":""}],"num":1},"audioUrl":"http://audio.caixin.com/caixin/204/101305204.mp3","time":"2018-07-17 10:39:33","freeTime":"","video":"","summ":"现在孩子学的各种科目技能，绝大多数可能到了2050年再也没有用途"},{"tags":[],"comm":{"tid":"101305030","aid":"100"},"cate":"100300002;100000091;100324039;100480970;101305030","desc":"卢锋：反思产业政策 力推国内改革——产业政策、体制特征、中美争端（下）","form":null,"channelId":126,"nid":101305030,"link":"http://opinion.caixin.com/2018-07-17/101305030.html","edit":{"rank":"专栏作家 ","desc":"北京大学国家发展研究院教授","name":"卢锋","link":"http://opinion.caixin.com/lufeng_zssc/index.html","head":"http://www.caixin.com/upload/zhuanlan/100480970_48_48.jpg"},"attr":5,"freeDuration":"48","type":1,"subDesc":"卢锋","channelDesc":"观点频道","pict":null,"audioUrl":"http://audio.caixin.com/caixin/030/101305030.mp3","time":"2018-07-17 09:02:22","freeTime":"","video":"","summ":"虽然仍存在少数领域必要产业政策缺失或有待加强问题，然而比较突出偏颇应是产业政策实施范围过宽、成本过高和效率偏低、实施方法有待完善等方面问题"},{"tags":[],"comm":{"tid":"101304412","aid":"100"},"cate":"100300002;100300201;101304412","desc":"财政政策为谁积极？如何积极？","form":null,"channelId":126,"nid":101304412,"link":"http://opinion.caixin.com/2018-07-16/101304412.html","edit":{"rank":"","desc":"","name":"文｜青尺","link":"","head":""},"attr":5,"freeDuration":"0","type":1,"subDesc":"聚焦","channelDesc":"观点频道","pict":{"imgs":[{"url":"http://img.caixin.com/2018-04-23/1524479931315342_145_97.jpg","txt":""}],"num":1},"audioUrl":"http://audio.caixin.com/caixin/412/101304412.mp3","time":"2018-07-16 16:48:39","freeTime":"","video":"","summ":"能否将赤字规模与积极财政政策的力度简单等同起来，地方政府对于新增隐性债务是否应该继续兜底，财政政策与货币政策应当如何紧密配合、协调制定政策和确定力度"},{"tags":[],"comm":{"tid":"101304406","aid":"100"},"cate":"100300002;100000091;100324040;100868265;101304406","desc":"除了门当户对，婚姻市场还看好哪些家庭特征","form":null,"channelId":126,"nid":101304406,"link":"http://opinion.caixin.com/2018-07-16/101304406.html","edit":{"rank":"专栏作家 ","desc":"饶毅、鲁白、谢宇三位学者创办的移动新媒体平台","name":"知识分子","link":"http://opinion.caixin.com/zsfz_shwx/index.html","head":"http://www.caixin.com/upload/zhuanlan/100868265_48_48.jpg"},"attr":0,"freeDuration":"0","type":1,"subDesc":"知识分子","channelDesc":"观点频道","pict":null,"audioUrl":"http://audio.caixin.com/caixin/406/101304406.mp3","time":"2018-07-16 16:47:05","freeTime":"","video":"","summ":"对家庭结构和家庭关系的偏好存在于择偶过程之中，这些偏好一方面来自于对某些特点家庭属性群体的负面刻板印象，但更重要的是由于人们在择偶时对未来潜在照顾义务的担忧和排斥，从而做出更趋利的选择"}],"maxes":1000,"count":100,"start":900}