{"datas":[{"cate":"100300005;100300184;101346715","comm":{"aid":"100","tid":"101346715"},"edit":{"head":"","link":"","name":"记者 程思炜","rank":"","desc":""},"link":"http://economy.caixin.com/2018-11-14/101346715.html","nid":101346715,"subDesc":"要闻","video":"","type":0,"tags":[],"audioUrl":"http://audio.caixin.com/caixin/715/101346715.mp3","form":{"txt":"宏观数据","url":"http://economy.caixin.com/macro_economy/"},"summ":"稳增长措施逐渐落地，带动基建投资累计增速出现年内首次回升；房地产投资继续放缓，制造业投资持续回暖","freeDuration":"6","freeTime":"","channelDesc":"经济频道","time":"2018-11-14 10:57:28","attr":5,"channelId":129,"pict":{"imgs":[{"txt":"","url":"http://img.caixin.com/2018-11-14/1542164412303644_145_97.jpg"}],"num":1},"desc":"1-10月固定资产投资同比增长5.7% 基建投资增速年内首次回升(更新)"},{"cate":"100300005;100300184;101346566","comm":{"aid":"100","tid":"101346566"},"edit":{"head":"","link":"","name":"记者 张娱","rank":"","desc":""},"link":"http://economy.caixin.com/2018-11-13/101346566.html","nid":101346566,"subDesc":"要闻","video":"","type":0,"tags":[],"audioUrl":"http://audio.caixin.com/caixin/566/101346566.mp3","form":null,"summ":"中国低成本劳动力优势发生变化，对劳动密集型产业要处理好转型和转移的关系，尽量避免产业空洞化，尽可能形成与承接东道国之间上下有分工的体系","freeDuration":"0","freeTime":"","channelDesc":"经济频道","time":"2018-11-13 22:04:11","attr":5,"channelId":129,"pict":{"imgs":[{"txt":"","url":"http://img.caixin.com/2018-11-13/1542118278847152_145_97.jpg"}],"num":1},"desc":"隆国强：低端产业转移要避免产业空洞化"},{"cate":"100300005;101283975;101346436","comm":{"aid":"100","tid":"101346436"},"edit":{"head":"","link":"","name":"陈萌","rank":"","desc":""},"link":"http://economy.caixin.com/2018-11-13/101346436.html","nid":101346436,"subDesc":"要闻","video":"","type":0,"tags":[],"audioUrl":"http://audio.caixin.com/caixin/436/101346436.mp3","form":null,"summ":"","freeDuration":"0","freeTime":"","channelDesc":"经济频道","time":"2018-11-13 18:47:53","attr":0,"channelId":129,"pict":null,"desc":"财新数据|中国10月金融数据远逊预期"},{"cate":"100300005;100300184;101346397","comm":{"aid":"100","tid":"101346397"},"edit":{"head":"","link":"","name":"记者 程思炜","rank":"","desc":""},"link":"http://economy.caixin.com/2018-11-13/101346397.html","nid":101346397,"subDesc":"要闻","video":"","type":0,"tags":[],"audioUrl":"http://audio.caixin.com/caixin/397/101346397.mp3","form":null,"summ":"增值税、企业所得税、消费税等主要税种均同比下降，个税增速放缓13.8个百分点至7%，为去年5月以来最低","freeDuration":"6","freeTime":"","channelDesc":"经济频道","time":"2018-11-13 18:10:21","attr":5,"channelId":129,"pict":{"imgs":[{"txt":"","url":"http://img.caixin.com/2018-11-13/1542104012127379_145_97.jpg"}],"num":1},"desc":"10月财政收入年内首现负增长 个税增速大幅放缓"},{"cate":"100300005;101283975;101346381","comm":{"aid":"100","tid":"101346381"},"edit":{"head":"","link":"","name":"","rank":"","desc":""},"link":"http://economy.caixin.com/2018-11-13/101346381.html","nid":101346381,"subDesc":"要闻","video":"","type":0,"tags":[],"audioUrl":"http://audio.caixin.com/caixin/381/101346381.mp3","form":null,"summ":"","freeDuration":"0","freeTime":"","channelDesc":"经济频道","time":"2018-11-13 17:41:19","attr":0,"channelId":129,"pict":null,"desc":"财新数据|10月个税收入环比下降92亿 创年内新低"},{"cate":"100300005;101283975;101346376","comm":{"aid":"100","tid":"101346376"},"edit":{"head":"","link":"","name":"","rank":"","desc":""},"link":"http://economy.caixin.com/2018-11-13/101346376.html","nid":101346376,"subDesc":"要闻","video":"","type":0,"tags":[],"audioUrl":"http://audio.caixin.com/caixin/376/101346376.mp3","form":null,"summ":"","freeDuration":"0","freeTime":"","channelDesc":"经济频道","time":"2018-11-13 17:36:28","attr":0,"channelId":129,"pict":null,"desc":"财新数据|10月全国一般公共预算支出同比增长8.2%"},{"cate":"100300005;100300184;101346190","comm":{"aid":"100","tid":"101346190"},"edit":{"head":"","link":"","name":"记者 张娱","rank":"","desc":""},"link":"http://economy.caixin.com/2018-11-13/101346190.html","nid":101346190,"subDesc":"要闻","video":"","type":0,"tags":[],"audioUrl":"http://audio.caixin.com/caixin/190/101346190.mp3","form":null,"summ":"中国经济金融经过上一轮扩张期后，进入下行清算期，防范和化解金融风险是面向未来中国金融发展的前提性任务","freeDuration":"0","freeTime":"","channelDesc":"经济频道","time":"2018-11-13 14:40:10","attr":5,"channelId":129,"pict":{"imgs":[{"txt":"","url":"http://img.caixin.com/2018-11-13/1542091654663611_145_97.jpg"}],"num":1},"desc":"李扬：去杠杆是长期进程 需耗时十余年"},{"cate":"100300005;101283975;101346077","comm":{"aid":"100","tid":"101346077"},"edit":{"head":"","link":"","name":"","rank":"","desc":""},"link":"http://economy.caixin.com/2018-11-13/101346077.html","nid":101346077,"subDesc":"要闻","video":"","type":0,"tags":[],"audioUrl":"","form":null,"summ":"","freeDuration":"0","freeTime":"","channelDesc":"经济频道","time":"2018-11-13 11:54:20","attr":0,"channelId":129,"pict":null,"desc":"财新数据|10月全国快递服务业务收入同比增19.6%"},{"cate":"100300005;100300184;101346036","comm":{"aid":"100","tid":"101346036"},"edit":{"head":"","link":"","name":"记者 王力为 张娱","rank":"","desc":""},"link":"http://economy.caixin.com/2018-11-13/101346036.html","nid":101346036,"subDesc":"要闻","video":"","type":0,"tags":[],"audioUrl":"http://audio.caixin.com/caixin/036/101346036.mp3","form":null,"summ":"海外投资者觉得市场好坏都可以接受，因为存在周期性，但是当前政府很多的做法就是为了股价等某个目标，改变各种既定规则","freeDuration":"0","freeTime":"","channelDesc":"经济频道","time":"2018-11-13 11:04:30","attr":5,"channelId":129,"pict":{"imgs":[{"txt":"","url":"http://img.caixin.com/2018-11-13/1542078734691585_145_97.jpg"}],"num":1},"desc":"沈建光：随意改规则最打击投资者信心"},{"cate":"100300005;101283975;101345978","comm":{"aid":"100","tid":"101345978"},"edit":{"head":"","link":"","name":"","rank":"","desc":""},"link":"http://economy.caixin.com/2018-11-13/101345978.html","nid":101345978,"subDesc":"要闻","video":"","type":0,"tags":[],"audioUrl":"http://audio.caixin.com/caixin/978/101345978.mp3","form":null,"summ":"","freeDuration":"0","freeTime":"","channelDesc":"经济频道","time":"2018-11-13 09:29:08","attr":0,"channelId":129,"pict":null,"desc":"财新数据|前十月国内手机市场出货量同比下降15.3%"},{"cate":"100300005;100300184;101345743","comm":{"aid":"100","tid":"101345743"},"edit":{"head":"","link":"","name":"记者 程思炜","rank":"","desc":""},"link":"http://economy.caixin.com/2018-11-12/101345743.html","nid":101345743,"subDesc":"要闻","video":"","type":0,"tags":[],"audioUrl":"http://audio.caixin.com/caixin/743/101345743.mp3","form":null,"summ":"山东沂南县、河南新郑市分别通过政府购买服务、签订借款合同等方式违法违规举债；自2017年起已有13个省份和计划单列市问责处理辖区内违法违规举债问题","freeDuration":"6","freeTime":"","channelDesc":"经济频道","time":"2018-11-12 16:34:22","attr":5,"channelId":129,"pict":{"imgs":[{"txt":"","url":"http://img.caixin.com/2018-11-12/1542012168787114_145_97.jpg"}],"num":1},"desc":"山东、河南二度问责市县违法违规举债"},{"cate":"100300005;101283975;101345725","comm":{"aid":"100","tid":"101345725"},"edit":{"head":"","link":"","name":"","rank":"","desc":""},"link":"http://economy.caixin.com/2018-11-12/101345725.html","nid":101345725,"subDesc":"要闻","video":"","type":0,"tags":[],"audioUrl":"http://audio.caixin.com/caixin/725/101345725.mp3","form":null,"summ":"","freeDuration":"0","freeTime":"","channelDesc":"经济频道","time":"2018-11-12 16:21:14","attr":0,"channelId":129,"pict":null,"desc":"财新数据|10月奥迪在中国汽车销量占全球销量近半"},{"cate":"100300005;101283975;101345671","comm":{"aid":"100","tid":"101345671"},"edit":{"head":"","link":"","name":"","rank":"","desc":""},"link":"http://economy.caixin.com/2018-11-12/101345671.html","nid":101345671,"subDesc":"要闻","video":"","type":0,"tags":[],"audioUrl":"http://audio.caixin.com/caixin/671/101345671.mp3","form":null,"summ":"","freeDuration":"0","freeTime":"","channelDesc":"经济频道","time":"2018-11-12 14:18:26","attr":0,"channelId":129,"pict":null,"desc":"财新数据|阿里巴巴双11成交额增速创新低"},{"cate":"100300005;100300184;101345138","comm":{"aid":"100","tid":"101345138"},"edit":{"head":"","link":"","name":"记者 张立君 张榆","rank":"","desc":""},"link":"http://economy.caixin.com/2018-11-09/101345138.html","nid":101345138,"subDesc":"要闻","video":"","type":0,"tags":[],"audioUrl":"http://audio.caixin.com/caixin/138/101345138.mp3","form":null,"summ":"利用区块链技术，原本需要五到十天的信用证交易时间缩短到24小时","freeDuration":"0","freeTime":"","channelDesc":"经济频道","time":"2018-11-09 18:27:36","attr":5,"channelId":129,"pict":{"imgs":[{"txt":"","url":"http://img.caixin.com/2018-11-09/1541759555770642_145_97.jpg"}],"num":1},"desc":"汇丰银行：数字科技如何助力跨境贸易"},{"cate":"100300005;100300184;101345087","comm":{"aid":"100","tid":"101345087"},"edit":{"head":"","link":"","name":"记者 张榆","rank":"","desc":""},"link":"http://economy.caixin.com/2018-11-09/101345087.html","nid":101345087,"subDesc":"要闻","video":"","type":0,"tags":[],"audioUrl":"http://audio.caixin.com/caixin/087/101345087.mp3","form":null,"summ":"中国领导人很多次提到贸易开放的决心，但希望能够看到更快、切实的开放行动落地；会就关税问题与中国政府进一步谈判，希望能将农产品的关税降低至零","freeDuration":"0","freeTime":"","channelDesc":"经济频道","time":"2018-11-09 17:43:03","attr":5,"channelId":129,"pict":{"imgs":[{"txt":"","url":"http://img.caixin.com/2018-11-09/1541757691867910_145_97.jpg"}],"num":1},"desc":"加拿大大使：期待更明确的贸易开放时间表"},{"cate":"100300005;101283975;101345021","comm":{"aid":"100","tid":"101345021"},"edit":{"head":"","link":"","name":"","rank":"","desc":""},"link":"http://economy.caixin.com/2018-11-09/101345021.html","nid":101345021,"subDesc":"要闻","video":"","type":0,"tags":[],"audioUrl":"http://audio.caixin.com/caixin/021/101345021.mp3","form":null,"summ":"","freeDuration":"0","freeTime":"","channelDesc":"经济频道","time":"2018-11-09 16:26:45","attr":0,"channelId":129,"pict":null,"desc":"财新数据|中国商业银行不良贷款逼近两万亿元"},{"cate":"100300005;101283975;101344974","comm":{"aid":"100","tid":"101344974"},"edit":{"head":"","link":"","name":"","rank":"","desc":""},"link":"http://economy.caixin.com/2018-11-09/101344974.html","nid":101344974,"subDesc":"要闻","video":"","type":0,"tags":[],"audioUrl":"","form":null,"summ":"","freeDuration":"0","freeTime":"","channelDesc":"经济频道","time":"2018-11-09 15:31:56","attr":0,"channelId":129,"pict":null,"desc":"财新数据|中国10月乘用车销量下滑13% 连续四个月下降"},{"cate":"100300005;100300184;101344947","comm":{"aid":"100","tid":"101344947"},"edit":{"head":"","link":"","name":"记者 程思炜","rank":"","desc":""},"link":"http://economy.caixin.com/2018-11-09/101344947.html","nid":101344947,"subDesc":"要闻","video":"","type":0,"tags":[],"audioUrl":"http://audio.caixin.com/caixin/947/101344947.mp3","form":null,"summ":"国办发文要求“降低社保费率与征收体制改革同步实施”，研究者测算认为社保降费率空间在6-10个百分点，降低企业养老保险缴费率是重头","freeDuration":"0","freeTime":"","channelDesc":"经济频道","time":"2018-11-09 15:01:52","attr":5,"channelId":129,"pict":{"imgs":[{"txt":"","url":"http://img.caixin.com/2018-11-09/1541747152267271_145_97.jpg"}],"num":1},"desc":"社保缴费率有望明年1月1日起下调"},{"cate":"100300005;100300184;101344781","comm":{"aid":"100","tid":"101344781"},"edit":{"head":"","link":"","name":"记者 张娱","rank":"","desc":""},"link":"http://economy.caixin.com/2018-11-09/101344781.html","nid":101344781,"subDesc":"要闻","video":"","type":0,"tags":[],"audioUrl":"http://audio.caixin.com/caixin/781/101344781.mp3","form":null,"summ":"受秋菜、冬储菜集中上市，气温转凉后蛋鸡产能提高等影响，鲜菜、鸡蛋等价格回落，推动CPI环比回落；受去年同期高基数的影响，PPI同比涨幅回落","freeDuration":"6","freeTime":"","channelDesc":"经济频道","time":"2018-11-09 10:24:39","attr":5,"channelId":129,"pict":{"imgs":[{"txt":"","url":"http://img.caixin.com/2018-11-09/1541730862224034_145_97.jpg"}],"num":1},"desc":"10月CPI同比增长2.5% 与上月持平"},{"cate":"100300005;100300184;101344655","comm":{"aid":"100","tid":"101344655"},"edit":{"head":"","link":"","name":"驻香港记者 尉奕阳","rank":"","desc":""},"link":"http://economy.caixin.com/2018-11-08/101344655.html","nid":101344655,"subDesc":"要闻","video":"","type":0,"tags":[],"audioUrl":"http://audio.caixin.com/caixin/655/101344655.mp3","form":null,"summ":"世界银行认为，中国和当年加入WTO时体量已不同，作为全球经济的主要领导者之一，中国政府需要朝与他国互惠的方向前进，避免和消除冲突","freeDuration":"0","freeTime":"","channelDesc":"经济频道","time":"2018-11-08 21:01:36","attr":5,"channelId":129,"pict":{"imgs":[{"txt":"","url":"http://img.caixin.com/2017-05-25/1495682781732667_145_97.jpg"}],"num":1},"desc":"世行：中国经济政策不应受制于汇率“保7”"},{"cate":"100300005;100300184;101344641","comm":{"aid":"100","tid":"101344641"},"edit":{"head":"","link":"","name":"记者 张榆","rank":"","desc":""},"link":"http://economy.caixin.com/2018-11-08/101344641.html","nid":101344641,"subDesc":"要闻","video":"","type":0,"tags":[],"audioUrl":"http://audio.caixin.com/caixin/641/101344641.mp3","form":null,"summ":"选举结果不会改变中美贸易摩擦现状，但从市场角度而言，双方愿意继续谈判已是正面消息","freeDuration":"0","freeTime":"","channelDesc":"经济频道","time":"2018-11-08 19:59:22","attr":5,"channelId":129,"pict":{"imgs":[{"txt":"","url":"http://img.caixin.com/2018-08-18/1534553454861366_145_97.jpg"}],"num":1},"desc":"法巴资管：中期选举结果不会改变中美贸易摩擦现状"},{"cate":"100300005;101283975;101344469","comm":{"aid":"100","tid":"101344469"},"edit":{"head":"","link":"","name":"","rank":"","desc":""},"link":"http://economy.caixin.com/2018-11-08/101344469.html","nid":101344469,"subDesc":"要闻","video":"","type":0,"tags":[],"audioUrl":"http://audio.caixin.com/caixin/469/101344469.mp3","form":null,"summ":"","freeDuration":"0","freeTime":"","channelDesc":"经济频道","time":"2018-11-08 16:10:38","attr":0,"channelId":129,"pict":null,"desc":"财新数据|三季度知识产权使用费逆差收窄至70亿美元"},{"cate":"100300005;100300184;101344400","comm":{"aid":"100","tid":"101344400"},"edit":{"head":"","link":"","name":"记者 张而弛","rank":"","desc":""},"link":"http://economy.caixin.com/2018-11-08/101344400.html","nid":101344400,"subDesc":"要闻","video":"<script src=\"http://player.caixin.com/player_tide/js/tidePlayer.cx.js\"><\/script><script>new tidePlayer({width:\"100%\",height:\"100%\", json:\"http://player.caixin.com/v/g/x/2018/11/8/1541647999541.json\",adshowtype:2,channel:\"3432,3434\"});<\/script>","type":0,"tags":[],"audioUrl":"","form":null,"summ":"国际金融危机爆发以来，中国的开放格局和基础条件发生了深刻变化。随着贸易保护主义等思潮抬头，国内劳动力和经济要素成本上升，过去的开放路子已不适应，必须与时俱进地改革和调整","freeDuration":"0","freeTime":"","channelDesc":"经济频道","time":"2018-11-08 13:40:20","attr":5,"channelId":129,"pict":{"imgs":[{"txt":"","url":"http://img.caixin.com/2018-11-08/1541656738335296_145_97.jpg"}],"num":1},"desc":"黄奇帆：中国对外开放呈现新特征 增加进口直面竞争"},{"cate":"100300005;101283975;101344396","comm":{"aid":"100","tid":"101344396"},"edit":{"head":"","link":"","name":"","rank":"","desc":""},"link":"http://economy.caixin.com/2018-11-08/101344396.html","nid":101344396,"subDesc":"要闻","video":"","type":0,"tags":[],"audioUrl":"http://audio.caixin.com/caixin/396/101344396.mp3","form":null,"summ":"","freeDuration":"0","freeTime":"","channelDesc":"经济频道","time":"2018-11-08 13:39:54","attr":0,"channelId":129,"pict":null,"desc":"财新数据|10月对美贸易顺差收窄至317.8亿美元"},{"cate":"100300005;100300184;101344376","comm":{"aid":"100","tid":"101344376"},"edit":{"head":"","link":"","name":"记者 张娱","rank":"","desc":""},"link":"http://economy.caixin.com/2018-11-08/101344376.html","nid":101344376,"subDesc":"要闻","video":"","type":0,"tags":[],"audioUrl":"http://audio.caixin.com/caixin/376/101344376.mp3","form":null,"summ":"出口表现超出预期，中国对美国贸易顺差317.8亿美元，较上月收窄23.5亿美元，为历史第二高位","freeDuration":"6","freeTime":"","channelDesc":"经济频道","time":"2018-11-08 12:42:13","attr":5,"channelId":129,"pict":{"imgs":[{"txt":"","url":"http://img.caixin.com/2018-11-08/1541652544864548_145_97.jpg"}],"num":1},"desc":"10月出口同比增长15.6% 对美顺差仍居高位"},{"cate":"100300005;100300184;101344353","comm":{"aid":"100","tid":"101344353"},"edit":{"head":"","link":"","name":"记者 李增新","rank":"","desc":""},"link":"http://economy.caixin.com/2018-11-08/101344353.html","nid":101344353,"subDesc":"要闻","video":"","type":0,"tags":[],"audioUrl":"http://audio.caixin.com/caixin/353/101344353.mp3","form":null,"summ":"对外经贸大学教授武雅斌预计，到2035年中国进口需求达3.5万亿美元，机电、化石能源和燃料、化工产品等需求最大","freeDuration":"0","freeTime":"","channelDesc":"经济频道","time":"2018-11-08 12:08:29","attr":5,"channelId":129,"pict":{"imgs":[{"txt":"","url":"http://img.caixin.com/2018-11-08/1541650463759443_145_97.jpg"}],"num":1},"desc":"学者：中国进口需求将在15年内翻番"},{"cate":"100300005;101283975;101344323","comm":{"aid":"100","tid":"101344323"},"edit":{"head":"","link":"","name":"","rank":"","desc":""},"link":"http://economy.caixin.com/2018-11-08/101344323.html","nid":101344323,"subDesc":"要闻","video":"","type":0,"tags":[],"audioUrl":"http://audio.caixin.com/caixin/323/101344323.mp3","form":null,"summ":"","freeDuration":"0","freeTime":"","channelDesc":"经济频道","time":"2018-11-08 11:46:04","attr":0,"channelId":129,"pict":null,"desc":"财新数据|中国10月进出口增速双双反弹"},{"cate":"100300005;101283975;101344306","comm":{"aid":"100","tid":"101344306"},"edit":{"head":"","link":"","name":"","rank":"","desc":""},"link":"http://economy.caixin.com/2018-11-08/101344306.html","nid":101344306,"subDesc":"要闻","video":"","type":0,"tags":[],"audioUrl":"http://audio.caixin.com/caixin/306/101344306.mp3","form":null,"summ":"","freeDuration":"0","freeTime":"","channelDesc":"经济频道","time":"2018-11-08 11:32:27","attr":0,"channelId":129,"pict":null,"desc":"财新数据|中国个人住房贷款三年暴涨12.5万亿"},{"cate":"100300005;101283975;101344189","comm":{"aid":"100","tid":"101344189"},"edit":{"head":"","link":"","name":"","rank":"","desc":""},"link":"http://economy.caixin.com/2018-11-08/101344189.html","nid":101344189,"subDesc":"要闻","video":"","type":0,"tags":[],"audioUrl":"http://audio.caixin.com/caixin/189/101344189.mp3","form":null,"summ":"","freeDuration":"0","freeTime":"","channelDesc":"经济频道","time":"2018-11-08 08:52:17","attr":0,"channelId":129,"pict":null,"desc":"财新数据|上汽集团10月汽车销量同比下滑8.4%"},{"cate":"100300005;100300184;101344145","comm":{"aid":"100","tid":"101344145"},"edit":{"head":"","link":"","name":"记者 李增新","rank":"","desc":""},"link":"http://economy.caixin.com/2018-11-07/101344145.html","nid":101344145,"subDesc":"要闻","video":"","type":0,"tags":[],"audioUrl":"http://audio.caixin.com/caixin/145/101344145.mp3","form":null,"summ":"开放格局的新特征体现在对外投资、增加进口、内陆沿海协同、服务贸易发展及国际规则制定等方面","freeDuration":"0","freeTime":"","channelDesc":"经济频道","time":"2018-11-07 22:43:09","attr":5,"channelId":129,"pict":{"imgs":[{"txt":"","url":"http://img.caixin.com/2018-11-07/1541602014676161_145_97.jpg"}],"num":1},"desc":"黄奇帆：中国对外开放重进口和对外投资"},{"cate":"100300005;100300184;101344012","comm":{"aid":"100","tid":"101344012"},"edit":{"head":"","link":"","name":"驻香港记者 尉奕阳","rank":"","desc":""},"link":"http://economy.caixin.com/2018-11-07/101344012.html","nid":101344012,"subDesc":"要闻","video":"","type":0,"tags":[],"audioUrl":"http://audio.caixin.com/caixin/012/101344012.mp3","form":null,"summ":"王一表示，中小企业近期发展的确较为困难，国家虽然在态度层面明确支持中小企发展，市场仍在观望政府会采取哪些具体措施","freeDuration":"0","freeTime":"","channelDesc":"经济频道","time":"2018-11-07 18:13:37","attr":5,"channelId":129,"pict":{"imgs":[{"txt":"","url":"http://img.caixin.com/2018-11-07/1541588424943283_145_97.jpg"}],"num":1},"desc":"瑞信首席经济师：中国须改善金融资源分配效率"},{"cate":"100300005;101283975;101344002","comm":{"aid":"100","tid":"101344002"},"edit":{"head":"","link":"","name":"","rank":"","desc":""},"link":"http://economy.caixin.com/2018-11-07/101344002.html","nid":101344002,"subDesc":"要闻","video":"","type":0,"tags":[],"audioUrl":"http://audio.caixin.com/caixin/002/101344002.mp3","form":null,"summ":"","freeDuration":"0","freeTime":"","channelDesc":"经济频道","time":"2018-11-07 18:07:55","attr":0,"channelId":129,"pict":null,"desc":"财新数据|中国10月外储环比减少339亿美元"},{"cate":"100300005;100300184;101343842","comm":{"aid":"100","tid":"101343842"},"edit":{"head":"","link":"","name":"记者 冷澄","rank":"","desc":""},"link":"http://economy.caixin.com/2018-11-07/101343842.html","nid":101343842,"subDesc":"要闻","video":"","type":0,"tags":[],"audioUrl":"http://audio.caixin.com/caixin/842/101343842.mp3","form":null,"summ":"目前英国对中国出口的服务贸易仅占出口总额两成。 为打破服务类贸易壁垒，中国如何在监管环境和法律基础上提高政策确定性，仍是国外投资人的关注焦点","freeDuration":"0","freeTime":"","channelDesc":"经济频道","time":"2018-11-07 14:11:24","attr":5,"channelId":129,"pict":{"imgs":[{"txt":"","url":"http://img.caixin.com/2018-11-07/1541571220963434_145_97.jpg"}],"num":1},"desc":"英国国际贸易大臣：期待中国明确改革时间表 提高政策确定性"},{"cate":"100300005;101283975;101343801","comm":{"aid":"100","tid":"101343801"},"edit":{"head":"","link":"","name":"","rank":"","desc":""},"link":"http://economy.caixin.com/2018-11-07/101343801.html","nid":101343801,"subDesc":"要闻","video":"","type":0,"tags":[],"audioUrl":"http://audio.caixin.com/caixin/801/101343801.mp3","form":null,"summ":"","freeDuration":"0","freeTime":"","channelDesc":"经济频道","time":"2018-11-07 11:26:39","attr":0,"channelId":129,"pict":null,"desc":"财新数据|10月万科售房均价反弹至1.6万/平米"},{"cate":"100300005;101283975;101343766","comm":{"aid":"100","tid":"101343766"},"edit":{"head":"","link":"","name":"","rank":"","desc":""},"link":"http://economy.caixin.com/2018-11-07/101343766.html","nid":101343766,"subDesc":"要闻","video":"","type":0,"tags":[],"audioUrl":"http://audio.caixin.com/caixin/766/101343766.mp3","form":null,"summ":"","freeDuration":"0","freeTime":"","channelDesc":"经济频道","time":"2018-11-07 10:07:48","attr":0,"channelId":129,"pict":null,"desc":"财新数据|比亚迪新能源汽车销量占比连续四个月超50%"},{"cate":"100300005;101283975;101343410","comm":{"aid":"100","tid":"101343410"},"edit":{"head":"","link":"","name":"","rank":"","desc":""},"link":"http://economy.caixin.com/2018-11-06/101343410.html","nid":101343410,"subDesc":"要闻","video":"","type":0,"tags":[],"audioUrl":"http://audio.caixin.com/caixin/410/101343410.mp3","form":null,"summ":"","freeDuration":"0","freeTime":"","channelDesc":"经济频道","time":"2018-11-06 15:35:02","attr":0,"channelId":129,"pict":null,"desc":"财新数据|伊利股份三季度净利润同比增长1.9%"},{"cate":"100300005;101283975;101343295","comm":{"aid":"100","tid":"101343295"},"edit":{"head":"","link":"","name":"","rank":"","desc":""},"link":"http://economy.caixin.com/2018-11-06/101343295.html","nid":101343295,"subDesc":"要闻","video":"","type":0,"tags":[],"audioUrl":"http://audio.caixin.com/caixin/295/101343295.mp3","form":null,"summ":"","freeDuration":"0","freeTime":"","channelDesc":"经济频道","time":"2018-11-06 11:17:30","attr":0,"channelId":129,"pict":null,"desc":"财新数据|恒大前十月销售额增幅19% 超万科、碧桂园"},{"cate":"100300005;100300184;101343055","comm":{"aid":"100","tid":"101343055"},"edit":{"head":"","link":"","name":"记者 张而弛","rank":"","desc":""},"link":"http://economy.caixin.com/2018-11-05/101343055.html","nid":101343055,"subDesc":"要闻","video":"","type":0,"tags":[],"audioUrl":"http://audio.caixin.com/caixin/055/101343055.mp3","form":null,"summ":"国际货币基金组织总裁拉加德在进博会中表示，中国正在建三座桥梁，一是改革开放，二是经济再平衡，三是国际合作，希望中国可以坚持下去","freeDuration":"0","freeTime":"","channelDesc":"经济频道","time":"2018-11-05 19:18:19","attr":5,"channelId":129,"pict":{"imgs":[{"txt":"","url":"http://img.caixin.com/2018-11-05/1541417017071091_145_97.jpg"}],"num":1},"desc":"拉加德：中国应继续改革开放 释放私营经济活力"},{"cate":"100300005;101283975;101342942","comm":{"aid":"100","tid":"101342942"},"edit":{"head":"","link":"","name":"","rank":"","desc":""},"link":"http://economy.caixin.com/2018-11-05/101342942.html","nid":101342942,"subDesc":"要闻","video":"","type":0,"tags":[],"audioUrl":"http://audio.caixin.com/caixin/942/101342942.mp3","form":null,"summ":"","freeDuration":"0","freeTime":"","channelDesc":"经济频道","time":"2018-11-05 16:46:09","attr":0,"channelId":129,"pict":null,"desc":"财新数据|巴菲特苹果持仓升至576亿美元"},{"cate":"100300005;101283975;101342888","comm":{"aid":"100","tid":"101342888"},"edit":{"head":"","link":"","name":"","rank":"","desc":""},"link":"http://economy.caixin.com/2018-11-05/101342888.html","nid":101342888,"subDesc":"要闻","video":"","type":0,"tags":[],"audioUrl":"","form":null,"summ":"","freeDuration":"0","freeTime":"","channelDesc":"经济频道","time":"2018-11-05 15:49:56","attr":0,"channelId":129,"pict":null,"desc":"财新数据|广交会出口成交额近600亿美元 同比微降"},{"cate":"100300005;100300184;101342674","comm":{"aid":"100","tid":"101342674"},"edit":{"head":"","link":"","name":"记者 于海荣","rank":"","desc":""},"link":"http://economy.caixin.com/2018-11-05/101342674.html","nid":101342674,"subDesc":"要闻","video":"","type":0,"tags":[],"audioUrl":"http://audio.caixin.com/caixin/674/101342674.mp3","form":null,"summ":"经济景气度明显放缓，企业信心下降，经济下行压力逐渐显现；基建补短板将托底经济；减税、稳定民营企业信心等需要实实在在的行动","freeDuration":"0","freeTime":"","channelDesc":"经济频道","time":"2018-11-05 09:45:00","attr":5,"channelId":129,"pict":null,"desc":"财新PMI分析|经济活动明显放缓 稳民企需要实际行动"},{"cate":"100300005;100300184;101342708","comm":{"aid":"100","tid":"101342708"},"edit":{"head":"","link":"","name":"记者 张娱","rank":"","desc":""},"link":"http://economy.caixin.com/2018-11-05/101342708.html","nid":101342708,"subDesc":"要闻","video":"","type":0,"tags":[],"audioUrl":"http://audio.caixin.com/caixin/678/101342678.mp3","form":null,"summ":"10月财新中国综合PMI降至28个月新低，总需求下滑，物价上行压力不减，企业家信心继续走弱，经济下行压力明显增大","freeDuration":"0","freeTime":"","channelDesc":"经济频道","time":"2018-11-05 09:45:00","attr":0,"channelId":129,"pict":{"imgs":[{"txt":"","url":"http://img.caixin.com/2018-11-05/1541384625572554_145_97.jpg"}],"num":1},"desc":"10月财新中国服务业PMI降至50.8 创13个月新低"},{"cate":"100300005;100300184;101342636","comm":{"aid":"100","tid":"101342636"},"edit":{"head":"","link":"","name":"记者 王婧","rank":"","desc":""},"link":"http://economy.caixin.com/2018-11-05/101342636.html","nid":101342636,"subDesc":"要闻","video":"","type":0,"tags":[],"audioUrl":"http://audio.caixin.com/caixin/636/101342636.mp3","form":{"txt":"贸易投资","url":"http://economy.caixin.com/trade_investment/"},"summ":"来自主要发达经济体和传统市场的采购商数量微降，但发展中国家和新兴市场采购商数量上升","freeDuration":"0","freeTime":"","channelDesc":"经济频道","time":"2018-11-05 07:08:25","attr":5,"channelId":129,"pict":{"imgs":[{"txt":"","url":"http://img.caixin.com/2018-11-05/1541375124524031_145_97.jpg"}],"num":1},"desc":"广交会对美出口订单金额锐减三成"},{"cate":"100300005;101283975;101342033","comm":{"aid":"100","tid":"101342033"},"edit":{"head":"","link":"","name":"","rank":"","desc":""},"link":"http://economy.caixin.com/2018-11-02/101342033.html","nid":101342033,"subDesc":"要闻","video":"","type":0,"tags":[],"audioUrl":"http://audio.caixin.com/caixin/033/101342033.mp3","form":null,"summ":"","freeDuration":"0","freeTime":"","channelDesc":"经济频道","time":"2018-11-02 15:33:05","attr":0,"channelId":129,"pict":null,"desc":"财新数据|北上资金11月两交易日净流入267亿元"},{"cate":"100300005;101283975;101341876","comm":{"aid":"100","tid":"101341876"},"edit":{"head":"","link":"","name":"","rank":"","desc":""},"link":"http://economy.caixin.com/2018-11-02/101341876.html","nid":101341876,"subDesc":"要闻","video":"","type":0,"tags":[],"audioUrl":"http://audio.caixin.com/caixin/876/101341876.mp3","form":null,"summ":"","freeDuration":"0","freeTime":"","channelDesc":"经济频道","time":"2018-11-02 11:03:49","attr":0,"channelId":129,"pict":null,"desc":"财新数据|零售销售增速降至个位数"},{"cate":"100300005;100300184;101341868","comm":{"aid":"100","tid":"101341868"},"edit":{"head":"","link":"","name":"记者 程思炜","rank":"","desc":""},"link":"http://economy.caixin.com/2018-11-02/101341868.html","nid":101341868,"subDesc":"要闻","video":"","type":0,"tags":[],"audioUrl":"http://audio.caixin.com/caixin/868/101341868.mp3","form":null,"summ":"未来减税降费政策的制定和实施，或将更多考虑征管因素的变化，给企业留出适应调整期，严征管与降税率、降费率需要同时推进","freeDuration":"0","freeTime":"","channelDesc":"经济频道","time":"2018-11-02 10:49:44","attr":5,"channelId":129,"pict":{"imgs":[{"txt":"","url":"http://img.caixin.com/2018-11-02/1541127414615645_145_97.jpg"}],"num":1},"desc":"稳定民企信心 如何实质性减税？"},{"cate":"100300005;101283975;101341551","comm":{"aid":"100","tid":"101341551"},"edit":{"head":"","link":"","name":"","rank":"","desc":""},"link":"http://economy.caixin.com/2018-11-01/101341551.html","nid":101341551,"subDesc":"要闻","video":"","type":0,"tags":[],"audioUrl":"http://audio.caixin.com/caixin/551/101341551.mp3","form":null,"summ":"","freeDuration":"0","freeTime":"","channelDesc":"经济频道","time":"2018-11-01 16:32:00","attr":0,"channelId":129,"pict":null,"desc":"财新数据|北上资金净流入87亿元 创深股通开通以来新高"},{"cate":"100300005;101283975;101341430","comm":{"aid":"100","tid":"101341430"},"edit":{"head":"","link":"","name":"","rank":"","desc":""},"link":"http://economy.caixin.com/2018-11-01/101341430.html","nid":101341430,"subDesc":"要闻","video":"","type":0,"tags":[],"audioUrl":"http://audio.caixin.com/caixin/430/101341430.mp3","form":null,"summ":"","freeDuration":"0","freeTime":"","channelDesc":"经济频道","time":"2018-11-01 14:21:52","attr":0,"channelId":129,"pict":null,"desc":"财新数据|前九月证券交易印花税881亿元 同比下降6.5%"},{"cate":"100300005;100300184;101341387","comm":{"aid":"100","tid":"101341387"},"edit":{"head":"","link":"","name":"记者 于海荣 程思炜","rank":"","desc":""},"link":"http://economy.caixin.com/2018-11-01/101341387.html","nid":101341387,"subDesc":"要闻","video":"","type":0,"tags":[],"audioUrl":"http://audio.caixin.com/caixin/387/101341387.mp3","form":null,"summ":"对经济下行的担忧增加，政策以我为主，再次强调稳定民企信心，四季度重在推动前期政策尽快落实，基建投资债务约束或有松动，力度尚需观察","freeDuration":"0","freeTime":"","channelDesc":"经济频道","time":"2018-11-01 12:55:02","attr":5,"channelId":129,"pict":{"imgs":[{"txt":"","url":"http://img.caixin.com/2018-11-01/1541050488762585_145_97.jpg"}],"num":1},"desc":"解读政治局会议：下行压力加大 四季度重在政策落实"},{"cate":"100300005;100300184;101341296","comm":{"aid":"100","tid":"101341296"},"edit":{"head":"","link":"","name":"记者 于海荣","rank":"","desc":""},"link":"http://economy.caixin.com/2018-11-01/101341296.html","nid":101341296,"subDesc":"要闻","video":"","type":0,"tags":[],"audioUrl":"http://audio.caixin.com/caixin/272/101341272.mp3","form":null,"summ":"制造业景气度在扩张区间底部企稳，企业信心下降，经济下行压力逐渐显现，基建补短板将托底经济，减税、稳定民营企业信心等需要实实在在的行动","freeDuration":"0","freeTime":"","channelDesc":"经济频道","time":"2018-11-01 09:45:00","attr":5,"channelId":129,"pict":{"imgs":[{"txt":"","url":"http://img.caixin.com/2018-11-01/1541035476353126_145_97.jpg"}],"num":1},"desc":"财新PMI分析|制造业微幅扩张 下行压力渐显"},{"cate":"100300005;100300184;101341294","comm":{"aid":"100","tid":"101341294"},"edit":{"head":"","link":"","name":"记者 张娱","rank":"","desc":""},"link":"http://economy.caixin.com/2018-11-01/101341294.html","nid":101341294,"subDesc":"要闻","video":"","type":0,"tags":[],"audioUrl":"http://audio.caixin.com/caixin/263/101341263.mp3","form":null,"summ":"制造业需求有所企稳，产出指数连续两个月明显下滑，企业经营预期继续走低，成本上涨压力不减，经济未现明显起色","freeDuration":"0","freeTime":"","channelDesc":"经济频道","time":"2018-11-01 09:45:00","attr":0,"channelId":129,"pict":{"imgs":[{"txt":"","url":"http://img.caixin.com/2018-11-01/1541035476353126_145_97.jpg"}],"num":1},"desc":"10月财新中国制造业PMI录得50.1 微升0.1个百分点"},{"cate":"100300005;101283975;101341001","comm":{"aid":"100","tid":"101341001"},"edit":{"head":"","link":"","name":"","rank":"","desc":""},"link":"http://economy.caixin.com/2018-10-31/101341001.html","nid":101341001,"subDesc":"要闻","video":"","type":0,"tags":[],"audioUrl":"http://audio.caixin.com/caixin/001/101341001.mp3","form":null,"summ":"","freeDuration":"0","freeTime":"","channelDesc":"经济频道","time":"2018-10-31 14:22:25","attr":0,"channelId":129,"pict":null,"desc":"财新数据|FANG四大科技公司总市值回到年初水平"},{"cate":"100300005;100300184;101340856","comm":{"aid":"100","tid":"101340856"},"edit":{"head":"","link":"","name":"记者 程思炜","rank":"","desc":""},"link":"http://economy.caixin.com/2018-10-31/101340856.html","nid":101340856,"subDesc":"要闻","video":"","type":0,"tags":[],"audioUrl":"http://audio.caixin.com/caixin/856/101340856.mp3","form":null,"summ":"受国庆假期和外部不确定因素影响，制造业产需回落，新出口订单指数继续下滑，综合PMI产出指数仅高于春节所在的2月","freeDuration":"6","freeTime":"","channelDesc":"经济频道","time":"2018-10-31 09:55:33","attr":5,"channelId":129,"pict":{"imgs":[{"txt":"","url":"http://img.caixin.com/2018-10-19/1539930511264087_145_97.jpg"}],"num":1},"desc":"10月统计局制造业PMI录得50.2  为2016年8月以来最低"},{"cate":"100300005;100300184;101340647","comm":{"aid":"100","tid":"101340647"},"edit":{"head":"","link":"","name":"记者 王婧","rank":"","desc":""},"link":"http://economy.caixin.com/2018-10-30/101340647.html","nid":101340647,"subDesc":"要闻","video":"","type":0,"tags":[],"audioUrl":"http://audio.caixin.com/caixin/647/101340647.mp3","form":{"txt":"贸易投资","url":"http://economy.caixin.com/trade_investment/"},"summ":"会长哈利·赛亚丁认为，中国企业可能长期失去进入美国市场的机会，这也可能导致美国企业被拒中国市场门外，令美国企业痛失这个比美国市场大5倍的市场","freeDuration":"0","freeTime":"","channelDesc":"经济频道","time":"2018-10-30 16:43:47","attr":5,"channelId":129,"pict":{"imgs":[{"txt":"","url":"http://img.caixin.com/2018-10-30/1540889522402091_145_97.jpg"}],"num":1},"desc":"华南美国商会：中美企业正在丢失国际市场份额"},{"cate":"100300005;100300184;101340545","comm":{"aid":"100","tid":"101340545"},"edit":{"head":"","link":"","name":"记者 程思炜","rank":"","desc":""},"link":"http://economy.caixin.com/2018-10-30/101340545.html","nid":101340545,"subDesc":"要闻","video":"","type":0,"tags":[],"audioUrl":"http://audio.caixin.com/caixin/545/101340545.mp3","form":null,"summ":"目前企业社保名义缴费率和实际缴费率相差甚远，如果社保征管趋严的同时，不降低名义缴费率可能对企业尤其是中小型、劳动密集型、民营企业带来较大冲击","freeDuration":"0","freeTime":"","channelDesc":"经济频道","time":"2018-10-30 15:29:20","attr":5,"channelId":129,"pict":{"imgs":[{"txt":"","url":"http://img.caixin.com/2018-10-30/1540885320547630_145_97.jpg"}],"num":1},"desc":"学者：社保名义缴费率应降至实际缴费率水平"},{"cate":"100300005;101283975;101340521","comm":{"aid":"100","tid":"101340521"},"edit":{"head":"","link":"","name":"","rank":"","desc":""},"link":"http://economy.caixin.com/2018-10-30/101340521.html","nid":101340521,"subDesc":"要闻","video":"","type":0,"tags":[],"audioUrl":"http://audio.caixin.com/caixin/521/101340521.mp3","form":null,"summ":"","freeDuration":"0","freeTime":"","channelDesc":"经济频道","time":"2018-10-30 14:45:22","attr":0,"channelId":129,"pict":null,"desc":"财新数据|9月境外机构增持人民币债券302亿元 增速放缓"},{"cate":"100300005;101283975;101340377","comm":{"aid":"100","tid":"101340377"},"edit":{"head":"","link":"","name":"","rank":"","desc":""},"link":"http://economy.caixin.com/2018-10-30/101340377.html","nid":101340377,"subDesc":"要闻","video":"","type":0,"tags":[],"audioUrl":"http://audio.caixin.com/caixin/377/101340377.mp3","form":null,"summ":"","freeDuration":"0","freeTime":"","channelDesc":"经济频道","time":"2018-10-30 10:15:29","attr":0,"channelId":129,"pict":null,"desc":"财新数据|中国移动宽带用户总数达1.47亿户 超越电信排第一"},{"cate":"100300005;100300184;101340371","comm":{"aid":"100","tid":"101340371"},"edit":{"head":"","link":"","name":"记者 张娱","rank":"","desc":""},"link":"http://economy.caixin.com/2018-10-30/101340371.html","nid":101340371,"subDesc":"要闻","video":"","type":0,"tags":[],"audioUrl":"http://audio.caixin.com/caixin/371/101340371.mp3","form":null,"summ":"美国外资审查与出口管制的关联性增强，审查范围已经不局限于收购目标企业可能带来的风险或者威胁，而是扩展至维护美国的竞争优势领域，中国企业将受到较大影响","freeDuration":"0","freeTime":"","channelDesc":"经济频道","time":"2018-10-30 09:45:15","attr":5,"channelId":129,"pict":{"imgs":[{"txt":"","url":"http://img.caixin.com/2018-10-30/1540865628082737_145_97.jpg"}],"num":1},"desc":"富而德律所：CFIUS扩大审查范围  中国企业临大考"},{"cate":"100300005;101283975;101340143","comm":{"aid":"100","tid":"101340143"},"edit":{"head":"","link":"","name":"","rank":"","desc":""},"link":"http://economy.caixin.com/2018-10-29/101340143.html","nid":101340143,"subDesc":"要闻","video":"","type":0,"tags":[],"audioUrl":"http://audio.caixin.com/caixin/143/101340143.mp3","form":null,"summ":"","freeDuration":"0","freeTime":"","channelDesc":"经济频道","time":"2018-10-29 17:31:04","attr":0,"channelId":129,"pict":null,"desc":"财新数据|在岸人民币创近十年半新低"},{"cate":"100300005;100300184;101340054","comm":{"aid":"100","tid":"101340054"},"edit":{"head":"","link":"","name":"记者 程思炜","rank":"","desc":""},"link":"http://economy.caixin.com/2018-10-29/101340054.html","nid":101340054,"subDesc":"要闻","video":"","type":0,"tags":[],"audioUrl":"http://audio.caixin.com/caixin/054/101340054.mp3","form":null,"summ":"尤其对合规的PPP项目是否构成地方政府隐性债务，分歧较大；采用名股实债、承诺固定支出等方式、超出年度预算支出10% 的限额、SPV公司承诺注资但没有注资的假大空项目，应认定为隐性债务","freeDuration":"0","freeTime":"","channelDesc":"经济频道","time":"2018-10-29 14:45:03","attr":5,"channelId":129,"pict":{"imgs":[{"txt":"","url":"http://img.caixin.com/2018-10-29/1540795661004510_145_97.jpg"}],"num":1},"desc":"PPP是否构成隐性债务？业内争议大"},{"cate":"100300005;101283975;101340022","comm":{"aid":"100","tid":"101340022"},"edit":{"head":"","link":"","name":"","rank":"","desc":""},"link":"http://economy.caixin.com/2018-10-29/101340022.html","nid":101340022,"subDesc":"要闻","video":"","type":0,"tags":[],"audioUrl":"http://audio.caixin.com/caixin/022/101340022.mp3","form":null,"summ":"","freeDuration":"0","freeTime":"","channelDesc":"经济频道","time":"2018-10-29 12:06:04","attr":0,"channelId":129,"pict":null,"desc":"财新数据|贵州茅台三季度净利润增速降至2.7% 股价跌停"},{"cate":"100300005;101283975;101339698","comm":{"aid":"100","tid":"101339698"},"edit":{"head":"","link":"","name":"","rank":"","desc":""},"link":"http://economy.caixin.com/2018-10-27/101339698.html","nid":101339698,"subDesc":"要闻","video":"","type":0,"tags":[],"audioUrl":"http://audio.caixin.com/caixin/698/101339698.mp3","form":null,"summ":"","freeDuration":"0","freeTime":"","channelDesc":"经济频道","time":"2018-10-27 11:21:05","attr":0,"channelId":129,"pict":null,"desc":"财新数据|中国9月规模以上工业企业利润增速降至4.1%"},{"cate":"100300005;100300184;101339689","comm":{"aid":"100","tid":"101339689"},"edit":{"head":"","link":"","name":"记者 张娱","rank":"","desc":""},"link":"http://economy.caixin.com/2018-10-27/101339689.html","nid":101339689,"subDesc":"要闻","video":"","type":0,"tags":[],"audioUrl":"http://audio.caixin.com/caixin/689/101339689.mp3","form":null,"summ":"主要受工业产销增速放缓、价格涨幅回落、上年利润基数偏高影响；利润仍集中在上游行业和国有企业","freeDuration":"6","freeTime":"","channelDesc":"经济频道","time":"2018-10-27 10:26:25","attr":5,"channelId":129,"pict":{"imgs":[{"txt":"","url":"http://img.caixin.com/2018-10-27/1540610473645758_145_97.jpg"}],"num":1},"desc":"9月工业企业利润增速降至4.1%  为二季度以来最低"},{"cate":"100300005;101283975;101339464","comm":{"aid":"100","tid":"101339464"},"edit":{"head":"","link":"","name":"","rank":"","desc":""},"link":"http://economy.caixin.com/2018-10-26/101339464.html","nid":101339464,"subDesc":"要闻","video":"","type":0,"tags":[],"audioUrl":"http://audio.caixin.com/caixin/464/101339464.mp3","form":null,"summ":"","freeDuration":"0","freeTime":"","channelDesc":"经济频道","time":"2018-10-26 17:12:41","attr":0,"channelId":129,"pict":null,"desc":"财新数据|小微企业贷款增速连续四个季度下滑"},{"cate":"100300005;101283975;101339320","comm":{"aid":"100","tid":"101339320"},"edit":{"head":"","link":"","name":"","rank":"","desc":""},"link":"http://economy.caixin.com/2018-10-26/101339320.html","nid":101339320,"subDesc":"要闻","video":"","type":0,"tags":[],"audioUrl":"http://audio.caixin.com/caixin/320/101339320.mp3","form":null,"summ":"","freeDuration":"0","freeTime":"","channelDesc":"经济频道","time":"2018-10-26 15:25:41","attr":0,"channelId":129,"pict":null,"desc":"财新数据|前三季度全社会物流总额同比增长6.7%"},{"cate":"100300005;101283975;101339315","comm":{"aid":"100","tid":"101339315"},"edit":{"head":"","link":"","name":"","rank":"","desc":""},"link":"http://economy.caixin.com/2018-10-26/101339315.html","nid":101339315,"subDesc":"要闻","video":"","type":0,"tags":[],"audioUrl":"http://audio.caixin.com/caixin/315/101339315.mp3","form":null,"summ":"","freeDuration":"0","freeTime":"","channelDesc":"经济频道","time":"2018-10-26 15:22:13","attr":0,"channelId":129,"pict":null,"desc":"财新数据|离岸人民币迫近6.98"},{"cate":"100300005;100300184;101339071","comm":{"aid":"100","tid":"101339071"},"edit":{"head":"","link":"","name":"记者 张娱","rank":"","desc":""},"link":"http://economy.caixin.com/2018-10-25/101339071.html","nid":101339071,"subDesc":"要闻","video":"","type":0,"tags":[],"audioUrl":"http://audio.caixin.com/caixin/071/101339071.mp3","form":null,"summ":"已公布前三季度增速的23个省份中，15个省份增速低于去年同期；工业投资拉动湖南增速上升","freeDuration":"0","freeTime":"","channelDesc":"经济频道","time":"2018-10-25 21:37:43","attr":5,"channelId":129,"pict":{"imgs":[{"txt":"","url":"http://img.caixin.com/2018-10-25/1540475312849458_145_97.jpg"}],"num":1},"desc":"前三季度各省份经济增速普降 下行压力仍存"},{"cate":"100300005;101283975;101338945","comm":{"aid":"100","tid":"101338945"},"edit":{"head":"","link":"","name":"","rank":"","desc":""},"link":"http://economy.caixin.com/2018-10-25/101338945.html","nid":101338945,"subDesc":"要闻","video":"","type":0,"tags":[],"audioUrl":"http://audio.caixin.com/caixin/945/101338945.mp3","form":null,"summ":"","freeDuration":"0","freeTime":"","channelDesc":"经济频道","time":"2018-10-25 16:54:35","attr":0,"channelId":129,"pict":null,"desc":"财新数据|9月银行结售汇逆差176亿美元"},{"cate":"100300005;101283975;101338877","comm":{"aid":"100","tid":"101338877"},"edit":{"head":"","link":"","name":"","rank":"","desc":""},"link":"http://economy.caixin.com/2018-10-25/101338877.html","nid":101338877,"subDesc":"要闻","video":"","type":0,"tags":[],"audioUrl":"http://audio.caixin.com/caixin/877/101338877.mp3","form":null,"summ":"","freeDuration":"0","freeTime":"","channelDesc":"经济频道","time":"2018-10-25 15:00:11","attr":0,"channelId":129,"pict":null,"desc":"财新数据|9月全国原煤产量3.06亿吨"},{"cate":"100300005;101283975;101338868","comm":{"aid":"100","tid":"101338868"},"edit":{"head":"","link":"","name":"","rank":"","desc":""},"link":"http://economy.caixin.com/2018-10-25/101338868.html","nid":101338868,"subDesc":"要闻","video":"","type":0,"tags":[],"audioUrl":"http://audio.caixin.com/caixin/868/101338868.mp3","form":null,"summ":"","freeDuration":"0","freeTime":"","channelDesc":"经济频道","time":"2018-10-25 14:46:59","attr":0,"channelId":129,"pict":null,"desc":"财新数据|北京9月PM2.5浓度刷新低"},{"cate":"100300005;100300184;101338719","comm":{"aid":"100","tid":"101338719"},"edit":{"head":"","link":"","name":"记者 程思炜","rank":"","desc":""},"link":"http://economy.caixin.com/2018-10-25/101338719.html","nid":101338719,"subDesc":"要闻","video":"","type":0,"tags":[],"audioUrl":"http://audio.caixin.com/caixin/719/101338719.mp3","form":null,"summ":"多名全国人大常委会委员在审议中表示，进一步摸清底数，尤其是国有自然资源底数；细化国企绩效评价体系，体现非经济效益；同时需要将国资监管和强化防范风险相结合","freeDuration":"0","freeTime":"","channelDesc":"经济频道","time":"2018-10-25 10:48:26","attr":5,"channelId":129,"pict":{"imgs":[{"txt":"","url":"http://img.caixin.com/2018-10-25/1540435992806980_145_97.jpg"}],"num":1},"desc":"国务院首亮“家底” 全国人大怎么看？"},{"cate":"100300005;101283975;101338670","comm":{"aid":"100","tid":"101338670"},"edit":{"head":"","link":"","name":"","rank":"","desc":""},"link":"http://economy.caixin.com/2018-10-25/101338670.html","nid":101338670,"subDesc":"要闻","video":"","type":0,"tags":[],"audioUrl":"http://audio.caixin.com/caixin/670/101338670.mp3","form":null,"summ":"","freeDuration":"0","freeTime":"","channelDesc":"经济频道","time":"2018-10-25 09:14:08","attr":0,"channelId":129,"pict":null,"desc":"财新数据|道指抹去2018年所有涨幅"},{"cate":"100300005;101283975;101338456","comm":{"aid":"100","tid":"101338456"},"edit":{"head":"","link":"","name":"","rank":"","desc":""},"link":"http://economy.caixin.com/2018-10-24/101338456.html","nid":101338456,"subDesc":"要闻","video":"","type":0,"tags":[],"audioUrl":"http://audio.caixin.com/caixin/456/101338456.mp3","form":null,"summ":"","freeDuration":"0","freeTime":"","channelDesc":"经济频道","time":"2018-10-24 16:39:25","attr":0,"channelId":129,"pict":null,"desc":"财新数据|前九月东北地区投资增长1.7%"},{"cate":"100300005;101283975;101338418","comm":{"aid":"100","tid":"101338418"},"edit":{"head":"","link":"","name":"","rank":"","desc":""},"link":"http://economy.caixin.com/2018-10-24/101338418.html","nid":101338418,"subDesc":"要闻","video":"","type":0,"tags":[],"audioUrl":"http://audio.caixin.com/caixin/418/101338418.mp3","form":null,"summ":"","freeDuration":"0","freeTime":"","channelDesc":"经济频道","time":"2018-10-24 15:54:06","attr":0,"channelId":129,"pict":null,"desc":"财新数据|余额宝收益率已降至2.66% 较年初高点降低1.74个百分点"},{"cate":"100300005;100300184;101338379","comm":{"aid":"100","tid":"101338379"},"edit":{"head":"","link":"","name":"记者 程思炜","rank":"","desc":""},"link":"http://economy.caixin.com/2018-10-24/101338379.html","nid":101338379,"subDesc":"要闻","video":"","type":0,"tags":[],"audioUrl":"http://audio.caixin.com/caixin/379/101338379.mp3","form":null,"summ":"主要集中在中央本级和银行业金融机构，下一步将推动国有金融资本向重要行业和关键领域、重要基础设施和重点金融机构集中","freeDuration":"0","freeTime":"","channelDesc":"经济频道","time":"2018-10-24 14:58:26","attr":5,"channelId":129,"pict":{"imgs":[{"txt":"","url":"http://img.caixin.com/2018-07-19/1532000578152485_145_97.jpg"}],"num":1},"desc":"金融国资首亮“家底” 2017年末资产总额241万亿元"},{"cate":"100300005;100300184;101338348","comm":{"aid":"100","tid":"101338348"},"edit":{"head":"","link":"","name":"记者 于海荣","rank":"","desc":""},"link":"http://economy.caixin.com/2018-10-24/101338348.html","nid":101338348,"subDesc":"要闻","video":"","type":0,"tags":[],"audioUrl":"http://audio.caixin.com/caixin/348/101338348.mp3","form":null,"summ":"未来需要调整优化国有金融资本行业布局、地域布局、分布结构和股权结构；尽快落实财政部门集中统一履行国有金融资本出资人职责的要求","freeDuration":"0","freeTime":"","channelDesc":"经济频道","time":"2018-10-24 11:48:57","attr":5,"channelId":129,"pict":{"imgs":[{"txt":"","url":"http://img.caixin.com/2018-03-05/1520215536818428_145_97.jpg"}],"num":1},"desc":"全国人大调研组：金融国资布局不优 出资人待统一"},{"cate":"100300005;101283975;101338327","comm":{"aid":"100","tid":"101338327"},"edit":{"head":"","link":"","name":"","rank":"","desc":""},"link":"http://economy.caixin.com/2018-10-24/101338327.html","nid":101338327,"subDesc":"要闻","video":"","type":0,"tags":[],"audioUrl":"","form":null,"summ":"","freeDuration":"0","freeTime":"","channelDesc":"经济频道","time":"2018-10-24 11:09:08","attr":0,"channelId":129,"pict":null,"desc":"财新数据|两市融资余额增加逾10亿元 连续两日上升"},{"cate":"100300005;101283975;101338025","comm":{"aid":"100","tid":"101338025"},"edit":{"head":"","link":"","name":"","rank":"","desc":""},"link":"http://economy.caixin.com/2018-10-23/101338025.html","nid":101338025,"subDesc":"要闻","video":"","type":0,"tags":[],"audioUrl":"http://audio.caixin.com/caixin/025/101338025.mp3","form":null,"summ":"","freeDuration":"0","freeTime":"","channelDesc":"经济频道","time":"2018-10-23 15:58:20","attr":0,"channelId":129,"pict":null,"desc":"财新数据|前三季度制造业增加值同比增长6.7%"},{"cate":"100300005;101283975;101337983","comm":{"aid":"100","tid":"101337983"},"edit":{"head":"","link":"","name":"","rank":"","desc":""},"link":"http://economy.caixin.com/2018-10-23/101337983.html","nid":101337983,"subDesc":"要闻","video":"","type":0,"tags":[],"audioUrl":"http://audio.caixin.com/caixin/983/101337983.mp3","form":null,"summ":"","freeDuration":"0","freeTime":"","channelDesc":"经济频道","time":"2018-10-23 15:01:56","attr":0,"channelId":129,"pict":null,"desc":"财新数据|9月全国铁路货运量接近历史最高值"},{"cate":"100300005;101283975;101337926","comm":{"aid":"100","tid":"101337926"},"edit":{"head":"","link":"","name":"","rank":"","desc":""},"link":"http://economy.caixin.com/2018-10-23/101337926.html","nid":101337926,"subDesc":"要闻","video":"","type":0,"tags":[],"audioUrl":"http://audio.caixin.com/caixin/926/101337926.mp3","form":null,"summ":"","freeDuration":"0","freeTime":"","channelDesc":"经济频道","time":"2018-10-23 11:35:23","attr":0,"channelId":129,"pict":null,"desc":"财新数据|格力前三季营收约1500亿 接近去年全年"},{"cate":"100300005;100300184;101337893","comm":{"aid":"100","tid":"101337893"},"edit":{"head":"","link":"","name":"记者 程思炜","rank":"","desc":""},"link":"http://economy.caixin.com/2018-10-23/101337893.html","nid":101337893,"subDesc":"要闻","video":"","type":0,"tags":[],"audioUrl":"http://audio.caixin.com/caixin/893/101337893.mp3","form":null,"summ":"专项附加扣除的减税人数和规模均低于起征点调整，中低收入人群不能充分享受减税红利；大病医疗支出扣除或面临落地困难，房贷利息扣除需明确首套房认定标准","freeDuration":"0","freeTime":"","channelDesc":"经济频道","time":"2018-10-23 10:39:13","attr":5,"channelId":129,"pict":{"imgs":[{"txt":"","url":"http://img.caixin.com/2018-10-23/1540263550681933_145_97.jpg"}],"num":1},"desc":"个税专项附加扣除将落地 减税红包能否到手"},{"cate":"100300005;101283975;101337862","comm":{"aid":"100","tid":"101337862"},"edit":{"head":"","link":"","name":"","rank":"","desc":""},"link":"http://economy.caixin.com/2018-10-23/101337862.html","nid":101337862,"subDesc":"要闻","video":"","type":0,"tags":[],"audioUrl":"","form":null,"summ":"","freeDuration":"0","freeTime":"","channelDesc":"经济频道","time":"2018-10-23 09:52:57","attr":0,"channelId":129,"pict":null,"desc":"财新数据|9月彩票销售额同比增增长13.3%"},{"cate":"100300005;101283975;101337693","comm":{"aid":"100","tid":"101337693"},"edit":{"head":"","link":"","name":"","rank":"","desc":""},"link":"http://economy.caixin.com/2018-10-22/101337693.html","nid":101337693,"subDesc":"要闻","video":"","type":0,"tags":[],"audioUrl":"http://audio.caixin.com/caixin/693/101337693.mp3","form":null,"summ":"","freeDuration":"0","freeTime":"","channelDesc":"经济频道","time":"2018-10-22 16:56:10","attr":0,"channelId":129,"pict":null,"desc":"财新数据|沪深两市放量大涨 北上资金净流出近5亿元"},{"cate":"100300005;100300184;101337674","comm":{"aid":"100","tid":"101337674"},"edit":{"head":"","link":"","name":"记者 王婧","rank":"","desc":""},"link":"http://economy.caixin.com/2018-10-22/101337674.html","nid":101337674,"subDesc":"要闻","video":"","type":0,"tags":[],"audioUrl":"http://audio.caixin.com/caixin/674/101337674.mp3","form":{"txt":"贸易投资","url":"http://economy.caixin.com/trade_investment/"},"summ":"研究机构认为，国内企业对于外汇风险管理粗放，这些企业主要以生产经营为主，外汇套保意识比较薄弱","freeDuration":"0","freeTime":"","channelDesc":"经济频道","time":"2018-10-22 16:33:22","attr":5,"channelId":129,"pict":{"imgs":[{"txt":"","url":"http://img.caixin.com/2018-10-22/1540197447244096_145_97.jpg"}],"num":1},"desc":"全球新兴市场汇率变化加剧 出口企业忧心忡忡"},{"cate":"100300005;101283975;101337616","comm":{"aid":"100","tid":"101337616"},"edit":{"head":"","link":"","name":"","rank":"","desc":""},"link":"http://economy.caixin.com/2018-10-22/101337616.html","nid":101337616,"subDesc":"要闻","video":"","type":0,"tags":[],"audioUrl":"http://audio.caixin.com/caixin/616/101337616.mp3","form":null,"summ":"","freeDuration":"0","freeTime":"","channelDesc":"经济频道","time":"2018-10-22 15:31:37","attr":0,"channelId":129,"pict":null,"desc":"财新数据|9月全社会用电量5742亿千瓦时 同比增长8%"},{"cate":"100300005;101283975;101337603","comm":{"aid":"100","tid":"101337603"},"edit":{"head":"","link":"","name":"","rank":"","desc":""},"link":"http://economy.caixin.com/2018-10-22/101337603.html","nid":101337603,"subDesc":"要闻","video":"","type":0,"tags":[],"audioUrl":"http://audio.caixin.com/caixin/603/101337603.mp3","form":null,"summ":"","freeDuration":"0","freeTime":"","channelDesc":"经济频道","time":"2018-10-22 15:22:29","attr":0,"channelId":129,"pict":null,"desc":"财新数据|沪深两市放量大涨 成交额接近4500亿元"},{"cate":"100300005;101283975;101337494","comm":{"aid":"100","tid":"101337494"},"edit":{"head":"","link":"","name":"","rank":"","desc":""},"link":"http://economy.caixin.com/2018-10-22/101337494.html","nid":101337494,"subDesc":"要闻","video":"","type":0,"tags":[],"audioUrl":"http://audio.caixin.com/caixin/494/101337494.mp3","form":null,"summ":"","freeDuration":"0","freeTime":"","channelDesc":"经济频道","time":"2018-10-22 10:15:16","attr":0,"channelId":129,"pict":null,"desc":"财新数据|两市融资余额八连降 减少逾50亿元"},{"cate":"100300005;100300184;101337365","comm":{"aid":"100","tid":"101337365"},"edit":{"head":"","link":"","name":"记者 张娱","rank":"","desc":""},"link":"http://economy.caixin.com/2018-10-21/101337365.html","nid":101337365,"subDesc":"要闻","video":"","type":0,"tags":[],"audioUrl":"http://audio.caixin.com/caixin/365/101337365.mp3","form":null,"summ":"针对目前“国进民退”的担忧，樊纲认为，政策应该要有导向，防止国有企业通过混改把民营企业纳入国有企业轨道。他建议，国企投资民企可以参照优先股和AB股的方法，保护民营企业的决策权","freeDuration":"0","freeTime":"","channelDesc":"经济频道","time":"2018-10-21 13:00:18","attr":5,"channelId":129,"pict":{"imgs":[{"txt":"","url":"http://img.caixin.com/2018-10-21/1540098272804896_145_97.jpg"}],"num":1},"desc":"樊纲:中国要步入自主创新阶段 加入世界创新体系"},{"cate":"100300005;100300184;101337229","comm":{"aid":"100","tid":"101337229"},"edit":{"head":"","link":"","name":"记者 程思炜","rank":"","desc":""},"link":"http://economy.caixin.com/2018-10-20/101337229.html","nid":101337229,"subDesc":"要闻","video":"","type":0,"tags":[],"audioUrl":"http://audio.caixin.com/caixin/229/101337229.mp3","form":null,"summ":"除大病医疗限额据实扣除，其余均为定额扣除，贷款利息与住房租金扣除不能同时享受；更多从操作方便的角度出发，房贷利息扣除未考虑地区差异，首套房如何认定待明确","freeDuration":"0","freeTime":"","channelDesc":"经济频道","time":"2018-10-20 10:25:37","attr":5,"channelId":129,"pict":{"imgs":[{"txt":"","url":"http://img.caixin.com/2018-10-20/1540004657107338_145_97.jpg"}],"num":1},"desc":"个税专项扣除办法征求意见 哪些细节仍待明确?"},{"cate":"100300005;101283975;101337000","comm":{"aid":"100","tid":"101337000"},"edit":{"head":"","link":"","name":"苏雪妮","rank":"","desc":""},"link":"http://economy.caixin.com/2018-10-19/101337000.html","nid":101337000,"subDesc":"要闻","video":"","type":0,"tags":[],"audioUrl":"http://audio.caixin.com/caixin/000/101337000.mp3","form":null,"summ":"","freeDuration":"0","freeTime":"","channelDesc":"经济频道","time":"2018-10-19 17:52:07","attr":0,"channelId":129,"pict":null,"desc":"财新数据|9月中国城镇调查失业率降至4.9%"},{"cate":"100300005;101283975;101336995","comm":{"aid":"100","tid":"101336995"},"edit":{"head":"","link":"","name":"苏雪妮","rank":"","desc":""},"link":"http://economy.caixin.com/2018-10-19/101336995.html","nid":101336995,"subDesc":"要闻","video":"","type":0,"tags":[],"audioUrl":"http://audio.caixin.com/caixin/995/101336995.mp3","form":null,"summ":"","freeDuration":"0","freeTime":"","channelDesc":"经济频道","time":"2018-10-19 17:49:59","attr":0,"channelId":129,"pict":null,"desc":"财新数据|前9月规模以上工业增加值同比增长5.8% 为近三年新低"},{"cate":"100300005;101283975;101336991","comm":{"aid":"100","tid":"101336991"},"edit":{"head":"","link":"","name":"","rank":"","desc":""},"link":"http://economy.caixin.com/2018-10-19/101336991.html","nid":101336991,"subDesc":"要闻","video":"","type":0,"tags":[],"audioUrl":"http://audio.caixin.com/caixin/991/101336991.mp3","form":null,"summ":"","freeDuration":"0","freeTime":"","channelDesc":"经济频道","time":"2018-10-19 17:49:54","attr":0,"channelId":129,"pict":null,"desc":"财新数据|前九月基础设施投资增速创历史新低"},{"cate":"100300005;101283975;101336982","comm":{"aid":"100","tid":"101336982"},"edit":{"head":"","link":"","name":"苏雪妮","rank":"","desc":""},"link":"http://economy.caixin.com/2018-10-19/101336982.html","nid":101336982,"subDesc":"要闻","video":"","type":0,"tags":[],"audioUrl":"http://audio.caixin.com/caixin/982/101336982.mp3","form":null,"summ":"","freeDuration":"0","freeTime":"","channelDesc":"经济频道","time":"2018-10-19 17:46:59","attr":0,"channelId":129,"pict":null,"desc":"财新数据|前九月房地产开发投资增速降至9.9%"},{"cate":"100300005;101283975;101336977","comm":{"aid":"100","tid":"101336977"},"edit":{"head":"","link":"","name":"","rank":"","desc":""},"link":"http://economy.caixin.com/2018-10-19/101336977.html","nid":101336977,"subDesc":"要闻","video":"","type":0,"tags":[],"audioUrl":"http://audio.caixin.com/caixin/977/101336977.mp3","form":null,"summ":"","freeDuration":"0","freeTime":"","channelDesc":"经济频道","time":"2018-10-19 17:46:15","attr":0,"channelId":129,"pict":null,"desc":"财新数据|前九月制造业投资增速创三年余新高"},{"cate":"100300005;101283975;101336878","comm":{"aid":"100","tid":"101336878"},"edit":{"head":"","link":"","name":"","rank":"","desc":""},"link":"http://economy.caixin.com/2018-10-19/101336878.html","nid":101336878,"subDesc":"要闻","video":"","type":0,"tags":[],"audioUrl":"http://audio.caixin.com/caixin/878/101336878.mp3","form":null,"summ":"","freeDuration":"0","freeTime":"","channelDesc":"经济频道","time":"2018-10-19 15:44:40","attr":0,"channelId":129,"pict":null,"desc":"财新数据|前九月固定资产投资同比增长5.4%"},{"cate":"100300005;101283975;101336874","comm":{"aid":"100","tid":"101336874"},"edit":{"head":"","link":"","name":"","rank":"","desc":""},"link":"http://economy.caixin.com/2018-10-19/101336874.html","nid":101336874,"subDesc":"要闻","video":"","type":0,"tags":[],"audioUrl":"http://audio.caixin.com/caixin/874/101336874.mp3","form":null,"summ":"","freeDuration":"0","freeTime":"","channelDesc":"经济频道","time":"2018-10-19 15:44:18","attr":0,"channelId":129,"pict":null,"desc":"财新数据|前三季度中国居民人均可支配收入21035元 同比增长8.8%"},{"cate":"100300005;100300184;101336821","comm":{"aid":"100","tid":"101336821"},"edit":{"head":"","link":"","name":"记者 张娱","rank":"","desc":""},"link":"http://economy.caixin.com/2018-10-19/101336821.html","nid":101336821,"subDesc":"要闻","video":"","type":0,"tags":[],"audioUrl":"http://audio.caixin.com/caixin/821/101336821.mp3","form":{"txt":"宏观数据","url":"http://economy.caixin.com/macro_economy/"},"summ":"恩格尔系数继续下降，服务消费占比提高，升级类商品消费仍保持较快增速","freeDuration":"3","freeTime":"","channelDesc":"经济频道","time":"2018-10-19 14:24:54","attr":5,"channelId":129,"pict":{"imgs":[{"txt":"","url":"http://img.caixin.com/2018-10-19/1539930679024517_145_97.jpg"}],"num":1},"desc":"国家统计局：居民消费结构升级趋势并未改变"},{"cate":"100300005;100300184;101336818","comm":{"aid":"100","tid":"101336818"},"edit":{"head":"","link":"","name":"记者 屈运栩","rank":"","desc":""},"link":"http://economy.caixin.com/2018-10-19/101336818.html","nid":101336818,"subDesc":"要闻","video":"","type":0,"tags":[],"audioUrl":"http://audio.caixin.com/caixin/814/101336814.mp3","form":null,"summ":"市场配置资源的领域，没有必要编制专项规划或行业规划，更不要把部门工作当作规划来编","freeDuration":"0","freeTime":"","channelDesc":"经济频道","time":"2018-10-19 14:07:06","attr":5,"channelId":129,"pict":{"imgs":[{"txt":"","url":"http://img.caixin.com/2018-10-19/1539929801240326_145_97.jpg"}],"num":1},"desc":"杨伟民：中国的专项规划、区域规划太多"},{"cate":"100300005;100300184;101336768","comm":{"aid":"100","tid":"101336768"},"edit":{"head":"","link":"","name":"记者 程思炜","rank":"","desc":""},"link":"http://economy.caixin.com/2018-10-19/101336768.html","nid":101336768,"subDesc":"要闻","video":"","type":0,"tags":[],"audioUrl":"http://audio.caixin.com/caixin/768/101336768.mp3","form":null,"summ":"主要由制造业投资回暖拉动，基建投资仍是最大拖累，统计局预计，随着“六稳”政策不断落地，未来基建投资有望趋稳","freeDuration":"3","freeTime":"","channelDesc":"经济频道","time":"2018-10-19 12:00:34","attr":5,"channelId":129,"pict":{"imgs":[{"txt":"","url":"http://img.caixin.com/2018-10-19/1539923095501878_145_97.jpg"}],"num":1},"desc":"1-9月固定资产投资同比增长5.4% 3月以来首次回升"},{"cate":"100300005;100300184;101336711","comm":{"aid":"100","tid":"101336711"},"edit":{"head":"","link":"","name":"记者 张娱","rank":"","desc":""},"link":"http://economy.caixin.com/2018-10-19/101336711.html","nid":101336711,"subDesc":"要闻","video":"","type":0,"tags":[],"audioUrl":"","form":null,"summ":"净出口对经济增长贡献率持续为负，国家统计局称，外部挑战变数明显增多，国内结构调整阵痛继续显现，经济运行稳中有变、稳中有缓，下行压力加大","freeDuration":"6","freeTime":"","channelDesc":"经济频道","time":"2018-10-19 10:48:39","attr":5,"channelId":129,"pict":{"imgs":[{"txt":"","url":"http://img.caixin.com/2018-10-19/1539917604469316_145_97.jpg"}],"num":1},"desc":"三季度GDP同比增长6.5% 为2009年二季度以来最低"}],"start":100,"count":100,"maxes":1000}