{"datas":[{"cate":"100300001;100300177;101259739","comm":{"aid":"100","tid":"101259739"},"edit":{"head":"","link":"","name":"驻香港记者 尉奕阳","rank":"","desc":""},"link":"http://finance.caixin.com/2018-05-30/101259739.html","nid":101259739,"subDesc":"要闻","video":"","type":0,"tags":[],"audioUrl":"http://audio.caixin.com/caixin/739/101259739.mp3","form":null,"summ":"香港金管局公布《银行业条例》中有关虚拟银行部分的修订方案，今年8月31日为首批牌照处理的截止申请日期","freeDuration":"0","freeTime":"","channelDesc":"金融频道","time":"2018-05-30 21:45:05","attr":5,"channelId":125,"pict":{"imgs":[{"txt":"","url":"http://img.caixin.com/2018-05-30/1527688127911953_145_97.jpg"}],"num":1},"desc":"逾50企业欲在港设虚拟银行 金管局最快年底发牌"},{"cate":"100300001;100300177;101259369","comm":{"aid":"100","tid":"101259369"},"edit":{"head":"","link":"","name":"记者 杨巧伶","rank":"","desc":""},"link":"http://finance.caixin.com/2018-05-30/101259369.html","nid":101259369,"subDesc":"要闻","video":"","type":0,"tags":[],"audioUrl":"http://audio.caixin.com/caixin/369/101259369.mp3","form":null,"summ":"律师陈有西确认，安邦集团原控制人吴小晖不服一审两罪判决，提起无罪上诉；上海市高级人民法院已组成二审合议庭","freeDuration":"0","freeTime":"","channelDesc":"金融频道","time":"2018-05-30 11:39:44","attr":5,"channelId":125,"pict":{"imgs":[{"txt":"","url":"http://img.caixin.com/2018-05-10/1525918321185338_145_97.jpg"}],"num":1},"desc":"吴小晖态度反复 一审判决后提起无罪上诉"},{"cate":"100300001;100300177;101259012","comm":{"aid":"100","tid":"101259012"},"edit":{"head":"","link":"","name":"驻香港记者 尉奕阳","rank":"","desc":""},"link":"http://finance.caixin.com/2018-05-29/101259012.html","nid":101259012,"subDesc":"要闻","video":"","type":0,"tags":[],"audioUrl":"http://audio.caixin.com/caixin/012/101259012.mp3","form":null,"summ":"瑞银认为，波动性至少延续至2019年，但维持对全球股市“增持”评级","freeDuration":"0","freeTime":"","channelDesc":"金融频道","time":"2018-05-29 22:02:14","attr":5,"channelId":125,"pict":{"imgs":[{"txt":"","url":"http://img.caixin.com/2018-05-29/1527602878795357_145_97.jpg"}],"num":1},"desc":"全球股市波动 瑞银称投资者不必急于退场"},{"cate":"100300001;100300177;101258963","comm":{"aid":"100","tid":"101258963"},"edit":{"head":"","link":"","name":"记者 朱亮韬","rank":"","desc":""},"link":"http://finance.caixin.com/2018-05-29/101258963.html","nid":101258963,"subDesc":"要闻","video":"","type":0,"tags":[],"audioUrl":"http://audio.caixin.com/caixin/963/101258963.mp3","form":null,"summ":"证监会副主席方星海表示，今后外资资产配置流入增加将是常态，需要维持金融市场的稳健，确保各类金融资产不形成价格泡沫","freeDuration":"24","freeTime":"","channelDesc":"金融频道","time":"2018-05-29 20:26:05","attr":5,"channelId":125,"pict":{"imgs":[{"txt":"","url":"http://img.caixin.com/2018-05-29/1527597171536998_145_97.jpg"}],"num":1},"desc":"方星海：在对外开放中维护金融体系稳定"},{"cate":"100300001;100300177;101258957","comm":{"aid":"100","tid":"101258957"},"edit":{"head":"","link":"","name":"记者 任蕙兰","rank":"","desc":""},"link":"http://finance.caixin.com/2018-05-29/101258957.html","nid":101258957,"subDesc":"要闻","video":"","type":0,"tags":[],"audioUrl":"http://audio.caixin.com/caixin/957/101258957.mp3","form":null,"summ":"持有大量债券的商业银行，需要通过国债期货管理利率风险。市场还期待2年期和20年期的国债期货，丰富品种选择，构建完备的国债收益率曲线覆盖","freeDuration":"24","freeTime":"","channelDesc":"金融频道","time":"2018-05-29 20:20:49","attr":5,"channelId":125,"pict":{"imgs":[{"txt":"","url":"http://img.caixin.com/2018-05-29/1527596975490320_145_97.jpg"}],"num":1},"desc":"商业银行持债风险亟待管理 中金所力推更多机构参与国债期货"},{"cate":"100300001;100300177;101258664","comm":{"aid":"100","tid":"101258664"},"edit":{"head":"","link":"","name":"记者 彭骎骎","rank":"","desc":""},"link":"http://finance.caixin.com/2018-05-29/101258664.html","nid":101258664,"subDesc":"要闻","video":"","type":0,"tags":[],"audioUrl":"http://audio.caixin.com/caixin/664/101258664.mp3","form":null,"summ":"金融业开放不是“一放了之”，要加强依法监管，坚持持牌经营；在消费者保护这个问题上，内资和外资都要树立负责任金融的理念","freeDuration":"0","freeTime":"","channelDesc":"金融频道","time":"2018-05-29 14:11:54","attr":5,"channelId":125,"pict":{"imgs":[{"txt":"","url":"http://img.caixin.com/2017-12-23/1514023768579548_145_97.jpg"}],"num":1},"desc":"易纲再谈消费者保护 强调内外资一视同仁"},{"cate":"100300001;100300177;101258628","comm":{"aid":"100","tid":"101258628"},"edit":{"head":"","link":"","name":"记者 覃洁","rank":"","desc":""},"link":"http://finance.caixin.com/2018-05-29/101258628.html","nid":101258628,"subDesc":"要闻","video":"","type":0,"tags":[],"audioUrl":"http://audio.caixin.com/caixin/628/101258628.mp3","form":null,"summ":"上海银行股东联合投资、上港集团、桑坦德银行决定六个月内增持公司股份，合计增持不低于1.18亿元","freeDuration":"12","freeTime":"","channelDesc":"金融频道","time":"2018-05-29 13:21:18","attr":5,"channelId":125,"pict":{"imgs":[{"txt":"","url":"http://img.caixin.com/2018-05-29/1527571412630965_145_97.jpg"}],"num":1},"desc":"上海银行率先出招维稳股价 三大股东拟增持1.18亿元"},{"cate":"100300001;100300177;101258610","comm":{"aid":"100","tid":"101258610"},"edit":{"head":"","link":"","name":"记者 王力为","rank":"","desc":""},"link":"http://finance.caixin.com/2018-05-29/101258610.html","nid":101258610,"subDesc":"要闻","video":"","type":0,"tags":[],"audioUrl":"http://audio.caixin.com/caixin/610/101258610.mp3","form":null,"summ":"新开行将分批发行总计100亿元的人民币债券；在7月底获得国际评级机构评级后，还将着手在南非和印度推进本币投融资","freeDuration":"0","freeTime":"","channelDesc":"金融频道","time":"2018-05-29 12:42:19","attr":5,"channelId":125,"pict":{"imgs":[{"txt":"","url":"http://img.caixin.com/2018-05-29/1527569271186466_145_97.jpg"}],"num":1},"desc":"新开行将发百亿人民币债 成员国开始接受本币贷款"},{"cate":"100300001;100300177;101258407","comm":{"aid":"100","tid":"101258407"},"edit":{"head":"","link":"","name":"记者 彭岩锋","rank":"","desc":""},"link":"http://finance.caixin.com/2018-05-29/101258407.html","nid":101258407,"subDesc":"要闻","video":"","type":0,"tags":[],"audioUrl":"http://audio.caixin.com/caixin/407/101258407.mp3","form":{"txt":"证券基金","url":"http://finance.caixin.com/stock/"},"summ":"*ST烯碳股票退市整理期交易的起始日为6月5日，交易期限为30个交易日，预计最后交易日期为7月17日。退市整理期届满的次一交易日，深交所将予以摘牌。","freeDuration":"0","freeTime":"","channelDesc":"金融频道","time":"2018-05-29 09:14:37","attr":5,"channelId":125,"pict":{"imgs":[{"txt":"","url":"http://img.caixin.com/2018-05-29/1527556597366648_145_97.jpg"}],"num":1},"desc":"*ST烯碳退市倒计时 预计7月下旬摘牌"},{"cate":"100300001;100300177;101257506","comm":{"aid":"100","tid":"101257506"},"edit":{"head":"","link":"","name":"记者 吴红毓然","rank":"","desc":""},"link":"http://finance.caixin.com/2018-05-27/101257506.html","nid":101257506,"subDesc":"要闻","video":"","type":0,"tags":[],"audioUrl":"http://audio.caixin.com/caixin/506/101257506.mp3","form":null,"summ":"巡视组进驻近一个月；天津滨海农商行业务发展有所停滞，问题持续发酵","freeDuration":"0","freeTime":"","channelDesc":"金融频道","time":"2018-05-27 17:29:41","attr":5,"channelId":125,"pict":{"imgs":[{"txt":"","url":"http://img.caixin.com/2018-05-28/1527478622173874_145_97.jpg"}],"num":1},"desc":"天津农商行董事长办公室割腕自杀 或涉滨海农商旧案揭盖"},{"cate":"100300001;100300177;101257470","comm":{"aid":"100","tid":"101257470"},"edit":{"head":"","link":"","name":"记者 张宇哲","rank":"","desc":""},"link":"http://finance.caixin.com/2018-05-27/101257470.html","nid":101257470,"subDesc":"要闻","video":"","type":0,"tags":[],"audioUrl":"http://audio.caixin.com/caixin/470/101257470.mp3","form":null,"summ":"央行征信局局长万存知表示，八家市场机构和中国互联网金融协会作为百行征信的共同发起人和主要股东，不再单独从事个人征信业务，原有部分征信业务将剥离并入百行征信，其他业务可存续为数据服务公司。这一动向如何落实，业内存疑","freeDuration":"24","freeTime":"","channelDesc":"金融频道","time":"2018-05-27 14:13:25","attr":5,"channelId":125,"pict":{"imgs":[{"txt":"","url":"http://img.caixin.com/2018-05-27/1527401789036354_145_97.jpg"}],"num":1},"desc":"万存知：八家市场机构剥离个人征信业务的含义"},{"cate":"100300001;100300177;101257183","comm":{"aid":"100","tid":"101257183"},"edit":{"head":"","link":"","name":"记者 刘彩萍","rank":"","desc":""},"link":"http://finance.caixin.com/2018-05-26/101257183.html","nid":101257183,"subDesc":"要闻","video":"","type":0,"tags":[],"audioUrl":"http://audio.caixin.com/caixin/183/101257183.mp3","form":null,"summ":"证监会希望借此形成调查处罚的标准链，明确案件调查的证据标准和规则，以及处罚的裁量原则尺度，实现执法标准的规范化、一致性","freeDuration":"0","freeTime":"","channelDesc":"金融频道","time":"2018-05-26 14:38:59","attr":5,"channelId":125,"pict":{"imgs":[{"txt":"","url":"http://img.caixin.com/2018-05-05/1525479294000333_145_97.jpg"}],"num":1},"desc":"证监会用科技武装监管 力争执法标准化"},{"cate":"100300001;100300177;101256791","comm":{"aid":"100","tid":"101256791"},"edit":{"head":"","link":"","name":"见习记者 屈慧","rank":"","desc":""},"link":"http://finance.caixin.com/2018-05-25/101256791.html","nid":101256791,"subDesc":"要闻","video":"","type":0,"tags":[],"audioUrl":"http://audio.caixin.com/caixin/791/101256791.mp3","form":null,"summ":"自4月3日宣布清盘持有万科A的资管计划以来，宝能系频频通过大宗交易减持股份。截至5月21日，资管计划已清理三分之一，套现104亿元","freeDuration":"0","freeTime":"","channelDesc":"金融频道","time":"2018-05-25 18:46:57","attr":5,"channelId":125,"pict":{"imgs":[{"txt":"","url":"http://img.caixin.com/2018-05-25/1527245528565851_145_97.jpg"}],"num":1},"desc":"宝能系持续减持万科 资管计划已清理三成"},{"cate":"100300001;100300177;101256762","comm":{"aid":"100","tid":"101256762"},"edit":{"head":"","link":"","name":"驻香港记者 刘雁菲 驻香港实习记者 文思敏","rank":"","desc":""},"link":"http://finance.caixin.com/2018-05-25/101256762.html","nid":101256762,"subDesc":"要闻","video":"","type":0,"tags":[],"audioUrl":"http://audio.caixin.com/caixin/762/101256762.mp3","form":null,"summ":"金管局副总裁李达志表示，未来一段时间会经常看到金管局承接港元沽盘，在美国加息预期下，港汇会继续偏软","freeDuration":"0","freeTime":"","channelDesc":"金融频道","time":"2018-05-25 18:26:10","attr":5,"channelId":125,"pict":{"imgs":[{"txt":"","url":"http://img.caixin.com/2018-05-25/1527244230560442_145_97.jpg"}],"num":1},"desc":"香港金管局缘何19次入市\"托\"港元？"},{"cate":"100300001;100300177;101256644","comm":{"aid":"100","tid":"101256644"},"edit":{"head":"","link":"","name":"记者 黎柳茜","rank":"","desc":""},"link":"http://finance.caixin.com/2018-05-25/101256644.html","nid":101256644,"subDesc":"要闻","video":"","type":0,"tags":[],"audioUrl":"http://audio.caixin.com/caixin/644/101256644.mp3","form":null,"summ":"陈永开因牵涉一起骗贷案，遭到公安机关通缉。另外，大连机床集团申请延期三个月提交破产重整计划草案","freeDuration":"0","freeTime":"","channelDesc":"金融频道","time":"2018-05-25 16:09:44","attr":5,"channelId":125,"pict":{"imgs":[{"txt":"","url":"http://img.caixin.com/2018-05-25/1527236003631671_145_97.jpg"}],"num":1},"desc":"大连机床董事长遭通缉 破产重整申请延期"},{"cate":"100300001;100300177;101256511","comm":{"aid":"100","tid":"101256511"},"edit":{"head":"","link":"","name":"记者 任蕙兰","rank":"","desc":""},"link":"http://finance.caixin.com/2018-05-25/101256511.html","nid":101256511,"subDesc":"要闻","video":"","type":0,"tags":[],"audioUrl":"http://audio.caixin.com/caixin/511/101256511.mp3","form":null,"summ":"锐联财智与歌斐资产联合推出的智能贝塔策略，通过引进因子信号对选股和权重安排的优化，提炼了主动投资的精髓；同时也考虑了中国市场的一些特殊性","freeDuration":"48","freeTime":"","channelDesc":"金融频道","time":"2018-05-25 14:10:58","attr":5,"channelId":125,"pict":{"imgs":[{"txt":"","url":"http://img.caixin.com/2018-05-25/1527229355632759_145_97.jpg"}],"num":1},"desc":"量化投资本土化：智能贝塔推出A股策略基金"},{"cate":"100300001;100300177;101256357","comm":{"aid":"100","tid":"101256357"},"edit":{"head":"","link":"","name":"记者 吴红毓然","rank":"","desc":""},"link":"http://finance.caixin.com/2018-05-25/101256357.html","nid":101256357,"subDesc":"要闻","video":"","type":0,"tags":[],"audioUrl":"http://audio.caixin.com/caixin/357/101256357.mp3","form":null,"summ":"此举试图打破传统银行业务的激励机制，本质上相当于银行做内部项目的天使投资。业内人士还关注，靠Fintech提升银行估值是否可行","freeDuration":"0","freeTime":"","channelDesc":"金融频道","time":"2018-05-25 10:26:08","attr":5,"channelId":125,"pict":{"imgs":[{"txt":"","url":"http://img.caixin.com/2017-04-08/1491642054072147_145_97.jpg"}],"num":1},"desc":"“要钱给钱” 招行投入22亿内部孵化科技创新"},{"cate":"100300001;100300177;101256323","comm":{"aid":"100","tid":"101256323"},"edit":{"head":"","link":"","name":"驻香港记者 尉奕阳","rank":"","desc":""},"link":"http://finance.caixin.com/2018-05-25/101256323.html","nid":101256323,"subDesc":"要闻","video":"","type":0,"tags":[],"audioUrl":"http://audio.caixin.com/caixin/323/101256323.mp3","form":null,"summ":"消费者对人口老龄化的关注，是投资者考虑增加海外并购的主因之一","freeDuration":"0","freeTime":"","channelDesc":"金融频道","time":"2018-05-25 10:02:44","attr":5,"channelId":125,"pict":{"imgs":[{"txt":"","url":"http://img.caixin.com/2016-09-10/1473497232400560_145_97.jpg"}],"num":1},"desc":"安永：中国生命科学行业预计增加海外并购"},{"cate":"100300001;100300177;101256303","comm":{"aid":"100","tid":"101256303"},"edit":{"head":"","link":"","name":"记者 彭岩锋","rank":"","desc":""},"link":"http://finance.caixin.com/2018-05-25/101256303.html","nid":101256303,"subDesc":"要闻","video":"","type":0,"tags":[],"audioUrl":"http://audio.caixin.com/caixin/303/101256303.mp3","form":null,"summ":"若深交所最终作出终止上市决定，*ST烯碳将成为年内第三家退市公司，也将成为A股中因“非标”审计意见退市的第一股","freeDuration":"0","freeTime":"","channelDesc":"金融频道","time":"2018-05-25 09:27:59","attr":5,"channelId":125,"pict":{"imgs":[{"txt":"","url":"http://img.caixin.com/2011-10-19/201110190022_145_97.jpg"}],"num":1},"desc":"年报被出具非标 深交所拟终止*ST烯碳上市"},{"cate":"100300001;100300177;101256064","comm":{"aid":"100","tid":"101256064"},"edit":{"head":"","link":"","name":"驻香港实习记者 文思敏 驻香港记者 尉奕阳","rank":"","desc":""},"link":"http://finance.caixin.com/2018-05-24/101256064.html","nid":101256064,"subDesc":"要闻","video":"","type":0,"tags":[],"audioUrl":"http://audio.caixin.com/caixin/064/101256064.mp3","form":null,"summ":"狙击新秀丽的沽空机构Blue Orca Capital，由国际著名空头Glaucus前任研究部总监创办，该机构认为新秀丽粉饰账目，估值过高","freeDuration":"0","freeTime":"","channelDesc":"金融频道","time":"2018-05-24 22:24:51","attr":5,"channelId":125,"pict":{"imgs":[{"txt":"","url":"http://img.caixin.com/2018-05-24/1527172172826079_145_97.jpg"}],"num":1},"desc":"新秀丽遭沽空机构狙击 股价大跌一成后停牌"},{"cate":"100300001;100300177;101255771","comm":{"aid":"100","tid":"101255771"},"edit":{"head":"","link":"","name":"实习记者 牟雅菲","rank":"","desc":""},"link":"http://finance.caixin.com/2018-05-24/101255771.html","nid":101255771,"subDesc":"要闻","video":"","type":0,"tags":[],"audioUrl":"http://audio.caixin.com/caixin/771/101255771.mp3","form":null,"summ":"随着中国内地和香港资本市场的持续结合，瑞银希望发挥其一体化平台优势，抓住这一特殊的窗口期","freeDuration":"24","freeTime":"","channelDesc":"金融频道","time":"2018-05-24 19:06:51","attr":5,"channelId":125,"pict":{"imgs":[{"txt":"","url":"http://img.caixin.com/2018-05-24/1527160173302445_145_97.jpg"}],"num":1},"desc":"瑞银任命大中华区投行业务联席主管"},{"cate":"100300001;100300177;101255633","comm":{"aid":"100","tid":"101255633"},"edit":{"head":"","link":"","name":"记者 杨巧伶","rank":"","desc":""},"link":"http://finance.caixin.com/2018-05-24/101255633.html","nid":101255633,"subDesc":"要闻","video":"","type":0,"tags":[],"audioUrl":"http://audio.caixin.com/caixin/633/101255633.mp3","form":null,"summ":"鉴于王银成具有法定、酌情从轻处罚情况，福建省福州市中级人民法院一审判处其有期徒刑11年并处罚金100万元；王银成对于法院判决当庭认罪服判，不上诉","freeDuration":"0","freeTime":"","channelDesc":"金融频道","time":"2018-05-24 16:07:02","attr":5,"channelId":125,"pict":{"imgs":[{"txt":"","url":"http://img.caixin.com/2018-05-24/1527149729102930_145_97.jpg"}],"num":1},"desc":"受贿870万被判11年 人保集团原总裁王银成当庭认罪"},{"cate":"100300001;100300177;101255606","comm":{"aid":"100","tid":"101255606"},"edit":{"head":"","link":"","name":"","rank":"","desc":""},"link":"http://finance.caixin.com/2018-05-24/101255606.html","nid":101255606,"subDesc":"要闻","video":"","type":0,"tags":[],"audioUrl":"http://audio.caixin.com/caixin/606/101255606.mp3","form":null,"summ":"不同于2017年违约主体集中于民营非上市企业，今年的债券违约主角以民营上市公司为主，引发市场对上市民企违约潮的担忧","freeDuration":"48","freeTime":"","channelDesc":"金融频道","time":"2018-05-24 15:50:29","attr":5,"channelId":125,"pict":{"imgs":[{"txt":"","url":"http://img.caixin.com/2018-05-24/1527157055398567_145_97.jpg"}],"num":1},"desc":"民企违约潮来袭"},{"cate":"100300001;100300177;101255514","comm":{"aid":"100","tid":"101255514"},"edit":{"head":"","link":"","name":"记者 吴雨俭","rank":"","desc":""},"link":"http://finance.caixin.com/2018-05-24/101255514.html","nid":101255514,"subDesc":"要闻","video":"","type":0,"tags":[],"audioUrl":"http://audio.caixin.com/caixin/514/101255514.mp3","form":null,"summ":"遵循“同时启动、急用先行、三年完工”的总体思路，全部36个建设项目在今年6月底前同时启动，重要和紧急的项目优先推进，2020年6月底前全面完工","freeDuration":"0","freeTime":"","channelDesc":"金融频道","time":"2018-05-24 13:57:10","attr":5,"channelId":125,"pict":{"imgs":[{"txt":"","url":"http://img.caixin.com/2018-05-04/1525438179772045_145_97.jpg"}],"num":1},"desc":"银保监会发布偿二代二期工程路线图和时间表"},{"cate":"100300001;100300177;101255216","comm":{"aid":"100","tid":"101255216"},"edit":{"head":"","link":"","name":"驻香港记者 尉奕阳","rank":"","desc":""},"link":"http://finance.caixin.com/2018-05-24/101255216.html","nid":101255216,"subDesc":"要闻","video":"","type":0,"tags":[],"audioUrl":"http://audio.caixin.com/caixin/216/101255216.mp3","form":null,"summ":"港交所行政总裁李小加表示，生物科技公司股价波动大，内幕交易风险高，不适合不熟悉相关行业的中小散户投资","freeDuration":"0","freeTime":"","channelDesc":"金融频道","time":"2018-05-24 07:34:34","attr":5,"channelId":125,"pict":{"imgs":[{"txt":"","url":"http://img.caixin.com/2018-01-26/1516925569192056_145_97.jpg"}],"num":1},"desc":"港交所提醒散户 勿盲目投资生物科技公司"},{"cate":"100300001;100300177;101255110","comm":{"aid":"100","tid":"101255110"},"edit":{"head":"","link":"","name":"记者 刘彩萍","rank":"","desc":""},"link":"http://finance.caixin.com/2018-05-23/101255110.html","nid":101255110,"subDesc":"要闻","video":"","type":0,"tags":[],"audioUrl":"http://audio.caixin.com/caixin/110/101255110.mp3","form":null,"summ":"证监会引入16名专家成立证监会科技监管专家咨询委员会，旨在提高科技监管水平；与新经济试点企业A股上市评审团不可混为一谈","freeDuration":"0","freeTime":"","channelDesc":"金融频道","time":"2018-05-23 21:52:17","attr":5,"channelId":125,"pict":{"imgs":[{"txt":"","url":"http://img.caixin.com/2018-05-04/1525445523195960_145_97.jpg"}],"num":1},"desc":"证监会引入16名专家辅助科技监管"},{"cate":"100300001;100300177;101254986","comm":{"aid":"100","tid":"101254986"},"edit":{"head":"","link":"","name":"记者 王婧","rank":"","desc":""},"link":"http://finance.caixin.com/2018-05-23/101254986.html","nid":101254986,"subDesc":"要闻","video":"","type":0,"tags":[],"audioUrl":"http://audio.caixin.com/caixin/986/101254986.mp3","form":null,"summ":"工业富联IPO最终没有降低融资规模，而是通过引入战略投资者和大面积锁定的发行方式，降低对资本市场的“抽血效应”","freeDuration":"0","freeTime":"","channelDesc":"金融频道","time":"2018-05-23 18:41:44","attr":5,"channelId":125,"pict":{"imgs":[{"txt":"","url":"http://img.caixin.com/2018-05-23/1527072634713388_145_97.jpg"}],"num":1},"desc":"富士康战略配售或成样板 IPO融资未“缩水”"},{"cate":"100300001;100300177;101254941","comm":{"aid":"100","tid":"101254941"},"edit":{"head":"","link":"","name":"记者 王力为","rank":"","desc":""},"link":"http://finance.caixin.com/2018-05-23/101254941.html","nid":101254941,"subDesc":"要闻","video":"","type":0,"tags":[],"audioUrl":"http://audio.caixin.com/caixin/941/101254941.mp3","form":null,"summ":"摩根大通预计中国独角兽公司总估值突破万亿美元，香港作为上市地受欢迎度显著提高，A股IPO的吸引力仍稍有欠缺","freeDuration":"12","freeTime":"","channelDesc":"金融频道","time":"2018-05-23 17:26:12","attr":5,"channelId":125,"pict":{"imgs":[{"txt":"","url":"http://img.caixin.com/2018-05-23/1527068052176185_145_97.jpg"}],"num":1},"desc":"摩根大通高管：中国科技股上市 美港两地受欢迎度逆转"},{"cate":"100300001;100300177;101254851","comm":{"aid":"100","tid":"101254851"},"edit":{"head":"","link":"","name":"记者 黎柳茜","rank":"","desc":""},"link":"http://finance.caixin.com/2018-05-23/101254851.html","nid":101254851,"subDesc":"要闻","video":"","type":0,"tags":[],"audioUrl":"http://audio.caixin.com/caixin/851/101254851.mp3","form":{"txt":"证券基金","url":"http://finance.caixin.com/stock/"},"summ":"*ST昆机为A+H股上市，自2017年港股停牌后，该公司正努力达成港交所提出的复牌要求。但公司持续经营能力面临重大挑战","freeDuration":"0","freeTime":"","channelDesc":"金融频道","time":"2018-05-23 15:02:42","attr":5,"channelId":125,"pict":{"imgs":[{"txt":"","url":"http://img.caixin.com/2018-05-23/1527059094199068_145_97.jpg"}],"num":1},"desc":"力争H股复牌 昆明机床变卖资产继续挣扎"},{"cate":"100300001;100300177;101254704","comm":{"aid":"100","tid":"101254704"},"edit":{"head":"","link":"","name":"记者 杨巧伶","rank":"","desc":""},"link":"http://finance.caixin.com/2018-05-23/101254704.html","nid":101254704,"subDesc":"要闻","video":"","type":0,"tags":[],"audioUrl":"http://audio.caixin.com/caixin/704/101254704.mp3","form":null,"summ":"包括中信信托在内的四家信托公司对中国青旅实业旗下子公司北京黄金的贷款均已出现实质违约。另有银行、财险公司等多家金融机构对北京黄金的贷款亦出现违约","freeDuration":"0","freeTime":"","channelDesc":"金融频道","time":"2018-05-23 10:49:02","attr":5,"channelId":125,"pict":{"imgs":[{"txt":"","url":"http://img.caixin.com/2018-05-23/1527044175725975_145_97.jpg"}],"num":1},"desc":"多家金融机构踩雷中国青旅实业  因子公司项目违约"},{"cate":"100300001;100300177;101254540","comm":{"aid":"100","tid":"101254540"},"edit":{"head":"","link":"","name":"记者 朱亮韬","rank":"","desc":""},"link":"http://finance.caixin.com/2018-05-23/101254540.html","nid":101254540,"subDesc":"要闻","video":"","type":0,"tags":[],"audioUrl":"http://audio.caixin.com/caixin/540/101254540.mp3","form":null,"summ":"因多项财务指标触发退市规则，两公司成2018年首批强制退市上市公司。上交所表示，将严格执行退市制度，对触及退市条件的公司“有一家退一家”","freeDuration":"24","freeTime":"","channelDesc":"金融频道","time":"2018-05-23 07:15:15","attr":5,"channelId":125,"pict":{"imgs":[{"txt":"","url":"http://img.caixin.com/2017-12-01/1512126177604747_145_97.jpg"}],"num":1},"desc":"强制退市又添两例  *ST吉恩、*ST昆机红牌罚下"},{"cate":"100300001;100300177;101254536","comm":{"aid":"100","tid":"101254536"},"edit":{"head":"","link":"","name":"记者 朱亮韬","rank":"","desc":""},"link":"http://finance.caixin.com/2018-05-23/101254536.html","nid":101254536,"subDesc":"要闻","video":"","type":0,"tags":[],"audioUrl":"http://audio.caixin.com/caixin/536/101254536.mp3","form":null,"summ":"该网是证监会服务中小投资者的公益性平台，主要定位于宣传资本市场政策、开展投资者教育工作、提供资讯查询等","freeDuration":"48","freeTime":"","channelDesc":"金融频道","time":"2018-05-23 07:10:17","attr":5,"channelId":125,"pict":{"imgs":[{"txt":"","url":"http://img.caixin.com/2018-04-03/1522752486844148_145_97.jpg"}],"num":1},"desc":"“中国投资者网”开通运行 定位线上投资者服务平台"},{"cate":"100300001;100300177;101254200","comm":{"aid":"100","tid":"101254200"},"edit":{"head":"","link":"","name":"记者 彭骎骎","rank":"","desc":""},"link":"http://finance.caixin.com/2018-05-22/101254200.html","nid":101254200,"subDesc":"要闻","video":"","type":0,"tags":[],"audioUrl":"http://audio.caixin.com/caixin/200/101254200.mp3","form":null,"summ":"这是三个月来工行第二次被美国监管部门指出可疑交易报告制度缺陷；工银金融处理大量低价股交易，却未及时发现和上报可疑交易","freeDuration":"0","freeTime":"","channelDesc":"金融频道","time":"2018-05-22 15:28:26","attr":5,"channelId":125,"pict":{"imgs":[{"txt":"","url":"http://img.caixin.com/2018-05-22/1526974737407725_145_97.jpg"}],"num":1},"desc":"报告可疑交易不力 工行在美被罚616万美元"},{"cate":"100300001;100300177;101254139","comm":{"aid":"100","tid":"101254139"},"edit":{"head":"","link":"","name":"记者 刘彩萍","rank":"","desc":""},"link":"http://finance.caixin.com/2018-05-22/101254139.html","nid":101254139,"subDesc":"要闻","video":"","type":0,"tags":[],"audioUrl":"http://audio.caixin.com/caixin/139/101254139.mp3","form":null,"summ":"在*ST华泽恢复上市的业务中，国信证券出具的保荐书和资产重组报告书存在虚假记载和重大遗漏，被证监会罚没2800万元","freeDuration":"0","freeTime":"","channelDesc":"金融频道","time":"2018-05-22 13:49:18","attr":5,"channelId":125,"pict":{"imgs":[{"txt":"","url":"http://img.caixin.com/2018-05-22/1526968437332660_145_97.jpg"}],"num":1},"desc":"国信证券保荐踩雷*ST华泽 证监会罚没2800万元"},{"cate":"100300001;100300177;101254021","comm":{"aid":"100","tid":"101254021"},"edit":{"head":"","link":"","name":"记者 吴红毓然","rank":"","desc":""},"link":"http://finance.caixin.com/2018-05-22/101254021.html","nid":101254021,"subDesc":"要闻","video":"","type":0,"tags":[],"audioUrl":"http://audio.caixin.com/caixin/021/101254021.mp3","form":null,"summ":"包括有序处置债券违约风险、着力防范房地产泡沫引发金融风险、清理整顿影子银行等；并将整顿六大金融秩序","freeDuration":"0","freeTime":"","channelDesc":"金融频道","time":"2018-05-22 10:21:30","attr":5,"channelId":125,"pict":{"imgs":[{"txt":"","url":"http://img.caixin.com/2018-04-19/1524098601147530_145_97.jpg"}],"num":1},"desc":"“十三五”金融规划部署处置七大突出风险点"},{"cate":"100300001;100300177;101253989","comm":{"aid":"100","tid":"101253989"},"edit":{"head":"","link":"","name":"记者 吴红毓然","rank":"","desc":""},"link":"http://finance.caixin.com/2018-05-22/101253989.html","nid":101253989,"subDesc":"要闻","video":"","type":0,"tags":[],"audioUrl":"","form":null,"summ":"严格限制和规范金融机构多牌照经营，将产融结合纳入金融监管，明确金融控股公司的法律地位和监管主体","freeDuration":"0","freeTime":"","channelDesc":"金融频道","time":"2018-05-22 09:43:19","attr":5,"channelId":125,"pict":{"imgs":[{"txt":"","url":"http://img.caixin.com/2017-10-18/1508315227627352_145_97.jpg"}],"num":1},"desc":"“十三五”定纲：审慎有序进行金融综合经营试点"},{"cate":"100300001;100300177;101253787","comm":{"aid":"100","tid":"101253787"},"edit":{"head":"","link":"","name":"见习记者 屈慧","rank":"","desc":""},"link":"http://finance.caixin.com/2018-05-21/101253787.html","nid":101253787,"subDesc":"要闻","video":"","type":0,"tags":[],"audioUrl":"http://audio.caixin.com/caixin/787/101253787.mp3","form":null,"summ":"据港交所披露，截至5月17日，前海人寿以及钜盛华自持的万科股份数量未变","freeDuration":"0","freeTime":"","channelDesc":"金融频道","time":"2018-05-21 20:18:45","attr":5,"channelId":125,"pict":{"imgs":[{"txt":"","url":"http://img.caixin.com/2017-12-21/1513852588018752_145_97.jpg"}],"num":1},"desc":"宝能清盘3个资管计划 减持万科套现82亿元"},{"cate":"100300001;100300177;101253698","comm":{"aid":"100","tid":"101253698"},"edit":{"head":"","link":"","name":"记者 陈曦","rank":"","desc":""},"link":"http://finance.caixin.com/2018-05-21/101253698.html","nid":101253698,"subDesc":"要闻","video":"","type":0,"tags":[],"audioUrl":"http://audio.caixin.com/caixin/698/101253698.mp3","form":null,"summ":"东方园林5月21日发布公告称，该公司原本计划首期发行规模不超过10亿元的公司债券，最终发行规模仅5000万元","freeDuration":"3","freeTime":"","channelDesc":"金融频道","time":"2018-05-21 17:55:33","attr":5,"channelId":125,"pict":{"imgs":[{"txt":"","url":"http://img.caixin.com/2018-05-21/1526899375137329_145_97.jpg"}],"num":1},"desc":"拟发债10亿实得5000万 东方园林大跌4.01%"},{"cate":"100300001;100300177;101253596","comm":{"aid":"100","tid":"101253596"},"edit":{"head":"","link":"","name":"记者 吴雨俭","rank":"","desc":""},"link":"http://finance.caixin.com/2018-05-21/101253596.html","nid":101253596,"subDesc":"要闻","video":"","type":0,"tags":[],"audioUrl":"http://audio.caixin.com/caixin/596/101253596.mp3","form":null,"summ":"除发展监管科技，霍学文认为要用人民战争的思想发动所有人，做到“卖者尽责，买者自负”；发展金融科技应识别信用风险、合规风险等五大风险","freeDuration":"6","freeTime":"","channelDesc":"金融频道","time":"2018-05-21 15:50:11","attr":5,"channelId":125,"pict":{"imgs":[{"txt":"","url":"http://img.caixin.com/2018-05-21/1526889320392620_145_97.jpg"}],"num":1},"desc":"霍学文：地方需通过技术手段加强金融监管"},{"cate":"100300001;100300177;101253426","comm":{"aid":"100","tid":"101253426"},"edit":{"head":"","link":"","name":"驻香港实习记者 文思敏 驻香港记者 刘雁菲","rank":"","desc":""},"link":"http://finance.caixin.com/2018-05-21/101253426.html","nid":101253426,"subDesc":"要闻","video":"","type":0,"tags":[],"audioUrl":"http://audio.caixin.com/caixin/426/101253426.mp3","form":null,"summ":"希望未来通过“ETF通”投资境外市场；相较于其他主要资本市场，中国的ETF发展仍处于初级阶段","freeDuration":"0","freeTime":"","channelDesc":"金融频道","time":"2018-05-21 10:58:45","attr":5,"channelId":125,"pict":{"imgs":[{"txt":"","url":"http://img.caixin.com/2018-04-23/1524479931315342_145_97.jpg"}],"num":1},"desc":"调查：近九成内地专业投资者有意投资香港ETF"},{"cate":"100300001;100300177;101253398","comm":{"aid":"100","tid":"101253398"},"edit":{"head":"","link":"","name":"见习记者 冷澄","rank":"","desc":""},"link":"http://finance.caixin.com/2018-05-21/101253398.html","nid":101253398,"subDesc":"要闻","video":"","type":0,"tags":[],"audioUrl":"http://audio.caixin.com/caixin/398/101253398.mp3","form":null,"summ":"史蒂文·乔博作为澳大利亚八个月来第一位部长级官员访华，旨在修复双边经贸关系。过去一年间，两国因澳方的保护主义倾向和措施而产生龃龉","freeDuration":"0","freeTime":"","channelDesc":"金融频道","time":"2018-05-21 10:34:53","attr":5,"channelId":125,"pict":{"imgs":[{"txt":"","url":"http://img.caixin.com/2017-08-17/1502929275994214_145_97.jpg"}],"num":1},"desc":"专访澳大利亚贸易部长：无意限制中国对澳投资"},{"cate":"100300001;100300177;101253302","comm":{"aid":"100","tid":"101253302"},"edit":{"head":"","link":"","name":"记者 朱亮韬","rank":"","desc":""},"link":"http://finance.caixin.com/2018-05-21/101253302.html","nid":101253302,"subDesc":"要闻","video":"","type":0,"tags":[],"audioUrl":"http://audio.caixin.com/caixin/302/101253302.mp3","form":null,"summ":"中国私募基金的资金来源中，来自各类养老金、社会公益基金、保险基金、主权财富基金等长期配置资金的比例不足1%。而这一比例在美国超过40%","freeDuration":"24","freeTime":"","channelDesc":"金融频道","time":"2018-05-21 08:57:01","attr":5,"channelId":125,"pict":{"imgs":[{"txt":"","url":"http://img.caixin.com/2017-06-23/1498196160974073_145_97.jpg"}],"num":1},"desc":"长期配置资金从何而来？洪磊指向银行理财和养老金"},{"cate":"100300001;100300177;101253154","comm":{"aid":"100","tid":"101253154"},"edit":{"head":"","link":"","name":"记者 韩祎","rank":"","desc":""},"link":"http://finance.caixin.com/2018-05-20/101253154.html","nid":101253154,"subDesc":"要闻","video":"","type":0,"tags":[],"audioUrl":"http://audio.caixin.com/caixin/154/101253154.mp3","form":null,"summ":"最大的挑战是风险的叠加效应和交叉感染","freeDuration":"24","freeTime":"","channelDesc":"金融频道","time":"2018-05-20 22:55:29","attr":5,"channelId":125,"pict":{"imgs":[{"txt":"","url":"http://img.caixin.com/2018-05-20/1526828515769377_145_97.jpg"}],"num":1},"desc":"摩根大通李一：中国须防风险叠加和交叉感染"},{"cate":"100300001;100300177;101253142","comm":{"aid":"100","tid":"101253142"},"edit":{"head":"","link":"","name":"记者 王力为","rank":"","desc":""},"link":"http://finance.caixin.com/2018-05-20/101253142.html","nid":101253142,"subDesc":"要闻","video":"","type":0,"tags":[],"audioUrl":"http://audio.caixin.com/caixin/142/101253142.mp3","form":null,"summ":"中美经济总量接近但劳动生产率有巨大差距，这两个事实注定了中美之间的竞合关系；希望能看到通过很多举措引导中美进入良性竞争、建设性竞争的状态","freeDuration":"0","freeTime":"","channelDesc":"金融频道","time":"2018-05-20 22:01:09","attr":5,"channelId":125,"pict":{"imgs":[{"txt":"","url":"http://img.caixin.com/2018-05-20/1526825208242336_145_97.jpg"}],"num":1},"desc":"祁斌：希望外资机构在华成功 中美进入良性竞争"},{"cate":"100300001;100300177;101253073","comm":{"aid":"100","tid":"101253073"},"edit":{"head":"","link":"","name":"记者 韩祎","rank":"","desc":""},"link":"http://finance.caixin.com/2018-05-20/101253073.html","nid":101253073,"subDesc":"要闻","video":"","type":0,"tags":[],"audioUrl":"http://audio.caixin.com/caixin/073/101253073.mp3","form":null,"summ":"中国国内的ABS在产品形态、评级的透明度和科学性、定价精准性方面，都有待加强；近期上交所等部门的新政策也旨在完善ABS市场基础建设","freeDuration":"24","freeTime":"","channelDesc":"金融频道","time":"2018-05-20 14:28:35","attr":5,"channelId":125,"pict":{"imgs":[{"txt":"","url":"http://img.caixin.com/2018-05-20/1526798093019880_145_97.jpg"}],"num":1},"desc":"学者李祥林：ABS评级应更加透明"},{"cate":"100300001;100300177;101253032","comm":{"aid":"100","tid":"101253032"},"edit":{"head":"","link":"","name":"记者 黎柳茜","rank":"","desc":""},"link":"http://finance.caixin.com/2018-05-20/101253032.html","nid":101253032,"subDesc":"要闻","video":"","type":0,"tags":[],"audioUrl":"http://audio.caixin.com/caixin/032/101253032.mp3","form":null,"summ":"控股股东金龙集团质押的部分股票触及平仓线，质权人包括华融证券股份有限公司、东证融汇证券资产管理有限公司、民生银行温州分行和浙商银行温州乐清支行","freeDuration":"0","freeTime":"","channelDesc":"金融频道","time":"2018-05-20 10:40:59","attr":5,"channelId":125,"pict":{"imgs":[{"txt":"","url":"http://img.caixin.com/2018-05-02/1525226733599879_145_97.jpg"}],"num":1},"desc":"连续四天跌停 金龙机电控股股东存平仓风险"},{"cate":"100300001;100300177;101252965","comm":{"aid":"100","tid":"101252965"},"edit":{"head":"","link":"","name":"记者 王力为","rank":"","desc":""},"link":"http://finance.caixin.com/2018-05-19/101252965.html","nid":101252965,"subDesc":"要闻","video":"","type":0,"tags":[{"txt":"2018清华五道口全球金融论坛","url":"http://tag.caixin.com/tag/2018%E6%B8%85%E5%8D%8E%E4%BA%94%E9%81%93%E5%8F%A3%E5%85%A8%E7%90%83%E9%87%91%E8%9E%8D%E8%AE%BA%E5%9D%9B"}],"audioUrl":"http://audio.caixin.com/caixin/965/101252965.mp3","form":null,"summ":"在“技术提升效率”与“冲击造成不稳定”之间权衡取舍，就决定了包括中国在内的全球经济体系变革的基本方向","freeDuration":"0","freeTime":"","channelDesc":"金融频道","time":"2018-05-19 22:45:39","attr":5,"channelId":125,"pict":{"imgs":[{"txt":"","url":"http://img.caixin.com/2018-05-19/1526742430987790_145_97.jpg"}],"num":1},"desc":"陆磊：数字技术对金融业构成系统性冲击"},{"cate":"100300001;100300177;101252951","comm":{"aid":"100","tid":"101252951"},"edit":{"head":"","link":"","name":"记者 王力为","rank":"","desc":""},"link":"http://finance.caixin.com/2018-05-19/101252951.html","nid":101252951,"subDesc":"要闻","video":"","type":0,"tags":[{"txt":"2018清华五道口全球金融论坛","url":"http://tag.caixin.com/tag/2018%E6%B8%85%E5%8D%8E%E4%BA%94%E9%81%93%E5%8F%A3%E5%85%A8%E7%90%83%E9%87%91%E8%9E%8D%E8%AE%BA%E5%9D%9B"}],"audioUrl":"http://audio.caixin.com/caixin/951/101252951.mp3","form":null,"summ":"在划定边界的调控规则的制定中，用0-1、黑白式或者台阶式的思维，是比较容易描述的；但是如果从调控、实现系统稳定性的角度，使用连续性函数的办法更容易实现","freeDuration":"0","freeTime":"","channelDesc":"金融频道","time":"2018-05-19 21:32:46","attr":5,"channelId":125,"pict":{"imgs":[{"txt":"","url":"http://img.caixin.com/2018-05-19/1526739140935557_145_97.jpg"}],"num":1},"desc":"周小川：使用连续函数思维有助减少政策扯皮"},{"cate":"100300001;100300177;101252867","comm":{"aid":"100","tid":"101252867"},"edit":{"head":"","link":"","name":"记者 杨巧伶","rank":"","desc":""},"link":"http://finance.caixin.com/2018-05-19/101252867.html","nid":101252867,"subDesc":"要闻","video":"","type":0,"tags":[{"txt":"2018清华五道口全球金融论坛","url":"http://tag.caixin.com/tag/2018%E6%B8%85%E5%8D%8E%E4%BA%94%E9%81%93%E5%8F%A3%E5%85%A8%E7%90%83%E9%87%91%E8%9E%8D%E8%AE%BA%E5%9D%9B"}],"audioUrl":"http://audio.caixin.com/caixin/867/101252867.mp3","form":null,"summ":"加强防范互联网交易风险，处理好发展和监管的关系；加大对互联网金融市场的监管，把监管资源向发现风险、防范风险、处置风险倾斜；发挥科技监管科技的作用，精准监管","freeDuration":"12","freeTime":"","channelDesc":"金融频道","time":"2018-05-19 15:59:27","attr":5,"channelId":125,"pict":{"imgs":[{"txt":"","url":"http://img.caixin.com/2018-05-19/1526718429243410_145_97.jpg"}],"num":1},"desc":"周延礼：参与互联网金融活动的机构要持牌经营"},{"cate":"100300001;100300177;101252860","comm":{"aid":"100","tid":"101252860"},"edit":{"head":"","link":"","name":"记者 王力为","rank":"","desc":""},"link":"http://finance.caixin.com/2018-05-19/101252860.html","nid":101252860,"subDesc":"要闻","video":"","type":0,"tags":[{"txt":"2018清华五道口全球金融论坛","url":"http://tag.caixin.com/tag/2018%E6%B8%85%E5%8D%8E%E4%BA%94%E9%81%93%E5%8F%A3%E5%85%A8%E7%90%83%E9%87%91%E8%9E%8D%E8%AE%BA%E5%9D%9B"}],"audioUrl":"http://audio.caixin.com/caixin/860/101252860.mp3","form":null,"summ":"中国近年在处理汇率问题上，就采用了条件概率的表达法，不把小概率当作未知的东西，而是描述小概率会怎样变化，一些小概率时间是否会撞车，变成中概率、大概率","freeDuration":"3","freeTime":"","channelDesc":"金融频道","time":"2018-05-19 15:54:05","attr":5,"channelId":125,"pict":{"imgs":[{"txt":"","url":"http://img.caixin.com/2018-05-19/1526717859338329_145_97.jpg"}],"num":1},"desc":"周小川：寻因金融危机 常见的单维度分析有所不足"},{"cate":"100300001;100300177;101252847","comm":{"aid":"100","tid":"101252847"},"edit":{"head":"","link":"","name":"记者 董兢","rank":"","desc":""},"link":"http://finance.caixin.com/2018-05-19/101252847.html","nid":101252847,"subDesc":"要闻","video":"","type":0,"tags":[{"txt":"2018清华五道口全球金融论坛","url":"http://tag.caixin.com/tag/2018%E6%B8%85%E5%8D%8E%E4%BA%94%E9%81%93%E5%8F%A3%E5%85%A8%E7%90%83%E9%87%91%E8%9E%8D%E8%AE%BA%E5%9D%9B"}],"audioUrl":"http://audio.caixin.com/caixin/847/101252847.mp3","form":null,"summ":"中国只有放开市场，才能建立起一套现代的监管体制，否则一切都是空中楼阁","freeDuration":"3","freeTime":"","channelDesc":"金融频道","time":"2018-05-19 15:30:06","attr":5,"channelId":125,"pict":{"imgs":[{"txt":"","url":"http://img.caixin.com/2018-05-19/1526718041252466_145_97.jpg"}],"num":1},"desc":"朱民：中国金融市场国际化程度严重落后"},{"cate":"100300001;100300177;101252802","comm":{"aid":"100","tid":"101252802"},"edit":{"head":"","link":"","name":"记者 杨巧伶","rank":"","desc":""},"link":"http://finance.caixin.com/2018-05-19/101252802.html","nid":101252802,"subDesc":"要闻","video":"","type":0,"tags":[{"txt":"2018清华五道口全球金融论坛","url":"http://tag.caixin.com/tag/2018%E6%B8%85%E5%8D%8E%E4%BA%94%E9%81%93%E5%8F%A3%E5%85%A8%E7%90%83%E9%87%91%E8%9E%8D%E8%AE%BA%E5%9D%9B"}],"audioUrl":"http://audio.caixin.com/caixin/802/101252802.mp3","form":null,"summ":"对外开放不是毫无管理、敞开大门，而是以配套机制和制度建设来取代数量性的限制；要保持整治银行保险乱象的高压态势，扎紧制度笼子，防止野蛮生长，为对外开放保驾护航","freeDuration":"3","freeTime":"","channelDesc":"金融频道","time":"2018-05-19 13:54:49","attr":5,"channelId":125,"pict":{"imgs":[{"txt":"","url":"http://img.caixin.com/2018-05-19/1526717795399434_145_97.jpg"}],"num":1},"desc":"陈文辉：金融业开放要引“活水”还要过滤“污水”"},{"cate":"100300001;100300177;101252797","comm":{"aid":"100","tid":"101252797"},"edit":{"head":"","link":"","name":"记者 董兢","rank":"","desc":""},"link":"http://finance.caixin.com/2018-05-19/101252797.html","nid":101252797,"subDesc":"要闻","video":"","type":0,"tags":[{"txt":"2018清华五道口全球金融论坛","url":"http://tag.caixin.com/tag/2018%E6%B8%85%E5%8D%8E%E4%BA%94%E9%81%93%E5%8F%A3%E5%85%A8%E7%90%83%E9%87%91%E8%9E%8D%E8%AE%BA%E5%9D%9B"}],"audioUrl":"http://audio.caixin.com/caixin/797/101252797.mp3","form":null,"summ":"在新旧动能转换的时代，中国的金融业能否在降杠杆和化解风险中稳步前行？在创新与公司治理不相协调之际，进一步打开大门能否保持中国金融业的竞争力？","freeDuration":"12","freeTime":"","channelDesc":"金融频道","time":"2018-05-19 13:42:34","attr":5,"channelId":125,"pict":{"imgs":[{"txt":"","url":"http://img.caixin.com/2018-05-19/1526717949343120_145_97.jpg"}],"num":1},"desc":"吴晓灵：合理有序开放金融业带来繁荣 反之是危机"},{"cate":"100300001;100300177;101252778","comm":{"aid":"100","tid":"101252778"},"edit":{"head":"","link":"","name":"记者 刘彩萍","rank":"","desc":""},"link":"http://finance.caixin.com/2018-05-19/101252778.html","nid":101252778,"subDesc":"要闻","video":"","type":0,"tags":[],"audioUrl":"http://audio.caixin.com/caixin/778/101252778.mp3","form":null,"summ":"证监会否认提高了拟IPO的盈利要求，解释了企业上会被否的原因集中在经营不合规、内控缺陷、会计基础工作不规范等方面","freeDuration":"48","freeTime":"","channelDesc":"金融频道","time":"2018-05-19 13:19:37","attr":5,"channelId":125,"pict":{"imgs":[{"txt":"","url":"http://img.caixin.com/2018-05-19/1526708338786632_145_97.jpg"}],"num":1},"desc":"IPO盈利要求提高？企业内控缺陷才是绊脚石"},{"cate":"100300001;100300177;101252683","comm":{"aid":"100","tid":"101252683"},"edit":{"head":"","link":"","name":"记者 董兢","rank":"","desc":""},"link":"http://finance.caixin.com/2018-05-19/101252683.html","nid":101252683,"subDesc":"要闻","video":"","type":0,"tags":[],"audioUrl":"http://audio.caixin.com/caixin/683/101252683.mp3","form":null,"summ":"中资企业通过旗下境外企业或分支机构在境外举借债务，也应到国家发改委备案","freeDuration":"0","freeTime":"","channelDesc":"金融频道","time":"2018-05-19 09:50:52","attr":5,"channelId":125,"pict":{"imgs":[{"txt":"","url":"http://img.caixin.com/2018-05-19/1526695519637379_145_97.jpg"}],"num":1},"desc":"发外债不备案 八家企业及中介被发改委约谈"},{"cate":"100300001;100300177;101252635","comm":{"aid":"100","tid":"101252635"},"edit":{"head":"","link":"","name":"记者 董兢","rank":"","desc":""},"link":"http://finance.caixin.com/2018-05-19/101252635.html","nid":101252635,"subDesc":"要闻","video":"","type":0,"tags":[],"audioUrl":"http://audio.caixin.com/caixin/635/101252635.mp3","form":null,"summ":"证监会表示已提醒相关部门、交易所做好风险排查、预警、监测与研判，并对已经发生的违约事件做好风险处置和相关日常监管","freeDuration":"12","freeTime":"","channelDesc":"金融频道","time":"2018-05-19 08:19:20","attr":5,"channelId":125,"pict":{"imgs":[{"txt":"","url":"http://img.caixin.com/2018-05-05/1525479294000333_145_97.jpg"}],"num":1},"desc":"证监会关注债市：正在摸排风险事件"},{"cate":"100300001;100300177;101252561","comm":{"aid":"100","tid":"101252561"},"edit":{"head":"","link":"","name":"记者 刘彩萍","rank":"","desc":""},"link":"http://finance.caixin.com/2018-05-18/101252561.html","nid":101252561,"subDesc":"要闻","video":"","type":0,"tags":[],"audioUrl":"","form":null,"summ":"两家私募机构集中6个资管产品筹集的资金，利用资金优势，通过沪港通跨境配合操纵，交易金额近33亿元，非法获利超过2000万元","freeDuration":"0","freeTime":"","channelDesc":"金融频道","time":"2018-05-18 22:57:48","attr":5,"channelId":125,"pict":{"imgs":[{"txt":"","url":"http://img.caixin.com/2017-02-22/1487722144227952_145_97.jpg"}],"num":1},"desc":"私募跨境操纵4只股票交易33亿元 被证监查获"},{"cate":"100300001;100300177;101252079","comm":{"aid":"100","tid":"101252079"},"edit":{"head":"","link":"","name":"驻香港记者 尉奕阳","rank":"","desc":""},"link":"http://finance.caixin.com/2018-05-18/101252079.html","nid":101252079,"subDesc":"要闻","video":"","type":0,"tags":[],"audioUrl":"http://audio.caixin.com/caixin/079/101252079.mp3","form":null,"summ":"这是香港证监会从2017年10月宣布严查上市保荐人工作后，第二次对保荐人作出处分决定，同时创下已确认处罚金额的最高纪录","freeDuration":"0","freeTime":"","channelDesc":"金融频道","time":"2018-05-18 10:48:07","attr":5,"channelId":125,"pict":{"imgs":[{"txt":"","url":"http://img.caixin.com/2018-05-18/1526611831445922_145_97.jpg"}],"num":1},"desc":"花旗保荐IPO失职 香港证监重罚5700万港元"},{"cate":"100300001;100300177;101251876","comm":{"aid":"100","tid":"101251876"},"edit":{"head":"","link":"","name":"驻香港记者 尉奕阳","rank":"","desc":""},"link":"http://finance.caixin.com/2018-05-18/101251876.html","nid":101251876,"subDesc":"要闻","video":"","type":0,"tags":[],"audioUrl":"http://audio.caixin.com/caixin/876/101251876.mp3","form":null,"summ":"海底捞计划将此次IPO募集资金的60%用于扩张门店，继续着力拓展二线与三线及以下城市市场","freeDuration":"0","freeTime":"","channelDesc":"金融频道","time":"2018-05-18 07:56:40","attr":5,"channelId":125,"pict":{"imgs":[{"txt":"","url":"http://img.caixin.com/2018-05-18/1526601999415066_145_97.jpg"}],"num":1},"desc":"海底捞赴港IPO 去年收入106亿"},{"cate":"100300001;100300177;101251791","comm":{"aid":"100","tid":"101251791"},"edit":{"head":"","link":"","name":"记者 董兢","rank":"","desc":""},"link":"http://finance.caixin.com/2018-05-18/101251791.html","nid":101251791,"subDesc":"要闻","video":"","type":0,"tags":[],"audioUrl":"http://audio.caixin.com/caixin/791/101251791.mp3","form":null,"summ":"境外发债严禁涉及与地方政府信用挂钩的虚假陈述、误导性宣传；预计对金融机构、城投公司、房地产企业等境外债券发行主力的影响较大","freeDuration":"0","freeTime":"","channelDesc":"金融频道","time":"2018-05-18 07:00:00","attr":5,"channelId":125,"pict":{"imgs":[{"txt":"","url":"http://img.caixin.com/2017-05-10/1494420794283429_145_97.jpg"}],"num":1},"desc":"中资企业海外发债放量 两部门警示外债风险"},{"cate":"100300001;100300177;101251754","comm":{"aid":"100","tid":"101251754"},"edit":{"head":"","link":"","name":"记者 彭骎骎","rank":"","desc":""},"link":"http://finance.caixin.com/2018-05-17/101251754.html","nid":101251754,"subDesc":"要闻","video":"","type":0,"tags":[],"audioUrl":"http://audio.caixin.com/caixin/754/101251754.mp3","form":null,"summ":"企业套期保值不再强制要求单证审核；明确企业借外债、境外机构参与境内证券市场皆可在境内外汇衍生品市场套期保值；这对于外汇市场培育有重大意义，对银行合规和监管提出了新要求","freeDuration":"0","freeTime":"","channelDesc":"金融频道","time":"2018-05-17 21:06:04","attr":5,"channelId":125,"pict":{"imgs":[{"txt":"","url":"http://img.caixin.com/2017-09-14/1505359133267736_145_97.jpg"}],"num":1},"desc":"外汇局重新解释实需原则  将提升汇市广度深度"},{"cate":"100300001;100300177;101251261","comm":{"aid":"100","tid":"101251261"},"edit":{"head":"","link":"","name":"记者 张立君","rank":"","desc":""},"link":"http://finance.caixin.com/2018-05-17/101251261.html","nid":101251261,"subDesc":"要闻","video":"","type":0,"tags":[],"audioUrl":"http://audio.caixin.com/caixin/261/101251261.mp3","form":null,"summ":"证监会为私募参与场外期权业务保留了一定空间，但资质要求更高，现有不达标产品一律不得存续。小型私募和监管评级A以下的小券商将彻底无缘场外期权业务，期权作为主策略的资管产品也将不复存在","freeDuration":"0","freeTime":"","channelDesc":"金融频道","time":"2018-05-17 15:00:00","attr":5,"channelId":125,"pict":{"imgs":[{"txt":"","url":"http://img.caixin.com/2018-05-17/1526520352341542_145_97.jpg"}],"num":1},"desc":"期权新规厉声提门槛 中小机构哀叹失资质"},{"cate":"100300001;100300177;101251337","comm":{"aid":"100","tid":"101251337"},"edit":{"head":"","link":"","name":"记者 武晓蒙","rank":"","desc":""},"link":"http://finance.caixin.com/2018-05-17/101251337.html","nid":101251337,"subDesc":"要闻","video":"","type":0,"tags":[],"audioUrl":"","form":null,"summ":"核心影子银行增速放缓，银行贷款的增加不能完全弥补影子信贷的减少，部分企业转向境外融资市场","freeDuration":"48","freeTime":"","channelDesc":"金融频道","time":"2018-05-17 10:24:38","attr":5,"channelId":125,"pict":{"imgs":[{"txt":"","url":"http://img.caixin.com/2018-05-17/1526524238672169_145_97.jpg"}],"num":1},"desc":"穆迪：国内融资收紧 非金融企业美元债同比增50%"},{"cate":"100300001;100300177;101251294","comm":{"aid":"100","tid":"101251294"},"edit":{"head":"","link":"","name":"记者 郑丽纯 季天琴","rank":"","desc":""},"link":"http://finance.caixin.com/2018-05-17/101251294.html","nid":101251294,"subDesc":"要闻","video":"","type":0,"tags":[],"audioUrl":"http://audio.caixin.com/caixin/294/101251294.mp3","form":null,"summ":"涉案关键人物均否认同谋侵占平安银行利益，自称为合理职务行为。但检方认为被告已经构成利益共同体，构成共谋","freeDuration":"0","freeTime":"","channelDesc":"金融频道","time":"2018-05-17 09:29:55","attr":5,"channelId":125,"pict":{"imgs":[{"txt":"","url":"http://img.caixin.com/2018-05-17/1526521386296440_145_97.jpg"}],"num":1},"desc":"独家|平安银行资管弊案被告集体翻供 检方指利益共同体"},{"cate":"100300001;100300177;101251273","comm":{"aid":"100","tid":"101251273"},"edit":{"head":"","link":"","name":"驻香港记者 尉奕阳","rank":"","desc":""},"link":"http://finance.caixin.com/2018-05-17/101251273.html","nid":101251273,"subDesc":"要闻","video":"","type":0,"tags":[],"audioUrl":"http://audio.caixin.com/caixin/273/101251273.mp3","form":null,"summ":"亚洲证金会行政总裁马克·奥斯汀表示，监管部门必须继续改革停牌政策，否则A股将不可能全面纳入MSCI指数体系","freeDuration":"0","freeTime":"","channelDesc":"金融频道","time":"2018-05-17 09:13:10","attr":5,"channelId":125,"pict":{"imgs":[{"txt":"","url":"http://img.caixin.com/2018-05-17/1526520062610831_145_97.jpg"}],"num":1},"desc":"亚洲证金会：停牌机制改革左右A股全面入摩步伐"},{"cate":"100300001;100300177;101250769","comm":{"aid":"100","tid":"101250769"},"edit":{"head":"","link":"","name":"记者 彭岩锋","rank":"","desc":""},"link":"http://finance.caixin.com/2018-05-16/101250769.html","nid":101250769,"subDesc":"要闻","video":"","type":0,"tags":[],"audioUrl":"http://audio.caixin.com/caixin/769/101250769.mp3","form":null,"summ":"截至5月11日，深交所已向上市公司发出2017年年报问询函近250份，累计关注问题超过3000个。其中，近130份问询函在官网公开，公开比例超50%","freeDuration":"0","freeTime":"","channelDesc":"金融频道","time":"2018-05-16 14:22:03","attr":5,"channelId":125,"pict":{"imgs":[{"txt":"","url":"http://img.caixin.com/2018-05-16/1526450491812438_145_97.jpg"}],"num":1},"desc":"深交所审查年报 发问询函近250份"},{"cate":"100300001;100300177;101250737","comm":{"aid":"100","tid":"101250737"},"edit":{"head":"","link":"","name":"记者 彭岩锋","rank":"","desc":""},"link":"http://finance.caixin.com/2018-05-16/101250737.html","nid":101250737,"subDesc":"要闻","video":"","type":0,"tags":[],"audioUrl":"http://audio.caixin.com/caixin/737/101250737.mp3","form":null,"summ":"为此次股权收购，中方进行了为期四个月的尽职调查，先后八次开展实地调研。达卡交易所代表团也曾三次来华考察","freeDuration":"0","freeTime":"","channelDesc":"金融频道","time":"2018-05-16 13:50:12","attr":5,"channelId":125,"pict":{"imgs":[{"txt":"","url":"http://img.caixin.com/2018-05-16/1526450681510066_145_97.jpg"}],"num":1},"desc":"深交所谈海外收购：获邀竞标 尽调四个月"},{"cate":"100300001;100300177;101250609","comm":{"aid":"100","tid":"101250609"},"edit":{"head":"","link":"","name":"记者 武晓蒙","rank":"","desc":""},"link":"http://finance.caixin.com/2018-05-16/101250609.html","nid":101250609,"subDesc":"要闻","video":"","type":0,"tags":[],"audioUrl":"http://audio.caixin.com/caixin/609/101250609.mp3","form":null,"summ":"今年1月1日开始执行的新金融工具准则，会导致上市银行资产减值准备增加，进而导致股东权益减少，但不会对未来的净利润产生很大影响","freeDuration":"0","freeTime":"","channelDesc":"金融频道","time":"2018-05-16 11:12:51","attr":5,"channelId":125,"pict":{"imgs":[{"txt":"","url":"http://img.caixin.com/2018-05-16/1526440895597165_145_97.jpg"}],"num":1},"desc":"安永：新金融工具准则不直接影响银行净利润"},{"cate":"100300001;100300177;101250481","comm":{"aid":"100","tid":"101250481"},"edit":{"head":"","link":"","name":"记者 朱亮韬","rank":"","desc":""},"link":"http://finance.caixin.com/2018-05-16/101250481.html","nid":101250481,"subDesc":"要闻","video":"","type":0,"tags":[],"audioUrl":"http://audio.caixin.com/caixin/481/101250481.mp3","form":null,"summ":"捷量公司通过不法手段获得多家保险公司的保单信息，随后指使公司业务员冒充上述保险公司客服，诱骗客户提前退保，购买该公司非法理财产品。嫌犯如保健品营销一样打亲情牌，中老年人占据受害者八成至九成","freeDuration":"24","freeTime":"","channelDesc":"金融频道","time":"2018-05-16 09:20:07","attr":5,"channelId":125,"pict":{"imgs":[{"txt":"","url":"http://img.caixin.com/2018-05-16/1526434013419818_145_97.jpg"}],"num":1},"desc":"上海破获“退保理财”非法集资案 受害者大多中老年"},{"cate":"100300001;100300177;101250131","comm":{"aid":"100","tid":"101250131"},"edit":{"head":"","link":"","name":"驻香港记者 尉奕阳","rank":"","desc":""},"link":"http://finance.caixin.com/2018-05-15/101250131.html","nid":101250131,"subDesc":"要闻","video":"","type":0,"tags":[],"audioUrl":"http://audio.caixin.com/caixin/131/101250131.mp3","form":null,"summ":"全球最大比特币矿机生产商之一，核心产品是“阿瓦隆”矿机，有望成为港股首家纯区块链概念股","freeDuration":"0","freeTime":"","channelDesc":"金融频道","time":"2018-05-15 17:19:56","attr":5,"channelId":125,"pict":{"imgs":[{"txt":"","url":"http://img.caixin.com/2018-02-07/1517996151527574_145_97.jpg"}],"num":1},"desc":"比特币矿机生产商嘉楠耘智申请赴港IPO"},{"cate":"100300001;100300177;101250091","comm":{"aid":"100","tid":"101250091"},"edit":{"head":"","link":"","name":"记者 任蕙兰","rank":"","desc":""},"link":"http://finance.caixin.com/2018-05-15/101250091.html","nid":101250091,"subDesc":"要闻","video":"","type":0,"tags":[],"audioUrl":"http://audio.caixin.com/caixin/091/101250091.mp3","form":null,"summ":"国债期货推出近五年，耀之资产从第一天就开始交易。该公司认为，该品种的出现，为机构投资者提供了更多的交易策略，对于债市投资风险管理的意义不可替代；期待更多国债期货品种上市和更多类型机构的参与","freeDuration":"0","freeTime":"","channelDesc":"金融频道","time":"2018-05-15 16:35:33","attr":5,"channelId":125,"pict":{"imgs":[{"txt":"","url":"http://img.caixin.com/2018-05-15/1526373563311389_145_97.jpg"}],"num":1},"desc":"机构谈国债期货五年实践：风险管理价值不可替代"},{"cate":"100300001;100300177;101249813","comm":{"aid":"100","tid":"101249813"},"edit":{"head":"","link":"","name":"记者 武晓蒙","rank":"","desc":""},"link":"http://finance.caixin.com/2018-05-15/101249813.html","nid":101249813,"subDesc":"要闻","video":"","type":0,"tags":[],"audioUrl":"http://audio.caixin.com/caixin/813/101249813.mp3","form":null,"summ":"封闭式产品拉长期限、提高收益率；定期开放式产品增加可选品种；现金类产品可实现“T+0”","freeDuration":"0","freeTime":"","channelDesc":"金融频道","time":"2018-05-15 11:16:40","attr":5,"channelId":125,"pict":{"imgs":[{"txt":"","url":"http://img.caixin.com/2018-05-15/1526354457780967_145_97.jpg"}],"num":1},"desc":"资管新规落地半个月 银行理财出啥新产品了？"},{"cate":"100300001;100300177;101249699","comm":{"aid":"100","tid":"101249699"},"edit":{"head":"","link":"","name":"记者 李明明 张榆","rank":"","desc":""},"link":"http://finance.caixin.com/2018-05-15/101249699.html","nid":101249699,"subDesc":"要闻","video":"","type":0,"tags":[],"audioUrl":"http://audio.caixin.com/caixin/699/101249699.mp3","form":null,"summ":"初始纳入因子占比2.5%，于6月1日开始正式生效；A股纳入MSCI带来的增量资金预计为87亿美元","freeDuration":"12","freeTime":"","channelDesc":"金融频道","time":"2018-05-15 09:29:18","attr":5,"channelId":125,"pict":{"imgs":[{"txt":"","url":"http://img.caixin.com/2018-05-15/1526347995090244_145_97.jpg"}],"num":1},"desc":"234只A股率先纳入MSCI指数"},{"cate":"100300001;100300177;101249506","comm":{"aid":"100","tid":"101249506"},"edit":{"head":"","link":"","name":"记者 彭骎骎","rank":"","desc":""},"link":"http://finance.caixin.com/2018-05-14/101249506.html","nid":101249506,"subDesc":"要闻","video":"","type":0,"tags":[],"audioUrl":"http://audio.caixin.com/caixin/506/101249506.mp3","form":null,"summ":"PSL是定向信贷投放，MLF操作涉及定向降准，都是货币政策调结构的体现","freeDuration":"0","freeTime":"","channelDesc":"金融频道","time":"2018-05-14 21:11:25","attr":5,"channelId":125,"pict":{"imgs":[{"txt":"","url":"http://img.caixin.com/2016-11-03/1478145751086398_145_97.jpg"}],"num":1},"desc":"央行启动PSL+MLF 货币政策重心转向调结构"},{"cate":"100300001;100300177;101249486","comm":{"aid":"100","tid":"101249486"},"edit":{"head":"","link":"","name":"记者 张榆","rank":"","desc":""},"link":"http://finance.caixin.com/2018-05-14/101249486.html","nid":101249486,"subDesc":"要闻","video":"","type":0,"tags":[],"audioUrl":"http://audio.caixin.com/caixin/486/101249486.mp3","form":null,"summ":"监管层曾讨论将对单人单账户增设T+0每日1万元的额度限制；如果余额宝客户日均赎回量为货币基金资产规模的5%，天弘基金的垫资规模理论上超过845亿元","freeDuration":"3","freeTime":"","channelDesc":"金融频道","time":"2018-05-14 19:54:41","attr":5,"channelId":125,"pict":{"imgs":[{"txt":"","url":"http://img.caixin.com/2018-05-14/1526299055368954_145_97.jpg"}],"num":1},"desc":"余额宝调整T+0赎回额度至1万元 6月6日起实施"},{"cate":"100300001;100300177;101249475","comm":{"aid":"100","tid":"101249475"},"edit":{"head":"","link":"","name":"记者 张榆","rank":"","desc":""},"link":"http://finance.caixin.com/2018-05-14/101249475.html","nid":101249475,"subDesc":"要闻","video":"","type":0,"tags":[],"audioUrl":"http://audio.caixin.com/caixin/475/101249475.mp3","form":null,"summ":"瑞银、野村和摩根大通已分别申请成立外资控股的合资券商。分析认为合资券商与中资券商业务重点不同，前者主要发力投行，而后者业务门类齐全，较长时间内无惧外资竞争压力","freeDuration":"3","freeTime":"","channelDesc":"金融频道","time":"2018-05-14 19:41:33","attr":5,"channelId":125,"pict":{"imgs":[{"txt":"","url":"http://img.caixin.com/2017-10-17/1508211928933419_145_97.jpg"}],"num":1},"desc":"三家外资机构已申请控股合资券商"},{"cate":"100300001;100300177;101249444","comm":{"aid":"100","tid":"101249444"},"edit":{"head":"","link":"","name":"驻香港记者 尉奕阳","rank":"","desc":""},"link":"http://finance.caixin.com/2018-05-14/101249444.html","nid":101249444,"subDesc":"要闻","video":"","type":0,"tags":[],"audioUrl":"http://audio.caixin.com/caixin/444/101249444.mp3","form":null,"summ":"摩根大通也已申请成立内地控股券商，未来希望全资持股","freeDuration":"48","freeTime":"","channelDesc":"金融频道","time":"2018-05-14 18:50:06","attr":5,"channelId":125,"pict":{"imgs":[{"txt":"","url":"http://img.caixin.com/2018-05-14/1526295331296497_145_97.jpg"}],"num":1},"desc":"梁治文出任摩根大通中国区首席执行官"},{"cate":"100300001;100300177;101249227","comm":{"aid":"100","tid":"101249227"},"edit":{"head":"","link":"","name":"记者 张宇哲","rank":"","desc":""},"link":"http://finance.caixin.com/2018-05-14/101249227.html","nid":101249227,"subDesc":"要闻","video":"","type":0,"tags":[],"audioUrl":"http://audio.caixin.com/caixin/227/101249227.mp3","form":null,"summ":"这是落实此前加强基层地方金融监管的举措之一，包括小贷、融资租赁、典当等六类有贷款业务性质的机构，均由银保监会统一制定规则、地方金融局承担具体监管任务","freeDuration":"0","freeTime":"","channelDesc":"金融频道","time":"2018-05-14 15:09:55","attr":5,"channelId":125,"pict":{"imgs":[{"txt":"","url":"http://img.caixin.com/2018-04-08/1523173905546362_145_97.jpg"}],"num":1},"desc":"银保监会正式接手融资租赁、商业保理和典当"},{"cate":"100300001;100300177;101249158","comm":{"aid":"100","tid":"101249158"},"edit":{"head":"","link":"","name":"记者 季天琴 郑丽纯","rank":"","desc":""},"link":"http://finance.caixin.com/2018-05-14/101249158.html","nid":101249158,"subDesc":"要闻","video":"","type":0,"tags":[],"audioUrl":"http://audio.caixin.com/caixin/158/101249158.mp3","form":null,"summ":"检方指控，在刘树云和周森主导下，一众人员通过“中铁项目”及“正泰电器”项目，分别涉嫌侵占平安银行3.16亿元及2500余万元。但刘树云当庭否认指控，认为这是专业职务行为，受益者是平安银行，“这不需要嘉奖，但也不应该为此身陷囹圄”","freeDuration":"0","freeTime":"","channelDesc":"金融频道","time":"2018-05-14 13:42:05","attr":5,"channelId":125,"pict":{"imgs":[{"txt":"","url":"http://img.caixin.com/2018-05-14/1526278515712755_145_97.jpg"}],"num":1},"desc":"独家|平安银行资管弊案一审开庭  被告当庭否认指控"},{"cate":"100300001;100300177;101249138","comm":{"aid":"100","tid":"101249138"},"edit":{"head":"","link":"","name":"记者 陈曦","rank":"","desc":""},"link":"http://finance.caixin.com/2018-05-14/101249138.html","nid":101249138,"subDesc":"要闻","video":"","type":0,"tags":[],"audioUrl":"http://audio.caixin.com/caixin/138/101249138.mp3","form":null,"summ":"瀚叶股份因作价38亿收购量子云收到上交所问询函，十大问题直指交易标的合规运营风险及政策风险、交易合理性、盈利模式及经营风险等市场关注焦点","freeDuration":"9","freeTime":"","channelDesc":"金融频道","time":"2018-05-14 13:02:25","attr":5,"channelId":125,"pict":{"imgs":[{"txt":"","url":"http://img.caixin.com/2018-03-24/1521857689929885_145_97.jpg"}],"num":1},"desc":"拟38亿收购981个微信公众号 上交所十问瀚叶股份：是否存在封号风险？"},{"cate":"100300001;100300177;101248518","comm":{"aid":"100","tid":"101248518"},"edit":{"head":"","link":"","name":"记者 彭岩锋","rank":"","desc":""},"link":"http://finance.caixin.com/2018-05-12/101248518.html","nid":101248518,"subDesc":"要闻","video":"","type":0,"tags":[],"audioUrl":"http://audio.caixin.com/caixin/518/101248518.mp3","form":null,"summ":"自从2月1日报送招股书后，这家“巨无霸”公司便以“即报即审”的节奏冲刺IPO。令人意外的是，上市批文久等不来，富士康股份放慢了上市脚步","freeDuration":"0","freeTime":"","channelDesc":"金融频道","time":"2018-05-12 12:59:26","attr":5,"channelId":125,"pict":{"imgs":[{"txt":"","url":"http://img.caixin.com/2018-05-12/1526101558125220_145_97.jpg"}],"num":1},"desc":"过会54天富士康获上市批文 未披露募资金额"},{"cate":"100300001;100300177;101248484","comm":{"aid":"100","tid":"101248484"},"edit":{"head":"","link":"","name":"记者 刘彩萍","rank":"","desc":""},"link":"http://finance.caixin.com/2018-05-12/101248484.html","nid":101248484,"subDesc":"要闻","video":"","type":0,"tags":[],"audioUrl":"http://audio.caixin.com/caixin/484/101248484.mp3","form":null,"summ":"小盘股引入询价发行方式，允许网下投资者通过灵活设定锁定期的方式不用进行网上回拨，允许企业战略配售和超额配售选择权","freeDuration":"0","freeTime":"","channelDesc":"金融频道","time":"2018-05-12 11:42:47","attr":5,"channelId":125,"pict":{"imgs":[{"txt":"","url":"http://img.caixin.com/2018-05-05/1525479294000333_145_97.jpg"}],"num":1},"desc":"预防独角兽上市炒作 证监会发行阶段多措并举"},{"cate":"100300001;100300177;101248354","comm":{"aid":"100","tid":"101248354"},"edit":{"head":"","link":"","name":"记者 董兢","rank":"","desc":""},"link":"http://finance.caixin.com/2018-05-12/101248354.html","nid":101248354,"subDesc":"要闻","video":"","type":0,"tags":[],"audioUrl":"http://audio.caixin.com/caixin/354/101248354.mp3","form":null,"summ":"中央结算公司统计监测部高级副经理黄稚渊表示：“从已经发生的违约事件来看，当前的违约压力确实比较大。可以预见，5月份的违约量同比会进一步扩大。”","freeDuration":"12","freeTime":"","channelDesc":"金融频道","time":"2018-05-12 08:31:51","attr":5,"channelId":125,"pict":{"imgs":[{"txt":"","url":"http://img.caixin.com/2017-05-19/1495200921209488_145_97.jpg"}],"num":1},"desc":"1-4月128亿债券违约 中债登警告再融资风险"},{"cate":"100300001;100300177;101248344","comm":{"aid":"100","tid":"101248344"},"edit":{"head":"","link":"","name":"记者 董兢","rank":"","desc":""},"link":"http://finance.caixin.com/2018-05-12/101248344.html","nid":101248344,"subDesc":"要闻","video":"","type":0,"tags":[],"audioUrl":"http://audio.caixin.com/caixin/344/101248344.mp3","form":null,"summ":"股权融资艰难，令企业转向依赖债务融资工具，进而造成财务费用上升。2017年新三板挂牌企业中，中、小型企业财务费用增幅分别高达65.24%和42.07%","freeDuration":"12","freeTime":"","channelDesc":"金融频道","time":"2018-05-12 08:26:31","attr":5,"channelId":125,"pict":{"imgs":[{"txt":"","url":"http://img.caixin.com/2017-10-17/1508211928933419_145_97.jpg"}],"num":1},"desc":"新三板处低谷 企业财务费用增长逾四成"},{"cate":"100300001;100300177;101248329","comm":{"aid":"100","tid":"101248329"},"edit":{"head":"","link":"","name":"记者 彭骎骎","rank":"","desc":""},"link":"http://finance.caixin.com/2018-05-12/101248329.html","nid":101248329,"subDesc":"要闻","video":"","type":0,"tags":[],"audioUrl":"http://audio.caixin.com/caixin/329/101248329.mp3","form":null,"summ":"拟于2019年第一季度宏观审慎评估（MPA）时，将资产规模5000亿元以下金融机构发行的同业存单也纳入考核","freeDuration":"6","freeTime":"","channelDesc":"金融频道","time":"2018-05-12 08:16:12","attr":5,"channelId":125,"pict":{"imgs":[{"txt":"","url":"http://img.caixin.com/2016-11-26/1480129587538784_145_97.jpg"}],"num":1},"desc":"央行：全面清理整顿金融秩序 宏观杠杆率将趋稳"},{"cate":"100300001;100300177;101248234","comm":{"aid":"100","tid":"101248234"},"edit":{"head":"","link":"","name":"记者 刘彩萍","rank":"","desc":""},"link":"http://finance.caixin.com/2018-05-11/101248234.html","nid":101248234,"subDesc":"要闻","video":"","type":0,"tags":[],"audioUrl":"http://audio.caixin.com/caixin/234/101248234.mp3","form":null,"summ":"借证监会处罚反而进行自我宣传和炒作，证监会批评其肆意挑战法律尊严的行为，称必将得到应有惩罚，付出沉重代价","freeDuration":"12","freeTime":"","channelDesc":"金融频道","time":"2018-05-11 21:02:36","attr":5,"channelId":125,"pict":{"imgs":[{"txt":"","url":"http://img.caixin.com/2018-05-11/1526044048218859_145_97.jpg"}],"num":1},"desc":"“黑嘴”廖英强借证监会处罚炒作 被批挑战法律尊严"},{"cate":"100300001;100300177;101248080","comm":{"aid":"100","tid":"101248080"},"edit":{"head":"","link":"","name":"记者 吴雨俭","rank":"","desc":""},"link":"http://finance.caixin.com/2018-05-11/101248080.html","nid":101248080,"subDesc":"要闻","video":"","type":0,"tags":[],"audioUrl":"http://audio.caixin.com/caixin/080/101248080.mp3","form":null,"summ":"多数受访者认为，区块链技术在物流、政府项目和医疗三大领域最有应用前景；也有业内人士指出，区块链并非万能，人为因素或使其“不可篡改”的效果打折","freeDuration":"24","freeTime":"","channelDesc":"金融频道","time":"2018-05-11 17:14:00","attr":5,"channelId":125,"pict":{"imgs":[{"txt":"","url":"http://img.caixin.com/2018-05-11/1526030244139039_145_97.jpg"}],"num":1},"desc":"区块链应用难 报告称物流业最被看好？"},{"cate":"100300001;100300177;101248057","comm":{"aid":"100","tid":"101248057"},"edit":{"head":"","link":"","name":"驻香港记者 尉奕阳","rank":"","desc":""},"link":"http://finance.caixin.com/2018-05-11/101248057.html","nid":101248057,"subDesc":"要闻","video":"","type":0,"tags":[],"audioUrl":"http://audio.caixin.com/caixin/057/101248057.mp3","form":null,"summ":"IMF认为，中国经济日渐壮大，应勇敢加速开放，也应考虑如何平衡领导者的权利与责任","freeDuration":"0","freeTime":"","channelDesc":"金融频道","time":"2018-05-11 16:36:35","attr":5,"channelId":125,"pict":{"imgs":[{"txt":"","url":"http://img.caixin.com/2018-05-11/1526028153379440_145_97.jpg"}],"num":1},"desc":"IMF亚太主管:中国开放应更加勇敢迅速"},{"cate":"100300001;100300177;101247966","comm":{"aid":"100","tid":"101247966"},"edit":{"head":"","link":"","name":"记者 朱亮韬","rank":"","desc":""},"link":"http://finance.caixin.com/2018-05-11/101247966.html","nid":101247966,"subDesc":"要闻","video":"","type":0,"tags":[],"audioUrl":"http://audio.caixin.com/caixin/966/101247966.mp3","form":null,"summ":"此案标志着反收购条款的司法确认形成了一个典型案例，为解决反收购条款的合规性问题提供了有效的借鉴，弥补了司法层面的空白","freeDuration":"48","freeTime":"","channelDesc":"金融频道","time":"2018-05-11 15:19:33","attr":5,"channelId":125,"pict":{"imgs":[{"txt":"","url":"http://img.caixin.com/2017-08-14/1502716585060855_145_97.jpg"}],"num":1},"desc":"投服中心首例股东诉讼获胜 上市公司不当反收购条款被判无效"},{"cate":"100300001;100300177;101247741","comm":{"aid":"100","tid":"101247741"},"edit":{"head":"","link":"","name":"记者 朱亮韬","rank":"","desc":""},"link":"http://finance.caixin.com/2018-05-11/101247741.html","nid":101247741,"subDesc":"要闻","video":"","type":0,"tags":[{"txt":"中美贸易龃龉","url":"http://tag.caixin.com/tag/%E4%B8%AD%E7%BE%8E%E8%B4%B8%E6%98%93%E9%BE%83%E9%BE%89"}],"audioUrl":"http://audio.caixin.com/caixin/741/101247741.mp3","form":null,"summ":"他认为中美贸易摩擦归根到底是双方国内政策的失衡，双方都要做国内政策的调整，努力通过谈判和走向更平衡的国内政策来维护全球贸易秩序","freeDuration":"3","freeTime":"","channelDesc":"金融频道","time":"2018-05-11 11:18:08","attr":5,"channelId":125,"pict":{"imgs":[{"txt":"","url":"http://img.caixin.com/2018-04-11/1523445533728117_145_97.jpg"}],"num":1},"desc":"朱民：应对贸易摩擦 中美两国都要调整国内政策"},{"cate":"100300001;100300177;101247545","comm":{"aid":"100","tid":"101247545"},"edit":{"head":"","link":"","name":"记者 郑丽纯","rank":"","desc":""},"link":"http://finance.caixin.com/2018-05-11/101247545.html","nid":101247545,"subDesc":"要闻","video":"","type":0,"tags":[],"audioUrl":"http://audio.caixin.com/caixin/545/101247545.mp3","form":{"txt":"证券基金","url":"http://finance.caixin.com/stock/"},"summ":"深圳上市公司长园集团刚刚于四个月前结束缠斗四年的股权争夺战。格力集团此次要约收购股权比例、价格尚待进一步披露","freeDuration":"0","freeTime":"","channelDesc":"金融频道","time":"2018-05-11 08:36:47","attr":5,"channelId":125,"pict":{"imgs":[{"txt":"","url":"http://img.caixin.com/2018-05-11/1525999217005914_145_97.jpg"}],"num":1},"desc":"格力拟入股长园集团 以要约方式收购股份"},{"cate":"100300001;100300177;101247015","comm":{"aid":"100","tid":"101247015"},"edit":{"head":"","link":"","name":"记者 王力为","rank":"","desc":""},"link":"http://finance.caixin.com/2018-05-10/101247015.html","nid":101247015,"subDesc":"要闻","video":"","type":0,"tags":[],"audioUrl":"http://audio.caixin.com/caixin/015/101247015.mp3","form":null,"summ":"中国已是全球第二大绿色债券发行国，但绿色债券标准还较低，定义还较模糊；需在制定标准、发挥金融市场激励作用方面着力","freeDuration":"0","freeTime":"","channelDesc":"金融频道","time":"2018-05-10 14:49:50","attr":5,"channelId":125,"pict":{"imgs":[{"txt":"","url":"http://img.caixin.com/2018-05-10/1525935142221511_145_97.jpg"}],"num":1},"desc":"周小川、保尔森谈绿色金融：态势良好 问题不少"},{"cate":"100300001;100300177;101246874","comm":{"aid":"100","tid":"101246874"},"edit":{"head":"","link":"","name":"","rank":"","desc":""},"link":"http://finance.caixin.com/2018-05-10/101246874.html","nid":101246874,"subDesc":"要闻","video":"","type":0,"tags":[],"audioUrl":"http://audio.caixin.com/caixin/874/101246874.mp3","form":null,"summ":"集资诈骗、职务侵占等数罪并罚后，法院判处吴小晖有期徒刑18年，剥夺政治权利4年，并处没收财产人民币105亿元，违法所得及其孳息予以追缴","freeDuration":"0","freeTime":"","channelDesc":"金融频道","time":"2018-05-10 11:15:17","attr":5,"channelId":125,"pict":{"imgs":[{"txt":"","url":"http://img.caixin.com/2018-05-10/1525923459576413_145_97.jpg"}],"num":1},"desc":"集资诈骗与职务侵占两宗罪 安邦吴小晖获刑18年"},{"cate":"100300001;100300177;101246824","comm":{"aid":"100","tid":"101246824"},"edit":{"head":"","link":"","name":"记者 韩祎","rank":"","desc":""},"link":"http://finance.caixin.com/2018-05-10/101246824.html","nid":101246824,"subDesc":"要闻","video":"","type":0,"tags":[],"audioUrl":"http://audio.caixin.com/caixin/824/101246824.mp3","form":null,"summ":"要求通过票交所等系统开展跨省票据交易，纸票即将退出历史舞台；并要求银行业金融机构加强异地协同和风险控制","freeDuration":"0","freeTime":"","channelDesc":"金融频道","time":"2018-05-10 10:33:13","attr":5,"channelId":125,"pict":{"imgs":[{"txt":"","url":"http://img.caixin.com/2018-05-04/1525438179772045_145_97.jpg"}],"num":1},"desc":"票据业务监管升级  六个月后纸票不得跨省交易"},{"cate":"100300001;100300177;101246618","comm":{"aid":"100","tid":"101246618"},"edit":{"head":"","link":"","name":"记者 董兢","rank":"","desc":""},"link":"http://finance.caixin.com/2018-05-10/101246618.html","nid":101246618,"subDesc":"要闻","video":"","type":0,"tags":[{"txt":"华融整肃风暴","url":"http://tag.caixin.com/tag/%E5%8D%8E%E8%9E%8D%E6%95%B4%E8%82%83%E9%A3%8E%E6%9A%B4"}],"audioUrl":"http://audio.caixin.com/caixin/618/101246618.mp3","form":null,"summ":"一家香港蚊型上市券商，从“明天系”、纪晓波之手倒给了华融国际，价格暴涨暴跌，谁最终获利，谁接了最后一棒？","freeDuration":"0","freeTime":"","channelDesc":"金融频道","time":"2018-05-10 07:32:48","attr":5,"channelId":125,"pict":{"imgs":[{"txt":"","url":"http://img.caixin.com/2018-05-10/1525909901992461_145_97.jpg"}],"num":1},"desc":"特稿|华融接棒天行国际 背后利益输送给了谁？"},{"cate":"100300001;100300177;101246528","comm":{"aid":"100","tid":"101246528"},"edit":{"head":"","link":"","name":"记者 彭岩锋","rank":"","desc":""},"link":"http://finance.caixin.com/2018-05-09/101246528.html","nid":101246528,"subDesc":"要闻","video":"","type":0,"tags":[],"audioUrl":"http://audio.caixin.com/caixin/528/101246528.mp3","form":{"txt":"证券基金","url":"http://finance.caixin.com/stock/"},"summ":"早在4月26日，罗牛山赛马文化小镇项目备案就已办结。深交所还要求罗牛山提供内幕信息知情人名单","freeDuration":"0","freeTime":"","channelDesc":"金融频道","time":"2018-05-09 21:03:12","attr":5,"channelId":125,"pict":{"imgs":[{"txt":"","url":"http://img.caixin.com/2018-05-09/1525871222966791_145_97.jpg"}],"num":1},"desc":"深交所问询罗牛山：投资赛马小镇钱从哪儿来"},{"cate":"100300001;100300177;101246470","comm":{"aid":"100","tid":"101246470"},"edit":{"head":"","link":"","name":"记者 张宇哲","rank":"","desc":""},"link":"http://finance.caixin.com/2018-05-09/101246470.html","nid":101246470,"subDesc":"要闻","video":"","type":0,"tags":[],"audioUrl":"http://audio.caixin.com/caixin/470/101246470.mp3","form":null,"summ":"“模拟监管试点是为了完善下一步推出的监管规则，力争年底正式推出金融控股管理办法。”一位接近央行人士告诉财新记者","freeDuration":"0","freeTime":"","channelDesc":"金融频道","time":"2018-05-09 18:59:56","attr":5,"channelId":125,"pict":{"imgs":[{"txt":"","url":"http://img.caixin.com/2018-04-12/1523542442127867_145_97.jpg"}],"num":1},"desc":"金控办法力争年内出台 央行推动金控集团模拟监管试点"},{"cate":"100300001;100300177;101246395","comm":{"aid":"100","tid":"101246395"},"edit":{"head":"","link":"","name":"记者 韩祎","rank":"","desc":""},"link":"http://finance.caixin.com/2018-05-09/101246395.html","nid":101246395,"subDesc":"要闻","video":"","type":0,"tags":[],"audioUrl":"http://audio.caixin.com/caixin/395/101246395.mp3","form":null,"summ":"盾安控股尚未违约是个好消息，但是近期还有多项债务到期需要兑付，其面临的债务压力空前之大；盾安控股高管称，正在竭尽全力解决这次危机","freeDuration":"0","freeTime":"","channelDesc":"金融频道","time":"2018-05-09 17:22:28","attr":5,"channelId":125,"pict":{"imgs":[{"txt":"","url":"http://img.caixin.com/2018-05-09/1525858492568170_145_97.jpg"}],"num":1},"desc":"盾安如期兑付10亿债券 本月还有20亿债务迫在眉睫"},{"cate":"100300001;100300177;101246191","comm":{"aid":"100","tid":"101246191"},"edit":{"head":"","link":"","name":"见习记者 屈慧 记者 林金冰","rank":"","desc":""},"link":"http://finance.caixin.com/2018-05-09/101246191.html","nid":101246191,"subDesc":"要闻","video":"","type":0,"tags":[],"audioUrl":"http://audio.caixin.com/caixin/191/101246191.mp3","form":null,"summ":"“宝能系”资管计划陆续减持万科，迄今累计套现近60亿元，获利估算超13亿元","freeDuration":"0","freeTime":"","channelDesc":"金融频道","time":"2018-05-09 11:42:38","attr":5,"channelId":125,"pict":{"imgs":[{"txt":"","url":"http://img.caixin.com/2018-01-23/1516665676771931_145_97.jpg"}],"num":1},"desc":"“宝能系”继续后撤 第四个资管计划开始减持万科"},{"cate":"100300001;100300177;101246021","comm":{"aid":"100","tid":"101246021"},"edit":{"head":"","link":"","name":"记者 朱亮韬","rank":"","desc":""},"link":"http://finance.caixin.com/2018-05-09/101246021.html","nid":101246021,"subDesc":"要闻","video":"","type":0,"tags":[],"audioUrl":"http://audio.caixin.com/caixin/021/101246021.mp3","form":null,"summ":"通过提前买入、公开荐股、反向卖出手法操纵39只股票，获利超过4310万元，证监会认定其操纵市场，没一罚二。除了行政处罚，后续刑事和民事追责程序都将比较困难","freeDuration":"0","freeTime":"","channelDesc":"金融频道","time":"2018-05-09 08:37:21","attr":5,"channelId":125,"pict":{"imgs":[{"txt":"","url":"http://img.caixin.com/2018-05-09/1525826718916880_145_97.jpg"}],"num":1},"desc":"黑嘴廖英强戏谑回应1.29亿罚款 刑事民事追责难"}],"start":900,"count":100,"maxes":1000}