{"datas":[{"cate":"100300001;100300177;101340993","comm":{"aid":"100","tid":"101340993"},"edit":{"head":"","link":"","name":"驻香港记者 尉奕阳","rank":"","desc":""},"link":"http://finance.caixin.com/2018-10-31/101340993.html","nid":101340993,"subDesc":"要闻","video":"","type":0,"tags":[],"audioUrl":"http://audio.caixin.com/caixin/993/101340993.mp3","form":null,"summ":"金管局亦与欧洲区块链贸易融资平台签订合作协议，开展跨境区块链贸易融资研究","freeDuration":"48","freeTime":"","channelDesc":"金融频道","time":"2018-10-31 14:19:30","attr":5,"channelId":125,"pict":{"imgs":[{"txt":"","url":"http://img.caixin.com/2018-10-31/1540967014188086_145_97.jpg"}],"num":1},"desc":"香港金管局推出区块链贸易融资平台"},{"cate":"100300001;100300177;101340980","comm":{"aid":"100","tid":"101340980"},"edit":{"head":"","link":"","name":"记者 张榆","rank":"","desc":""},"link":"http://finance.caixin.com/2018-10-31/101340980.html","nid":101340980,"subDesc":"要闻","video":"","type":0,"tags":[],"audioUrl":"http://audio.caixin.com/caixin/980/101340980.mp3","form":null,"summ":"发行新股后，公众持股量不低于25%，山水水泥得以复牌。但原第一大股东天瑞集团持股量减少至21%，控制权争夺仍未尘埃落定","freeDuration":"0","freeTime":"","channelDesc":"金融频道","time":"2018-10-31 13:55:33","attr":5,"channelId":125,"pict":{"imgs":[{"txt":"","url":"http://img.caixin.com/2018-10-31/1540965550675678_145_97.jpg"}],"num":1},"desc":"山水水泥时隔三年半复牌 控制权争夺仍悬而未决"},{"cate":"100300001;100300177;101340968","comm":{"aid":"100","tid":"101340968"},"edit":{"head":"","link":"","name":"记者 彭岩锋","rank":"","desc":""},"link":"http://finance.caixin.com/2018-10-31/101340968.html","nid":101340968,"subDesc":"要闻","video":"","type":0,"tags":[],"audioUrl":"http://audio.caixin.com/caixin/968/101340968.mp3","form":null,"summ":"业内人士分析称，拟并购标的是否具备盈利增长的可持续性仍存有较大疑问。此外，量子云整体资产价值的真实性及估值合理性，也阻碍了此宗交易继续进行","freeDuration":"0","freeTime":"","channelDesc":"金融频道","time":"2018-10-31 12:49:01","attr":5,"channelId":125,"pict":{"imgs":[{"txt":"","url":"http://img.caixin.com/2018-10-31/1540961664616729_145_97.jpg"}],"num":1},"desc":"终止“收购公号” 瀚叶股份今日复牌跌停"},{"cate":"100300001;100300177;101340955","comm":{"aid":"100","tid":"101340955"},"edit":{"head":"","link":"","name":"记者 朱亮韬","rank":"","desc":""},"link":"http://finance.caixin.com/2018-10-31/101340955.html","nid":101340955,"subDesc":"要闻","video":"","type":0,"tags":[],"audioUrl":"http://audio.caixin.com/caixin/955/101340955.mp3","form":null,"summ":"相较于其他上市股份制银行而言，浦发银行的不良贷款率仍处于较高位置。这意味着浦发银行后续不良处置和拨备计提的压力犹在","freeDuration":"0","freeTime":"","channelDesc":"金融频道","time":"2018-10-31 12:15:05","attr":5,"channelId":125,"pict":{"imgs":[{"txt":"","url":"http://img.caixin.com/2018-01-29/1517223203912267_145_97.jpg"}],"num":1},"desc":"浦发银行三季报：不良率小幅改善但仍处高位"},{"cate":"100300001;100300177;101340824","comm":{"aid":"100","tid":"101340824"},"edit":{"head":"","link":"","name":"记者 彭骎骎","rank":"","desc":""},"link":"http://finance.caixin.com/2018-10-31/101340824.html","nid":101340824,"subDesc":"要闻","video":"","type":0,"tags":[],"audioUrl":"http://audio.caixin.com/caixin/824/101340824.mp3","form":null,"summ":"市场人士认为，人民币兑美元汇率承载了太多其他意义，死守点位不如让汇率动起来","freeDuration":"0","freeTime":"","channelDesc":"金融频道","time":"2018-10-31 08:42:57","attr":5,"channelId":125,"pict":{"imgs":[{"txt":"","url":"http://img.caixin.com/2018-10-31/1540947649011187_145_97.jpg"}],"num":1},"desc":"人民币兑美元屡创新低 央行行动备受关注"},{"cate":"100300001;100300177;101340754","comm":{"aid":"100","tid":"101340754"},"edit":{"head":"","link":"","name":"记者 张立君 任蕙兰","rank":"","desc":""},"link":"http://finance.caixin.com/2018-10-31/101340754.html","nid":101340754,"subDesc":"要闻","video":"","type":0,"tags":[],"audioUrl":"http://audio.caixin.com/caixin/754/101340754.mp3","form":null,"summ":"来自监管和市场的因素促使货币基金收益率快速滑落。接近9万亿将是货币基金规模的极值，而这座冰山融化后，其他现金管理工具，以及更具政策优势的银行公募理财产品将从中受益","freeDuration":"0","freeTime":"","channelDesc":"金融频道","time":"2018-10-31 07:00:00","attr":5,"channelId":125,"pict":{"imgs":[{"txt":"","url":"http://img.caixin.com/2018-10-30/1540909563069586_145_97.jpg"}],"num":1},"desc":"货币基金冰山消融 “水”流向何方？"},{"cate":"100300001;100300177;101340772","comm":{"aid":"100","tid":"101340772"},"edit":{"head":"","link":"","name":"记者 吴红毓然","rank":"","desc":""},"link":"http://finance.caixin.com/2018-10-30/101340772.html","nid":101340772,"subDesc":"要闻","video":"","type":0,"tags":[],"audioUrl":"http://audio.caixin.com/caixin/772/101340772.mp3","form":null,"summ":"银保监会副主席王兆星表示民企应在提高自己的财务稳健性、负债结构合理性、经营管理能力上下功夫，不能盲目地脱离主业，大肆扩张和大肆收购，否则再多的资金也难以满足“需求”","freeDuration":"0","freeTime":"","channelDesc":"金融频道","time":"2018-10-30 22:37:59","attr":5,"channelId":125,"pict":{"imgs":[{"txt":"","url":"http://img.caixin.com/2018-10-30/1540910412731841_145_97.jpg"}],"num":1},"desc":"银行业如何看改善民企融资难 不能靠降低信贷标准"},{"cate":"100300001;100300177;101340654","comm":{"aid":"100","tid":"101340654"},"edit":{"head":"","link":"","name":"记者 吴红毓然 胡越","rank":"","desc":""},"link":"http://finance.caixin.com/2018-10-30/101340654.html","nid":101340654,"subDesc":"要闻","video":"","type":0,"tags":[],"audioUrl":"http://audio.caixin.com/caixin/654/101340654.mp3","form":null,"summ":"工行将配合央行、中债增信等组成联合体，积极参与民营企业债券融资支持工具的运作","freeDuration":"12","freeTime":"","channelDesc":"金融频道","time":"2018-10-30 16:55:22","attr":5,"channelId":125,"pict":{"imgs":[{"txt":"","url":"http://img.caixin.com/2018-10-30/1540889877082370_145_97.jpg"}],"num":1},"desc":"易会满：民企难在“流动性压力” 将积极支持民企发债"},{"cate":"100300001;100300177;101340559","comm":{"aid":"100","tid":"101340559"},"edit":{"head":"","link":"","name":"记者 吴红毓然","rank":"","desc":""},"link":"http://finance.caixin.com/2018-10-30/101340559.html","nid":101340559,"subDesc":"要闻","video":"","type":0,"tags":[],"audioUrl":"http://audio.caixin.com/caixin/559/101340559.mp3","form":null,"summ":"下一步，金融委将在强化制度建设、加强公司治理、提高市场透明度、完善法制建设、加强对投资者保护等制度建设方面加大力度","freeDuration":"12","freeTime":"","channelDesc":"金融频道","time":"2018-10-30 15:40:21","attr":5,"channelId":125,"pict":{"imgs":[{"txt":"","url":"http://img.caixin.com/2018-10-30/1540885637415560_145_97.jpg"}],"num":1},"desc":"银保监会回应股市波动：系经济进入周期性调整阶段"},{"cate":"100300001;100300177;101340550","comm":{"aid":"100","tid":"101340550"},"edit":{"head":"","link":"","name":"记者 全月","rank":"","desc":""},"link":"http://finance.caixin.com/2018-10-30/101340550.html","nid":101340550,"subDesc":"要闻","video":"","type":0,"tags":[],"audioUrl":"http://audio.caixin.com/caixin/550/101340550.mp3","form":null,"summ":"在五只“国家队”基金股票仓位降至0的同时，证金公司对有关个股有增持动作，持股数量与五只基金曾披露的持股数量完全吻合","freeDuration":"0","freeTime":"","channelDesc":"金融频道","time":"2018-10-30 15:33:24","attr":5,"channelId":125,"pict":{"imgs":[{"txt":"","url":"http://img.caixin.com/2018-10-30/1540885149550559_145_97.jpg"}],"num":1},"desc":"证金公司全面接手 更新救市渠道"},{"cate":"100300001;100300177;101340506","comm":{"aid":"100","tid":"101340506"},"edit":{"head":"","link":"","name":"记者 王力为","rank":"","desc":""},"link":"http://finance.caixin.com/2018-10-30/101340506.html","nid":101340506,"subDesc":"要闻","video":"","type":0,"tags":[],"audioUrl":"http://audio.caixin.com/caixin/506/101340506.mp3","form":null,"summ":"全球最大对冲基金10月初的一份报告表示，中国资产提供了独特的分散化收益，中国经济基本面与其他国家的相关性相对较低","freeDuration":"12","freeTime":"","channelDesc":"金融频道","time":"2018-10-30 14:24:33","attr":5,"channelId":125,"pict":{"imgs":[{"txt":"","url":"http://img.caixin.com/2018-10-30/1540880920548633_145_97.jpg"}],"num":1},"desc":"桥水报告：全球投资者正开始朝中国资产转向"},{"cate":"100300001;100300177;101340468","comm":{"aid":"100","tid":"101340468"},"edit":{"head":"","link":"","name":"记者 刘彩萍","rank":"","desc":""},"link":"http://finance.caixin.com/2018-10-30/101340468.html","nid":101340468,"subDesc":"要闻","video":"","type":0,"tags":[],"audioUrl":"http://audio.caixin.com/caixin/468/101340468.mp3","form":null,"summ":"称将减少交易阻力，增强市场流动性。因声明出现错误，午后盘中删除微信公众号文章，20分钟后官网改错","freeDuration":"0","freeTime":"","channelDesc":"金融频道","time":"2018-10-30 12:01:26","attr":5,"channelId":125,"pict":{"imgs":[{"txt":"","url":"http://img.caixin.com/2018-10-12/1539334596624587_145_97.jpg"}],"num":1},"desc":"证监会盘中发声 “减少交易环节的不必要干预”何解？"},{"cate":"100300001;100300177;101340341","comm":{"aid":"100","tid":"101340341"},"edit":{"head":"","link":"","name":"记者 董兢","rank":"","desc":""},"link":"http://finance.caixin.com/2018-10-30/101340341.html","nid":101340341,"subDesc":"要闻","video":"","type":0,"tags":[],"audioUrl":"http://audio.caixin.com/caixin/341/101340341.mp3","form":null,"summ":"产品将向有前景、有市场、有技术优势，但暂时出现流动性困难的优质上市公司提供融资支持","freeDuration":"0","freeTime":"","channelDesc":"金融频道","time":"2018-10-30 09:05:32","attr":5,"channelId":125,"pict":{"imgs":[{"txt":"","url":"http://img.caixin.com/2018-10-30/1540862095139667_145_97.jpg"}],"num":1},"desc":"险资首只“救市”专项产品推出 总规模200亿"},{"cate":"100300001;100300177;101340331","comm":{"aid":"100","tid":"101340331"},"edit":{"head":"","link":"","name":"记者 董兢","rank":"","desc":""},"link":"http://finance.caixin.com/2018-10-30/101340331.html","nid":101340331,"subDesc":"要闻","video":"","type":0,"tags":[],"audioUrl":"http://audio.caixin.com/caixin/331/101340331.mp3","form":null,"summ":"以中国平安1.13万亿元市值计算，不超过10%的回购计划涉及资金千亿元","freeDuration":"12","freeTime":"","channelDesc":"金融频道","time":"2018-10-30 08:54:00","attr":5,"channelId":125,"pict":{"imgs":[{"txt":"","url":"http://img.caixin.com/2018-10-30/1540861072892753_145_97.jpg"}],"num":1},"desc":"中国平安：回购计划仍需股东大会审议"},{"cate":"100300001;100300177;101340270","comm":{"aid":"100","tid":"101340270"},"edit":{"head":"","link":"","name":"记者 张榆","rank":"","desc":""},"link":"http://finance.caixin.com/2018-10-29/101340270.html","nid":101340270,"subDesc":"要闻","video":"","type":0,"tags":[],"audioUrl":"http://audio.caixin.com/caixin/270/101340270.mp3","form":null,"summ":"中国本土私募股权机构尤其需要提升投后管理；坚持以投资业绩为核心、深耕行业，注重机构化能力建设","freeDuration":"0","freeTime":"","channelDesc":"金融频道","time":"2018-10-29 20:29:09","attr":5,"channelId":125,"pict":{"imgs":[{"txt":"","url":"http://img.caixin.com/2018-09-28/1538106535113376_145_97.jpg"}],"num":1},"desc":"麦肯锡：作坊式私募股权基金应向机构化转型"},{"cate":"100300001;100300177;101340216","comm":{"aid":"100","tid":"101340216"},"edit":{"head":"","link":"","name":"驻香港记者 尉奕阳","rank":"","desc":""},"link":"http://finance.caixin.com/2018-10-29/101340216.html","nid":101340216,"subDesc":"要闻","video":"","type":0,"tags":[],"audioUrl":"http://audio.caixin.com/caixin/216/101340216.mp3","form":null,"summ":"汇丰对登陆A股的兴趣由来已久，公司此次研究CDR，恰逢中英两国股市即将推行“沪伦通”","freeDuration":"0","freeTime":"","channelDesc":"金融频道","time":"2018-10-29 18:25:43","attr":5,"channelId":125,"pict":{"imgs":[{"txt":"","url":"http://img.caixin.com/2018-10-29/1540809460832162_145_97.jpg"}],"num":1},"desc":"汇丰CEO：研究CDR因中国市场对集团未来很重要"},{"cate":"100300001;100300177;101340212","comm":{"aid":"100","tid":"101340212"},"edit":{"head":"","link":"","name":"记者 刘彩萍","rank":"","desc":""},"link":"http://finance.caixin.com/2018-10-29/101340212.html","nid":101340212,"subDesc":"要闻","video":"","type":0,"tags":[],"audioUrl":"http://audio.caixin.com/caixin/212/101340212.mp3","form":null,"summ":"相关机构持有的股票不但没有减持，反而有所增加","freeDuration":"0","freeTime":"","channelDesc":"金融频道","time":"2018-10-29 18:21:18","attr":5,"channelId":125,"pict":{"imgs":[{"txt":"","url":"http://img.caixin.com/2018-10-29/1540809051831162_145_97.jpg"}],"num":1},"desc":"救市基金清盘 证监会称“国家队”持股不减反增"},{"cate":"100300001;100300177;101339896","comm":{"aid":"100","tid":"101339896"},"edit":{"head":"","link":"","name":"特约作者 余终隐 余云辉","rank":"","desc":""},"link":"http://finance.caixin.com/2018-10-29/101339896.html","nid":101339896,"subDesc":"要闻","video":"","type":0,"tags":[],"audioUrl":"http://audio.caixin.com/caixin/896/101339896.mp3","form":null,"summ":"造成诸多上市公司近期陷入流动性危机的主要原因，除了国内外市场环境因素和企业自身管理因素以外，监管政策的连续失误，越管越死，扭曲了市场行为，也是不可忽视的重要原因","freeDuration":"48","freeTime":"","channelDesc":"金融频道","time":"2018-10-29 09:00:00","attr":5,"channelId":125,"pict":{"imgs":[{"txt":"","url":"http://img.caixin.com/2018-10-13/1539395879822277_145_97.jpg"}],"num":1},"desc":"来论|当前股市流动性危机的成因及其对策"},{"cate":"100300001;100300177;101339566","comm":{"aid":"100","tid":"101339566"},"edit":{"head":"","link":"","name":"记者 朱亮韬","rank":"","desc":""},"link":"http://finance.caixin.com/2018-10-26/101339566.html","nid":101339566,"subDesc":"要闻","video":"","type":0,"tags":[],"audioUrl":"http://audio.caixin.com/caixin/566/101339566.mp3","form":null,"summ":"“16中安消”债券将不按照债券回售程序进行。多位业内人士称，这一决定架空了债券回售条款，剥夺了投资者的回售选择权，也可视为违约","freeDuration":"0","freeTime":"","channelDesc":"金融频道","time":"2018-10-26 20:21:21","attr":5,"channelId":125,"pict":{"imgs":[{"txt":"","url":"http://img.caixin.com/2018-10-26/1540558042638311_145_97.jpg"}],"num":1},"desc":"中安消11亿债券回售落空 机构称违约性质恶劣"},{"cate":"100300001;100300177;101339535","comm":{"aid":"100","tid":"101339535"},"edit":{"head":"","link":"","name":"记者 刘彩萍","rank":"","desc":""},"link":"http://finance.caixin.com/2018-10-26/101339535.html","nid":101339535,"subDesc":"要闻","video":"","type":0,"tags":[],"audioUrl":"http://audio.caixin.com/caixin/535/101339535.mp3","form":null,"summ":"股票配置规模总体较二季度下降6.33%，部分基金经理对后市乐观，认为A股市场不仅估值处于历史低位且业绩依然向好","freeDuration":"0","freeTime":"","channelDesc":"金融频道","time":"2018-10-26 19:51:11","attr":5,"channelId":125,"pict":{"imgs":[{"txt":"","url":"http://img.caixin.com/2018-04-23/1524479931315342_145_97.jpg"}],"num":1},"desc":"三季度公募基金减少股票配置 增加配置债券"},{"cate":"100300001;100300177;101339495","comm":{"aid":"100","tid":"101339495"},"edit":{"head":"","link":"","name":"记者 彭骎骎","rank":"","desc":""},"link":"http://finance.caixin.com/2018-10-26/101339495.html","nid":101339495,"subDesc":"要闻","video":"","type":0,"tags":[],"audioUrl":"http://audio.caixin.com/caixin/495/101339495.mp3","form":null,"summ":"央行会观察和评估这个规模对于目前民营企业融资氛围的改善效果，以决定会不会再进一步扩大规模","freeDuration":"0","freeTime":"","channelDesc":"金融频道","time":"2018-10-26 18:21:03","attr":5,"channelId":125,"pict":{"imgs":[{"txt":"","url":"http://img.caixin.com/2018-10-26/1540549590757353_145_97.jpg"}],"num":1},"desc":"潘功胜:民企债券融资支持工具初期规模约1600亿元"},{"cate":"100300001;100300177;101339471","comm":{"aid":"100","tid":"101339471"},"edit":{"head":"","link":"","name":"记者 彭骎骎","rank":"","desc":""},"link":"http://finance.caixin.com/2018-10-26/101339471.html","nid":101339471,"subDesc":"要闻","video":"","type":0,"tags":[],"audioUrl":"http://audio.caixin.com/caixin/471/101339471.mp3","form":null,"summ":"潘功胜重申，中国不会搞竞争贬值，不会将人民币汇率作为工具来应对贸易争端等外部的扰动","freeDuration":"0","freeTime":"","channelDesc":"金融频道","time":"2018-10-26 17:18:54","attr":5,"channelId":125,"pict":{"imgs":[{"txt":"","url":"http://img.caixin.com/2018-05-17/1526524238672169_145_97.jpg"}],"num":1},"desc":"潘功胜喊话人民币空头：几年前交过手 当记忆犹新"},{"cate":"100300001;100300177;101339335","comm":{"aid":"100","tid":"101339335"},"edit":{"head":"","link":"","name":"记者 吴雨俭","rank":"","desc":""},"link":"http://finance.caixin.com/2018-10-26/101339335.html","nid":101339335,"subDesc":"要闻","video":"","type":0,"tags":[],"audioUrl":"http://audio.caixin.com/caixin/335/101339335.mp3","form":null,"summ":"通过“负面清单+正面引导”机制，提升保险资金服务实体经济能力","freeDuration":"0","freeTime":"","channelDesc":"金融频道","time":"2018-10-26 15:34:05","attr":5,"channelId":125,"pict":{"imgs":[{"txt":"","url":"http://img.caixin.com/2018-10-26/1540539376426182_145_97.jpg"}],"num":1},"desc":"险资股权投资全面放开 不再限制行业范围"},{"cate":"100300001;100300177;101339330","comm":{"aid":"100","tid":"101339330"},"edit":{"head":"","link":"","name":"记者 刘彩萍","rank":"","desc":""},"link":"http://finance.caixin.com/2018-10-26/101339330.html","nid":101339330,"subDesc":"要闻","video":"","type":0,"tags":[],"audioUrl":"http://audio.caixin.com/caixin/330/101339330.mp3","form":null,"summ":"马军直接从MD降为SVP，职级连降四档","freeDuration":"0","freeTime":"","channelDesc":"金融频道","time":"2018-10-26 15:32:44","attr":5,"channelId":125,"pict":{"imgs":[{"txt":"","url":"http://img.caixin.com/2018-10-26/1540539721715012_145_97.jpg"}],"num":1},"desc":"因“不雅饭局”拜票  方正证券马军被监管谈话"},{"cate":"100300001;100300177;101339297","comm":{"aid":"100","tid":"101339297"},"edit":{"head":"","link":"","name":"记者 武晓蒙","rank":"","desc":""},"link":"http://finance.caixin.com/2018-10-26/101339297.html","nid":101339297,"subDesc":"要闻","video":"","type":0,"tags":[],"audioUrl":"http://audio.caixin.com/caixin/297/101339297.mp3","form":null,"summ":"转型零售，个人理财余额占比大增30个百分点；发展消费信贷，但资金流向难控、共债问题难解","freeDuration":"0","freeTime":"","channelDesc":"金融频道","time":"2018-10-26 14:54:11","attr":5,"channelId":125,"pict":{"imgs":[{"txt":"","url":"http://img.caixin.com/2018-10-26/1540537071538478_145_97.jpg"}],"num":1},"desc":"华夏银行个人理财占比大增 正申请筹建消金公司"},{"cate":"100300001;100300177;101339288","comm":{"aid":"100","tid":"101339288"},"edit":{"head":"","link":"","name":"记者 全月","rank":"","desc":""},"link":"http://finance.caixin.com/2018-10-26/101339288.html","nid":101339288,"subDesc":"要闻","video":"","type":0,"tags":[],"audioUrl":"http://audio.caixin.com/caixin/288/101339288.mp3","form":null,"summ":"保险公司举牌上市公司近年来整体呈下降趋势，今年被举牌公司为行业龙头","freeDuration":"0","freeTime":"","channelDesc":"金融频道","time":"2018-10-26 14:44:38","attr":5,"channelId":125,"pict":{"imgs":[{"txt":"","url":"http://img.caixin.com/2018-10-26/1540536489709624_145_97.jpg"}],"num":1},"desc":"险资年内举牌五家上市公司 入市政策升温"},{"cate":"100300001;100300177;101339282","comm":{"aid":"100","tid":"101339282"},"edit":{"head":"","link":"","name":"记者 全月","rank":"","desc":""},"link":"http://finance.caixin.com/2018-10-26/101339282.html","nid":101339282,"subDesc":"要闻","video":"","type":0,"tags":[],"audioUrl":"","form":null,"summ":"中国2017年新增106位亿万富豪，驱动增长的三大行业为科技、房地产、消费零售业，有50多位是资产重返亿万富豪之列的人士","freeDuration":"0","freeTime":"","channelDesc":"金融频道","time":"2018-10-26 14:36:58","attr":5,"channelId":125,"pict":{"imgs":[{"txt":"","url":"http://img.caixin.com/2018-10-26/1540536284634478_145_97.jpg"}],"num":1},"desc":"五分之一亿万富豪在中国 平均每周新增两位"},{"cate":"100300001;100300177;101339276","comm":{"aid":"100","tid":"101339276"},"edit":{"head":"","link":"","name":"记者 曹文姣","rank":"","desc":""},"link":"http://finance.caixin.com/2018-10-26/101339276.html","nid":101339276,"subDesc":"要闻","video":"","type":0,"tags":[],"audioUrl":"http://audio.caixin.com/caixin/276/101339276.mp3","form":null,"summ":"终止基金合同的原因在于，5只“救市”基金的合同自2015年7月13日生效以来已届满三年，近期连续60个工作日出现基金份额持有人数量不满200人的情形","freeDuration":"0","freeTime":"","channelDesc":"金融频道","time":"2018-10-26 14:29:04","attr":5,"channelId":125,"pict":{"imgs":[{"txt":"","url":"http://img.caixin.com/2018-10-26/1540535612682678_145_97.jpg"}],"num":1},"desc":"“国家队”救市基金清仓 开启清盘程序"},{"cate":"100300001;100300177;101339271","comm":{"aid":"100","tid":"101339271"},"edit":{"head":"","link":"","name":"","rank":"","desc":""},"link":"http://finance.caixin.com/2018-10-26/101339271.html","nid":101339271,"subDesc":"要闻","video":"","type":0,"tags":[],"audioUrl":"http://audio.caixin.com/caixin/271/101339271.mp3","form":null,"summ":"初步估算民企债券融资支持工具可能会形成1600亿的规模，会观察评估民企债券融资支持工具效果，以决定是否扩大规模","freeDuration":"48","freeTime":"","channelDesc":"金融频道","time":"2018-10-26 14:18:02","attr":5,"channelId":125,"pict":{"imgs":[{"txt":"","url":"http://img.caixin.com/2018-10-26/1540534997670299_145_97.jpg"}],"num":1},"desc":"潘功胜：中国有能力、有信心保持人民币汇率在合理均衡水平上的基本稳定"},{"cate":"100300001;100300177;101339059","comm":{"aid":"100","tid":"101339059"},"edit":{"head":"","link":"","name":"记者 彭骎骎","rank":"","desc":""},"link":"http://finance.caixin.com/2018-10-25/101339059.html","nid":101339059,"subDesc":"要闻","video":"","type":0,"tags":[],"audioUrl":"http://audio.caixin.com/caixin/059/101339059.mp3","form":null,"summ":"结售汇逆差持续扩大，同时之前公布的9月外汇占款与外汇储备都显著下降，但9月人民币兑美元汇率保持稳定；市场人士认为，时隔一年央行有重回汇市干预的迹象","freeDuration":"48","freeTime":"","channelDesc":"金融频道","time":"2018-10-25 20:48:53","attr":5,"channelId":125,"pict":{"imgs":[{"txt":"","url":"http://img.caixin.com/2018-10-26/1540514963195033_145_97.jpg"}],"num":1},"desc":"9月结售汇逆差再扩大 外汇局称目前贸易摩擦影响可控"},{"cate":"100300001;100300177;101339055","comm":{"aid":"100","tid":"101339055"},"edit":{"head":"","link":"","name":"记者 吴雨俭","rank":"","desc":""},"link":"http://finance.caixin.com/2018-10-25/101339055.html","nid":101339055,"subDesc":"要闻","video":"","type":0,"tags":[],"audioUrl":"http://audio.caixin.com/caixin/055/101339055.mp3","form":null,"summ":"当前中国社保养老金平均收入替代率尚不足50%，大部分人如果仅靠社保养老金将难以达到预期的退休收入水平","freeDuration":"12","freeTime":"","channelDesc":"金融频道","time":"2018-10-25 20:44:51","attr":5,"channelId":125,"pict":{"imgs":[{"txt":"","url":"http://img.caixin.com/2018-10-25/1540471907624074_145_97.jpg"}],"num":1},"desc":"《国人养老准备报告》：近七成人未做养老规划"},{"cate":"100300001;100300177;101338821","comm":{"aid":"100","tid":"101338821"},"edit":{"head":"","link":"","name":"记者 董兢","rank":"","desc":""},"link":"http://finance.caixin.com/2018-10-25/101338821.html","nid":101338821,"subDesc":"要闻","video":"","type":0,"tags":[],"audioUrl":"http://audio.caixin.com/caixin/821/101338821.mp3","form":null,"summ":"规则要求合理控制产品投资集中度，可有效控制资金举牌上市公司","freeDuration":"0","freeTime":"","channelDesc":"金融频道","time":"2018-10-25 12:24:33","attr":5,"channelId":125,"pict":{"imgs":[{"txt":"","url":"http://img.caixin.com/2018-10-25/1540441598455310_145_97.jpg"}],"num":1},"desc":"险资救市路径明确 资金集中通过专项产品入市"},{"cate":"100300001;100300177;101338693","comm":{"aid":"100","tid":"101338693"},"edit":{"head":"","link":"","name":"记者 张宇哲","rank":"","desc":""},"link":"http://finance.caixin.com/2018-10-25/101338693.html","nid":101338693,"subDesc":"要闻","video":"","type":0,"tags":[],"audioUrl":"http://audio.caixin.com/caixin/693/101338693.mp3","form":null,"summ":"汇达公司注册资本金仅1亿元，风险敞口最多可以放大到15亿元；业内预计，下一步不排除央行对汇达注资的可能性","freeDuration":"0","freeTime":"","channelDesc":"金融频道","time":"2018-10-25 10:17:06","attr":5,"channelId":125,"pict":{"imgs":[{"txt":"","url":"http://img.caixin.com/2018-10-25/1540434264791527_145_97.jpg"}],"num":1},"desc":"第二家民企增信平台浮出水面 央行拟推汇达公司"},{"cate":"100300001;100300177;101338624","comm":{"aid":"100","tid":"101338624"},"edit":{"head":"","link":"","name":"记者 彭岩锋","rank":"","desc":""},"link":"http://finance.caixin.com/2018-10-25/101338624.html","nid":101338624,"subDesc":"要闻","video":"","type":0,"tags":[],"audioUrl":"http://audio.caixin.com/caixin/624/101338624.mp3","form":{"txt":"证券基金","url":"http://finance.caixin.com/stock/"},"summ":"深投控拟发行债券募集10亿元，联合社会资本等参与方，筹备设立投资基金，帮扶民营上市公司","freeDuration":"0","freeTime":"","channelDesc":"金融频道","time":"2018-10-25 07:09:40","attr":5,"channelId":125,"pict":{"imgs":[{"txt":"","url":"http://img.caixin.com/2018-07-29/1532829270171358_145_97.jpg"}],"num":1},"desc":"扶持上市公司 深圳国企拟发10亿元纾困专项债"},{"cate":"100300001;100300177;101338579","comm":{"aid":"100","tid":"101338579"},"edit":{"head":"","link":"","name":"记者 吴红毓然","rank":"","desc":""},"link":"http://finance.caixin.com/2018-10-24/101338579.html","nid":101338579,"subDesc":"要闻","video":"","type":0,"tags":[],"audioUrl":"http://audio.caixin.com/caixin/579/101338579.mp3","form":null,"summ":"意向性授信并不代表企业能从银行手里获得的最终贷款；但如此大规模的授信，也说明中国银行业愿意为一汽“站台”","freeDuration":"0","freeTime":"","channelDesc":"金融频道","time":"2018-10-24 19:44:53","attr":5,"channelId":125,"pict":{"imgs":[{"txt":"","url":"http://img.caixin.com/2018-10-24/1540382291799278_145_97.jpg"}],"num":1},"desc":"中国一汽获16家银行超1万亿“意向”授信 站台意味浓厚"},{"cate":"100300001;100300177;101338562","comm":{"aid":"100","tid":"101338562"},"edit":{"head":"","link":"","name":"记者 吴红毓然","rank":"","desc":""},"link":"http://finance.caixin.com/2018-10-24/101338562.html","nid":101338562,"subDesc":"要闻","video":"","type":0,"tags":[],"audioUrl":"http://audio.caixin.com/caixin/562/101338562.mp3","form":null,"summ":"天房集团负债率已经超97%，借款规模1400多亿元，仅2018年就到期近600亿元；整个天房集团原领导班子几乎全部被换，目前仍有人被带走调查；保利地产最终会接盘这家企业吗？","freeDuration":"0","freeTime":"","channelDesc":"金融频道","time":"2018-10-24 19:29:25","attr":5,"channelId":125,"pict":{"imgs":[{"txt":"","url":"http://img.caixin.com/2018-10-24/1540381288220380_145_97.jpg"}],"num":1},"desc":"天房集团原一把手邸达被查 1400亿金融债务悬头"},{"cate":"100300001;100300177;101338463","comm":{"aid":"100","tid":"101338463"},"edit":{"head":"","link":"","name":"见习记者 胡越","rank":"","desc":""},"link":"http://finance.caixin.com/2018-10-24/101338463.html","nid":101338463,"subDesc":"要闻","video":"","type":0,"tags":[],"audioUrl":"http://audio.caixin.com/caixin/463/101338463.mp3","form":null,"summ":"银行和消费金融公司都存在贷款资金流向非消费领域的问题；消费金融公司还多因滥用征信被罚","freeDuration":"0","freeTime":"","channelDesc":"金融频道","time":"2018-10-24 16:51:46","attr":5,"channelId":125,"pict":{"imgs":[{"txt":"","url":"http://img.caixin.com/2018-10-24/1540371441073037_145_97.jpg"}],"num":1},"desc":"消费贷罚单频现 贷款用途管理不到位成重灾区"},{"cate":"100300001;100300177;101338427","comm":{"aid":"100","tid":"101338427"},"edit":{"head":"","link":"","name":"记者 张宇哲","rank":"","desc":""},"link":"http://finance.caixin.com/2018-10-24/101338427.html","nid":101338427,"subDesc":"要闻","video":"","type":0,"tags":[],"audioUrl":"http://audio.caixin.com/caixin/427/101338427.mp3","form":null,"summ":"央行计划向中债信用增进公司提供100亿元，也在考虑通过旗下其他平台提供信用增信，业内认为此举利好龙头民企；但信用风险缓释工具能否发展起来，还要看卖方是否有动力增加风险敞口，以及如何定价","freeDuration":"0","freeTime":"","channelDesc":"金融频道","time":"2018-10-24 16:01:17","attr":5,"channelId":125,"pict":{"imgs":[{"txt":"","url":"http://img.caixin.com/2018-07-19/1531969942413435_145_97.jpg"}],"num":1},"desc":"中国版CDS获央行加持 民企发债逢利好效果待察"},{"cate":"100300001;100300177;101338359","comm":{"aid":"100","tid":"101338359"},"edit":{"head":"","link":"","name":"记者 吴红毓然","rank":"","desc":""},"link":"http://finance.caixin.com/2018-10-24/101338359.html","nid":101338359,"subDesc":"要闻","video":"","type":0,"tags":[],"audioUrl":"http://audio.caixin.com/caixin/359/101338359.mp3","form":null,"summ":"全国工商联否认将向中民投派出党委书记；“董文标真心有退休之意，但在一段时间内，董文标仍是会定中民投大事、大方向、大局的人”","freeDuration":"0","freeTime":"","channelDesc":"金融频道","time":"2018-10-24 14:14:23","attr":5,"channelId":125,"pict":{"imgs":[{"txt":"","url":"http://img.caixin.com/2018-10-24/1540366595988019_145_97.jpg"}],"num":1},"desc":"独家|中民投董事会换届 董文标缘何退休（更新）"},{"cate":"100300001;100300177;101338307","comm":{"aid":"100","tid":"101338307"},"edit":{"head":"","link":"","name":"记者 朱亮韬","rank":"","desc":""},"link":"http://finance.caixin.com/2018-10-24/101338307.html","nid":101338307,"subDesc":"要闻","video":"","type":0,"tags":[],"audioUrl":"http://audio.caixin.com/caixin/307/101338307.mp3","form":null,"summ":"阜兴系主掌上市公司时期的两笔投资无法收回，而交易方都涉及阜兴系的关联公司","freeDuration":"0","freeTime":"","channelDesc":"金融频道","time":"2018-10-24 10:51:46","attr":5,"channelId":125,"pict":{"imgs":[{"txt":"","url":"http://img.caixin.com/2018-10-24/1540349715471630_145_97.jpg"}],"num":1},"desc":"华闻传媒自曝被“侵害”13.3亿元 涉两家阜兴系关联公司"},{"cate":"100300001;100300177;101338169","comm":{"aid":"100","tid":"101338169"},"edit":{"head":"","link":"","name":"特派澳门记者 刘雁菲","rank":"","desc":""},"link":"http://finance.caixin.com/2018-10-23/101338169.html","nid":101338169,"subDesc":"要闻","video":"","type":0,"tags":[],"audioUrl":"http://audio.caixin.com/caixin/169/101338169.mp3","form":null,"summ":"于卓认为，点评内容造假事件只是“小插曲”，而且点评内容在平台产品内容占比非常少","freeDuration":"0","freeTime":"","channelDesc":"金融频道","time":"2018-10-23 20:33:17","attr":5,"channelId":125,"pict":{"imgs":[{"txt":"","url":"http://img.caixin.com/2018-10-23/1540298469171662_145_97.jpg"}],"num":1},"desc":"马蜂窝：虚假评论不影响IPO 冀未来两至三年登陆美国"},{"cate":"100300001;100300177;101338143","comm":{"aid":"100","tid":"101338143"},"edit":{"head":"","link":"","name":"驻香港记者 尉奕阳","rank":"","desc":""},"link":"http://finance.caixin.com/2018-10-23/101338143.html","nid":101338143,"subDesc":"要闻","video":"","type":0,"tags":[],"audioUrl":"http://audio.caixin.com/caixin/143/101338143.mp3","form":null,"summ":"调查涉及西班牙银行股权交易，李国宝否认指控","freeDuration":"0","freeTime":"","channelDesc":"金融频道","time":"2018-10-23 20:01:02","attr":5,"channelId":125,"pict":{"imgs":[{"txt":"","url":"http://img.caixin.com/2018-10-23/1540296530418845_145_97.jpg"}],"num":1},"desc":"东亚银行主席卷入刑事调查 上市公司纷纷撇清关系"},{"cate":"100300001;100300177;101338031","comm":{"aid":"100","tid":"101338031"},"edit":{"head":"","link":"","name":"记者 朱亮韬","rank":"","desc":""},"link":"http://finance.caixin.com/2018-10-23/101338031.html","nid":101338031,"subDesc":"要闻","video":"","type":0,"tags":[],"audioUrl":"http://audio.caixin.com/caixin/031/101338031.mp3","form":null,"summ":"这一讲话的背景是，此前“阜兴系”私募基金跑路风波曾引发关于私募基金托管机构责任边界的激烈争论。基金业协会和银行业协会代表的以银行为主的托管机构存在分歧","freeDuration":"0","freeTime":"","channelDesc":"金融频道","time":"2018-10-23 16:07:52","attr":5,"channelId":125,"pict":{"imgs":[{"txt":"","url":"http://img.caixin.com/2017-12-21/1513830418393123_145_97.jpg"}],"num":1},"desc":"基金业协会副会长：引导基金托管服务机构发挥专业作用"},{"cate":"100300001;100300177;101338014","comm":{"aid":"100","tid":"101338014"},"edit":{"head":"","link":"","name":"记者 覃洁","rank":"","desc":""},"link":"http://finance.caixin.com/2018-10-23/101338014.html","nid":101338014,"subDesc":"要闻","video":"","type":0,"tags":[],"audioUrl":"http://audio.caixin.com/caixin/014/101338014.mp3","form":null,"summ":"近期监管层推出多项利好政策力挺A股，但对股市的提振效果仍待观察","freeDuration":"12","freeTime":"","channelDesc":"金融频道","time":"2018-10-23 15:49:39","attr":5,"channelId":125,"pict":{"imgs":[{"txt":"","url":"http://img.caixin.com/2018-10-23/1540281206603917_145_97.jpg"}],"num":1},"desc":"“救市”组合拳 A股股权质押“拆弹”进行时（更新）"},{"cate":"100300001;100300177;101337942","comm":{"aid":"100","tid":"101337942"},"edit":{"head":"","link":"","name":"记者 刘彩萍","rank":"","desc":""},"link":"http://finance.caixin.com/2018-10-23/101337942.html","nid":101337942,"subDesc":"要闻","video":"","type":0,"tags":[],"audioUrl":"http://audio.caixin.com/caixin/942/101337942.mp3","form":null,"summ":"降低投资经理、投研人员数量要求，产品销售起点降低，允许存量尚不符合《资管细则》规定的产品滚动续作，且不统一限定整改进度","freeDuration":"0","freeTime":"","channelDesc":"金融频道","time":"2018-10-23 12:32:25","attr":5,"channelId":125,"pict":{"imgs":[{"txt":"","url":"http://img.caixin.com/2017-12-23/1513987687044432_145_97.jpg"}],"num":1},"desc":"私募资管细则落地 全面放宽展业条件"},{"cate":"100300001;100300177;101337898","comm":{"aid":"100","tid":"101337898"},"edit":{"head":"","link":"","name":"记者 吴红毓然 武晓蒙","rank":"","desc":""},"link":"http://finance.caixin.com/2018-10-23/101337898.html","nid":101337898,"subDesc":"要闻","video":"","type":0,"tags":[],"audioUrl":"http://audio.caixin.com/caixin/898/101337898.mp3","form":null,"summ":"理财子公司发行的公募理财，可能是监管标准相对最松的资管产品；但从银行自身的风险偏好和投资能力看，理财资金短期内很难放量入股市，不得期限错配依然是限制理财非标投资的核心","freeDuration":"0","freeTime":"","channelDesc":"金融频道","time":"2018-10-23 10:41:49","attr":5,"channelId":125,"pict":{"imgs":[{"txt":"","url":"http://img.caixin.com/2017-05-20/1495291373004966_145_97.jpg"}],"num":1},"desc":"“救市”在即 银行理财子公司大松绑"},{"cate":"100300001;100300177;101337818","comm":{"aid":"100","tid":"101337818"},"edit":{"head":"","link":"","name":"记者 刘彩萍","rank":"","desc":""},"link":"http://finance.caixin.com/2018-10-23/101337818.html","nid":101337818,"subDesc":"要闻","video":"","type":0,"tags":[],"audioUrl":"http://audio.caixin.com/caixin/818/101337818.mp3","form":null,"summ":"由11家证券公司达成意向出资210亿元设立母资管计划，同时吸引银行、保险、国有企业和政府平台等资金投资","freeDuration":"0","freeTime":"","channelDesc":"金融频道","time":"2018-10-23 07:07:27","attr":5,"channelId":125,"pict":{"imgs":[{"txt":"","url":"http://img.caixin.com/2018-06-26/1529978670050371_145_97.jpg"}],"num":1},"desc":"券商发起千亿基金 专项纾解股权质押困难"},{"cate":"100300001;100300177;101337774","comm":{"aid":"100","tid":"101337774"},"edit":{"head":"","link":"","name":"记者 彭骎骎","rank":"","desc":""},"link":"http://finance.caixin.com/2018-10-22/101337774.html","nid":101337774,"subDesc":"要闻","video":"","type":0,"tags":[],"audioUrl":"http://audio.caixin.com/caixin/774/101337774.mp3","form":null,"summ":"公布20起外汇违规案例，最高被罚419万元；首次通报境内居民海外SPV未如实披露实际控制人信息和违规汇出利润的行为","freeDuration":"0","freeTime":"","channelDesc":"金融频道","time":"2018-10-22 20:10:45","attr":0,"channelId":125,"pict":{"imgs":[{"txt":"","url":"http://img.caixin.com/2018-10-22/1540210527793499_145_97.jpg"}],"num":1},"desc":"外汇局首次通报海外SPV违规 强调维护贸易投资便利化"},{"cate":"100300001;100300177;101337735","comm":{"aid":"100","tid":"101337735"},"edit":{"head":"","link":"","name":"驻香港记者 尉奕阳","rank":"","desc":""},"link":"http://finance.caixin.com/2018-10-22/101337735.html","nid":101337735,"subDesc":"要闻","video":"","type":0,"tags":[],"audioUrl":"http://audio.caixin.com/caixin/735/101337735.mp3","form":null,"summ":"分析认为，港股短期信心有所回升，市场期待未来中央出台更多支持政策","freeDuration":"0","freeTime":"","channelDesc":"金融频道","time":"2018-10-22 18:53:30","attr":5,"channelId":125,"pict":{"imgs":[{"txt":"","url":"http://img.caixin.com/2018-07-27/1532672118330937_145_97.jpg"}],"num":1},"desc":"内地“救市”刺激 港股通净流入创八个月新高"},{"cate":"100300001;100300177;101337700","comm":{"aid":"100","tid":"101337700"},"edit":{"head":"","link":"","name":"记者 刘彩萍","rank":"","desc":""},"link":"http://finance.caixin.com/2018-10-22/101337700.html","nid":101337700,"subDesc":"要闻","video":"","type":0,"tags":[],"audioUrl":"http://audio.caixin.com/caixin/700/101337700.mp3","form":null,"summ":"鼓励私募股权与创投基金积极参与企业并购重组、债转股以及股权融资。鼓励各类各级政府管理的投资基金、私募股权投资基金管理人和券商资管等设立股权并购基金，提升上市公司的融资便利，改善上市公司的治理结构，有效防范股权质押风险","freeDuration":"0","freeTime":"","channelDesc":"金融频道","time":"2018-10-22 17:02:21","attr":5,"channelId":125,"pict":{"imgs":[{"txt":"","url":"http://img.caixin.com/2018-10-22/1540199079744349_145_97.jpg"}],"num":1},"desc":"刘士余：完善财税政策 支持私募股权基金投向高新技术产业"},{"cate":"100300001;100300177;101337681","comm":{"aid":"100","tid":"101337681"},"edit":{"head":"","link":"","name":"记者 张榆","rank":"","desc":""},"link":"http://finance.caixin.com/2018-10-22/101337681.html","nid":101337681,"subDesc":"要闻","video":"","type":0,"tags":[],"audioUrl":"http://audio.caixin.com/caixin/681/101337681.mp3","form":null,"summ":"增加“避免公司遭受重大损害，维护公司价值及股东权益所必需”等股份回购情形，同时简化份回购的决策程序","freeDuration":"0","freeTime":"","channelDesc":"金融频道","time":"2018-10-22 16:41:29","attr":5,"channelId":125,"pict":{"imgs":[{"txt":"","url":"http://img.caixin.com/2018-10-22/1540198151575275_145_97.jpg"}],"num":1},"desc":"针对股份回购  《公司法》修订在即"},{"cate":"100300001;100300177;101337549","comm":{"aid":"100","tid":"101337549"},"edit":{"head":"","link":"","name":"记者 朱亮韬","rank":"","desc":""},"link":"http://finance.caixin.com/2018-10-22/101337549.html","nid":101337549,"subDesc":"要闻","video":"","type":0,"tags":[],"audioUrl":"http://audio.caixin.com/caixin/549/101337549.mp3","form":null,"summ":"从2018年5月推出试点后，截至9月全国税延养老保险承保人数超过3万人，保费为接近3000万元","freeDuration":"0","freeTime":"","channelDesc":"金融频道","time":"2018-10-22 12:34:00","attr":5,"channelId":125,"pict":{"imgs":[{"txt":"","url":"http://img.caixin.com/2018-10-22/1540183270927771_145_97.jpg"}],"num":1},"desc":"长江养老苏罡：税延养老险产品吸引力不及预期"},{"cate":"100300001;100300177;101337448","comm":{"aid":"100","tid":"101337448"},"edit":{"head":"","link":"","name":"","rank":"","desc":""},"link":"http://finance.caixin.com/2018-10-22/101337448.html","nid":101337448,"subDesc":"要闻","video":"","type":0,"tags":[],"audioUrl":"http://audio.caixin.com/caixin/448/101337448.mp3","form":null,"summ":"资本市场的资金供给应该会通过国家队进场、保险和银行理财资金入市、上市公司回购等举措得到改善","freeDuration":"0","freeTime":"","channelDesc":"金融频道","time":"2018-10-22 08:49:12","attr":5,"channelId":125,"pict":{"imgs":[{"txt":"","url":"http://img.caixin.com/2018-10-22/1540169480477676_145_97.jpg"}],"num":1},"desc":"央行货政委马骏:明年中国减税减费或超GDP1%"},{"cate":"100300001;100300177;101337391","comm":{"aid":"100","tid":"101337391"},"edit":{"head":"","link":"","name":"记者 吴雨俭","rank":"","desc":""},"link":"http://finance.caixin.com/2018-10-21/101337391.html","nid":101337391,"subDesc":"要闻","video":"","type":0,"tags":[],"audioUrl":"http://audio.caixin.com/caixin/391/101337391.mp3","form":null,"summ":"监管层此前早已提出P2P不得随意变更股权、法人代表、高管、注册地和经营地这一要求；不过，深圳通过行政方式冻结股权的方式，在法律上或存在一定瑕疵","freeDuration":"0","freeTime":"","channelDesc":"金融频道","time":"2018-10-21 16:50:27","attr":5,"channelId":125,"pict":{"imgs":[{"txt":"","url":"http://img.caixin.com/2018-09-03/1535957324482098_145_97.jpg"}],"num":1},"desc":"深圳数百家P2P股权被冻后又解冻 一日反转究竟为何"},{"cate":"100300001;100300177;101337135","comm":{"aid":"100","tid":"101337135"},"edit":{"head":"","link":"","name":"见习记者 胡越","rank":"","desc":""},"link":"http://finance.caixin.com/2018-10-19/101337135.html","nid":101337135,"subDesc":"要闻","video":"","type":0,"tags":[],"audioUrl":"http://audio.caixin.com/caixin/135/101337135.mp3","form":null,"summ":"区块链信息服务提供者，是指向社会公众提供区块链信息服务的主体或者节点，以及为区块链信息服务的主体提供技术支持的机构或者组织","freeDuration":"12","freeTime":"","channelDesc":"金融频道","time":"2018-10-19 21:41:05","attr":5,"channelId":125,"pict":{"imgs":[{"txt":"","url":"http://img.caixin.com/2018-10-19/1539956767585784_145_97.jpg"}],"num":1},"desc":"区块链信息服务将实行备案制  技术服务方或成监管重点"},{"cate":"100300001;100300177;101337408","comm":{"aid":"100","tid":"101337408"},"edit":{"head":"","link":"","name":"记者 张榆","rank":"","desc":""},"link":"http://finance.caixin.com/2018-10-19/101337408.html","nid":101337408,"subDesc":"要闻","video":"","type":0,"tags":[],"audioUrl":"http://audio.caixin.com/caixin/408/101337408.mp3","form":null,"summ":"积极支持优质境外上市中资企业参与A股上市公司并购重组，回归渠道进一步畅通","freeDuration":"0","freeTime":"","channelDesc":"金融频道","time":"2018-10-19 19:59:03","attr":5,"channelId":125,"pict":{"imgs":[{"txt":"","url":"http://img.caixin.com/2018-10-19/1539947926994982_145_97.jpg"}],"num":1},"desc":"火线评论|“救市”的标与本"},{"cate":"100300001;100300177;101337089","comm":{"aid":"100","tid":"101337089"},"edit":{"head":"","link":"","name":"记者 刘彩萍","rank":"","desc":""},"link":"http://finance.caixin.com/2018-10-19/101337089.html","nid":101337089,"subDesc":"要闻","video":"","type":0,"tags":[],"audioUrl":"http://audio.caixin.com/caixin/089/101337089.mp3","form":null,"summ":"积极支持优质境外上市中资企业参与A股上市公司并购重组，回归渠道进一步畅通","freeDuration":"0","freeTime":"","channelDesc":"金融频道","time":"2018-10-19 19:53:40","attr":5,"channelId":125,"pict":{"imgs":[{"txt":"","url":"http://img.caixin.com/2018-05-04/1525445523195960_145_97.jpg"}],"num":1},"desc":"证监会鼓励中概股通过并购重组回归"},{"cate":"100300001;100300177;101337028","comm":{"aid":"100","tid":"101337028"},"edit":{"head":"","link":"","name":"驻香港记者 尉奕阳","rank":"","desc":""},"link":"http://finance.caixin.com/2018-10-19/101337028.html","nid":101337028,"subDesc":"要闻","video":"","type":0,"tags":[],"audioUrl":"http://audio.caixin.com/caixin/028/101337028.mp3","form":null,"summ":"David Webb表示，此次公布的信息仅限港股，只是华融利益链条的冰山一角","freeDuration":"0","freeTime":"","channelDesc":"金融频道","time":"2018-10-19 18:05:10","attr":5,"channelId":125,"pict":{"imgs":[{"txt":"","url":"http://img.caixin.com/2018-10-19/1539944173793951_145_97.jpg"}],"num":1},"desc":"华融系港股利益链曝光 还有哪些大佬牵涉其中？"},{"cate":"100300001;100300177;101336958","comm":{"aid":"100","tid":"101336958"},"edit":{"head":"","link":"","name":"记者 吴雨俭","rank":"","desc":""},"link":"http://finance.caixin.com/2018-10-19/101336958.html","nid":101336958,"subDesc":"要闻","video":"","type":0,"tags":[],"audioUrl":"http://audio.caixin.com/caixin/958/101336958.mp3","form":{"txt":"投资","url":"http://finance.caixin.com/investment/"},"summ":"除了P2P机构名称，还可以看到P2P与银行签订存管协议的时间、全量业务上线时间、存管系统版本号等信息","freeDuration":"0","freeTime":"","channelDesc":"金融频道","time":"2018-10-19 17:28:49","attr":5,"channelId":125,"pict":{"imgs":[{"txt":"","url":"http://img.caixin.com/2018-10-19/1539942000213022_145_97.jpg"}],"num":1},"desc":"P2P投资人须知:银行存管信息可在互金协会查询"},{"cate":"100300001;100300177;101336798","comm":{"aid":"100","tid":"101336798"},"edit":{"head":"","link":"","name":"记者 全月","rank":"","desc":""},"link":"http://finance.caixin.com/2018-10-19/101336798.html","nid":101336798,"subDesc":"要闻","video":"","type":0,"tags":[],"audioUrl":"http://audio.caixin.com/caixin/798/101336798.mp3","form":null,"summ":"2011年后实施4次“高送转”和2次增发，股本由5.62亿股飙升至83.90亿股，总市值虽然超过A股三分之二上市公司，但因连续20个交易日低于1元触发退市条款","freeDuration":"0","freeTime":"","channelDesc":"金融频道","time":"2018-10-19 13:32:08","attr":5,"channelId":125,"pict":{"imgs":[{"txt":"","url":"http://img.caixin.com/2018-10-19/1539927424106288_145_97.jpg"}],"num":1},"desc":"7年股本暴涨16倍 中弘股份退市自取灭亡？"},{"cate":"100300001;100300177;101336745","comm":{"aid":"100","tid":"101336745"},"edit":{"head":"","link":"","name":"记者 武晓蒙 霍侃","rank":"","desc":""},"link":"http://finance.caixin.com/2018-10-19/101336745.html","nid":101336745,"subDesc":"要闻","video":"","type":0,"tags":[],"audioUrl":"http://audio.caixin.com/caixin/745/101336745.mp3","form":null,"summ":"对子公司理财产品的监管要求和其他资管产品整体划齐，较银行资管部开展的理财业务明显放松；子公司注册资本最低10亿元，控股股东应为境内银行，但可引入其他境内外金融机构和境内企业","freeDuration":"0","freeTime":"","channelDesc":"金融频道","time":"2018-10-19 11:26:57","attr":5,"channelId":125,"pict":{"imgs":[{"txt":"","url":"http://img.caixin.com/2018-10-19/1539920189871833_145_97.jpg"}],"num":1},"desc":"理财子公司公募产品可直投股票 不设销售门槛"},{"cate":"100300001;100300177;101336722","comm":{"aid":"100","tid":"101336722"},"edit":{"head":"","link":"","name":"记者 董兢","rank":"","desc":""},"link":"http://finance.caixin.com/2018-10-19/101336722.html","nid":101336722,"subDesc":"要闻","video":"","type":0,"tags":[],"audioUrl":"http://audio.caixin.com/caixin/722/101336722.mp3","form":null,"summ":"新任命的36位银保监局筹备组负责人中，20人来自银监局局长岗位，15人来自保监局局长岗位，1人从银保监会空降","freeDuration":"0","freeTime":"","channelDesc":"金融频道","time":"2018-10-19 11:00:08","attr":5,"channelId":125,"pict":{"imgs":[{"txt":"","url":"http://img.caixin.com/2018-09-04/1536029294674817_145_97.jpg"}],"num":1},"desc":"银保监会敲定地方局筹备组负责人 30名厅官退二线"},{"cate":"100300001;100300177;101336692","comm":{"aid":"100","tid":"101336692"},"edit":{"head":"","link":"","name":"记者 刘彩萍 武晓蒙","rank":"","desc":""},"link":"http://finance.caixin.com/2018-10-19/101336692.html","nid":101336692,"subDesc":"要闻","video":"","type":0,"tags":[],"audioUrl":"http://audio.caixin.com/caixin/692/101336692.mp3","form":null,"summ":"鼓励保险、私募股权、外资资管等资金入市；银行稳妥处理股票质押风险，保险成立专项产品参与化解股票质押","freeDuration":"0","freeTime":"","channelDesc":"金融频道","time":"2018-10-19 10:08:51","attr":5,"channelId":125,"pict":{"imgs":[{"txt":"","url":"http://img.caixin.com/2018-10-19/1539915194157346_145_97.jpg"}],"num":1},"desc":"金融高官齐发声“救市” 银证保各出方案"},{"cate":"100300001;100300177;101336555","comm":{"aid":"100","tid":"101336555"},"edit":{"head":"","link":"","name":"记者 吴雨俭","rank":"","desc":""},"link":"http://finance.caixin.com/2018-10-18/101336555.html","nid":101336555,"subDesc":"要闻","video":"","type":0,"tags":[],"audioUrl":"http://audio.caixin.com/caixin/555/101336555.mp3","form":null,"summ":"包括企业借款人信息和个人借款人信息，其中最大的一笔逃废债金额已经达到数千万元；这对恶意逃废债的借款人在授信方面给予一定制裁，形成有效的失信惩戒","freeDuration":"0","freeTime":"","channelDesc":"金融频道","time":"2018-10-18 21:31:15","attr":5,"channelId":125,"pict":{"imgs":[{"txt":"","url":"http://img.caixin.com/2018-10-18/1539870177015846_145_97.jpg"}],"num":1},"desc":"首批P2P逃废债信息已纳入征信 涉及金额2亿元"},{"cate":"100300001;100300177;101336544","comm":{"aid":"100","tid":"101336544"},"edit":{"head":"","link":"","name":"记者 董兢","rank":"","desc":""},"link":"http://finance.caixin.com/2018-10-18/101336544.html","nid":101336544,"subDesc":"要闻","video":"","type":0,"tags":[],"audioUrl":"http://audio.caixin.com/caixin/544/101336544.mp3","form":null,"summ":"新华人寿被罚110万，另六家公司收到监管函","freeDuration":"0","freeTime":"","channelDesc":"金融频道","time":"2018-10-18 21:14:25","attr":5,"channelId":125,"pict":{"imgs":[{"txt":"","url":"http://img.caixin.com/2018-08-16/1534405518033074_145_97.jpg"}],"num":1},"desc":"银保监会处罚新华人寿欺骗投保人 涉及保费20亿"},{"cate":"100300001;100300177;101336511","comm":{"aid":"100","tid":"101336511"},"edit":{"head":"","link":"","name":"见习记者 胡越","rank":"","desc":""},"link":"http://finance.caixin.com/2018-10-18/101336511.html","nid":101336511,"subDesc":"要闻","video":"","type":0,"tags":[],"audioUrl":"http://audio.caixin.com/caixin/511/101336511.mp3","form":null,"summ":"数字微贷的利率越低越好吗？在降低借贷成本方面，监管部门可以做什么？金融科技究竟起到了多大作用？","freeDuration":"0","freeTime":"","channelDesc":"金融频道","time":"2018-10-18 20:12:56","attr":5,"channelId":125,"pict":{"imgs":[{"txt":"","url":"http://img.caixin.com/2017-06-13/1497324445695118_145_97.jpg"}],"num":1},"desc":"数字微贷定价之辩 看利率高低还是可负担性"},{"cate":"100300001;100300177;101336467","comm":{"aid":"100","tid":"101336467"},"edit":{"head":"","link":"","name":"记者 吴雨俭","rank":"","desc":""},"link":"http://finance.caixin.com/2018-10-18/101336467.html","nid":101336467,"subDesc":"要闻","video":"","type":0,"tags":[],"audioUrl":"http://audio.caixin.com/caixin/467/101336467.mp3","form":null,"summ":"小贷公司的法律地位和机构定性长期得不到确认，因而在税收、政策、融资渠道、诉讼环境以及市场环境等方面遇到很多瓶颈性问题","freeDuration":"0","freeTime":"","channelDesc":"金融频道","time":"2018-10-18 18:58:03","attr":5,"channelId":125,"pict":{"imgs":[{"txt":"","url":"http://img.caixin.com/2018-10-18/1539860608013785_145_97.jpg"}],"num":1},"desc":"小贷协会白雪梅：小贷行业亟待政策引领和规范"},{"cate":"100300001;100300177;101336341","comm":{"aid":"100","tid":"101336341"},"edit":{"head":"","link":"","name":"记者 刘彩萍 吴红毓然","rank":"","desc":""},"link":"http://finance.caixin.com/2018-10-18/101336341.html","nid":101336341,"subDesc":"要闻","video":"","type":0,"tags":[],"audioUrl":"http://audio.caixin.com/caixin/341/101336341.mp3","form":null,"summ":"中央纪委国家监察委官网确认张杰因严重违纪违法接受调查；财新从多渠道确认，张杰涉嫌利用旗下恒天财富进行不当利益输送","freeDuration":"0","freeTime":"","channelDesc":"金融频道","time":"2018-10-18 16:08:33","attr":5,"channelId":125,"pict":{"imgs":[{"txt":"","url":"http://img.caixin.com/2018-10-18/1539850378570943_145_97.jpg"}],"num":1},"desc":"恒天集团董事长张杰被调查 案涉不当利益输送"},{"cate":"100300001;100300177;101336324","comm":{"aid":"100","tid":"101336324"},"edit":{"head":"","link":"","name":"驻香港记者 刘雁菲","rank":"","desc":""},"link":"http://finance.caixin.com/2018-10-18/101336324.html","nid":101336324,"subDesc":"要闻","video":"","type":0,"tags":[],"audioUrl":"http://audio.caixin.com/caixin/324/101336324.mp3","form":null,"summ":"部分定存利率高达6%；离岸人民币利率上扬，导致做空人民币成本增加","freeDuration":"0","freeTime":"","channelDesc":"金融频道","time":"2018-10-18 15:12:29","attr":5,"channelId":125,"pict":{"imgs":[{"txt":"","url":"http://img.caixin.com/2018-10-18/1539847154059657_145_97.jpg"}],"num":1},"desc":"香港银行高息揽存离岸人民币"},{"cate":"100300001;100300177;101336275","comm":{"aid":"100","tid":"101336275"},"edit":{"head":"","link":"","name":"记者 董兢","rank":"","desc":""},"link":"http://finance.caixin.com/2018-10-18/101336275.html","nid":101336275,"subDesc":"要闻","video":"","type":0,"tags":[],"audioUrl":"http://audio.caixin.com/caixin/275/101336275.mp3","form":null,"summ":"仅划分两个年龄段，最少需330万人参与方可存续，年龄越大保费越合算，易引发高风险用户的集聚","freeDuration":"0","freeTime":"","channelDesc":"金融频道","time":"2018-10-18 12:04:47","attr":5,"channelId":125,"pict":{"imgs":[{"txt":"","url":"http://img.caixin.com/2018-10-18/1539836080708630_145_97.jpg"}],"num":1},"desc":"1毛钱保30万 蚂蚁“相互保”前景如何"},{"cate":"100300001;100300177;101336262","comm":{"aid":"100","tid":"101336262"},"edit":{"head":"","link":"","name":"记者 刘彩萍","rank":"","desc":""},"link":"http://finance.caixin.com/2018-10-18/101336262.html","nid":101336262,"subDesc":"要闻","video":"","type":0,"tags":[],"audioUrl":"http://audio.caixin.com/caixin/262/101336262.mp3","form":null,"summ":"北京证监局发文建议，上市公司股票质押债权人不强行平仓","freeDuration":"0","freeTime":"","channelDesc":"金融频道","time":"2018-10-18 11:50:40","attr":5,"channelId":125,"pict":{"imgs":[{"txt":"","url":"http://img.caixin.com/2018-10-18/1539834960105896_145_97.jpg"}],"num":1},"desc":"北京加入扶持上市公司阵营  海淀区成立100亿基金"},{"cate":"100300001;100300177;101336236","comm":{"aid":"100","tid":"101336236"},"edit":{"head":"","link":"","name":"记者 张立君 任蕙兰","rank":"","desc":""},"link":"http://finance.caixin.com/2018-10-18/101336236.html","nid":101336236,"subDesc":"要闻","video":"","type":0,"tags":[],"audioUrl":"http://audio.caixin.com/caixin/236/101336236.mp3","form":null,"summ":"小米投资的寓见公寓近日停止支付业主租金，其占用的租金贷涉及浦发银行、蚂蚁等众多持牌和非持牌金融机构。寓见公寓副董事长林小森称，杭州鼎家事件导致其新一轮融资失败","freeDuration":"0","freeTime":"","channelDesc":"金融频道","time":"2018-10-18 11:01:28","attr":5,"channelId":125,"pict":{"imgs":[{"txt":"","url":"http://img.caixin.com/2018-10-18/1539832132140828_145_97.jpg"}],"num":1},"desc":"长租公寓连环雷 寓见公寓融资失败资金断裂"},{"cate":"100300001;100300177;101336217","comm":{"aid":"100","tid":"101336217"},"edit":{"head":"","link":"","name":"见习记者 胡越","rank":"","desc":""},"link":"http://finance.caixin.com/2018-10-18/101336217.html","nid":101336217,"subDesc":"要闻","video":"","type":0,"tags":[],"audioUrl":"http://audio.caixin.com/caixin/217/101336217.mp3","form":null,"summ":"走法律诉讼程序是最合理的，但现在很多法院的立案已经太多，不再受理；中国应大力发展金融纠纷调解和仲裁，并借鉴西方国家的集体诉讼机制","freeDuration":"0","freeTime":"","channelDesc":"金融频道","time":"2018-10-18 10:43:01","attr":5,"channelId":125,"pict":{"imgs":[{"txt":"","url":"http://img.caixin.com/2018-10-18/1539830928605434_145_97.jpg"}],"num":1},"desc":"P2P投资人如何维权？ 专家建议多走纠纷调解和仲裁"},{"cate":"100300001;100300177;101336161","comm":{"aid":"100","tid":"101336161"},"edit":{"head":"","link":"","name":"记者 全月","rank":"","desc":""},"link":"http://finance.caixin.com/2018-10-18/101336161.html","nid":101336161,"subDesc":"要闻","video":"","type":0,"tags":[],"audioUrl":"http://audio.caixin.com/caixin/161/101336161.mp3","form":null,"summ":"淳厚基金成为今年以来第十家新设公募基金公司，股东为六位自然人","freeDuration":"0","freeTime":"","channelDesc":"金融频道","time":"2018-10-18 09:13:48","attr":5,"channelId":125,"pict":{"imgs":[{"txt":"","url":"http://img.caixin.com/2017-04-15/1492213116902891_145_97.jpg"}],"num":1},"desc":"公募基金加速发牌 竞争加剧产品发行减速"},{"cate":"100300001;100300177;101336074","comm":{"aid":"100","tid":"101336074"},"edit":{"head":"","link":"","name":"记者 彭骎骎","rank":"","desc":""},"link":"http://finance.caixin.com/2018-10-17/101336074.html","nid":101336074,"subDesc":"要闻","video":"","type":0,"tags":[],"audioUrl":"http://audio.caixin.com/caixin/074/101336074.mp3","form":null,"summ":"年内社会融资规模统计口径再次扩大，纳入地方政府专项债券，9月贡献了7389亿元的社融增量；贷款增长逐步加快，但企业中长期贷款需求增长乏力","freeDuration":"0","freeTime":"","channelDesc":"金融频道","time":"2018-10-17 21:16:18","attr":5,"channelId":125,"pict":{"imgs":[{"txt":"","url":"http://img.caixin.com/2017-05-26/1495774934524798_145_97.jpg"}],"num":1},"desc":"9月可比口径社融继续疲软 信贷结构仍待改善"},{"cate":"100300001;100300177;101336007","comm":{"aid":"100","tid":"101336007"},"edit":{"head":"","link":"","name":"记者 全月","rank":"","desc":""},"link":"http://finance.caixin.com/2018-10-17/101336007.html","nid":101336007,"subDesc":"要闻","video":"","type":0,"tags":[],"audioUrl":"http://audio.caixin.com/caixin/007/101336007.mp3","form":null,"summ":"中弘股份连续19个交易日股价低于1元，最新收于0.82元，即使第20个交易日涨停，股价也无法回到1元以上","freeDuration":"0","freeTime":"","channelDesc":"金融频道","time":"2018-10-17 18:16:43","attr":5,"channelId":125,"pict":{"imgs":[{"txt":"","url":"http://img.caixin.com/2018-10-17/1539771727528449_145_97.jpg"}],"num":1},"desc":"退市新规后首家公司或将诞生 24万股东命运不明"},{"cate":"100300001;100300177;101335761","comm":{"aid":"100","tid":"101335761"},"edit":{"head":"","link":"","name":"记者 董兢","rank":"","desc":""},"link":"http://finance.caixin.com/2018-10-17/101335761.html","nid":101335761,"subDesc":"要闻","video":"","type":0,"tags":[],"audioUrl":"http://audio.caixin.com/caixin/761/101335761.mp3","form":null,"summ":"安邦财险、安邦养老、安邦资管将其持有万科股份转让给安邦人寿","freeDuration":"0","freeTime":"","channelDesc":"金融频道","time":"2018-10-17 09:40:29","attr":5,"channelId":125,"pict":{"imgs":[{"txt":"","url":"http://img.caixin.com/2018-07-02/1530542785548270_145_97.jpg"}],"num":1},"desc":"为重组做准备 安邦腾挪A股持仓"},{"cate":"100300001;100300177;101335608","comm":{"aid":"100","tid":"101335608"},"edit":{"head":"","link":"","name":"记者 朱亮韬 彭岩锋","rank":"","desc":""},"link":"http://finance.caixin.com/2018-10-16/101335608.html","nid":101335608,"subDesc":"要闻","video":"","type":0,"tags":[],"audioUrl":"http://audio.caixin.com/caixin/608/101335608.mp3","form":null,"summ":"拟通过融资支持、债权收购、股权收购等方式，向上市公司或实际控制人提供流动性支持化解股权质押平仓风险","freeDuration":"0","freeTime":"","channelDesc":"金融频道","time":"2018-10-16 19:54:05","attr":5,"channelId":125,"pict":{"imgs":[{"txt":"","url":"http://img.caixin.com/2018-10-16/1539691118841433_145_97.jpg"}],"num":1},"desc":"独家|不止深圳 广东顺德酝酿支持本地上市公司方案"},{"cate":"100300001;100300177;101335595","comm":{"aid":"100","tid":"101335595"},"edit":{"head":"","link":"","name":"记者 张榆","rank":"","desc":""},"link":"http://finance.caixin.com/2018-10-16/101335595.html","nid":101335595,"subDesc":"要闻","video":"","type":0,"tags":[],"audioUrl":"http://audio.caixin.com/caixin/595/101335595.mp3","form":null,"summ":"已经连续18个交易日收盘价低于1元，若连续20个交易日股票价格低于1元，将面临退市","freeDuration":"0","freeTime":"","channelDesc":"金融频道","time":"2018-10-16 19:16:53","attr":5,"channelId":125,"pict":{"imgs":[{"txt":"","url":"http://img.caixin.com/2018-06-08/1528427324147663_145_97.jpg"}],"num":1},"desc":"中弘股份董事长总经理双双辞职 退市进入最后倒计时"},{"cate":"100300001;100300177;101335579","comm":{"aid":"100","tid":"101335579"},"edit":{"head":"","link":"","name":"记者 全月","rank":"","desc":""},"link":"http://finance.caixin.com/2018-10-16/101335579.html","nid":101335579,"subDesc":"要闻","video":"","type":0,"tags":[],"audioUrl":"http://audio.caixin.com/caixin/579/101335579.mp3","form":null,"summ":"沪指冲击2600关口未果，深成指再创近四年新低。两融数据首次跌破8000亿元","freeDuration":"0","freeTime":"","channelDesc":"金融频道","time":"2018-10-16 18:37:37","attr":5,"channelId":125,"pict":{"imgs":[{"txt":"","url":"http://img.caixin.com/2018-10-16/1539687227912370_145_97.jpg"}],"num":1},"desc":"上证50早盘急拉 疑似国家队进场"},{"cate":"100300001;100300177;101335522","comm":{"aid":"100","tid":"101335522"},"edit":{"head":"","link":"","name":"记者 黎柳茜","rank":"","desc":""},"link":"http://finance.caixin.com/2018-10-16/101335522.html","nid":101335522,"subDesc":"要闻","video":"","type":0,"tags":[],"audioUrl":"http://audio.caixin.com/caixin/522/101335522.mp3","form":null,"summ":"实控人已将所持奥马电器股份全部质押出去。奥马电器多名董事和高管也先后辞职","freeDuration":"0","freeTime":"","channelDesc":"金融频道","time":"2018-10-16 17:27:03","attr":5,"channelId":125,"pict":{"imgs":[{"txt":"","url":"http://img.caixin.com/2018-08-17/1534510088402047_145_97.jpg"}],"num":1},"desc":"奥马电器寻求投资失败 旗下P2P兑付何去何从"},{"cate":"100300001;100300177;101335331","comm":{"aid":"100","tid":"101335331"},"edit":{"head":"","link":"","name":"记者 董兢 吴红毓然","rank":"","desc":""},"link":"http://finance.caixin.com/2018-10-16/101335331.html","nid":101335331,"subDesc":"要闻","video":"<script src=\"http://player.caixin.com/player_tide/js/tidePlayer.cx.js\"><\/script><script>new tidePlayer({width:\"100%\",height:\"100%\",autoplay:false,json:\"http://player.caixin.com/v/g/c/2018/10/16/1539676661706.json\",adshowtype:2,channel:\"3408,3414\"});<\/script>","type":0,"tags":[],"audioUrl":"http://audio.caixin.com/caixin/331/101335331.mp3","form":null,"summ":"赖小民被双开，视频忏悔，官方定性空前严厉；更多细节曝光","freeDuration":"0","freeTime":"","channelDesc":"金融频道","time":"2018-10-16 12:38:44","attr":5,"channelId":125,"pict":{"imgs":[{"txt":"","url":"http://img.caixin.com/2018-10-16/1539664925569843_145_97.jpg"}],"num":1},"desc":"独家|金融贪腐第一案赖小民 还有3亿存款在谁账上"},{"cate":"100300001;100300177;101335173","comm":{"aid":"100","tid":"101335173"},"edit":{"head":"","link":"","name":"记者 彭岩锋 王婧","rank":"","desc":""},"link":"http://finance.caixin.com/2018-10-16/101335173.html","nid":101335173,"subDesc":"要闻","video":"","type":0,"tags":[],"audioUrl":"http://audio.caixin.com/caixin/173/101335173.mp3","form":null,"summ":"计划斥资数百亿元，首批近30家上市公司已入选受助企业名单，已有上市公司控股股东借此缓解质押风险","freeDuration":"0","freeTime":"","channelDesc":"金融频道","time":"2018-10-16 08:38:26","attr":5,"channelId":125,"pict":{"imgs":[{"txt":"","url":"http://img.caixin.com/2018-08-24/1535110296789254_145_97.jpg"}],"num":1},"desc":"深圳国资“驰援”上市公司  实施细则仍在制订"},{"cate":"100300001;100300177;101335125","comm":{"aid":"100","tid":"101335125"},"edit":{"head":"","link":"","name":"驻香港记者 尉奕阳","rank":"","desc":""},"link":"http://finance.caixin.com/2018-10-15/101335125.html","nid":101335125,"subDesc":"要闻","video":"","type":0,"tags":[],"audioUrl":"http://audio.caixin.com/caixin/125/101335125.mp3","form":null,"summ":"红杉资本、美国资本集团以及新加坡淡马锡等出任基石投资者","freeDuration":"0","freeTime":"","channelDesc":"金融频道","time":"2018-10-15 21:39:19","attr":5,"channelId":125,"pict":{"imgs":[{"txt":"","url":"http://img.caixin.com/2017-12-19/1513647789473059_145_97.jpg"}],"num":1},"desc":"信达生物港股IPO 最多融资33亿港元"},{"cate":"100300001;100300177;101335097","comm":{"aid":"100","tid":"101335097"},"edit":{"head":"","link":"","name":"记者 全月","rank":"","desc":""},"link":"http://finance.caixin.com/2018-10-15/101335097.html","nid":101335097,"subDesc":"要闻","video":"","type":0,"tags":[],"audioUrl":"http://audio.caixin.com/caixin/097/101335097.mp3","form":null,"summ":"投资者风险偏好降低，券商主动收缩股票质押业务","freeDuration":"0","freeTime":"","channelDesc":"金融频道","time":"2018-10-15 19:36:20","attr":5,"channelId":125,"pict":{"imgs":[{"txt":"","url":"http://img.caixin.com/2018-10-15/1539603569986718_145_97.jpg"}],"num":1},"desc":"股市萎靡不振 两融数据创四年最低"},{"cate":"100300001;100300177;101335030","comm":{"aid":"100","tid":"101335030"},"edit":{"head":"","link":"","name":"见习记者 胡越","rank":"","desc":""},"link":"http://finance.caixin.com/2018-10-15/101335030.html","nid":101335030,"subDesc":"要闻","video":"","type":0,"tags":[],"audioUrl":"http://audio.caixin.com/caixin/030/101335030.mp3","form":null,"summ":"本应与美元1：1锚定的稳定币USDT突然变得“不稳定”，USDT的价格一度下挫至0.92美元附近","freeDuration":"12","freeTime":"","channelDesc":"金融频道","time":"2018-10-15 17:50:04","attr":5,"channelId":125,"pict":{"imgs":[{"txt":"","url":"http://img.caixin.com/2018-10-15/1539597644902778_145_97.jpg"}],"num":1},"desc":"稳定币USDT不稳定  避险交易推动比特币暴涨"},{"cate":"100300001;100300177;101334910","comm":{"aid":"100","tid":"101334910"},"edit":{"head":"","link":"","name":"","rank":"","desc":""},"link":"http://finance.caixin.com/2018-10-15/101334910.html","nid":101334910,"subDesc":"要闻","video":"","type":0,"tags":[],"audioUrl":"http://audio.caixin.com/caixin/910/101334910.mp3","form":null,"summ":"虽然美联储主席鲍威尔及多位高管都曾公开表示对央行数字货币的谨慎态度，但美国学术界和产业界一直在研究探索数字美元。在这些探索的背后，涌动的是美国市场的竞争机制与私人部门的创新意愿","freeDuration":"0","freeTime":"","channelDesc":"金融频道","time":"2018-10-15 14:05:28","attr":5,"channelId":125,"pict":{"imgs":[{"txt":"","url":"http://img.caixin.com/2018-10-15/1539583876991710_145_97.jpg"}],"num":1},"desc":"联邦币的理论构想与数字稳定代币实践"},{"cate":"100300001;100300177;101334883","comm":{"aid":"100","tid":"101334883"},"edit":{"head":"","link":"","name":"记者 董兢","rank":"","desc":""},"link":"http://finance.caixin.com/2018-10-15/101334883.html","nid":101334883,"subDesc":"要闻","video":"","type":0,"tags":[],"audioUrl":"http://audio.caixin.com/caixin/883/101334883.mp3","form":null,"summ":"中央纪委国家监察委称，赖小民擅权妄为、腐化堕落、道德败坏、生活奢靡，甘于被“围猎”，严重违反党的纪律","freeDuration":"0","freeTime":"","channelDesc":"金融频道","time":"2018-10-15 13:25:14","attr":5,"channelId":125,"pict":{"imgs":[{"txt":"","url":"http://img.caixin.com/2018-10-15/1539581580278727_145_97.jpg"}],"num":1},"desc":"赖小民因严重违纪违法被“双开”"},{"cate":"100300001;100300177;101334738","comm":{"aid":"100","tid":"101334738"},"edit":{"head":"","link":"","name":"记者 刘彩萍","rank":"","desc":""},"link":"http://finance.caixin.com/2018-10-14/101334738.html","nid":101334738,"subDesc":"要闻","video":"","type":0,"tags":[],"audioUrl":"http://audio.caixin.com/caixin/738/101334738.mp3","form":null,"summ":"证监会将始终肩负起保护投资者特别是中小投资者合法权益的使命，努力营造公开公平公正、清澈透明的资本市场生态","freeDuration":"0","freeTime":"","channelDesc":"金融频道","time":"2018-10-14 22:06:55","attr":5,"channelId":125,"pict":{"imgs":[{"txt":"","url":"http://img.caixin.com/2018-10-14/1539526548214660_145_97.jpg"}],"num":1},"desc":"刘士余召开投资者座谈会 强调保护中小投资者权益"},{"cate":"100300001;100300177;101334730","comm":{"aid":"100","tid":"101334730"},"edit":{"head":"","link":"","name":"记者 郑丽纯","rank":"","desc":""},"link":"http://finance.caixin.com/2018-10-14/101334730.html","nid":101334730,"subDesc":"要闻","video":"","type":0,"tags":[],"audioUrl":"http://audio.caixin.com/caixin/730/101334730.mp3","form":{"txt":"信托保险","url":"http://finance.caixin.com/insurance_trust/"},"summ":"今年上半年 ，中国平安不动产投资规模为475.32亿元，整体收益率约为7.4%，高于投资组合平均水平","freeDuration":"0","freeTime":"","channelDesc":"金融频道","time":"2018-10-14 17:25:17","attr":5,"channelId":125,"pict":{"imgs":[{"txt":"","url":"http://img.caixin.com/2018-10-14/1539509593291683_145_97.jpg"}],"num":1},"desc":"中国平安陈德贤：不动产投资占比拟提至10%"},{"cate":"100300001;100300177;101334716","comm":{"aid":"100","tid":"101334716"},"edit":{"head":"","link":"","name":"特派印尼努沙杜瓦记者 彭骎骎","rank":"","desc":""},"link":"http://finance.caixin.com/2018-10-14/101334716.html","nid":101334716,"subDesc":"要闻","video":"","type":0,"tags":[],"audioUrl":"http://audio.caixin.com/caixin/716/101334716.mp3","form":null,"summ":"预计今年CPI略高于2%，PPI在3%到4%；强调中国不会专门出台政策推动人民币国际化","freeDuration":"0","freeTime":"","channelDesc":"金融频道","time":"2018-10-14 14:27:15","attr":5,"channelId":125,"pict":{"imgs":[{"txt":"","url":"http://img.caixin.com/2018-10-15/1539573716077461_145_97.jpg"}],"num":1},"desc":"易纲：货币政策有足够调整空间 寻求建设性方案应对贸易摩擦"},{"cate":"100300001;100300177;101334706","comm":{"aid":"100","tid":"101334706"},"edit":{"head":"","link":"","name":"记者 武晓蒙","rank":"","desc":""},"link":"http://finance.caixin.com/2018-10-14/101334706.html","nid":101334706,"subDesc":"要闻","video":"","type":0,"tags":[],"audioUrl":"http://audio.caixin.com/caixin/706/101334706.mp3","form":null,"summ":"资管是轻资产业务，还要打破刚兑，10亿元资本金足够了；未来可探索子公司混合所有制","freeDuration":"0","freeTime":"","channelDesc":"金融频道","time":"2018-10-14 09:54:29","attr":5,"channelId":125,"pict":{"imgs":[{"txt":"","url":"http://img.caixin.com/2018-10-14/1539482631930594_145_97.jpg"}],"num":1},"desc":"中信银行罗金辉：理财子公司资本金不宜过多"},{"cate":"100300001;100300177;101334654","comm":{"aid":"100","tid":"101334654"},"edit":{"head":"","link":"","name":"见习记者 胡越","rank":"","desc":""},"link":"http://finance.caixin.com/2018-10-13/101334654.html","nid":101334654,"subDesc":"要闻","video":"","type":0,"tags":[],"audioUrl":"http://audio.caixin.com/caixin/654/101334654.mp3","form":null,"summ":"中央金融监管派出机构的职能与地方金融监管需求之间还存在不匹配，监管派出机构在地方金融监管中处于“悬空”状态，难以深度参与地方金融监管活动","freeDuration":"12","freeTime":"","channelDesc":"金融频道","time":"2018-10-13 16:17:43","attr":5,"channelId":125,"pict":{"imgs":[{"txt":"","url":"http://img.caixin.com/2018-10-13/1539418856208815_145_97.jpg"}],"num":1},"desc":"北京市副市长殷勇：建议金融机构准入和监管适度分开"},{"cate":"100300001;100300177;101334642","comm":{"aid":"100","tid":"101334642"},"edit":{"head":"","link":"","name":"特派印尼努沙杜瓦记者 李增新","rank":"","desc":""},"link":"http://finance.caixin.com/2018-10-13/101334642.html","nid":101334642,"subDesc":"要闻","video":"","type":0,"tags":[],"audioUrl":"http://audio.caixin.com/caixin/642/101334642.mp3","form":null,"summ":"林彦军称，企业要解决政策风险和金融安全问题，还要考虑平衡金融创新与当地监管等问题","freeDuration":"0","freeTime":"","channelDesc":"金融频道","time":"2018-10-13 15:35:49","attr":5,"channelId":125,"pict":{"imgs":[{"txt":"","url":"http://img.caixin.com/2018-10-13/1539416442528344_145_97.jpg"}],"num":1},"desc":"玖富CFO：金融科技企业“出海”要关注风险"},{"cate":"100300001;100300177;101334635","comm":{"aid":"100","tid":"101334635"},"edit":{"head":"","link":"","name":"记者 郑丽纯","rank":"","desc":""},"link":"http://finance.caixin.com/2018-10-13/101334635.html","nid":101334635,"subDesc":"要闻","video":"","type":0,"tags":[],"audioUrl":"http://audio.caixin.com/caixin/635/101334635.mp3","form":{"txt":"银行","url":"http://finance.caixin.com/bank/"},"summ":"平安银行吸收合并平安信托旗下1200人财富管理团队，劳动合同换签在10月12日结束","freeDuration":"0","freeTime":"","channelDesc":"金融频道","time":"2018-10-13 15:32:01","attr":5,"channelId":125,"pict":{"imgs":[{"txt":"","url":"http://img.caixin.com/2018-05-14/1526277176294867_145_97.jpg"}],"num":1},"desc":"改签合同 平安信托财富管理团队并入私人银行"},{"cate":"100300001;100300177;101334629","comm":{"aid":"100","tid":"101334629"},"edit":{"head":"","link":"","name":"记者 武晓蒙","rank":"","desc":""},"link":"http://finance.caixin.com/2018-10-13/101334629.html","nid":101334629,"subDesc":"要闻","video":"","type":0,"tags":[],"audioUrl":"http://audio.caixin.com/caixin/629/101334629.mp3","form":null,"summ":"存款游资化不仅影响金融服务实体水平，还会加剧资金供需期限错配，增加调控难度；应在进一步提高宏观调控水平的同时，大力加强投资者教育","freeDuration":"0","freeTime":"","channelDesc":"金融频道","time":"2018-10-13 15:22:17","attr":5,"channelId":125,"pict":{"imgs":[{"txt":"","url":"http://img.caixin.com/2018-10-15/1539573603169479_145_97.jpg"}],"num":1},"desc":"尚福林：存款增速持续下降 谨防储蓄存款游资化"},{"cate":"100300001;100300177;101334560","comm":{"aid":"100","tid":"101334560"},"edit":{"head":"","link":"","name":"驻香港实习记者 张岱鼎 驻香港记者 刘雁菲","rank":"","desc":""},"link":"http://finance.caixin.com/2018-10-13/101334560.html","nid":101334560,"subDesc":"要闻","video":"","type":0,"tags":[],"audioUrl":"http://audio.caixin.com/caixin/560/101334560.mp3","form":null,"summ":"该机构指出，内地投资者今年仍热衷投资香港市场，伦敦亦值得关注","freeDuration":"0","freeTime":"","channelDesc":"金融频道","time":"2018-10-13 10:36:12","attr":5,"channelId":125,"pict":{"imgs":[{"txt":"","url":"http://img.caixin.com/2018-10-13/1539398819234892_145_97.jpg"}],"num":1},"desc":"莱坊：中国买家大举投资海外房产周期结束"},{"cate":"100300001;100300177;101334547","comm":{"aid":"100","tid":"101334547"},"edit":{"head":"","link":"","name":"记者 全月","rank":"","desc":""},"link":"http://finance.caixin.com/2018-10-13/101334547.html","nid":101334547,"subDesc":"要闻","video":"","type":0,"tags":[],"audioUrl":"http://audio.caixin.com/caixin/547/101334547.mp3","form":null,"summ":"对某公司董事长发布增持计划后又取消的行为予以通报批评处分，对某公司披露回购预案后迟迟不开立回购专用账户、不及时披露回购报告书及回购进展的行为发出监管函","freeDuration":"0","freeTime":"","channelDesc":"金融频道","time":"2018-10-13 10:01:29","attr":5,"channelId":125,"pict":{"imgs":[{"txt":"","url":"http://img.caixin.com/2018-10-13/1539397005060440_145_97.jpg"}],"num":1},"desc":"深交所亮剑“忽悠式” 回购与增持 出台信披细则"},{"cate":"100300001;100300177;101334540","comm":{"aid":"100","tid":"101334540"},"edit":{"head":"","link":"","name":"记者 全月","rank":"","desc":""},"link":"http://finance.caixin.com/2018-10-13/101334540.html","nid":101334540,"subDesc":"要闻","video":"","type":0,"tags":[],"audioUrl":"http://audio.caixin.com/caixin/540/101334540.mp3","form":null,"summ":"今年来，上市公司董事长离职次数已有453次，涉及366家公司","freeDuration":"0","freeTime":"","channelDesc":"金融频道","time":"2018-10-13 09:52:42","attr":5,"channelId":125,"pict":{"imgs":[{"txt":"","url":"http://img.caixin.com/2018-10-13/1539395879822277_145_97.jpg"}],"num":1},"desc":"跌破熔断底 热涌董事长辞职潮"},{"cate":"100300001;100300177;101334486","comm":{"aid":"100","tid":"101334486"},"edit":{"head":"","link":"","name":"记者 张榆","rank":"","desc":""},"link":"http://finance.caixin.com/2018-10-13/101334486.html","nid":101334486,"subDesc":"要闻","video":"","type":0,"tags":[],"audioUrl":"http://audio.caixin.com/caixin/486/101334486.mp3","form":null,"summ":"申请CDR，境外发行人平均市值不低于人民币200亿元；在伦交所上市满三年且主板高级上市满一年；申请上市的中国存托凭证数量不少于5000万份且市值不少于人民币5亿元等","freeDuration":"0","freeTime":"","channelDesc":"金融频道","time":"2018-10-13 08:20:41","attr":5,"channelId":125,"pict":{"imgs":[{"txt":"","url":"http://img.caixin.com/2018-10-13/1539390802951272_145_97.jpg"}],"num":1},"desc":"沪伦通细则征求意见 申请CDR市值需不低于200亿"}],"start":200,"count":100,"maxes":1000}