{"datas":[{"tags":[],"comm":{"tid":"101316534","aid":"100"},"cate":"100300002;100000091;100324040;101128012;101316534","desc":"黄晓明卷入操纵证券市场案？出借账户不等于操纵股价","form":null,"channelId":126,"nid":101316534,"link":"http://opinion.caixin.com/2018-08-18/101316534.html","edit":{"rank":"专栏作家 ","desc":"邓学平律师，京衡律师上海事务所副主任、高级合伙人。","name":"邓学平","link":"http://opinion.caixin.com/dengxueping_shwx/index.html","head":"http://www.caixin.com/upload/zhuanlan/101128012_48_48.jpg"},"attr":5,"freeDuration":"48","type":1,"subDesc":"邓学平","channelDesc":"观点频道","pict":null,"audioUrl":"http://audio.caixin.com/caixin/534/101316534.mp3","time":"2018-08-18 15:47:46","freeTime":"","video":"","summ":"虽然根据现有文书，黄晓明不在被处罚之列，但有关黄晓明在这起案件中的法律责任依然成为社会讨论的热门话题"},{"tags":[],"comm":{"tid":"101316453","aid":"100"},"cate":"100300002;100000091;100324037;100820002;101316453","desc":"140万亿家庭金融资产何处安放","form":null,"channelId":126,"nid":101316453,"link":"http://opinion.caixin.com/2018-08-18/101316453.html","edit":{"rank":"专栏作家 ","desc":"中国社会科学院世界经济与政治研究所研究员","name":"张斌","link":"http://opinion.caixin.com/zhangbin_mjxx/index.html","head":"http://www.caixin.com/upload/zhuanlan/100820002_48_48.jpg"},"attr":5,"freeDuration":"48","type":1,"subDesc":"张斌","channelDesc":"观点频道","pict":null,"audioUrl":"http://audio.caixin.com/caixin/453/101316453.mp3","time":"2018-08-18 09:22:53","freeTime":"","video":"","summ":"在实施资管新规、加强对P2P为代表的新金融业态监管的同时，必须要为家庭部门的金融资产找到新的合理去处"},{"tags":[],"comm":{"tid":"101316360","aid":"100"},"cate":"100300002;100300201;101316360","desc":"姜建清：银行史是使银行家警醒的学问","form":null,"channelId":126,"nid":101316360,"link":"http://opinion.caixin.com/2018-08-17/101316360.html","edit":{"rank":"","desc":"","name":"文｜姜建清","link":"","head":""},"attr":5,"freeDuration":"24","type":1,"subDesc":"聚焦","channelDesc":"观点频道","pict":{"imgs":[{"url":"http://img.caixin.com/2018-08-17/1534513612330169_145_97.jpg","txt":""}],"num":1},"audioUrl":"http://audio.caixin.com/caixin/360/101316360.mp3","time":"2018-08-17 21:48:22","freeTime":"","video":"","summ":"作者新著《世界金融百年沧桑记忆》讲述了百年金融变迁：多少金融机构瞬息即逝，湮没在金融历史的长河中，又有多少默默无闻的银行涓涓细流汇成海，吹尽狂沙始到金，百年老店终成霸。成功者和失败者共同谱写了银行史，延续了千载百年的金融流脉"},{"tags":[],"comm":{"tid":"101316190","aid":"100"},"cate":"100300002;100300201;101316190","desc":"供给侧改革得失谈","form":null,"channelId":126,"nid":101316190,"link":"http://opinion.caixin.com/2018-08-17/101316190.html","edit":{"rank":"","desc":"","name":"特约作者 伍戈 宋陕珊","link":"","head":""},"attr":5,"freeDuration":"0","type":1,"subDesc":"聚焦","channelDesc":"观点频道","pict":{"imgs":[{"url":"http://img.caixin.com/2018-08-17/1534498697554596_145_97.jpg","txt":""}],"num":1},"audioUrl":"http://audio.caixin.com/caixin/190/101316190.mp3","time":"2018-08-17 17:31:21","freeTime":"","video":"","summ":"去产能重点转向结构的优化升级，并通过环保限产等措施配合进行；去库存将继续针对部分三四线城市和县城，房地产调控仍不会放松；去杠杆将在把握一定力度和节奏进行的情况下以结构性去杠杆为主；同时，将继续推进降成本，并突出“补短板”的重要性"},{"tags":[],"comm":{"tid":"101316169","aid":"100"},"cate":"100300002;100000091;100324037;100467689;101316169","desc":"提升生育率要靠奖而非罚 当减税增收","form":null,"channelId":126,"nid":101316169,"link":"http://opinion.caixin.com/2018-08-17/101316169.html","edit":{"rank":"专栏作家 ","desc":"携程集团执行董事长，北京大学光华管理学院教授","name":"梁建章","link":"http://opinion.caixin.com/liangjianzhang_mjxx/index.html","head":"http://www.caixin.com/upload/zhuanlan/100467689_48_48.jpg"},"attr":5,"freeDuration":"48","type":1,"subDesc":"梁建章","channelDesc":"观点频道","pict":null,"audioUrl":"http://audio.caixin.com/caixin/169/101316169.mp3","time":"2018-08-17 17:07:24","freeTime":"","video":"","summ":"人们有多生的权利，也有不生的权利。我们现在应该通过奖而不是罚来解决严峻的低生育率问题"},{"tags":[],"comm":{"tid":"101316135","aid":"100"},"cate":"100300002;100300201;101316135","desc":"财富传承：西虹市首富与21世纪资本论","form":null,"channelId":126,"nid":101316135,"link":"http://opinion.caixin.com/2018-08-17/101316135.html","edit":{"rank":"","desc":"","name":"文|聂俊峰","link":"","head":""},"attr":5,"freeDuration":"48","type":1,"subDesc":"聚焦","channelDesc":"观点频道","pict":{"imgs":[{"url":"http://img.caixin.com/2018-08-17/1534494939036936_145_97.jpg","txt":""}],"num":1},"audioUrl":"http://audio.caixin.com/caixin/135/101316135.mp3","time":"2018-08-17 16:29:11","freeTime":"","video":"","summ":"主人公王多鱼防守了一个可以和金钱平起平坐的灵魂。整个电影它所表达的财富观和财富管理的专业知识值得回味和总结"},{"tags":[],"comm":{"tid":"101316117","aid":"100"},"cate":"100300002;100000091;100324037;100898518;101316117","desc":"企业金融化下的互联网金融控股公司及其风险","form":null,"channelId":126,"nid":101316117,"link":"http://opinion.caixin.com/2018-08-17/101316117.html","edit":{"rank":"专栏作家 ","desc":"北京师范大学金融学博士；北京网络法学研究会副秘书长","name":"赵鹞","link":"http://opinion.caixin.com/zhaoyao_mjxx/index.html","head":"http://www.caixin.com/upload/zhuanlan/100898518_48_48.jpg"},"attr":5,"freeDuration":"48","type":1,"subDesc":"赵鹞","channelDesc":"观点频道","pict":null,"audioUrl":"","time":"2018-08-17 16:16:22","freeTime":"","video":"","summ":"要彻底消除互联网金融控股公司对于金融稳定与经济增长的负面影响，应着力改进宏观经济与金融政策"},{"tags":[],"comm":{"tid":"101316100","aid":"100"},"cate":"100300002;100000091;100324039;101305952;101316100","desc":"给排污企业贷款成共同被告，贷款人环境法律责任或将至","form":null,"channelId":126,"nid":101316100,"link":"http://opinion.caixin.com/2018-08-17/101316100.html","edit":{"rank":"专栏作家 ","desc":"兴业银行、华福证券首席经济学家，兴业研究公司副总裁","name":"鲁政委","link":"http://opinion.caixin.com/luzhengwei_zssc/index.html","head":"http://www.caixin.com/upload/zhuanlan/101305952_48_48.jpg"},"attr":5,"freeDuration":"48","type":1,"subDesc":"鲁政委","channelDesc":"观点频道","pict":null,"audioUrl":"http://audio.caixin.com/caixin/100/101316100.mp3","time":"2018-08-17 15:46:48","freeTime":"","video":"","summ":"本次环境公益诉讼事件首次将银行所承担的环境责任提升到了法律层面，虽然最终结果尚未确定，但也为我国银行类金融机构敲响了警钟，预示着贷款人环境法律责任可能终将到来"},{"tags":[],"comm":{"tid":"101316065","aid":"100"},"cate":"100300002;100000091;100324037;101315655;101316065","desc":"加拿大金融监管启示录（上）：矩阵监管模式","form":null,"channelId":126,"nid":101316065,"link":"http://opinion.caixin.com/2018-08-17/101316065.html","edit":{"rank":"专栏作家 ","desc":"川财证券研究所所长、董事总经理。","name":"陈雳","link":"http://opinion.caixin.com/chenli_mjxx/index.html","head":"http://www.caixin.com/upload/zhuanlan/101315655_48_48.jpg"},"attr":5,"freeDuration":"48","type":1,"subDesc":"陈雳","channelDesc":"观点频道","pict":null,"audioUrl":"http://audio.caixin.com/caixin/065/101316065.mp3","time":"2018-08-17 14:40:57","freeTime":"","video":"","summ":"从最早的分业监管、混业监管到现在的矩阵监管模式，核心变化是将金融监管从一个重点即防范金融风险划分为两个重点，一个是宏观系统审慎监管，一个是微观市场行为监管，纵向监管与横向协调并重，防止监管漏洞的出现"},{"tags":[],"comm":{"tid":"101316057","aid":"100"},"cate":"100300002;100000091;100324037;101047131;101316057","desc":"煤电停缓建不能全面放闸  政策仍需定力","form":null,"channelId":126,"nid":101316057,"link":"http://opinion.caixin.com/2018-08-17/101316057.html","edit":{"rank":"专栏作家 ","desc":"华北电力大学经济管理学院教授","name":"袁家海","link":"http://opinion.caixin.com/yuanjiahai_mjxx/index.html","head":"http://www.caixin.com/upload/zhuanlan/101047131_48_48.jpg"},"attr":5,"freeDuration":"48","type":1,"subDesc":"袁家海","channelDesc":"观点频道","pict":null,"audioUrl":"http://audio.caixin.com/caixin/057/101316057.mp3","time":"2018-08-17 14:29:18","freeTime":"","video":"","summ":"近期用电增长较为迅猛，是电能替代加速，新动能发轫、旧动能未真正退出所导致的。用电增长较快就放宽停缓建政策，会加重煤电产能过剩，导致煤电亏损局面持续恶化"},{"tags":[],"comm":{"tid":"101316031","aid":"100"},"cate":"100300002;100000091;100324037;100949515;101316031","desc":"违约退潮待何时","form":null,"channelId":126,"nid":101316031,"link":"http://opinion.caixin.com/2018-08-17/101316031.html","edit":{"rank":"专栏作家 ","desc":"伍戈，经济学博士，研究员。长江证券首席经济学家，曾长期供职央行货币政策部门，并任国际货币基金组织经济学家。中国经济学最高奖——孙冶方经济科学奖得主","name":"伍戈","link":"http://opinion.caixin.com/wuge_mjxx/index.html","head":"http://www.caixin.com/upload/zhuanlan/100949515_48_48.jpg"},"attr":5,"freeDuration":"48","type":1,"subDesc":"伍戈","channelDesc":"观点频道","pict":null,"audioUrl":"http://audio.caixin.com/caixin/031/101316031.mp3","time":"2018-08-17 11:49:26","freeTime":"","video":"","summ":"下半年违约风险有望呈现高位企稳甚至逐步趋缓的态势，不排除局部行业和个别时点违约风险加大的可能性"},{"tags":[],"comm":{"tid":"101316023","aid":"100"},"cate":"100300002;100000091;100324037;101306639;101316023","desc":"防范网贷风险一波未平一波又起","form":null,"channelId":126,"nid":101316023,"link":"http://opinion.caixin.com/2018-08-17/101316023.html","edit":{"rank":"专栏作家 ","desc":"北京大学国家发展研究院/中国经济研究中心经济学教授","name":"沈艳","link":"http://opinion.caixin.com/shenyan_mjxx/index.html","head":"http://www.caixin.com/upload/zhuanlan/101306639_48_48.jpg"},"attr":5,"freeDuration":"48","type":1,"subDesc":"沈艳","channelDesc":"观点频道","pict":null,"audioUrl":"http://audio.caixin.com/caixin/023/101316023.mp3","time":"2018-08-17 11:37:52","freeTime":"","video":"","summ":"监管部门多项举措缓释网络借贷市场风险背后，“国家力挺P2P”“国家护盘P2P”的解读渐起，一些平台冒险激进的经营模式有卷土重来之势"},{"tags":[],"comm":{"tid":"101315994","aid":"100"},"cate":"100300002;100000091;100324037;101133747;101315994","desc":"你的人生隐喻是什么？","form":null,"channelId":126,"nid":101315994,"link":"http://opinion.caixin.com/2018-08-17/101315994.html","edit":{"rank":"专栏作家 ","desc":"作家，叶史瓦大学（纽约）兼职心理学教授","name":"爱德华·霍夫曼","link":"http://opinion.caixin.com/edwardhoffman_mjxx/index.html","head":"http://www.caixin.com/upload/zhuanlan/101133747_48_48.jpg"},"attr":5,"freeDuration":"48","type":1,"subDesc":"爱德华·霍夫曼","channelDesc":"观点频道","pict":null,"audioUrl":"http://audio.caixin.com/caixin/994/101315994.mp3","time":"2018-08-17 10:47:27","freeTime":"","video":"","summ":"你的人生隐喻会反映你是谁，你要去哪儿"},{"tags":[],"comm":{"tid":"101315985","aid":"100"},"cate":"100300002;100300200;101315985","desc":"刘鹏：问责之后，疫苗监管会有哪些变化？","form":null,"channelId":126,"nid":101315985,"link":"http://opinion.caixin.com/2018-08-17/101315985.html","edit":{"rank":"","desc":"","name":"记者 周东旭","link":"","head":""},"attr":5,"freeDuration":"3","type":1,"subDesc":"意见领袖","channelDesc":"观点频道","pict":{"imgs":[{"url":"http://img.caixin.com/2018-08-17/1534474379662175_145_97.jpg","txt":""}],"num":1},"audioUrl":"http://audio.caixin.com/caixin/985/101315985.mp3","time":"2018-08-17 10:42:39","freeTime":"","video":"","summ":"希望以此次问责为契机，将问责结果转换为提升药品监管现代化能力和水平的动力，要防止因为错误认识问责结果而使监管队伍丧失积极性和信心"},{"tags":[],"comm":{"tid":"101315853","aid":"100"},"cate":"100300002;100300200;101315853","desc":"生育基金建议引热议，强制生育错在哪儿？","form":null,"channelId":126,"nid":101315853,"link":"http://opinion.caixin.com/2018-08-16/101315853.html","edit":{"rank":"","desc":"","name":"记者 张帆","link":"","head":""},"attr":5,"freeDuration":"0","type":1,"subDesc":"意见领袖","channelDesc":"观点频道","pict":{"imgs":[{"url":"http://img.caixin.com/2018-08-16/1534429507375614_145_97.jpg","txt":""}],"num":1},"audioUrl":"http://audio.caixin.com/caixin/853/101315853.mp3","time":"2018-08-16 22:12:55","freeTime":"","video":"","summ":"处罚少生家庭的实质是强制生育。鼓励生育的主要措施是在税收、教育、医疗等方面切实减轻多生孩子家庭的养育负担，而不是处罚少生家庭"},{"tags":[],"comm":{"tid":"101315781","aid":"100"},"cate":"100300002;100300201;101315781","desc":"北京房租暴涨，谁来保护承租人权益？","form":null,"channelId":126,"nid":101315781,"link":"http://opinion.caixin.com/2018-08-16/101315781.html","edit":{"rank":"","desc":"","name":"记者 周东旭","link":"","head":""},"attr":5,"freeDuration":"0","type":1,"subDesc":"聚焦","channelDesc":"观点频道","pict":{"imgs":[{"url":"http://img.caixin.com/2018-08-16/1534413520599512_145_97.jpg","txt":""}],"num":1},"audioUrl":"http://audio.caixin.com/caixin/781/101315781.mp3","time":"2018-08-16 17:49:27","freeTime":"","video":"","summ":"在房价高企，逐渐泡沫化的背景下，如果连租房权益也无法保障，住有所居很容易沦为一句空话，更可怕的是，会不会从“房住不炒”沦落为“房租也炒”？"},{"tags":[],"comm":{"tid":"101315732","aid":"100"},"cate":"100300002;100000091;100324039;100324366;101315732","desc":"贸易战：国内悲观，美国其实也很焦虑","form":null,"channelId":126,"nid":101315732,"link":"http://opinion.caixin.com/2018-08-16/101315732.html","edit":{"rank":"专栏作家 ","desc":"京东数字科技副总裁、首席经济学家，复旦大学泛海国际金融学院客座教授","name":"沈建光","link":"http://opinion.caixin.com/shenjianguang_zssc/index.html","head":"http://www.caixin.com/upload/zhuanlan/100324366_48_48.jpg"},"attr":5,"freeDuration":"48","type":1,"subDesc":"沈建光","channelDesc":"观点频道","pict":null,"audioUrl":"http://audio.caixin.com/caixin/732/101315732.mp3","time":"2018-08-16 16:42:14","freeTime":"","video":"","summ":"对中国来说，最大的挑战是不要让贸易战冲突扩张到其他领域，不回击不行，但怎么反击也不要超出经济的范畴"},{"tags":[],"comm":{"tid":"101315638","aid":"100"},"cate":"100300002;100000091;100324037;100840611;101315638","desc":"网贷市场下一步会怎样","form":null,"channelId":126,"nid":101315638,"link":"http://opinion.caixin.com/2018-08-16/101315638.html","edit":{"rank":"专栏作家 ","desc":"北京市互联网金融行业协会秘书长","name":"郭大刚","link":"http://opinion.caixin.com/guodagang_mjxx/index.html","head":"http://www.caixin.com/upload/zhuanlan/100840611_48_48.jpg"},"attr":5,"freeDuration":"48","type":1,"subDesc":"郭大刚","channelDesc":"观点频道","pict":null,"audioUrl":"http://audio.caixin.com/caixin/638/101315638.mp3","time":"2018-08-16 13:44:09","freeTime":"","video":"","summ":"如果公共制度供给能够明确地给出市场预期的话，就不会出现劣币驱逐良币的结果，也就更不会导致社会财富的浪费"},{"tags":[],"comm":{"tid":"101315626","aid":"100"},"cate":"100300002;100000091;100324040;101128012;101315626","desc":"强行闯卡逃费涉嫌犯罪，掷石砸伤女童也须担责","form":null,"channelId":126,"nid":101315626,"link":"http://opinion.caixin.com/2018-08-16/101315626.html","edit":{"rank":"专栏作家 ","desc":"邓学平律师，京衡律师上海事务所副主任、高级合伙人。","name":"邓学平","link":"http://opinion.caixin.com/dengxueping_shwx/index.html","head":"http://www.caixin.com/upload/zhuanlan/101128012_48_48.jpg"},"attr":5,"freeDuration":"48","type":1,"subDesc":"邓学平","channelDesc":"观点频道","pict":null,"audioUrl":"http://audio.caixin.com/caixin/626/101315626.mp3","time":"2018-08-16 12:36:34","freeTime":"","video":"","summ":"现实中除了常见的罚款之外，国内已有不少地方开始追究闯卡逃费人员的刑事责任。收费站工作人员砸伤女童也须担责，只不过考虑到闯卡司机过错在先，可对其责任予以适度减免"},{"tags":[],"comm":{"tid":"101315557","aid":"100"},"cate":"100300002;100000091;100324040;100868265;101315557","desc":"九省市高中名校学生论文涉嫌造假，或涉自主招生黑幕","form":null,"channelId":126,"nid":101315557,"link":"http://opinion.caixin.com/2018-08-16/101315557.html","edit":{"rank":"专栏作家 ","desc":"饶毅、鲁白、谢宇三位学者创办的移动新媒体平台","name":"知识分子","link":"http://opinion.caixin.com/zsfz_shwx/index.html","head":"http://www.caixin.com/upload/zhuanlan/100868265_48_48.jpg"},"attr":0,"freeDuration":"0","type":1,"subDesc":"知识分子","channelDesc":"观点频道","pict":null,"audioUrl":"http://audio.caixin.com/caixin/557/101315557.mp3","time":"2018-08-16 11:32:07","freeTime":"","video":"","summ":"对于这群大多数不满20岁、从未踏入社会的高中生而言，完成学术论文造假也许不是他们能够独立操作的，决定权或许也并不在他们手上。但是，如果我们再不正视自招中存在的问题，今后恐怕还会不断有如此“塌方”"},{"tags":[],"comm":{"tid":"101315546","aid":"100"},"cate":"100300002;100000091;100324037;100879018;101315546","desc":"人民币汇率会不会“破7”","form":null,"channelId":126,"nid":101315546,"link":"http://opinion.caixin.com/2018-08-16/101315546.html","edit":{"rank":"专栏作家 ","desc":"太平洋证券首席宏观研究员，中国社科院世经政所副研究员","name":"肖立晟","link":"http://opinion.caixin.com/xiaolisheng_mjxx/index.html","head":"http://www.caixin.com/upload/zhuanlan/100879018_48_48.jpg"},"attr":5,"freeDuration":"48","type":1,"subDesc":"肖立晟","channelDesc":"观点频道","pict":null,"audioUrl":"http://audio.caixin.com/caixin/546/101315546.mp3","time":"2018-08-16 11:18:00","freeTime":"","video":"","summ":"央行希望外汇市场自发调整来吸收贸易战冲击，并没有刻意引导外汇市场贬值来对抗美国上调关税。下一阶段，人民币汇率的压力来自于外汇市场供求"},{"tags":[],"comm":{"tid":"101315521","aid":"100"},"cate":"100300002;100000091;100324037;100659646;101315521","desc":"资管新规：重塑中国金融与经济关系","form":null,"channelId":126,"nid":101315521,"link":"http://opinion.caixin.com/2018-08-16/101315521.html","edit":{"rank":"专栏作家 ","desc":"中国人民银行参事、调查统计司原司长","name":"盛松成","link":"http://opinion.caixin.com/shengsongcheng_mjxx/index.html","head":"http://www.caixin.com/upload/zhuanlan/100659646_48_48.jpg"},"attr":5,"freeDuration":"48","type":1,"subDesc":"盛松成","channelDesc":"观点频道","pict":null,"audioUrl":"http://audio.caixin.com/caixin/521/101315521.mp3","time":"2018-08-16 10:13:05","freeTime":"","video":"","summ":"仅从资管业务层面理解资管新规的重要性远远不够，它是推动中国金融行业转型发展、回归服务实体经济本源的顶层设计"},{"tags":[],"comm":{"tid":"101315500","aid":"100"},"cate":"100300002;100000091;100324037;101232311;101315500","desc":"北京房租上涨背后：警惕资本租房助推","form":null,"channelId":126,"nid":101315500,"link":"http://opinion.caixin.com/2018-08-16/101315500.html","edit":{"rank":"专栏作家 ","desc":"恒大研究院副院长、房地产行业首席研究员，中国人民大学财金学院金融硕士业界导师。","name":"夏磊","link":"http://opinion.caixin.com/xialei/index.html","head":"http://www.caixin.com/upload/zhuanlan/101232311_48_48.jpg"},"attr":5,"freeDuration":"48","type":1,"subDesc":"夏磊","channelDesc":"观点频道","pict":{"imgs":[{"url":"http://img.caixin.com/2018-08-16/1534388099842117_145_97.jpg","txt":""}],"num":1},"audioUrl":"http://audio.caixin.com/caixin/500/101315500.mp3","time":"2018-08-16 09:04:31","freeTime":"","video":"","summ":"疯狂融资，疯狂抢占房源，不惜一切代价抢占市场份额，争取房租的定价权。资本急切想从烧钱模式运转到赚钱模式，房租上涨是必然结果"},{"tags":[],"comm":{"tid":"101315294","aid":"100"},"cate":"100300002;100300201;101315294","desc":"《大宪章》：专制主义的死亡证","form":null,"channelId":126,"nid":101315294,"link":"http://opinion.caixin.com/2018-08-15/101315294.html","edit":{"rank":"","desc":"","name":"文 | 西蒙·沙玛(Simon Schama)","link":"","head":""},"attr":5,"freeDuration":"0","type":1,"subDesc":"聚焦","channelDesc":"观点频道","pict":{"imgs":[{"url":"http://img.caixin.com/2018-08-15/1534324296835041_145_97.jpg","txt":""}],"num":1},"audioUrl":"http://audio.caixin.com/caixin/294/101315294.mp3","time":"2018-08-15 17:07:07","freeTime":"","video":"","summ":"它第一次明确无误地详细说明法律不是什么国王的意志或突发奇想，法律依凭其自身地位就是独立权力"},{"tags":[],"comm":{"tid":"101315290","aid":"100"},"cate":"100300002;100300200;101315290","desc":"黄韬：治理“套路贷”，更该反思其生存土壤","form":null,"channelId":126,"nid":101315290,"link":"http://opinion.caixin.com/2018-08-15/101315290.html","edit":{"rank":"","desc":"","name":"记者 周东旭","link":"","head":""},"attr":5,"freeDuration":"0","type":1,"subDesc":"意见领袖","channelDesc":"观点频道","pict":{"imgs":[{"url":"http://img.caixin.com/2018-08-15/1534324039706887_145_97.jpg","txt":""}],"num":1},"audioUrl":"http://audio.caixin.com/caixin/290/101315290.mp3","time":"2018-08-15 17:00:14","freeTime":"","video":"","summ":"借助集中整治或许能够一时压制金融市场乱象，但最终还是有赖于金融法治建设"},{"tags":[],"comm":{"tid":"101315282","aid":"100"},"cate":"100300002;100000091;100324037;101064085;101315282","desc":"货币危机的涟漪","form":null,"channelId":126,"nid":101315282,"link":"http://opinion.caixin.com/2018-08-15/101315282.html","edit":{"rank":"专栏作家 ","desc":"工银国际研究部主管，首席经济学家","name":"程实","link":"http://opinion.caixin.com/chengshi_mjxx/index.html","head":"http://www.caixin.com/upload/zhuanlan/101064085_48_48.jpg"},"attr":5,"freeDuration":"48","type":1,"subDesc":"程实","channelDesc":"观点频道","pict":null,"audioUrl":"http://audio.caixin.com/caixin/282/101315282.mp3","time":"2018-08-15 16:50:27","freeTime":"","video":"","summ":"新兴市场货币急剧贬值对全球金融市场存在负外溢效应，但相对有限"},{"tags":[],"comm":{"tid":"101315195","aid":"100"},"cate":"100300002;100000091;100324037;101315123;101315195","desc":"当前经济问题与政策制约","form":null,"channelId":126,"nid":101315195,"link":"http://opinion.caixin.com/2018-08-15/101315195.html","edit":{"rank":"专栏作家 ","desc":"北京大学光华管理学院院长，金融学教授、博士生导师","name":"刘俏","link":"http://opinion.caixin.com/liuqiao_mjxx/index.html","head":"http://www.caixin.com/upload/zhuanlan/101315123_48_48.jpg"},"attr":5,"freeDuration":"48","type":1,"subDesc":"刘俏","channelDesc":"观点频道","pict":null,"audioUrl":"http://audio.caixin.com/caixin/195/101315195.mp3","time":"2018-08-15 13:51:22","freeTime":"","video":"","summ":"在投资效率不高、经济增长新动能不足的情况下，稳增长容易回到传统的经济增长逻辑——提升投资率，但有可能使结构性问题更趋恶化"},{"tags":[],"comm":{"tid":"101315181","aid":"100"},"cate":"100300002;100000091;100324037;100861497;101315181","desc":"社融低迷背后，是银行信用扩张困境","form":null,"channelId":126,"nid":101315181,"link":"http://opinion.caixin.com/2018-08-15/101315181.html","edit":{"rank":"专栏作家 ","desc":"招商银行金融市场部高级分析师","name":"万钊","link":"http://opinion.caixin.com/wanzhao_mjxx/index.html","head":"http://www.caixin.com/upload/zhuanlan/100861497_48_48.jpg"},"attr":5,"freeDuration":"48","type":1,"subDesc":"万钊","channelDesc":"观点频道","pict":null,"audioUrl":"http://audio.caixin.com/caixin/181/101315181.mp3","time":"2018-08-15 13:29:19","freeTime":"","video":"","summ":"未来的银行信用投放机会在减少，货币增长速度将放缓，股权融资将发挥越来越重要的作用"},{"tags":[],"comm":{"tid":"101315143","aid":"100"},"cate":"100300002;100239120;100240407;101000806;101315143","desc":"上海落户“试点”北大清华，能试出什么","form":null,"channelId":126,"nid":101315143,"link":"http://opinion.caixin.com/2018-08-15/101315143.html","edit":{"rank":"火线记者 ","desc":"","name":"张兰太","link":"http://opinion.caixin.com/zhanglantai/index.html","head":"http://www.caixin.com/upload/huoxian/huoxian/101000806.jpg"},"attr":5,"freeDuration":"0","type":1,"subDesc":"张兰太","channelDesc":"观点频道","pict":{"imgs":[{"url":"http://img.caixin.com/2018-08-15/1534305069936543_145_97.jpg","txt":""}],"num":1},"audioUrl":"http://audio.caixin.com/caixin/143/101315143.mp3","time":"2018-08-15 11:47:20","freeTime":"","video":"","summ":"政策红利当惠及更多人，而非为少部分人“锦上添花”，切莫将相关政策福利予以“私人订制”"},{"tags":[],"comm":{"tid":"101315116","aid":"100"},"cate":"100300002;100300201;101315116","desc":"刘世锦：中国经济的“要害问题”","form":null,"channelId":126,"nid":101315116,"link":"http://opinion.caixin.com/2018-08-15/101315116.html","edit":{"rank":"","desc":"","name":"文︱刘世锦","link":"","head":""},"attr":5,"freeDuration":"0","type":1,"subDesc":"聚焦","channelDesc":"观点频道","pict":{"imgs":[{"url":"http://img.caixin.com/2018-08-15/1534302709611260_145_97.jpg","txt":""}],"num":1},"audioUrl":"http://audio.caixin.com/caixin/116/101315116.mp3","time":"2018-08-15 11:04:43","freeTime":"","video":"","summ":"中国人均GDP刚刚超过 9000 美元，还没有到1万美元，而发达国家一般都在4万美元以上，美国是5.8万，欧洲几个国家超过8万美元。从整个经济发展角度来看，中国现在仍然是个追赶者"},{"tags":[],"comm":{"tid":"101315112","aid":"100"},"cate":"100300002;100000091;100324037;100414320;101315112","desc":"美国少年忙竞选：公民责任从娃娃抓起","form":null,"channelId":126,"nid":101315112,"link":"http://opinion.caixin.com/2018-08-15/101315112.html","edit":{"rank":"专栏作家 ","desc":"Guggenheim Investments基金经理","name":"吴谦立","link":"http://opinion.caixin.com/wuqianli_mjxx/index.html","head":"http://www.caixin.com/upload/zhuanlan/100414320_48_48.jpg"},"attr":5,"freeDuration":"48","type":1,"subDesc":"吴谦立","channelDesc":"观点频道","pict":null,"audioUrl":"http://audio.caixin.com/caixin/112/101315112.mp3","time":"2018-08-15 10:57:10","freeTime":"","video":"","summ":"参与政治正是一个公民责任的体现"},{"tags":[],"comm":{"tid":"101315109","aid":"100"},"cate":"100300002;100000091;100324039;100324366;101315109","desc":"警惕消费下滑","form":null,"channelId":126,"nid":101315109,"link":"http://opinion.caixin.com/2018-08-15/101315109.html","edit":{"rank":"专栏作家 ","desc":"京东数字科技副总裁、首席经济学家，复旦大学泛海国际金融学院客座教授","name":"沈建光","link":"http://opinion.caixin.com/shenjianguang_zssc/index.html","head":"http://www.caixin.com/upload/zhuanlan/100324366_48_48.jpg"},"attr":5,"freeDuration":"48","type":1,"subDesc":"沈建光","channelDesc":"观点频道","pict":null,"audioUrl":"http://audio.caixin.com/caixin/109/101315109.mp3","time":"2018-08-15 10:50:02","freeTime":"","video":"","summ":"基建不如减税，在中国经济周期越来越短的背景下，税改作为供给侧结构性改革的重要一环，有助于为中国经济释放改革红利，并帮助中国走出经济周期越来越短的怪圈"},{"tags":[],"comm":{"tid":"101315099","aid":"100"},"cate":"100300002;100000091;100000152;101315099","desc":"宽松政策效果显现仍需时间","form":null,"channelId":126,"nid":101315099,"link":"http://opinion.caixin.com/2018-08-15/101315099.html","edit":{"rank":"专栏作家 ","desc":"瑞银亚洲经济研究主管、首席中国经济学家、董事总经理","name":"汪涛","link":"http://opinion.caixin.com/wangtao/index.html","head":"http://www.caixin.com/upload/zhuanlan/100000152_48_48.jpg"},"attr":5,"freeDuration":"48","type":1,"subDesc":"汪涛","channelDesc":"观点频道","pict":null,"audioUrl":"http://audio.caixin.com/caixin/099/101315099.mp3","time":"2018-08-15 10:18:17","freeTime":"","video":"","summ":"虽然面临一定下行压力，年初至今整体经济增长仍大致平稳，2018年GDP增长目标应基本可以实现。除非爆发全面贸易战，政府不会出台重大刺激政策"},{"tags":[],"comm":{"tid":"101315038","aid":"100"},"cate":"100300002;100000091;100324039;100933362;101315038","desc":"未来人民币汇率将怎么走？","form":null,"channelId":126,"nid":101315038,"link":"http://opinion.caixin.com/2018-08-15/101315038.html","edit":{"rank":"专栏作家 ","desc":"专注于国内消费金融、贸易金融、互联网金融和产业金融等研究领域的专业研究机构","name":"金融观察","link":"http://opinion.caixin.com/snjr/index.html","head":"http://www.caixin.com/upload/zhuanlan/100933362_48_48.jpg"},"attr":5,"freeDuration":"48","type":1,"subDesc":"金融观察","channelDesc":"观点频道","pict":null,"audioUrl":"http://audio.caixin.com/caixin/038/101315038.mp3","time":"2018-08-15 08:29:06","freeTime":"","video":"","summ":"短期内不排除人民币因美元升值再度面临一定的贬值压力，但在央行多样化政策工具引导下，加上下半年稳增长政策将改善中国经济基本面，人民币对美元汇率短期内破7的可能性较低"},{"tags":[],"comm":{"tid":"101314894","aid":"100"},"cate":"100300002;100300201;101314894","desc":"八旬老太保外就医被拒，难在哪儿","form":null,"channelId":126,"nid":101314894,"link":"http://opinion.caixin.com/2018-08-14/101314894.html","edit":{"rank":"","desc":"","name":"记者 周东旭","link":"","head":""},"attr":5,"freeDuration":"0","type":1,"subDesc":"聚焦","channelDesc":"观点频道","pict":{"imgs":[{"url":"http://img.caixin.com/2018-08-14/1534237110097950_145_97.jpg","txt":""}],"num":1},"audioUrl":"http://audio.caixin.com/caixin/894/101314894.mp3","time":"2018-08-14 16:55:05","freeTime":"","video":"","summ":"减刑、假释、暂予监外执行等日趋严格是近年趋势之一，本为杜绝“有权人”“有钱人”减刑快、假释及暂予监外执行比例高、实际服刑时间偏短等现象；但如果裁量是出于部门私利，或受某些力量影响，则与公众期待相距甚远"},{"tags":[],"comm":{"tid":"101314819","aid":"100"},"cate":"100300002;100000091;100324039;101314714;101314819","desc":"周期与分化","form":null,"channelId":126,"nid":101314819,"link":"http://opinion.caixin.com/2018-08-14/101314819.html","edit":{"rank":"专栏作家 ","desc":"中国科学院数学所博士，平安证券固定收益部研究团队执行总经理。","name":"唐跃","link":"http://opinion.caixin.com/tangyue_zssc/index.html","head":"http://www.caixin.com/upload/zhuanlan/101314714_48_48.jpg"},"attr":5,"freeDuration":"48","type":1,"subDesc":"唐跃","channelDesc":"观点频道","pict":null,"audioUrl":"http://audio.caixin.com/caixin/819/101314819.mp3","time":"2018-08-14 14:38:07","freeTime":"","video":"","summ":"上半年金融市场交出的答卷表明，年初投资者对金融资产运行的几个一致预期：股票牛市、债券熊市、信用债表现优于利率债，已经全被无情地推翻"},{"tags":[],"comm":{"tid":"101314752","aid":"100"},"cate":"100300002;100000091;100324037;100745928;101314752","desc":"四成营收被消耗 中国药企销售费用何以畸高","form":null,"channelId":126,"nid":101314752,"link":"http://opinion.caixin.com/2018-08-14/101314752.html","edit":{"rank":"专栏作家 ","desc":"恒大集团首席经济学家（副总裁级）兼研究院院长","name":"任泽平","link":"http://opinion.caixin.com/renzeping/index.html","head":"http://www.caixin.com/upload/zhuanlan/100745928_48_48.jpg"},"attr":5,"freeDuration":"48","type":1,"subDesc":"任泽平","channelDesc":"观点频道","pict":null,"audioUrl":"http://audio.caixin.com/caixin/752/101314752.mp3","time":"2018-08-14 11:57:04","freeTime":"","video":"","summ":"创新药的销售费用一般高于仿制药，但与以创新药为主的跨国药企相比，以仿制药为主的中国药企销售及管理费用反而更高，中国A股制药板块近四成的营收被销售和管理费用消耗"},{"tags":[],"comm":{"tid":"101314730","aid":"100"},"cate":"100300002;100300201;101314730","desc":"八张图透视中美差距","form":null,"channelId":126,"nid":101314730,"link":"http://opinion.caixin.com/2018-08-14/101314730.html","edit":{"rank":"","desc":"","name":"文︱刘培林","link":"","head":""},"attr":5,"freeDuration":"0","type":1,"subDesc":"聚焦","channelDesc":"观点频道","pict":{"imgs":[{"url":"http://img.caixin.com/2018-08-14/1534218104185990_145_97.jpg","txt":""}],"num":1},"audioUrl":"http://audio.caixin.com/caixin/730/101314730.mp3","time":"2018-08-14 11:39:35","freeTime":"","video":"","summ":"今天中国人均产出与美国相比仍有较大差距。更要紧的是，对长期竞争优势具有决定性意义的全要素生产率水平，中国目前仍然大大低于美国，未来通过改革开放进一步解放和发展生产力的任务依然艰巨"},{"tags":[],"comm":{"tid":"101314727","aid":"100"},"cate":"100300002;100000091;100324039;100751110;101314727","desc":"社融环比回升 非标继续收缩抑制反弹力度","form":null,"channelId":126,"nid":101314727,"link":"http://opinion.caixin.com/2018-08-14/101314727.html","edit":{"rank":"专栏作家 ","desc":"中金公司研究部负责人、首席经济学家","name":"梁红","link":"http://opinion.caixin.com/lianghong/index.html","head":"http://www.caixin.com/upload/zhuanlan/100751110_48_48.jpg"},"attr":5,"freeDuration":"48","type":1,"subDesc":"梁红","channelDesc":"观点频道","pict":null,"audioUrl":"http://audio.caixin.com/caixin/727/101314727.mp3","time":"2018-08-14 11:35:45","freeTime":"","video":"","summ":"虽然金融条件呈现早期企稳迹象，但7月社融构成以及近期暴露出的一些新的“风险点”表明，政策仍需更果断、协调地调整，以防止金融系统以及经济增长两方面的风险继续集聚"},{"tags":[],"comm":{"tid":"101314710","aid":"100"},"cate":"100300002;100000091;100324037;101220072;101314710","desc":"百年产业变革史的投资启示","form":null,"channelId":126,"nid":101314710,"link":"http://opinion.caixin.com/2018-08-14/101314710.html","edit":{"rank":"专栏作家 ","desc":"丹阳投资董事长、首席投资官。","name":"康水跃","link":"http://opinion.caixin.com/kangshuiyue/index.html","head":"http://www.caixin.com/upload/zhuanlan/101220072_48_48.jpg"},"attr":5,"freeDuration":"48","type":1,"subDesc":"康水跃","channelDesc":"观点频道","pict":null,"audioUrl":"http://audio.caixin.com/caixin/710/101314710.mp3","time":"2018-08-14 11:05:33","freeTime":"","video":"","summ":"新科技革命和产业变革将重塑全球经济结构，就像体育比赛换到一个新场地，如果我们还留在原来的场地，那就没法玩了"},{"tags":[],"comm":{"tid":"101314698","aid":"100"},"cate":"100300002;100000091;100324037;100994488;101314698","desc":"美伊、美中争端给石油贸易投下阴影","form":null,"channelId":126,"nid":101314698,"link":"http://opinion.caixin.com/2018-08-14/101314698.html","edit":{"rank":"专栏作家 ","desc":"商品和能源市场的信息和基准价格的重要独立提供机构","name":"标普全球普氏","link":"http://opinion.caixin.com/bpqqps_mjxx/index.html","head":"http://www.caixin.com/upload/zhuanlan/100994488_48_48.jpg"},"attr":5,"freeDuration":"48","type":1,"subDesc":"标普全球普氏","channelDesc":"观点频道","pict":null,"audioUrl":"http://audio.caixin.com/caixin/698/101314698.mp3","time":"2018-08-14 10:41:52","freeTime":"","video":"","summ":"全球数一数二的石油生产国和消费国之间发生外交和贸易摩擦，让市场慌乱迫切寻找方向"},{"tags":[],"comm":{"tid":"101314690","aid":"100"},"cate":"100300002;100000091;100324037;101312738;101314690","desc":"资管新规的颠覆和重塑","form":null,"channelId":126,"nid":101314690,"link":"http://opinion.caixin.com/2018-08-14/101314690.html","edit":{"rank":"专栏作家 ","desc":"经济学博士，高级经济师，先后任职于央行、银监会、商业银行、民企等","name":"唐岫立","link":"http://opinion.caixin.com/tangxiuli_mjxx/index.html","head":"http://www.caixin.com/upload/zhuanlan/101312738_48_48.jpg"},"attr":5,"freeDuration":"48","type":1,"subDesc":"唐岫立","channelDesc":"观点频道","pict":null,"audioUrl":"http://audio.caixin.com/caixin/690/101314690.mp3","time":"2018-08-14 10:32:32","freeTime":"","video":"","summ":"一些管理者怕承担阻碍创新的责任睁一只眼闭一只眼；一些管理者自身金融专业功底不够对金融本质把握不准不敢管；一些管理者被利益集团收买不去管等等。这被一些人钻了空子，高举高打创新大旗、大行非法欺诈之实"},{"tags":[],"comm":{"tid":"101314436","aid":"100"},"cate":"100300002;100000091;100324039;100742170;101314436","desc":"钟正生：土耳其里拉遭遇标准式货币危机","form":null,"channelId":126,"nid":101314436,"link":"http://opinion.caixin.com/2018-08-13/101314436.html","edit":{"rank":"专栏作家 ","desc":"财新智库莫尼塔研究董事长兼首席经济学家","name":"钟正生","link":"http://opinion.caixin.com/zhongzhengsheng/index.html","head":"http://www.caixin.com/upload/zhuanlan/100742170_48_48.jpg"},"attr":5,"freeDuration":"0","type":1,"subDesc":"钟正生","channelDesc":"观点频道","pict":null,"audioUrl":"http://audio.caixin.com/caixin/436/101314436.mp3","time":"2018-08-13 17:30:14","freeTime":"","video":"","summ":"“高通胀+高负债”的自身原因叠加流动性收紧的外部压力引发资产抛售及里拉贬值，这又进一步推升土耳其输入性通胀、打压投资者及国民信心，由此形成恶性循环"},{"tags":[],"comm":{"tid":"101314413","aid":"100"},"cate":"100300002;100300201;101314413","desc":"面对危机，我们需要怎样的监管者","form":null,"channelId":126,"nid":101314413,"link":"http://opinion.caixin.com/2018-08-13/101314413.html","edit":{"rank":"","desc":"","name":"文|马新彬","link":"","head":""},"attr":5,"freeDuration":"12","type":1,"subDesc":"聚焦","channelDesc":"观点频道","pict":{"imgs":[{"url":"http://img.caixin.com/2018-08-13/1534151705916377_145_97.jpg","txt":""}],"num":1},"audioUrl":"http://audio.caixin.com/caixin/413/101314413.mp3","time":"2018-08-13 17:08:51","freeTime":"","video":"","summ":"金融乱象始终存在，信息不对称也是金融市场的常态，金融顺周期行为本身又很难克服，金融创新还往往涉及严重的激励机制问题，监管动力不足更是经常出现的情况，宏观审慎当局应秉持系统性思维，面对复杂的风险问题，进退有据，有所为、有所不为"},{"tags":[],"comm":{"tid":"101314365","aid":"100"},"cate":"100300002;100000091;100324040;100959589;101314365","desc":"河南“考卷掉包”事件中的“说谎国情”","form":null,"channelId":126,"nid":101314365,"link":"http://opinion.caixin.com/2018-08-13/101314365.html","edit":{"rank":"专栏作家 ","desc":"中国教育在线总编辑","name":"陈志文","link":"http://opinion.caixin.com/chenzhiwen_shwx/index.html","head":"http://www.caixin.com/upload/zhuanlan/100959589_48_48.jpg"},"attr":5,"freeDuration":"48","type":1,"subDesc":"陈志文","channelDesc":"观点频道","pict":null,"audioUrl":"http://audio.caixin.com/caixin/365/101314365.mp3","time":"2018-08-13 16:05:07","freeTime":"","video":"","summ":"如果说谎没有成本，甚至有百利而无一害，可以想象到会是什么结果？只能是更多的效仿"},{"tags":[],"comm":{"tid":"101314354","aid":"100"},"cate":"100300002;100000091;100324037;100986273;101314354","desc":"风雨40载：美国对伊朗制裁的前世今生","form":null,"channelId":126,"nid":101314354,"link":"http://opinion.caixin.com/2018-08-13/101314354.html","edit":{"rank":"专栏作家 ","desc":"教授级高级经济师，目前供职于中国石油天然气集团公司国际部，任综合处处长","name":"陆如泉","link":"http://opinion.caixin.com/luruquan_mjxx/index.html","head":"http://www.caixin.com/upload/zhuanlan/100986273_48_48.jpg"},"attr":5,"freeDuration":"48","type":1,"subDesc":"陆如泉","channelDesc":"观点频道","pict":null,"audioUrl":"http://audio.caixin.com/caixin/354/101314354.mp3","time":"2018-08-13 15:49:48","freeTime":"","video":"","summ":"在美国下大力气主动调整现行国际秩序和经济金融机制的大背景下，加之特朗普的强势作风，美国这一轮对伊朗的制裁可谓来势更猛、力度更大、措施更全、时间更久"},{"tags":[],"comm":{"tid":"101314309","aid":"100"},"cate":"100300002;100000091;100324039;100751110;101314309","desc":"内外需不确定性上升 如何保持充裕流动性","form":null,"channelId":126,"nid":101314309,"link":"http://opinion.caixin.com/2018-08-13/101314309.html","edit":{"rank":"专栏作家 ","desc":"中金公司研究部负责人、首席经济学家","name":"梁红","link":"http://opinion.caixin.com/lianghong/index.html","head":"http://www.caixin.com/upload/zhuanlan/100751110_48_48.jpg"},"attr":5,"freeDuration":"48","type":1,"subDesc":"梁红","channelDesc":"观点频道","pict":null,"audioUrl":"http://audio.caixin.com/caixin/309/101314309.mp3","time":"2018-08-13 15:28:02","freeTime":"","video":"","summ":"往前看，央行可能继续倾向于把降准而不是大规模公开市场操作作为释放银行间流动性的政策工具。同时，央行也很可能为提振基建投资提供流动性配合"},{"tags":[],"comm":{"tid":"101314271","aid":"100"},"cate":"100300002;100000091;100324037;101309693;101314271","desc":"房地产调控“越调越涨”，问题何在","form":null,"channelId":126,"nid":101314271,"link":"http://opinion.caixin.com/2018-08-13/101314271.html","edit":{"rank":"专栏作家 ","desc":"北京大学国家发展研究院院长、长江学者和博雅特聘教授","name":"姚洋","link":"http://opinion.caixin.com/yaoyang_mjxx/index.html","head":"http://www.caixin.com/upload/zhuanlan/101309693_48_48.jpg"},"attr":5,"freeDuration":"48","type":1,"subDesc":"姚洋","channelDesc":"观点频道","pict":null,"audioUrl":"http://audio.caixin.com/caixin/271/101314271.mp3","time":"2018-08-13 13:23:36","freeTime":"","video":"","summ":"目前的房地产调控是告诉投机者：泡沫永远不会破，因为价格一旦上升到一定程度，政府就会出手稳定房价"},{"tags":[],"comm":{"tid":"101314255","aid":"100"},"cate":"100300002;100000091;100324037;101335746;101314255","desc":"警惕中国家庭债务危机  可能引发系统性金融风险","form":null,"channelId":126,"nid":101314255,"link":"http://opinion.caixin.com/2018-08-13/101314255.html","edit":{"rank":"专栏作家 ","desc":"上海财经大学经济学院院长、高等研究院院长。","name":"田国强","link":"http://opinion.caixin.com/tianguoqiang_mjxx/index.html","head":"http://www.caixin.com/upload/zhuanlan/101335746_48_48.jpg"},"attr":5,"freeDuration":"0","type":1,"subDesc":"田国强","channelDesc":"观点频道","pict":{"imgs":[{"url":"http://img.caixin.com/2018-08-13/1534137390233732_145_97.jpg","txt":""}],"num":1},"audioUrl":"http://audio.caixin.com/caixin/255/101314255.mp3","time":"2018-08-13 13:11:13","freeTime":"","video":"","summ":"家庭债务问题已经非常严重，逼近家庭部门能承受的极限，负面效应已经溢出到企业和金融系统，加剧企业经营不善和银行系统脆弱性，加大系统性金融风险和经济下滑发生的概率"},{"tags":[],"comm":{"tid":"101314247","aid":"100"},"cate":"100300002;100000091;100324037;101232311;101314247","desc":"房企迎来偿债高峰 主要融资渠道形势如何","form":null,"channelId":126,"nid":101314247,"link":"http://opinion.caixin.com/2018-08-13/101314247.html","edit":{"rank":"专栏作家 ","desc":"恒大研究院副院长、房地产行业首席研究员，中国人民大学财金学院金融硕士业界导师。","name":"夏磊","link":"http://opinion.caixin.com/xialei/index.html","head":"http://www.caixin.com/upload/zhuanlan/101232311_48_48.jpg"},"attr":5,"freeDuration":"48","type":1,"subDesc":"夏磊","channelDesc":"观点频道","pict":null,"audioUrl":"http://audio.caixin.com/caixin/247/101314247.mp3","time":"2018-08-13 11:56:33","freeTime":"","video":"","summ":"2018下半年到2021年是集中兑付期，规模分别为2.9万亿、6.1万亿、5.9万亿和3.4万亿元，2022年及以后总计仅0.9万亿元"},{"tags":[],"comm":{"tid":"101314209","aid":"100"},"cate":"100300002;100000091;100324039;100432719;101314209","desc":"向政策再借一命","form":null,"channelId":126,"nid":101314209,"link":"http://opinion.caixin.com/2018-08-13/101314209.html","edit":{"rank":"专栏作家 ","desc":"交银国际董事总经理兼首席策略师","name":"洪灏","link":"http://opinion.caixin.com/honghao_zssc/index.html","head":"http://www.caixin.com/upload/zhuanlan/100432719_48_48.jpg"},"attr":5,"freeDuration":"48","type":1,"subDesc":"洪灏","channelDesc":"观点频道","pict":null,"audioUrl":"http://audio.caixin.com/caixin/209/101314209.mp3","time":"2018-08-13 10:14:14","freeTime":"","video":"","summ":"市场交易员仿佛又闻到了空气中那股熟悉的放水味道，但货币政策的浇灌并不能解决中国经济所面临的长期挑战"},{"tags":[],"comm":{"tid":"101314205","aid":"100"},"cate":"100300002;100300204;101314205","desc":"社论|房地产调控应治本","form":null,"channelId":126,"nid":101314205,"link":"http://opinion.caixin.com/2018-08-13/101314205.html","edit":{"rank":"","desc":"","name":"","link":"","head":""},"attr":5,"freeDuration":"0","type":1,"subDesc":"社评","channelDesc":"观点频道","pict":null,"audioUrl":"http://audio.caixin.com/caixin/937/101313937.mp3","time":"2018-08-13 09:40:24","freeTime":"","video":"","summ":"行政调控无法从根本上解决房地产供需矛盾，空耗政府无穷精力，而民众并不满意；出路是坚持市场化改革前提下的住房制度改革"},{"tags":[],"comm":{"tid":"101314172","aid":"100"},"cate":"100300002;100300201;101314172","desc":"反思去杠杆：不要留恋终究要过去的旧时代","form":null,"channelId":126,"nid":101314172,"link":"http://opinion.caixin.com/2018-08-13/101314172.html","edit":{"rank":"","desc":"","name":"文|彭文生","link":"","head":""},"attr":5,"freeDuration":"48","type":1,"subDesc":"聚焦","channelDesc":"观点频道","pict":{"imgs":[{"url":"http://img.caixin.com/2017-12-19/1513655515365040_145_97.jpg","txt":""}],"num":1},"audioUrl":"http://audio.caixin.com/caixin/172/101314172.mp3","time":"2018-08-13 09:14:28","freeTime":"","video":"","summ":"房价不跌难以去杠杆。去杠杆就在三处：国企、房地产、地方政府。去杠杆是平衡短期和长期增长的问题。未来3到5年中国将处于金融周期下半场，理想的政策组合是“紧信用、松货币、宽财政”"},{"tags":[],"comm":{"tid":"101313784","aid":"100"},"cate":"100300002;100000091;100000159;101313784","desc":"美国如何监管P2P？","form":null,"channelId":126,"nid":101313784,"link":"http://opinion.caixin.com/2018-08-10/101313784.html","edit":{"rank":"专栏作家 ","desc":"中国央行货币政策委员会委员,北京大学国家发展研究院经济学教授、资深研究员","name":"黄益平","link":"http://opinion.caixin.com/huangyiping/index.html","head":"http://www.caixin.com/upload/zhuanlan/100000159_48_48.jpg"},"attr":5,"freeDuration":"48","type":1,"subDesc":"黄益平","channelDesc":"观点频道","pict":null,"audioUrl":"http://audio.caixin.com/caixin/784/101313784.mp3","time":"2018-08-10 19:08:35","freeTime":"","video":"","summ":"过去几年发生的一些互联网金融领域的风险案例，如果有基本的资质审查和日常的监管程序，这些风险有可能是可以得到避免的，至少风险不会变得这么大"},{"tags":[],"comm":{"tid":"101313723","aid":"100"},"cate":"100300002;100300201;101313723","desc":"山东地炼如何破城而出","form":null,"channelId":126,"nid":101313723,"link":"http://opinion.caixin.com/2018-08-10/101313723.html","edit":{"rank":"","desc":"","name":"陈钢","link":"","head":""},"attr":5,"freeDuration":"24","type":1,"subDesc":"聚焦","channelDesc":"观点频道","pict":{"imgs":[{"url":"http://img.caixin.com/2018-08-10/1533891917787653_145_97.jpg","txt":""}],"num":1},"audioUrl":"http://audio.caixin.com/caixin/723/101313723.mp3","time":"2018-08-10 16:56:33","freeTime":"","video":"","summ":"原油进口权放开三年后，2.0时代的山东地炼正面临三重挑战：江浙沿海民营大炼厂新势力崛起、与国际油商做交易时陷于被动、自身管理水平和国际化经营的短板。破局之路何在？"},{"tags":[],"comm":{"tid":"101313677","aid":"100"},"cate":"100300002;100000091;100324037;101309693;101313677","desc":"姚洋：中国的高杠杆哪里来","form":null,"channelId":126,"nid":101313677,"link":"http://opinion.caixin.com/2018-08-10/101313677.html","edit":{"rank":"专栏作家 ","desc":"北京大学国家发展研究院院长、长江学者和博雅特聘教授","name":"姚洋","link":"http://opinion.caixin.com/yaoyang_mjxx/index.html","head":"http://www.caixin.com/upload/zhuanlan/101309693_48_48.jpg"},"attr":5,"freeDuration":"48","type":1,"subDesc":"姚洋","channelDesc":"观点频道","pict":null,"audioUrl":"http://audio.caixin.com/caixin/677/101313677.mp3","time":"2018-08-10 16:03:05","freeTime":"","video":"","summ":"通过央行缩表来降低货币总量是不可能的；要降低杠杆总量，唯一可以做的是清理坏账或潜在坏账"},{"tags":[],"comm":{"tid":"101313625","aid":"100"},"cate":"100300002;100000091;100324037;100986273;101313625","desc":"特朗普既要石油降价又要禁止伊朗出口石油，可能吗","form":null,"channelId":126,"nid":101313625,"link":"http://opinion.caixin.com/2018-08-10/101313625.html","edit":{"rank":"专栏作家 ","desc":"教授级高级经济师，目前供职于中国石油天然气集团公司国际部，任综合处处长","name":"陆如泉","link":"http://opinion.caixin.com/luruquan_mjxx/index.html","head":"http://www.caixin.com/upload/zhuanlan/100986273_48_48.jpg"},"attr":5,"freeDuration":"48","type":1,"subDesc":"陆如泉","channelDesc":"观点频道","pict":null,"audioUrl":"http://audio.caixin.com/caixin/625/101313625.mp3","time":"2018-08-10 14:30:56","freeTime":"","video":"","summ":"通过施压沙特等产油大国增产而拉低油价，与禁止伊朗出口石油而导致油价上升，这是两个截然相反的目标，不知道特朗普如何实现"},{"tags":[],"comm":{"tid":"101313606","aid":"100"},"cate":"100300002;100300200;101313606","desc":"孔德峰：毒狗分歧大，不是因狗分裂而是规则失衡","form":null,"channelId":126,"nid":101313606,"link":"http://opinion.caixin.com/2018-08-10/101313606.html","edit":{"rank":"","desc":"","name":"记者 周东旭","link":"","head":""},"attr":5,"freeDuration":"0","type":1,"subDesc":"意见领袖","channelDesc":"观点频道","pict":{"imgs":[{"url":"http://img.caixin.com/2018-08-10/1533880654483844_145_97.jpg","txt":""}],"num":1},"audioUrl":"http://audio.caixin.com/caixin/606/101313606.mp3","time":"2018-08-10 13:42:13","freeTime":"","video":"","summ":"无论是养犬登记和年检，还是查处无证养犬、违法携犬外出等行为，规制远远未能达到公众期待。投诉无门很容易造成因狗而生的矛盾进一步激化"},{"tags":[],"comm":{"tid":"101313561","aid":"100"},"cate":"100300002;100000091;100324037;100976524;101313561","desc":"眼见未必为实：汇率变化≠汇率预期","form":null,"channelId":126,"nid":101313561,"link":"http://opinion.caixin.com/2018-08-10/101313561.html","edit":{"rank":"专栏作家 ","desc":"中国金融四十人论坛高级研究员、学术委员；中国经济五十人论坛成员","name":"管涛","link":"http://opinion.caixin.com/guantao_mjxx/index.html","head":"http://www.caixin.com/upload/zhuanlan/100976524_48_48.jpg"},"attr":5,"freeDuration":"48","type":1,"subDesc":"管涛","channelDesc":"观点频道","pict":null,"audioUrl":"http://audio.caixin.com/caixin/561/101313561.mp3","time":"2018-08-10 11:07:44","freeTime":"","video":"","summ":"目前人民币汇率有较大的贬值压力却没有很强的贬值预期，与2016年底2017年初保汇率还是保储备之争时有天壤之别，要避免刻舟求剑，过度反应"},{"tags":[],"comm":{"tid":"101313559","aid":"100"},"cate":"100300002;100000091;100324037;101313538;101313559","desc":"P2P该不该被救助","form":null,"channelId":126,"nid":101313559,"link":"http://opinion.caixin.com/2018-08-10/101313559.html","edit":{"rank":"专栏作家 ","desc":"百舸新金融智库创始人，北京大学新金融和创业投资中心研究员","name":"陈文","link":"http://opinion.caixin.com/chenwen_mjxx/index.html","head":"http://www.caixin.com/upload/zhuanlan/101313538_48_48.jpg"},"attr":5,"freeDuration":"48","type":1,"subDesc":"陈文","channelDesc":"观点频道","pict":null,"audioUrl":"http://audio.caixin.com/caixin/559/101313559.mp3","time":"2018-08-10 11:06:22","freeTime":"","video":"","summ":"从风险实质和危机程度看，当下的网贷市场还并不真正需要监管救助，但在监管政策落地前，需要有相关措施予以规范引导。这种引导有望大幅提升行业的社会价值，降低其社会风险"},{"tags":[],"comm":{"tid":"101313551","aid":"100"},"cate":"100300002;100000091;100324037;100820002;101313551","desc":"骤然陡峭的供给曲线","form":null,"channelId":126,"nid":101313551,"link":"http://opinion.caixin.com/2018-08-10/101313551.html","edit":{"rank":"专栏作家 ","desc":"中国社会科学院世界经济与政治研究所研究员","name":"张斌","link":"http://opinion.caixin.com/zhangbin_mjxx/index.html","head":"http://www.caixin.com/upload/zhuanlan/100820002_48_48.jpg"},"attr":5,"freeDuration":"48","type":1,"subDesc":"张斌","channelDesc":"观点频道","pict":null,"audioUrl":"http://audio.caixin.com/caixin/551/101313551.mp3","time":"2018-08-10 10:52:04","freeTime":"","video":"","summ":"更陡峭的工业部门供给曲线对于中国宏观经济运行的总体影响还难以综合判断。有利的地方在于对即便需求增长放缓环境下工业品价格和利润有更多保障；不利的地方在于需求增长对产出和就业增长的拉动更困难"},{"tags":[],"comm":{"tid":"101313544","aid":"100"},"cate":"100300002;100300201;101313544","desc":"控烟：西安做到了，杭州也可以","form":null,"channelId":126,"nid":101313544,"link":"http://opinion.caixin.com/2018-08-10/101313544.html","edit":{"rank":"","desc":"","name":"文|杨杰","link":"","head":""},"attr":5,"freeDuration":"24","type":1,"subDesc":"聚焦","channelDesc":"观点频道","pict":{"imgs":[{"url":"http://img.caixin.com/2018-08-10/1533868822716996_145_97.jpg","txt":""}],"num":1},"audioUrl":"http://audio.caixin.com/caixin/544/101313544.mp3","time":"2018-08-10 10:30:42","freeTime":"","video":"","summ":"在大、中、小型城市控烟立法定规正形成大势所趋之时，杭州却表现出了犹疑甚至倒退的态度"},{"tags":[],"comm":{"tid":"101313539","aid":"100"},"cate":"100300002;100000091;100324037;101166995;101313539","desc":"政策放松与市场反应：这次是否有所不同","form":null,"channelId":126,"nid":101313539,"link":"http://opinion.caixin.com/2018-08-10/101313539.html","edit":{"rank":"专栏作家 ","desc":"瑞银证券中国首席策略分析师，主要负责A股策略研究。","name":"高挺","link":"http://opinion.caixin.com/gaoting_mjxx/index.html","head":"http://www.caixin.com/upload/zhuanlan/101166995_48_48.jpg"},"attr":5,"freeDuration":"48","type":1,"subDesc":"高挺","channelDesc":"观点频道","pict":null,"audioUrl":"http://audio.caixin.com/caixin/539/101313539.mp3","time":"2018-08-10 10:15:23","freeTime":"","video":"","summ":"2011年底的政策放松以及后续的2012上半年的市场反弹可能对现在更具有参考价值。不过，预计此次刺激措施较此前更为谨慎"},{"tags":[],"comm":{"tid":"101313526","aid":"100"},"cate":"100300002;100239120;100240407;101000806;101313526","desc":"无还本续贷政策不宜超底线“扩围”","form":null,"channelId":126,"nid":101313526,"link":"http://opinion.caixin.com/2018-08-10/101313526.html","edit":{"rank":"火线记者 ","desc":"","name":"张兰太","link":"http://opinion.caixin.com/zhanglantai/index.html","head":"http://www.caixin.com/upload/huoxian/huoxian/101000806.jpg"},"attr":5,"freeDuration":"0","type":1,"subDesc":"张兰太","channelDesc":"观点频道","pict":{"imgs":[{"url":"http://img.caixin.com/2018-08-03/1533298782850363_145_97.jpg","txt":""}],"num":1},"audioUrl":"http://audio.caixin.com/caixin/526/101313526.mp3","time":"2018-08-10 09:41:05","freeTime":"","video":"","summ":"国有企业和民营企业在资本市场上融资时本就处于不平等地位，如果无还本续贷政策对国企和民企“一视同仁”，必将加剧小微企业融资难、融资贵问题"},{"tags":[],"comm":{"tid":"101313310","aid":"100"},"cate":"100300002;100300201;101313310","desc":"同签广场协议，德国为何没有“失去20年”","form":null,"channelId":126,"nid":101313310,"link":"http://opinion.caixin.com/2018-08-09/101313310.html","edit":{"rank":"","desc":"","name":"文|陈雳 王一棠","link":"","head":""},"attr":5,"freeDuration":"0","type":1,"subDesc":"聚焦","channelDesc":"观点频道","pict":{"imgs":[{"url":"http://img.caixin.com/2018-08-09/1533805746141217_145_97.jpg","txt":""}],"num":1},"audioUrl":"","time":"2018-08-09 16:52:15","freeTime":"","video":"","summ":"美日之间几次贸易战并未真正削弱日本的经济实力，但贸易战中“广场协议”的签订却严重打击了日本经济。与日本形成鲜明对比的是，德国也签订了广场协议，但是德国的经济发展没有出现日本“失去的二十年”的困境"},{"tags":[],"comm":{"tid":"101313283","aid":"100"},"cate":"100300002;100300201;101313283","desc":"今冬气荒会否再来","form":null,"channelId":126,"nid":101313283,"link":"http://opinion.caixin.com/2018-08-09/101313283.html","edit":{"rank":"","desc":"","name":"文︱冯保国","link":"","head":""},"attr":5,"freeDuration":"3","type":1,"subDesc":"聚焦","channelDesc":"观点频道","pict":{"imgs":[{"url":"http://img.caixin.com/2018-08-09/1533802205244114_145_97.jpg","txt":""}],"num":1},"audioUrl":"http://audio.caixin.com/caixin/283/101313283.mp3","time":"2018-08-09 15:59:47","freeTime":"","video":"","summ":"如何理顺天然气价格和天然气供给能力这两个天然气市场的基础问题，是否有足够气源满足市场需求，如何从根本上破解中国冬季期间的天然气供应紧张需要深入研究"},{"tags":[],"comm":{"tid":"101313201","aid":"100"},"cate":"100300002;100300201;101313201","desc":"“歌德”与“缺德”：1979年的一场争论","form":null,"channelId":126,"nid":101313201,"link":"http://opinion.caixin.com/2018-08-09/101313201.html","edit":{"rank":"","desc":"","name":"文︱祝华新","link":"","head":""},"attr":5,"freeDuration":"0","type":1,"subDesc":"聚焦","channelDesc":"观点频道","pict":{"imgs":[{"url":"http://img.caixin.com/2018-08-09/1533790449648645_145_97.jpg","txt":""}],"num":1},"audioUrl":"http://audio.caixin.com/caixin/201/101313201.mp3","time":"2018-08-09 12:29:11","freeTime":"","video":"","summ":"1979年第六期《河北文艺》发表《“歌德”与“缺德”》，认为如果文学作品一味揭露“文革”灾难，就是“怀着阶级的偏见对社会主义制度恶毒攻击”。《人民日报》随即持续发表文章，对“歌德”一文进行了有力还击"},{"tags":[],"comm":{"tid":"101313185","aid":"100"},"cate":"100300002;100000091;100324037;101312738;101313185","desc":"地方“孽债”，该谁还","form":null,"channelId":126,"nid":101313185,"link":"http://opinion.caixin.com/2018-08-09/101313185.html","edit":{"rank":"专栏作家 ","desc":"经济学博士，高级经济师，先后任职于央行、银监会、商业银行、民企等","name":"唐岫立","link":"http://opinion.caixin.com/tangxiuli_mjxx/index.html","head":"http://www.caixin.com/upload/zhuanlan/101312738_48_48.jpg"},"attr":5,"freeDuration":"48","type":1,"subDesc":"唐岫立","channelDesc":"观点频道","pict":null,"audioUrl":"http://audio.caixin.com/caixin/185/101313185.mp3","time":"2018-08-09 11:28:12","freeTime":"","video":"","summ":"地方新增贷款用于“4万亿”名单项目的只是“九牛一毛”，因为打着国家救市的大旗帜，于是半推半就形成了席卷全国的基建和信贷投放“大跃进”"},{"tags":[],"comm":{"tid":"101313134","aid":"100"},"cate":"100300002;100000091;100324037;100861497;101313134","desc":"中国二季度国际收支隐含的喜与忧","form":null,"channelId":126,"nid":101313134,"link":"http://opinion.caixin.com/2018-08-09/101313134.html","edit":{"rank":"专栏作家 ","desc":"招商银行金融市场部高级分析师","name":"万钊","link":"http://opinion.caixin.com/wanzhao_mjxx/index.html","head":"http://www.caixin.com/upload/zhuanlan/100861497_48_48.jpg"},"attr":5,"freeDuration":"48","type":1,"subDesc":"万钊","channelDesc":"观点频道","pict":null,"audioUrl":"http://audio.caixin.com/caixin/134/101313134.mp3","time":"2018-08-09 10:27:18","freeTime":"","video":"","summ":"虽然经常项目萎缩，但是吸引直接投资仍然有竞争力，此为一喜；经常项目结构不合理，可持续性不佳，此为一忧"},{"tags":[],"comm":{"tid":"101313123","aid":"100"},"cate":"100300002;100000091;100324040;100324383;101313123","desc":"汪丁丁：再谈知识过程与人生感悟","form":null,"channelId":126,"nid":101313123,"link":"http://opinion.caixin.com/2018-08-09/101313123.html","edit":{"rank":"专栏作家 ","desc":"财新传媒学术顾问，北京大学国家发展研究院返聘教授，浙江大学经济学院博士生导师","name":"汪丁丁","link":"http://opinion.caixin.com/wangdingding_shwx/index.html","head":"http://www.caixin.com/upload/zhuanlan/100324383_48_48.jpg"},"attr":5,"freeDuration":"48","type":1,"subDesc":"汪丁丁","channelDesc":"观点频道","pict":null,"audioUrl":"http://audio.caixin.com/caixin/123/101313123.mp3","time":"2018-08-09 10:13:09","freeTime":"","video":"","summ":"把理论当成消费品的倾向，只不过是消费主义时代“精神生活快餐化”的诸种现象之一。精神消费的“平面化”倾向是对精神生活本身的消解，而精神生活的消解意味着生活意义的丧失"},{"tags":[],"comm":{"tid":"101313113","aid":"100"},"cate":"100300002;100000091;100324037;101060546;101313113","desc":"徐忠：现代金融体系与国家治理体系的现代化","form":null,"channelId":126,"nid":101313113,"link":"http://opinion.caixin.com/2018-08-09/101313113.html","edit":{"rank":"专栏作家 ","desc":"中国人民银行研究局局长，经济学博士。中国金融学会秘书长，《金融研究》杂志主编","name":"徐忠","link":"http://opinion.caixin.com/xuzhong_mjxx/index.html","head":"http://www.caixin.com/upload/zhuanlan/101060546_48_48.jpg"},"attr":5,"freeDuration":"48","type":1,"subDesc":"徐忠","channelDesc":"观点频道","pict":null,"audioUrl":"http://audio.caixin.com/caixin/113/101313113.mp3","time":"2018-08-09 09:55:11","freeTime":"","video":"","summ":"要更好地发挥金融治理在国家治理体系和治理能力现代化中的作用，包括财政与金融的关系、去杠杆与完善公司治理的关系、金融风险防范与治理机制完善的关系、人口老龄化、养老金可持续与资本市场的关系"},{"tags":[],"comm":{"tid":"101312953","aid":"100"},"cate":"100300002;100000091;100324039;100751110;101312953","desc":"降关税和低基数给进口带来扰动","form":null,"channelId":126,"nid":101312953,"link":"http://opinion.caixin.com/2018-08-08/101312953.html","edit":{"rank":"专栏作家 ","desc":"中金公司研究部负责人、首席经济学家","name":"梁红","link":"http://opinion.caixin.com/lianghong/index.html","head":"http://www.caixin.com/upload/zhuanlan/100751110_48_48.jpg"},"attr":5,"freeDuration":"48","type":1,"subDesc":"梁红","channelDesc":"观点频道","pict":null,"audioUrl":"http://audio.caixin.com/caixin/953/101312953.mp3","time":"2018-08-08 17:53:51","freeTime":"","video":"","summ":"去年同期低基数、7月起下调部分进口品关税以及工作日同比改善，对7月进口同比增速加快都有一定贡献。7月出口增速小幅回升也受益于基数和工作日同比改善"},{"tags":[],"comm":{"tid":"101312791","aid":"100"},"cate":"100300002;100000091;100324037;100777150;101312791","desc":"美国顶尖智库怎么看中国信用体系","form":null,"channelId":126,"nid":101312791,"link":"http://opinion.caixin.com/2018-08-08/101312791.html","edit":{"rank":"专栏作家 ","desc":"比利时鲁汶大学获得电子工程博士。","name":"刘新海","link":"http://opinion.caixin.com/liuxinhai_mjxx/index.html","head":"http://www.caixin.com/upload/zhuanlan/100777150_48_48.jpg"},"attr":5,"freeDuration":"48","type":1,"subDesc":"刘新海","channelDesc":"观点频道","pict":null,"audioUrl":"http://audio.caixin.com/caixin/791/101312791.mp3","time":"2018-08-08 11:33:16","freeTime":"","video":"","summ":"美国彼得森国际经济研究所2018年6月推出了《中国的社会信用体系：社会进步的标志，还是侵犯隐私的隐患》研究报告，提出了一些很有价值的观点，并抛出了一些有待解决的基础问题"},{"tags":[],"comm":{"tid":"101312759","aid":"100"},"cate":"100300002;100000091;100324037;101312751;101312759","desc":"政府采购领域需要改革开放","form":null,"channelId":126,"nid":101312759,"link":"http://opinion.caixin.com/2018-08-08/101312759.html","edit":{"rank":"专栏作家 ","desc":"现任对外经济贸易大学中国WTO研究院院长、教授、博士生导师","name":"屠新泉","link":"http://opinion.caixin.com/tuxinquan_mjxx/index.html","head":"http://www.caixin.com/upload/zhuanlan/101312751_48_48.jpg"},"attr":5,"freeDuration":"48","type":1,"subDesc":"屠新泉","channelDesc":"观点频道","pict":null,"audioUrl":"http://audio.caixin.com/caixin/759/101312759.mp3","time":"2018-08-08 10:43:47","freeTime":"","video":"","summ":"中国应以加入GPA为契机，全面梳理、完善中国政府采购制度，推进相关领域尤其是国有企业采购的市场化、规范化改革，实现以开放促改革、以开放促发展的目标"},{"tags":[],"comm":{"tid":"101312709","aid":"100"},"cate":"100300002;100000091;100324037;101259227;101312709","desc":"特朗普经济政策的逻辑","form":null,"channelId":126,"nid":101312709,"link":"http://opinion.caixin.com/2018-08-08/101312709.html","edit":{"rank":"专栏作家 ","desc":"斯坦福大学经济政策研究所J Liang冠名中国项目主任、资深研究员，清华经管学院杰出访问教授。","name":"李宏彬","link":"http://opinion.caixin.com/lihongbin_mjxx/index.html","head":"http://www.caixin.com/upload/zhuanlan/101259227_48_48.jpg"},"attr":5,"freeDuration":"48","type":1,"subDesc":"李宏彬","channelDesc":"观点频道","pict":null,"audioUrl":"http://audio.caixin.com/caixin/709/101312709.mp3","time":"2018-08-08 08:54:48","freeTime":"","video":"","summ":"在特朗普执政的一年半时间里，其经济理念非常清晰、简单。用一句话概括就是：回归传统的共和党的自由市场理念"},{"tags":[],"comm":{"tid":"101312564","aid":"100"},"cate":"100300002;100000091;100324037;101306801;101312564","desc":"高尚全：亲历中央改革重要文件的起草过程","form":null,"channelId":126,"nid":101312564,"link":"http://opinion.caixin.com/2018-08-07/101312564.html","edit":{"rank":"专栏作家 ","desc":"著名经济学家/原体改委副主任","name":"高尚全","link":"http://opinion.caixin.com/gaoshangquan_mjxx/index.html","head":"http://www.caixin.com/upload/zhuanlan/101306801_48_48.jpg"},"attr":5,"freeDuration":"48","type":1,"subDesc":"高尚全","channelDesc":"观点频道","pict":null,"audioUrl":"http://audio.caixin.com/caixin/564/101312564.mp3","time":"2018-08-07 18:02:46","freeTime":"","video":"","summ":"十一届三中全会以来，我们党真正走出了一条正确的路子，消除过去由于所有制关系不合理造成的对生产力的羁绊，大大解放和发展了生产力"},{"tags":[],"comm":{"tid":"101312486","aid":"100"},"cate":"100300002;100000091;100324037;100741440;101312486","desc":"明治维新150周年：刀光照亮历史弯道","form":null,"channelId":126,"nid":101312486,"link":"http://opinion.caixin.com/2018-08-07/101312486.html","edit":{"rank":"专栏作家 ","desc":"中国政法大学法学院副教授","name":"萧瀚","link":"http://opinion.caixin.com/xiaohan/index.html","head":"http://www.caixin.com/upload/zhuanlan/100741440_48_48.jpg"},"attr":5,"freeDuration":"48","type":1,"subDesc":"萧瀚","channelDesc":"观点频道","pict":null,"audioUrl":"http://audio.caixin.com/caixin/486/101312486.mp3","time":"2018-08-07 16:26:15","freeTime":"","video":"","summ":"今年是明治维新150周年。被没收了军刀的武士道，散在日本社会的几乎所有角落，就像一面破损的镜子，零碎的万象照出不完整但依然清晰的武士道世界"},{"tags":[],"comm":{"tid":"101312444","aid":"100"},"cate":"100300002;100000091;100324039;100592051;101312444","desc":"中国如何赢得中东市场","form":null,"channelId":126,"nid":101312444,"link":"http://opinion.caixin.com/2018-08-07/101312444.html","edit":{"rank":"专栏作家 ","desc":"亨利∙保尔森所创智库","name":"保尔森研究","link":"http://opinion.caixin.com/paulson_zssc/index.html","head":"http://www.caixin.com/upload/zhuanlan/100592051_48_48.jpg"},"attr":5,"freeDuration":"48","type":1,"subDesc":"保尔森研究","channelDesc":"观点频道","pict":null,"audioUrl":"http://audio.caixin.com/caixin/444/101312444.mp3","time":"2018-08-07 15:11:03","freeTime":"","video":"","summ":"当美国和欧盟在贸易和投资方面对中国施压之时，中国已开始在其他地方寻找机会。对于中国而言，赢得资源丰富的中东地区是“一带一路”倡议的核心目标"},{"tags":[],"comm":{"tid":"101312432","aid":"100"},"cate":"100300002;100000091;100324039;100536259;101312432","desc":"贸易战背景下亚洲市场何去何从","form":null,"channelId":126,"nid":101312432,"link":"http://opinion.caixin.com/2018-08-07/101312432.html","edit":{"rank":"专栏作家 ","desc":"瑞银财富管理投资总监办公室（CIO）亚太区投资总监及首席中国经济学家","name":"胡一帆","link":"http://opinion.caixin.com/huyifan_zssc/index.html","head":"http://www.caixin.com/upload/zhuanlan/100536259_48_48.jpg"},"attr":5,"freeDuration":"48","type":1,"subDesc":"胡一帆","channelDesc":"观点频道","pict":null,"audioUrl":"http://audio.caixin.com/caixin/432/101312432.mp3","time":"2018-08-07 14:55:56","freeTime":"","video":"","summ":"中国政府一方面继续推进去杠杆长远计划，另一方面积极应对保护主义导致的外部冲击。中国有充足的政策工具可用，预测一系列积极财政措施将出台"},{"tags":[],"comm":{"tid":"101312431","aid":"100"},"cate":"100300002;100000091;100177838;101312431","desc":"马骏：如何疏通货币政策传导机制","form":null,"channelId":126,"nid":101312431,"link":"http://opinion.caixin.com/2018-08-07/101312431.html","edit":{"rank":"专栏作家 ","desc":"清华大学金融与发展研究中心主任、中国人民银行研究局前首席经济学家","name":"马骏","link":"http://opinion.caixin.com/majun/index.html","head":"http://www.caixin.com/upload/zhuanlan/100177838_48_48.jpg"},"attr":5,"freeDuration":"48","type":1,"subDesc":"马骏","channelDesc":"观点频道","pict":null,"audioUrl":"http://audio.caixin.com/caixin/431/101312431.mp3","time":"2018-08-07 14:53:42","freeTime":"","video":"","summ":"当前，阻滞货币政策传导机制的影响因素增多。央行将流动性注入银行体系后，受到资金供求双方意愿和能力的制约，信用扩张受到供给端和需求端多重约束，金融体系“有钱”难以运用出去，也难以用到最需要的地方"},{"tags":[],"comm":{"tid":"101312375","aid":"100"},"cate":"100300002;100000091;100000152;101312375","desc":"中美贸易战：是否已无可回头？","form":null,"channelId":126,"nid":101312375,"link":"http://opinion.caixin.com/2018-08-07/101312375.html","edit":{"rank":"专栏作家 ","desc":"瑞银亚洲经济研究主管、首席中国经济学家、董事总经理","name":"汪涛","link":"http://opinion.caixin.com/wangtao/index.html","head":"http://www.caixin.com/upload/zhuanlan/100000152_48_48.jpg"},"attr":5,"freeDuration":"48","type":1,"subDesc":"汪涛","channelDesc":"观点频道","pict":null,"audioUrl":"http://audio.caixin.com/caixin/375/101312375.mp3","time":"2018-08-07 11:08:46","freeTime":"","video":"","summ":"鉴于中美两国似乎都表明愿意恢复谈判，避免贸易战进一步升级的可能性依然存在，但如果只有一方愿意妥协，短期内谈判产生正面成果的可能性很低"},{"tags":[],"comm":{"tid":"101312373","aid":"100"},"cate":"100300002;100300201;101312373","desc":"拼多多的逻辑：穷人就要消费白牌？","form":null,"channelId":126,"nid":101312373,"link":"http://opinion.caixin.com/2018-08-07/101312373.html","edit":{"rank":"","desc":"","name":"文|王真","link":"","head":""},"attr":5,"freeDuration":"0","type":1,"subDesc":"聚焦","channelDesc":"观点频道","pict":{"imgs":[{"url":"http://img.caixin.com/2018-08-07/1533611348247530_145_97.jpg","txt":""}],"num":1},"audioUrl":"http://audio.caixin.com/caixin/373/101312373.mp3","time":"2018-08-07 11:05:55","freeTime":"","video":"","summ":"说到底，拼多多要想成为一家伟大的公司，缺少的是创新和变革的商业模式，以及那么点儿企业的价值主张"},{"tags":[],"comm":{"tid":"101312367","aid":"100"},"cate":"100300002;100239120;100239131;100753231;101312367","desc":"从纾困小微到输血国企 “无还本续贷”扩围引争议","form":null,"channelId":126,"nid":101312367,"link":"http://opinion.caixin.com/2018-08-07/101312367.html","edit":{"rank":"火线记者 ","desc":"","name":"吴红毓然","link":"http://opinion.caixin.com/wuhongyuran/index.html","head":"http://www.caixin.com/upload/huoxian/huoxian/100753231.jpg"},"attr":5,"freeDuration":"0","type":1,"subDesc":"吴红毓然","channelDesc":"观点频道","pict":{"imgs":[{"url":"http://img.caixin.com/2018-08-07/1533610119913858_145_97.jpg","txt":""}],"num":1},"audioUrl":"http://audio.caixin.com/caixin/367/101312367.mp3","time":"2018-08-07 10:44:51","freeTime":"","video":"","summ":"无还本续贷政策的推出，初衷在于解决小微企业融资贵；目前推而广之，甚至成为个别省份用以缓解国企融资问题的抓手，如何防范道德风险？"},{"tags":[],"comm":{"tid":"101312354","aid":"100"},"cate":"100300002;100000091;100324040;100959589;101312354","desc":"再说“高考还能改变命运”吗","form":null,"channelId":126,"nid":101312354,"link":"http://opinion.caixin.com/2018-08-07/101312354.html","edit":{"rank":"专栏作家 ","desc":"中国教育在线总编辑","name":"陈志文","link":"http://opinion.caixin.com/chenzhiwen_shwx/index.html","head":"http://www.caixin.com/upload/zhuanlan/100959589_48_48.jpg"},"attr":5,"freeDuration":"48","type":1,"subDesc":"陈志文","channelDesc":"观点频道","pict":null,"audioUrl":"http://audio.caixin.com/caixin/354/101312354.mp3","time":"2018-08-07 10:09:20","freeTime":"","video":"","summ":"高等教育即将迈入普及化时代，仍然讲高考改变命运是荒诞的，更不应该把高考作为社会公平的度量器，我们需要去除高考背负的难以承受之重"},{"tags":[],"comm":{"tid":"101312343","aid":"100"},"cate":"100300002;100300201;101312343","desc":"残障歧视链何时休","form":null,"channelId":126,"nid":101312343,"link":"http://opinion.caixin.com/2018-08-07/101312343.html","edit":{"rank":"","desc":"","name":"文|甄霓","link":"","head":""},"attr":5,"freeDuration":"0","type":1,"subDesc":"聚焦","channelDesc":"观点频道","pict":{"imgs":[{"url":"http://img.caixin.com/2018-08-07/1533606798428937_145_97.jpg","txt":""}],"num":1},"audioUrl":"http://audio.caixin.com/caixin/343/101312343.mp3","time":"2018-08-07 09:38:06","freeTime":"","video":"","summ":"中国实行的严重精神障碍患者管理制度也让大众对这个群体产生严重的偏见和恐慌，这种制度重管理和监控，轻服务和知识普及"},{"tags":[],"comm":{"tid":"101312158","aid":"100"},"cate":"100300002;100000091;100317992;100401152;101312158","desc":"海外垃圾债，真的是垃圾吗？","form":null,"channelId":126,"nid":101312158,"link":"http://opinion.caixin.com/2018-08-06/101312158.html","edit":{"rank":"专栏作家 ","desc":"现任华安基金首席经济学家,兼任中国国际金融论坛专家顾问委员会委员，上海金融学会副秘书长","name":"林采宜","link":"http://opinion.caixin.com/lincaiyi_zeld/index.html","head":"http://www.caixin.com/upload/zhuanlan/100401152_48_48.jpg"},"attr":5,"freeDuration":"48","type":1,"subDesc":"林采宜","channelDesc":"观点频道","pict":null,"audioUrl":"http://audio.caixin.com/caixin/158/101312158.mp3","time":"2018-08-06 17:11:37","freeTime":"","video":"","summ":"高收益债不仅在周期上和权益市场有相似之处，在收益上也毫不逊色。违约风险是投资高收益债券的主要风险。与投资级信用债相比，高收益债券的波动性更大，其基础发行人的违约风险更高"},{"tags":[],"comm":{"tid":"101312078","aid":"100"},"cate":"100300002;100000091;100324037;101064085;101312078","desc":"“稳字诀”的内涵","form":null,"channelId":126,"nid":101312078,"link":"http://opinion.caixin.com/2018-08-06/101312078.html","edit":{"rank":"专栏作家 ","desc":"工银国际研究部主管，首席经济学家","name":"程实","link":"http://opinion.caixin.com/chengshi_mjxx/index.html","head":"http://www.caixin.com/upload/zhuanlan/101064085_48_48.jpg"},"attr":5,"freeDuration":"48","type":1,"subDesc":"程实","channelDesc":"观点频道","pict":null,"audioUrl":"http://audio.caixin.com/caixin/078/101312078.mp3","time":"2018-08-06 14:48:47","freeTime":"","video":"","summ":"展望下半年，稳增长与控风险、调结构的相对重要性将会动态平衡，金融监管体系改革将择机推进，以资管新规、理财新规为代表的具体措施在执行范围、力度、节奏上会有适时适度的放松"},{"tags":[],"comm":{"tid":"101312071","aid":"100"},"cate":"100300002;100000091;100324037;100634781;101312071","desc":"中国房价的运行逻辑","form":null,"channelId":126,"nid":101312071,"link":"http://opinion.caixin.com/2018-08-06/101312071.html","edit":{"rank":"专栏作家 ","desc":"光大证券资产管理有限公司首席经济学家,中国首席经济学家论坛理事，北京大学国家发展研究院兼职研究员","name":"徐高","link":"http://opinion.caixin.com/xugao_mjxx/index.html","head":"http://www.caixin.com/upload/zhuanlan/100634781_48_48.jpg"},"attr":5,"freeDuration":"48","type":1,"subDesc":"徐高","channelDesc":"观点频道","pict":null,"audioUrl":"http://audio.caixin.com/caixin/071/101312071.mp3","time":"2018-08-06 14:34:21","freeTime":"","video":"","summ":"中国房价运行机制的完整图景中，包含了货币金融与实体经济的虚实双方面属性。只看到房价的虚拟属性，将房价上涨看成货币吹出来的泡沫，是目前一个流行的片面看法"},{"tags":[],"comm":{"tid":"101311993","aid":"100"},"cate":"100300002;100000091;100324039;101093625;101311993","desc":"新兴市场波动和未来走势分析","form":null,"channelId":126,"nid":101311993,"link":"http://opinion.caixin.com/2018-08-06/101311993.html","edit":{"rank":"专栏作家 ","desc":"","name":"中投研究","link":"http://opinion.caixin.com/zhongtou_zssc/index.html","head":"http://www.caixin.com/upload/zhuanlan/101093625_48_48.jpg"},"attr":5,"freeDuration":"48","type":1,"subDesc":"中投研究","channelDesc":"观点频道","pict":null,"audioUrl":"http://audio.caixin.com/caixin/993/101311993.mp3","time":"2018-08-06 11:30:23","freeTime":"","video":"","summ":"尽管新兴市场出现一定波动，但出现新一轮新兴危机可能性不大"},{"tags":[],"comm":{"tid":"101311985","aid":"100"},"cate":"100300002;100000091;100324037;100861497;101311985","desc":"外汇风险准备金率上调至20%意味着什么","form":null,"channelId":126,"nid":101311985,"link":"http://opinion.caixin.com/2018-08-06/101311985.html","edit":{"rank":"专栏作家 ","desc":"招商银行金融市场部高级分析师","name":"万钊","link":"http://opinion.caixin.com/wanzhao_mjxx/index.html","head":"http://www.caixin.com/upload/zhuanlan/100861497_48_48.jpg"},"attr":5,"freeDuration":"48","type":1,"subDesc":"万钊","channelDesc":"观点频道","pict":null,"audioUrl":"http://audio.caixin.com/caixin/985/101311985.mp3","time":"2018-08-06 11:21:54","freeTime":"","video":"","summ":"风险准备金率的上调，直接影响是提高了远期购汇的掉期点，这相当于对远期购汇“定向加息”。通过风险准备金提高掉期点，可以为下一步货币继续宽松预留空间"},{"tags":[],"comm":{"tid":"101311983","aid":"100"},"cate":"100300002;100000091;100324039;100751110;101311983","desc":"中美贸易摩擦范围扩大 仍存谈判可能","form":null,"channelId":126,"nid":101311983,"link":"http://opinion.caixin.com/2018-08-06/101311983.html","edit":{"rank":"专栏作家 ","desc":"中金公司研究部负责人、首席经济学家","name":"梁红","link":"http://opinion.caixin.com/lianghong/index.html","head":"http://www.caixin.com/upload/zhuanlan/100751110_48_48.jpg"},"attr":5,"freeDuration":"48","type":1,"subDesc":"梁红","channelDesc":"观点频道","pict":null,"audioUrl":"http://audio.caixin.com/caixin/983/101311983.mp3","time":"2018-08-06 11:09:34","freeTime":"","video":"","summ":"按照之前经验，美国最终有可能缩减加税商品范围。中国对美加征关税措施的最终征收范围，可能会视美方最终实施结果而定。在这期间内双方仍然存在谈判的可能"},{"tags":[],"comm":{"tid":"101311981","aid":"100"},"cate":"100300002;100000091;100324037;100659646;101311981","desc":"盛松成：防风险与支持实体不矛盾  影子银行当良性发展","form":null,"channelId":126,"nid":101311981,"link":"http://opinion.caixin.com/2018-08-06/101311981.html","edit":{"rank":"专栏作家 ","desc":"中国人民银行参事、调查统计司原司长","name":"盛松成","link":"http://opinion.caixin.com/shengsongcheng_mjxx/index.html","head":"http://www.caixin.com/upload/zhuanlan/100659646_48_48.jpg"},"attr":5,"freeDuration":"48","type":1,"subDesc":"盛松成","channelDesc":"观点频道","pict":null,"audioUrl":"http://audio.caixin.com/caixin/981/101311981.mp3","time":"2018-08-06 11:05:18","freeTime":"","video":"","summ":"受信用事件多发影响，目前银行的风险偏好已经大大降低。要正确处理表外融资与表内融资的关系，在符合监管要求和风险防控的前提下适当保留表外融资，增加企业（尤其是小微企业）的融资渠道"},{"tags":[],"comm":{"tid":"101311972","aid":"100"},"cate":"100300002;100000091;100324037;100741440;101311972","desc":"明治维新转型陷阱（下）","form":null,"channelId":126,"nid":101311972,"link":"http://opinion.caixin.com/2018-08-06/101311972.html","edit":{"rank":"专栏作家 ","desc":"中国政法大学法学院副教授","name":"萧瀚","link":"http://opinion.caixin.com/xiaohan/index.html","head":"http://www.caixin.com/upload/zhuanlan/100741440_48_48.jpg"},"attr":5,"freeDuration":"48","type":1,"subDesc":"萧瀚","channelDesc":"观点频道","pict":null,"audioUrl":"http://audio.caixin.com/caixin/972/101311972.mp3","time":"2018-08-06 10:32:08","freeTime":"","video":"","summ":"健康的民族主义，要求人类群体既保护好自己不受伤害，又能在受伤害之后理性而正义地自卫，同时还能不伤害别的人类群体"},{"tags":[],"comm":{"tid":"101311967","aid":"100"},"cate":"100300002;100000091;100324040;100868265;101311967","desc":"专利一定让穷人吃不到药、吃不起药吗","form":null,"channelId":126,"nid":101311967,"link":"http://opinion.caixin.com/2018-08-06/101311967.html","edit":{"rank":"专栏作家 ","desc":"饶毅、鲁白、谢宇三位学者创办的移动新媒体平台","name":"知识分子","link":"http://opinion.caixin.com/zsfz_shwx/index.html","head":"http://www.caixin.com/upload/zhuanlan/100868265_48_48.jpg"},"attr":0,"freeDuration":"0","type":1,"subDesc":"知识分子","channelDesc":"观点频道","pict":null,"audioUrl":"http://audio.caixin.com/caixin/967/101311967.mp3","time":"2018-08-06 10:25:48","freeTime":"","video":"","summ":"在市场环境中，知识产权是不是一定代表高昂的价格？到底是什么阻碍了老百姓吃到“救命药”？"},{"tags":[],"comm":{"tid":"101311946","aid":"100"},"cate":"100300002;100300204;101311946","desc":"社论|“稳”之余，“变”什么？","form":null,"channelId":126,"nid":101311946,"link":"http://opinion.caixin.com/2018-08-04/101311946.html","edit":{"rank":"","desc":"","name":"","link":"","head":""},"attr":5,"freeDuration":"0","type":1,"subDesc":"社评","channelDesc":"观点频道","pict":null,"audioUrl":"http://audio.caixin.com/caixin/946/101311946.mp3","time":"2018-08-04 07:46:22","freeTime":"","video":"","summ":"应在调结构和促改革上投入更大精力，因为这直接关乎能否真正“稳”得住，关乎中国经济的后劲"},{"tags":[],"comm":{"tid":"101311481","aid":"100"},"cate":"100300002;100000091;100324039;100781046;101311481","desc":"特朗普是“冷战总统”吗？","form":null,"channelId":126,"nid":101311481,"link":"http://opinion.caixin.com/2018-08-03/101311481.html","edit":{"rank":"专栏作家 ","desc":"布朗兄弟哈里曼银行(BBH)高级副总裁及全球货币策略主管","name":"钱德勒","link":"http://opinion.caixin.com/qiandele_zssc/index.html","head":"http://www.caixin.com/upload/zhuanlan/100781046_48_48.jpg"},"attr":5,"freeDuration":"48","type":1,"subDesc":"钱德勒","channelDesc":"观点频道","pict":null,"audioUrl":"http://audio.caixin.com/caixin/481/101311481.mp3","time":"2018-08-03 17:54:08","freeTime":"","video":"","summ":"尽管许多权威人士仍选择继续使用“冷战”这个术语，但特朗普的愿景绝对不是“孤立主义”。特朗普希望能建立起有利于美国的世界新秩序，他的解决方案是重振美国，并且大力维护美国的经济利益"},{"tags":[],"comm":{"tid":"101311386","aid":"100"},"cate":"100300002;100000091;100324037;100861497;101311386","desc":"中国经常项目能否重回大额顺差","form":null,"channelId":126,"nid":101311386,"link":"http://opinion.caixin.com/2018-08-03/101311386.html","edit":{"rank":"专栏作家 ","desc":"招商银行金融市场部高级分析师","name":"万钊","link":"http://opinion.caixin.com/wanzhao_mjxx/index.html","head":"http://www.caixin.com/upload/zhuanlan/100861497_48_48.jpg"},"attr":5,"freeDuration":"48","type":1,"subDesc":"万钊","channelDesc":"观点频道","pict":null,"audioUrl":"http://audio.caixin.com/caixin/386/101311386.mp3","time":"2018-08-03 16:11:15","freeTime":"","video":"","summ":"未来油价的波动可能显著影响中国的经常项目表现。中国的经常项目重新回到过去的大额顺差的可能性不太大"},{"tags":[],"comm":{"tid":"101311367","aid":"100"},"cate":"100300002;100000091;100324039;100751110;101311367","desc":"美称提高2000亿美元商品关税，中国如何应对","form":null,"channelId":126,"nid":101311367,"link":"http://opinion.caixin.com/2018-08-03/101311367.html","edit":{"rank":"专栏作家 ","desc":"中金公司研究部负责人、首席经济学家","name":"梁红","link":"http://opinion.caixin.com/lianghong/index.html","head":"http://www.caixin.com/upload/zhuanlan/100751110_48_48.jpg"},"attr":5,"freeDuration":"48","type":1,"subDesc":"梁红","channelDesc":"观点频道","pict":null,"audioUrl":"http://audio.caixin.com/caixin/367/101311367.mp3","time":"2018-08-03 15:44:54","freeTime":"","video":"","summ":"从中长期考虑，中国须加快推进改革。逆周期调控可以应对短期波动，但是提升长期经济增长潜力仍然需要深化结构性改革"},{"tags":[],"comm":{"tid":"101311290","aid":"100"},"cate":"100300002;100000091;100324037;100741440;101311290","desc":"明治维新转型陷阱（上）","form":null,"channelId":126,"nid":101311290,"link":"http://opinion.caixin.com/2018-08-03/101311290.html","edit":{"rank":"专栏作家 ","desc":"中国政法大学法学院副教授","name":"萧瀚","link":"http://opinion.caixin.com/xiaohan/index.html","head":"http://www.caixin.com/upload/zhuanlan/100741440_48_48.jpg"},"attr":5,"freeDuration":"48","type":1,"subDesc":"萧瀚","channelDesc":"观点频道","pict":null,"audioUrl":"http://audio.caixin.com/caixin/290/101311290.mp3","time":"2018-08-03 12:11:30","freeTime":"","video":"","summ":"如果沿着德川庆喜的庆应改革继续走下去，或许既不会生成倒幕军事势力催生的明治藩阀毒瘤，从而也不会产生1889年“祭政教一致”的军国主义宪法，直到走向20世纪的灾难"},{"tags":[],"comm":{"tid":"101311247","aid":"100"},"cate":"100300002;100000091;100324039;101093625;101311247","desc":"日本的近期经济走势和政策风险","form":null,"channelId":126,"nid":101311247,"link":"http://opinion.caixin.com/2018-08-03/101311247.html","edit":{"rank":"专栏作家 ","desc":"","name":"中投研究","link":"http://opinion.caixin.com/zhongtou_zssc/index.html","head":"http://www.caixin.com/upload/zhuanlan/101093625_48_48.jpg"},"attr":5,"freeDuration":"0","type":1,"subDesc":"中投研究","channelDesc":"观点频道","pict":null,"audioUrl":"http://audio.caixin.com/caixin/247/101311247.mp3","time":"2018-08-03 11:13:04","freeTime":"","video":"","summ":"应抓住日本资本市场变革和中日关系回暖的机遇，推动中日投资合作。中日经济互补性依然较强"}],"maxes":1000,"count":100,"start":800}