{"datas":[{"tags":[],"comm":{"tid":"101333060","aid":"100"},"cate":"100300002;100000091;100324040;100608404;101333060","desc":"地方立法中存在哪些问题","form":null,"channelId":126,"nid":101333060,"link":"http://opinion.caixin.com/2018-10-09/101333060.html","edit":{"rank":"专栏作家 ","desc":"中国政法大学法学博士,云南省人大常委会法制工作委员会副主任","name":"田成有","link":"http://opinion.caixin.com/tianchengyou_shwx/index.html","head":"http://www.caixin.com/upload/zhuanlan/100608404_48_48.jpg"},"attr":5,"freeDuration":"48","type":1,"subDesc":"田成有","channelDesc":"观点频道","pict":null,"audioUrl":"","time":"2018-10-09 17:42:27","freeTime":"","video":"","summ":"对立法项目数量的关注，远远超过了对解决本地区实际问题的追求，一些地方立法演变成了不同地区之间的一场“立法比拼”、“政绩实验”。而特色不明显、互相抄搬的“拿来主义”，只会导致地方立法的趋同性，使地方性法规在实践中被闲置，形同“睡美人”“稻草人”"},{"tags":[],"comm":{"tid":"101333040","aid":"100"},"cate":"100300002;100300201;101333040","desc":"我的导师罗默教授","form":null,"channelId":126,"nid":101333040,"link":"http://opinion.caixin.com/2018-10-09/101333040.html","edit":{"rank":"","desc":"","name":"文|谢丹阳","link":"","head":""},"attr":5,"freeDuration":"0","type":1,"subDesc":"聚焦","channelDesc":"观点频道","pict":{"imgs":[{"url":"http://img.caixin.com/2018-10-09/1539076685326287_145_97.jpg","txt":""}],"num":1},"audioUrl":"http://audio.caixin.com/caixin/040/101333040.mp3","time":"2018-10-09 17:12:42","freeTime":"","video":"","summ":"罗默是内生经济增长理论的创始人及主要贡献者之一。他于1986年发表在《政治经济学杂志》上的文章开辟了在一般均衡模型中研究内生经济增长的决定因素的可能性，吸引了大批学者们的追随研究"},{"tags":[],"comm":{"tid":"101333011","aid":"100"},"cate":"100300002;100000091;100324037;101315655;101333011","desc":"万亿“独角兽”亚马逊是如何长成的","form":null,"channelId":126,"nid":101333011,"link":"http://opinion.caixin.com/2018-10-09/101333011.html","edit":{"rank":"专栏作家 ","desc":"川财证券研究所所长、董事总经理。","name":"陈雳","link":"http://opinion.caixin.com/chenli_mjxx/index.html","head":"http://www.caixin.com/upload/zhuanlan/101315655_48_48.jpg"},"attr":5,"freeDuration":"48","type":1,"subDesc":"陈雳","channelDesc":"观点频道","pict":null,"audioUrl":"http://audio.caixin.com/caixin/011/101333011.mp3","time":"2018-10-09 16:12:40","freeTime":"","video":"","summ":"自1997年5月上市以来，亚马逊市值从4亿美元上升到2018年9月初最高突破1万亿美元的市值，增长了将近2500倍"},{"tags":[],"comm":{"tid":"101332968","aid":"100"},"cate":"100300002;100000091;100324039;100751110;101332968","desc":"粤苏两省经济下滑凸显内外需隐忧","form":null,"channelId":126,"nid":101332968,"link":"http://opinion.caixin.com/2018-10-09/101332968.html","edit":{"rank":"专栏作家 ","desc":"中金公司研究部负责人、首席经济学家","name":"梁红","link":"http://opinion.caixin.com/lianghong/index.html","head":"http://www.caixin.com/upload/zhuanlan/100751110_48_48.jpg"},"attr":5,"freeDuration":"48","type":1,"subDesc":"梁红","channelDesc":"观点频道","pict":null,"audioUrl":"http://audio.caixin.com/caixin/968/101332968.mp3","time":"2018-10-09 14:29:10","freeTime":"","video":"","summ":"外需不确定性上升、政策失调加剧增长结构失衡是当前掣肘中国经济增长两个主要的因素，而广东和江苏经济面临的困境较为典型地体现了这两方面问题的影响"},{"tags":[],"comm":{"tid":"101332952","aid":"100"},"cate":"100300002;100000091;100324037;101332941;101332952","desc":"中国家庭债务风险有多大","form":null,"channelId":126,"nid":101332952,"link":"http://opinion.caixin.com/2018-10-09/101332952.html","edit":{"rank":"专栏作家 ","desc":"西南财经大学经济与管理研究院院长","name":"甘犁","link":"http://opinion.caixin.com/ganli_mjxx/index.html","head":"http://www.caixin.com/upload/zhuanlan/101332941_48_48.jpg"},"attr":5,"freeDuration":"48","type":1,"subDesc":"甘犁","channelDesc":"观点频道","pict":null,"audioUrl":"http://audio.caixin.com/caixin/952/101332952.mp3","time":"2018-10-09 14:04:40","freeTime":"","video":"","summ":"中国家庭债务风险上涨速度很快，特别须要警惕低收入家庭的偿债风险。低收入家庭债务负担过重，家庭债务负担差距超过了收入差距"},{"tags":[],"comm":{"tid":"101332913","aid":"100"},"cate":"100300002;100000091;100324037;101166995;101332913","desc":"中国企业家如何看待未来一年","form":null,"channelId":126,"nid":101332913,"link":"http://opinion.caixin.com/2018-10-09/101332913.html","edit":{"rank":"专栏作家 ","desc":"瑞银证券中国首席策略分析师，主要负责A股策略研究。","name":"高挺","link":"http://opinion.caixin.com/gaoting_mjxx/index.html","head":"http://www.caixin.com/upload/zhuanlan/101166995_48_48.jpg"},"attr":5,"freeDuration":"48","type":1,"subDesc":"高挺","channelDesc":"观点频道","pict":null,"audioUrl":"","time":"2018-10-09 11:42:00","freeTime":"","video":"","summ":"本次调查结果也印证了我们的观点——贸易战升级可能使经济增速放慢，公司净利润增长也可能进一步减速，但稳定的利润率可以减缓公司利润增速下滑的幅度"},{"tags":[],"comm":{"tid":"101332907","aid":"100"},"cate":"100300002;100300201;101332907","desc":"结束隐性融资模式 城投债如何软着陆","form":null,"channelId":126,"nid":101332907,"link":"http://opinion.caixin.com/2018-10-09/101332907.html","edit":{"rank":"","desc":"","name":"文|卢雄鹰","link":"","head":""},"attr":5,"freeDuration":"3","type":1,"subDesc":"聚焦","channelDesc":"观点频道","pict":{"imgs":[{"url":"http://img.caixin.com/2018-10-09/1539056623036297_145_97.jpg","txt":""}],"num":1},"audioUrl":"http://audio.caixin.com/caixin/907/101332907.mp3","time":"2018-10-09 11:33:12","freeTime":"","video":"","summ":"宜柔性处理城投的存量债务，市场化措施兼顾政府匹配合适的资源。建议施行穿透式监管，防止城投公司成为地方新增隐性债务的通道"},{"tags":[],"comm":{"tid":"101332902","aid":"100"},"cate":"100300002;100239120;100240407;100705486;101332902","desc":"火线评论|本轮降准会推高房价吗？","form":null,"channelId":126,"nid":101332902,"link":"http://opinion.caixin.com/2018-10-09/101332902.html","edit":{"rank":"火线记者 ","desc":"","name":"王婧","link":"http://opinion.caixin.com/jingwang/index.html","head":"http://www.caixin.com/upload/huoxian/huoxian/100705486.jpg"},"attr":5,"freeDuration":"0","type":1,"subDesc":"王婧","channelDesc":"观点频道","pict":{"imgs":[{"url":"http://img.caixin.com/2016-10-26/1477476777305021_145_97.jpg","txt":""}],"num":1},"audioUrl":"http://audio.caixin.com/caixin/902/101332902.mp3","time":"2018-10-09 11:31:36","freeTime":"","video":"","summ":"业内人士认为，当前连续降准，对于饱受流动性收紧之苦的房地产市场而言，可以成为保量和止跌的稳压器，但是很难助推新一轮价格上涨"},{"tags":[],"comm":{"tid":"101332896","aid":"100"},"cate":"100300002;100000091;100324037;101064085;101332896","desc":"2018诺贝尔经济学奖：寻找经济发展的长期秘钥","form":null,"channelId":126,"nid":101332896,"link":"http://opinion.caixin.com/2018-10-09/101332896.html","edit":{"rank":"专栏作家 ","desc":"工银国际研究部主管，首席经济学家","name":"程实","link":"http://opinion.caixin.com/chengshi_mjxx/index.html","head":"http://www.caixin.com/upload/zhuanlan/101064085_48_48.jpg"},"attr":5,"freeDuration":"48","type":1,"subDesc":"程实","channelDesc":"观点频道","pict":null,"audioUrl":"http://audio.caixin.com/caixin/896/101332896.mp3","time":"2018-10-09 11:01:59","freeTime":"","video":"","summ":"本次诺奖不仅颁给两位学者的过往贡献，亦颁给全球经济修复伤痛、走向复苏的未来希望"},{"tags":[],"comm":{"tid":"101332884","aid":"100"},"cate":"100300002;100000091;100324037;101327788;101332884","desc":"从死人堆里爬出来（2）：文明冲突与金融危机","form":null,"channelId":126,"nid":101332884,"link":"http://opinion.caixin.com/2018-10-09/101332884.html","edit":{"rank":"专栏作家 ","desc":"Alpha JWC Ventures投资合伙人，出身于华尔街交易台，曾任职于德意志银行贷款敞口管理小组","name":"谢一铭","link":"http://opinion.caixin.com/xieyiming_mjxx/index.html","head":"http://www.caixin.com/upload/zhuanlan/101327788_48_48.jpg"},"attr":5,"freeDuration":"48","type":1,"subDesc":"谢一铭","channelDesc":"观点频道","pict":null,"audioUrl":"http://audio.caixin.com/caixin/884/101332884.mp3","time":"2018-10-09 10:41:04","freeTime":"","video":"","summ":"时代的不满情绪在爆发，神话背后，体系正在撕裂"},{"tags":[],"comm":{"tid":"101332866","aid":"100"},"cate":"100300002;100000091;100324037;100745928;101332866","desc":"为何四次降准后金融形势仍紧","form":null,"channelId":126,"nid":101332866,"link":"http://opinion.caixin.com/2018-10-09/101332866.html","edit":{"rank":"专栏作家 ","desc":"恒大集团首席经济学家（副总裁级）兼研究院院长","name":"任泽平","link":"http://opinion.caixin.com/renzeping/index.html","head":"http://www.caixin.com/upload/zhuanlan/100745928_48_48.jpg"},"attr":5,"freeDuration":"48","type":1,"subDesc":"任泽平","channelDesc":"观点频道","pict":null,"audioUrl":"http://audio.caixin.com/caixin/866/101332866.mp3","time":"2018-10-09 10:39:07","freeTime":"","video":"","summ":"此次降准并不意味着货币政策大幅放松，严监管和去杠杆限制信用扩张和货币乘数提升，国内金融环境仍较为紧张。稳经济目标非降准单一政策所能简单实现，未来在降准之外需要关注更多其他政策"},{"tags":[],"comm":{"tid":"101332851","aid":"100"},"cate":"100300002;100000091;100324037;100659646;101332851","desc":"社会融资规模成为中国金融宏观调控重要指标","form":null,"channelId":126,"nid":101332851,"link":"http://opinion.caixin.com/2018-10-09/101332851.html","edit":{"rank":"专栏作家 ","desc":"中国人民银行参事、调查统计司原司长","name":"盛松成","link":"http://opinion.caixin.com/shengsongcheng_mjxx/index.html","head":"http://www.caixin.com/upload/zhuanlan/100659646_48_48.jpg"},"attr":5,"freeDuration":"48","type":1,"subDesc":"盛松成","channelDesc":"观点频道","pict":null,"audioUrl":"http://audio.caixin.com/caixin/851/101332851.mp3","time":"2018-10-09 10:38:13","freeTime":"","video":"","summ":"社会融资规模与货币供应量M2分别反映了金融机构资产负债表的资产方和负债方，是一个硬币的两个面，长期走势非常接近，而近期社会融资规模与M2增速不一致主要是金融去杠杆进程的体现"},{"tags":[],"comm":{"tid":"101332718","aid":"100"},"cate":"100300002;100300201;101332718","desc":"诺德豪斯、罗默获得2018诺贝尔经济学奖","form":null,"channelId":126,"nid":101332718,"link":"http://opinion.caixin.com/2018-10-08/101332718.html","edit":{"rank":"","desc":"","name":"陈永伟 | 文","link":"","head":""},"attr":5,"freeDuration":"12","type":1,"subDesc":"聚焦","channelDesc":"观点频道","pict":{"imgs":[{"url":"http://img.caixin.com/2018-10-08/1539000689881923_145_97.jpg","txt":""}],"num":1},"audioUrl":"http://audio.caixin.com/caixin/718/101332718.mp3","time":"2018-10-08 18:52:03","freeTime":"","video":"","summ":""},{"tags":[],"comm":{"tid":"101332570","aid":"100"},"cate":"100300002;100000091;100324037;101249062;101332570","desc":"警惕直销银行背后的“影子P2P”","form":null,"channelId":126,"nid":101332570,"link":"http://opinion.caixin.com/2018-10-08/101332570.html","edit":{"rank":"专栏作家 ","desc":"中国政法大学法学学士、管理学学士、法学硕士","name":"张志杰","link":"http://opinion.caixin.com/zhangzhijie_mjxx/index.html","head":"http://www.caixin.com/upload/zhuanlan/101249062_48_48.jpg"},"attr":5,"freeDuration":"48","type":1,"subDesc":"张志杰","channelDesc":"观点频道","pict":null,"audioUrl":"http://audio.caixin.com/caixin/570/101332570.mp3","time":"2018-10-08 13:38:23","freeTime":"","video":"","summ":"在P2P行业一步步走向规范的过程中，利用银行的名义变相从事P2P的监管套利空间也变得格外诱人"},{"tags":[],"comm":{"tid":"101332468","aid":"100"},"cate":"100300002;100000091;100324039;101305952;101332468","desc":"此次降准的四点不同","form":null,"channelId":126,"nid":101332468,"link":"http://opinion.caixin.com/2018-10-08/101332468.html","edit":{"rank":"专栏作家 ","desc":"兴业银行、华福证券首席经济学家，兴业研究公司副总裁","name":"鲁政委","link":"http://opinion.caixin.com/luzhengwei_zssc/index.html","head":"http://www.caixin.com/upload/zhuanlan/101305952_48_48.jpg"},"attr":5,"freeDuration":"48","type":1,"subDesc":"鲁政委","channelDesc":"观点频道","pict":null,"audioUrl":"http://audio.caixin.com/caixin/468/101332468.mp3","time":"2018-10-08 11:26:12","freeTime":"","video":"","summ":"这是2018年4月以来央行第三次下调准备金率。考虑到2019年第一季度MLF到期规模较高，且银行体系跨节资金需求较强，2019年第一季度仍然有再次降准的可能性"},{"tags":[],"comm":{"tid":"101332453","aid":"100"},"cate":"100300002;100000091;100324037;100752154;101332453","desc":"央行再次实施结构性降准理所应当","form":null,"channelId":126,"nid":101332453,"link":"http://opinion.caixin.com/2018-10-08/101332453.html","edit":{"rank":"专栏作家 ","desc":"中国国际期货公司总裁","name":"王永利","link":"http://opinion.caixin.com/2014/wangyongli_mjxx/index.html","head":"http://www.caixin.com/upload/zhuanlan/100752154_48_48.jpg"},"attr":5,"freeDuration":"48","type":1,"subDesc":"王永利","channelDesc":"观点频道","pict":null,"audioUrl":"http://audio.caixin.com/caixin/453/101332453.mp3","time":"2018-10-08 10:54:57","freeTime":"","video":"","summ":"当前央行实施结构性降准非常必要，但还需要与疏通资金流向实体经济渠道，有效抑制资金在金融体系“体内空转”，防范资金流向房地产等限制性行业或领域等密切结合"},{"tags":[],"comm":{"tid":"101332451","aid":"100"},"cate":"100300002;100000091;100324037;101147041;101332451","desc":"腾讯重建生态与互联网下半场","form":null,"channelId":126,"nid":101332451,"link":"http://opinion.caixin.com/2018-10-08/101332451.html","edit":{"rank":"专栏作家 ","desc":"朱恒源博士，清华大学全球产业研究院副院长，清华大学经济管理学院创新创业与战略系副系主任。","name":"朱恒源","link":"http://opinion.caixin.com/zhuhengyuan_mjxx/index.html","head":"http://www.caixin.com/upload/zhuanlan/101147041_48_48.jpg"},"attr":5,"freeDuration":"48","type":1,"subDesc":"朱恒源","channelDesc":"观点频道","pict":null,"audioUrl":"http://audio.caixin.com/caixin/451/101332451.mp3","time":"2018-10-08 10:46:05","freeTime":"","video":"","summ":"整个变革，核心是两个关键词：下半场，生态化。无论是否能获得与6年前同样喜人的结果，都会深刻地影响中国互联网行业的未来走向"},{"tags":[],"comm":{"tid":"101332422","aid":"100"},"cate":"100300002;100000091;100324039;100751110;101332422","desc":"如何理解近期美债收益率攀升","form":null,"channelId":126,"nid":101332422,"link":"http://opinion.caixin.com/2018-10-08/101332422.html","edit":{"rank":"专栏作家 ","desc":"中金公司研究部负责人、首席经济学家","name":"梁红","link":"http://opinion.caixin.com/lianghong/index.html","head":"http://www.caixin.com/upload/zhuanlan/100751110_48_48.jpg"},"attr":5,"freeDuration":"48","type":1,"subDesc":"梁红","channelDesc":"观点频道","pict":null,"audioUrl":"http://audio.caixin.com/caixin/422/101332422.mp3","time":"2018-10-08 09:59:24","freeTime":"","video":"","summ":"背后根本原因还是美国近期经济表现强劲。向前看，美债收益率的迅速攀升可能暂时告一段落；但中期而言还可能继续面临上行压力"},{"tags":[],"comm":{"tid":"101332421","aid":"100"},"cate":"100300002;100300204;101332421","desc":"【社论】民企为何焦虑|观点精选","form":null,"channelId":126,"nid":101332421,"link":"http://opinion.caixin.com/2018-10-08/101332421.html","edit":{"rank":"","desc":"","name":"","link":"","head":""},"attr":5,"freeDuration":"0","type":1,"subDesc":"社评","channelDesc":"观点频道","pict":{"imgs":[{"url":"http://img.caixin.com/2018-09-28/1538103332480020_145_97.jpg","txt":""}],"num":1},"audioUrl":"http://audio.caixin.com/caixin/818/101330818.mp3","time":"2018-10-08 09:50:16","freeTime":"","video":"<script src=\"http://player.caixin.com/player_tide/js/tidePlayer.cx.js\"><\/script><script>new tidePlayer({width:\"100%\",height:\"100%\",autoplay:false,json:\"http://player.caixin.com/v/g/c/2018/9/27/1538059064877.json\",adshowtype:2,channel:\"3408,3414\"});<\/script>","summ":"须反思民企焦虑背后的体制和政策原因，营造好的法治环境，优化营商环境，催生友善的社会氛围"},{"tags":[],"comm":{"tid":"101332418","aid":"100"},"cate":"100300002;100000091;100324037;101064085;101332418","desc":"四度降准确证三重逻辑","form":null,"channelId":126,"nid":101332418,"link":"http://opinion.caixin.com/2018-10-08/101332418.html","edit":{"rank":"专栏作家 ","desc":"工银国际研究部主管，首席经济学家","name":"程实","link":"http://opinion.caixin.com/chengshi_mjxx/index.html","head":"http://www.caixin.com/upload/zhuanlan/101064085_48_48.jpg"},"attr":5,"freeDuration":"48","type":1,"subDesc":"程实","channelDesc":"观点频道","pict":null,"audioUrl":"http://audio.caixin.com/caixin/418/101332418.mp3","time":"2018-10-08 09:49:02","freeTime":"","video":"","summ":"本次定向降准的时机与方式，清晰确证了当前中国经济政策的三重核心逻辑"},{"tags":[],"comm":{"tid":"101332359","aid":"100"},"cate":"100300002;100000091;100324039;100742170;101332359","desc":"再论央行降准的逻辑","form":null,"channelId":126,"nid":101332359,"link":"http://opinion.caixin.com/2018-10-08/101332359.html","edit":{"rank":"专栏作家 ","desc":"财新智库莫尼塔研究董事长兼首席经济学家","name":"钟正生","link":"http://opinion.caixin.com/zhongzhengsheng/index.html","head":"http://www.caixin.com/upload/zhuanlan/100742170_48_48.jpg"},"attr":5,"freeDuration":"0","type":1,"subDesc":"钟正生","channelDesc":"观点频道","pict":null,"audioUrl":"","time":"2018-10-08 08:02:37","freeTime":"","video":"","summ":"人民币汇率是否“破7”不是最重要的，因为这高度取决于美元指数的变化而关键在于市场预期的平稳过渡，以及中国经济的平稳转型"},{"tags":[],"comm":{"tid":"101332317","aid":"100"},"cate":"100300002;100000091;100324037;100913872;101332317","desc":"央行再次降准的背景","form":null,"channelId":126,"nid":101332317,"link":"http://opinion.caixin.com/2018-10-07/101332317.html","edit":{"rank":"专栏作家 ","desc":"平安证券首席经济学家、中国社科院世经政所研究员","name":"张明","link":"http://opinion.caixin.com/zhangming_mjxx/index.html","head":"http://www.caixin.com/upload/zhuanlan/100913872_48_48.jpg"},"attr":5,"freeDuration":"48","type":1,"subDesc":"张明","channelDesc":"观点频道","pict":null,"audioUrl":"http://audio.caixin.com/caixin/317/101332317.mp3","time":"2018-10-07 13:08:34","freeTime":"","video":"","summ":"实体经济增速的进一步放缓，中小企业融资难度依然较大，房地产市场已得到基本控制，央行并不认为短期内通胀会成为重大威胁"},{"tags":[],"comm":{"tid":"101332301","aid":"100"},"cate":"100300002;100300201;101332301","desc":"1978:中日友好谈判中的邓小平智慧","form":null,"channelId":126,"nid":101332301,"link":"http://opinion.caixin.com/2018-10-07/101332301.html","edit":{"rank":"","desc":"","name":"文|潘飞","link":"","head":""},"attr":5,"freeDuration":"24","type":1,"subDesc":"聚焦","channelDesc":"观点频道","pict":{"imgs":[{"url":"http://img.caixin.com/2018-10-07/1538880365213028_145_97.jpg","txt":""}],"num":1},"audioUrl":"http://audio.caixin.com/caixin/301/101332301.mp3","time":"2018-10-07 10:37:08","freeTime":"","video":"","summ":"这次访问，是邓小平在酝酿改革开放重大战略过程中所做的一次合作、考察和取经之旅，对中日关系的推动和中国后来的发展有着历史性作用"},{"tags":[],"comm":{"tid":"101331846","aid":"100"},"cate":"100300002;100000091;100324037;101325968;101331846","desc":"中美关系何处去？","form":null,"channelId":126,"nid":101331846,"link":"http://opinion.caixin.com/2018-10-02/101331846.html","edit":{"rank":"专栏作家 ","desc":"财新传媒副主编、编辑委员会委员","name":"黄山","link":"http://opinion.caixin.com/huangshan_mjxx/index.html","head":"http://www.caixin.com/upload/zhuanlan/101325968_48_48.jpg"},"attr":5,"freeDuration":"0","type":1,"subDesc":"黄山","channelDesc":"观点频道","pict":null,"audioUrl":"http://audio.caixin.com/caixin/846/101331846.mp3","time":"2018-10-02 07:32:33","freeTime":"","video":"","summ":"一旦贸易战打成消耗战（attrition war）,夹在中间的外企必然要寻求出路，无疑加快产业链重新布局的必要性。这才是中国经济最令人担心的"},{"tags":[],"comm":{"tid":"101331844","aid":"100"},"cate":"100300002;100300201;101331844","desc":"美墨加新贸易协议六大看点","form":null,"channelId":126,"nid":101331844,"link":"http://opinion.caixin.com/2018-10-02/101331844.html","edit":{"rank":"","desc":"","name":"文｜高占军","link":"","head":""},"attr":5,"freeDuration":"0","type":1,"subDesc":"聚焦","channelDesc":"观点频道","pict":{"imgs":[{"url":"http://img.caixin.com/2018-10-02/1538439116286863_145_97.jpg","txt":""}],"num":1},"audioUrl":"http://audio.caixin.com/caixin/844/101331844.mp3","time":"2018-10-02 07:27:06","freeTime":"","video":"","summ":"认真研究NAFTA重新谈判的进程和内容，或可为中美贸易谈判及未来可能的WTO改革或重新谈判，提供借鉴"},{"tags":[],"comm":{"tid":"101331840","aid":"100"},"cate":"100300002;100000091;100324037;101336177;101331840","desc":"“美墨加三国协议”加速催生国际贸易新格局","form":null,"channelId":126,"nid":101331840,"link":"http://opinion.caixin.com/2018-10-01/101331840.html","edit":{"rank":"专栏作家 ","desc":"中国工商银行总行城市金融研究所国际市场与问题研究处副处长，经济学博士。","name":"宋玮","link":"http://opinion.caixin.com/songwei_mjxx/index.html","head":"http://www.caixin.com/upload/zhuanlan/101336177_48_48.jpg"},"attr":5,"freeDuration":"6","type":1,"subDesc":"宋玮","channelDesc":"观点频道","pict":{"imgs":[{"url":"http://img.caixin.com/2018-10-01/1538402095258961_145_97.jpg","txt":""}],"num":1},"audioUrl":"http://audio.caixin.com/caixin/840/101331840.mp3","time":"2018-10-01 21:42:25","freeTime":"","video":"","summ":"保护主义措施冲击或将继续加大；以双边贸易协定为主导的区域贸易安排或将进一步侵蚀多边贸易体制；WTO改革步履维艰"},{"tags":[],"comm":{"tid":"101331828","aid":"100"},"cate":"100300002;100239120;100240410;100240422;101331828","desc":"错过诺奖，无法抹杀华人科学家在免疫医疗的贡献","form":null,"channelId":126,"nid":101331828,"link":"http://opinion.caixin.com/2018-10-01/101331828.html","edit":{"rank":"火线记者 ","desc":"","name":"于达维","link":"http://opinion.caixin.com/yudawei/index.html","head":"http://www.caixin.com/upload/huoxian/huoxian/100240422.jpg"},"attr":5,"freeDuration":"0","type":1,"subDesc":"于达维","channelDesc":"观点频道","pict":{"imgs":[{"url":"http://img.caixin.com/2018-10-02/1538443186653343_145_97.jpg","txt":""}],"num":1},"audioUrl":"http://audio.caixin.com/caixin/828/101331828.mp3","time":"2018-10-01 20:29:28","freeTime":"","video":"","summ":"本庶佑摸到了一扇关键的门，陈列平则找到了钥匙，并打开了门，看到了门外通向哪里"},{"tags":[],"comm":{"tid":"101331679","aid":"100"},"cate":"100300002;100000091;100324037;101180653;101331679","desc":"徐林:到底是“国进民退”还是保护民企有效生产力","form":null,"channelId":126,"nid":101331679,"link":"http://opinion.caixin.com/2018-09-30/101331679.html","edit":{"rank":"专栏作家 ","desc":"中美绿色基金董事长，国家发改委原财政金融司、规划司司长，城市发展中心主任","name":"徐林","link":"http://opinion.caixin.com/xulin_mjxx/index.html","head":"http://www.caixin.com/upload/zhuanlan/101180653_48_48.jpg"},"attr":5,"freeDuration":"48","type":1,"subDesc":"徐林","channelDesc":"观点频道","pict":null,"audioUrl":"http://audio.caixin.com/caixin/679/101331679.mp3","time":"2018-09-30 14:55:28","freeTime":"","video":"","summ":"将现有现象界定为“国进民退”尚缺乏依据和实践证明，过于强调这一论断，可能人为撕裂国有企业和民营企业之间的相互依存关系，影响社会预期的稳定"},{"tags":[],"comm":{"tid":"101331590","aid":"100"},"cate":"100300002;100000091;100324037;101007684;101331590","desc":"竞地将使中国城市“人财两空”","form":null,"channelId":126,"nid":101331590,"link":"http://opinion.caixin.com/2018-09-30/101331590.html","edit":{"rank":"专栏作家 ","desc":"中国社会科学院城市与竞争力研究中心主任","name":"倪鹏飞","link":"http://opinion.caixin.com/nipengfei_mjxx/index.html","head":"http://www.caixin.com/upload/zhuanlan/101007684_48_48.jpg"},"attr":5,"freeDuration":"48","type":1,"subDesc":"倪鹏飞","channelDesc":"观点频道","pict":null,"audioUrl":"http://audio.caixin.com/caixin/590/101331590.mp3","time":"2018-09-30 10:52:25","freeTime":"","video":"","summ":"市场化的改革创造了中国城市发展的奇迹，但是没有完成的改革导致半市场化，一方面中国过去改革的红利正在消失；另一方面，制度不完善，新老制度并存，带来越来越严重的问题"},{"tags":[],"comm":{"tid":"101331584","aid":"100"},"cate":"100300002;100300201;101331584","desc":"诺奖得主Heckman：中国应重视投资职业技能和学前教育","form":null,"channelId":126,"nid":101331584,"link":"http://opinion.caixin.com/2018-09-30/101331584.html","edit":{"rank":"","desc":"","name":"文|James J. Heckman","link":"","head":""},"attr":5,"freeDuration":"0","type":1,"subDesc":"聚焦","channelDesc":"观点频道","pict":{"imgs":[{"url":"http://img.caixin.com/2018-09-30/1538277934127080_145_97.jpg","txt":""}],"num":1},"audioUrl":"http://audio.caixin.com/caixin/584/101331584.mp3","time":"2018-09-30 10:42:29","freeTime":"","video":"","summ":"中国应该延续平等的教育政策，注重高技能的教育，同时注重学前教育。社会应重新审视大学的学术教育，认可职业技能教育的价值。中国投资还应由物质资本向人力资本进行适当转移调整，并着力解决地区间的不平衡问题。户籍政策的改革、现行学费政策的改变，都是政府需要努力的方向"},{"tags":[],"comm":{"tid":"101331583","aid":"100"},"cate":"100300002;100000091;100324040;100959589;101331583","desc":"决定孩子的是你，不是老师与学校","form":null,"channelId":126,"nid":101331583,"link":"http://opinion.caixin.com/2018-09-30/101331583.html","edit":{"rank":"专栏作家 ","desc":"中国教育在线总编辑","name":"陈志文","link":"http://opinion.caixin.com/chenzhiwen_shwx/index.html","head":"http://www.caixin.com/upload/zhuanlan/100959589_48_48.jpg"},"attr":5,"freeDuration":"48","type":1,"subDesc":"陈志文","channelDesc":"观点频道","pict":null,"audioUrl":"http://audio.caixin.com/caixin/583/101331583.mp3","time":"2018-09-30 10:40:51","freeTime":"","video":"","summ":"每一个优秀的孩子背后，必有一对优秀的父母，反之亦然，每一个熊孩子背后，必有一个熊家长，只是很多家长浑然不知。现在最典型的莫过于没有原则的娇纵"},{"tags":[],"comm":{"tid":"101331501","aid":"100"},"cate":"100300002;100000091;100324037;100777150;101331501","desc":"疯狂的信用","form":null,"channelId":126,"nid":101331501,"link":"http://opinion.caixin.com/2018-09-30/101331501.html","edit":{"rank":"专栏作家 ","desc":"比利时鲁汶大学获得电子工程博士。","name":"刘新海","link":"http://opinion.caixin.com/liuxinhai_mjxx/index.html","head":"http://www.caixin.com/upload/zhuanlan/100777150_48_48.jpg"},"attr":5,"freeDuration":"48","type":1,"subDesc":"刘新海","channelDesc":"观点频道","pict":null,"audioUrl":"http://audio.caixin.com/caixin/501/101331501.mp3","time":"2018-09-30 08:19:02","freeTime":"","video":"","summ":"引起全球金融海啸的美国次贷危机其实是信用危机，是信用被商品化后，部分人的信用价值被蓄意抬高并滥用，信用产品生产过剩"},{"tags":[],"comm":{"tid":"101331496","aid":"100"},"cate":"100300002;100000091;100324039;100324366;101331496","desc":"国进民退还是数据造假：工业利润之争","form":null,"channelId":126,"nid":101331496,"link":"http://opinion.caixin.com/2018-09-30/101331496.html","edit":{"rank":"专栏作家 ","desc":"京东数字科技副总裁、首席经济学家，复旦大学泛海国际金融学院客座教授","name":"沈建光","link":"http://opinion.caixin.com/shenjianguang_zssc/index.html","head":"http://www.caixin.com/upload/zhuanlan/100324366_48_48.jpg"},"attr":5,"freeDuration":"48","type":1,"subDesc":"沈建光","channelDesc":"观点频道","pict":null,"audioUrl":"http://audio.caixin.com/caixin/496/101331496.mp3","time":"2018-09-30 08:00:37","freeTime":"","video":"","summ":"如何理解工业企业数据背后的差异？如何透过数据背后的讯号洞察企业运行的真相，并为决策提供依据？"},{"tags":[],"comm":{"tid":"101331323","aid":"100"},"cate":"100300002;100300201;101331323","desc":"报告:大部分农村还未享受到土地改革红利","form":null,"channelId":126,"nid":101331323,"link":"http://opinion.caixin.com/2018-09-29/101331323.html","edit":{"rank":"","desc":"","name":"记者 周东旭","link":"","head":""},"attr":5,"freeDuration":"0","type":1,"subDesc":"聚焦","channelDesc":"观点频道","pict":{"imgs":[{"url":"http://img.caixin.com/2018-09-29/1538200074399133_145_97.jpg","txt":""}],"num":1},"audioUrl":"http://audio.caixin.com/caixin/323/101331323.mp3","time":"2018-09-29 13:43:00","freeTime":"","video":"","summ":"农村土地征收制度不完善，相关法律法规政策不明确，农村集体土地权益保障不到位，宅基地获得、使用及退出制度不健全，土地增值收益分配机制不合理等，构建城乡统一的土地市场依然任重而道远"},{"tags":[],"comm":{"tid":"101331318","aid":"100"},"cate":"100300002;100239120;100239131;101222185;101331318","desc":"火线评论|国企接盘上市民企事出有因","form":null,"channelId":126,"nid":101331318,"link":"http://opinion.caixin.com/2018-09-29/101331318.html","edit":{"rank":"火线记者 ","desc":"","name":"张榆","link":"http://opinion.caixin.com/zhangyu/index.html","head":"http://www.caixin.com/upload/huoxian/huoxian/101222185.jpg"},"attr":5,"freeDuration":"0","type":1,"subDesc":"张榆","channelDesc":"观点频道","pict":{"imgs":[{"url":"http://img.caixin.com/2018-01-17/1516195259264363_145_97.jpg","txt":""}],"num":1},"audioUrl":"http://audio.caixin.com/caixin/318/101331318.mp3","time":"2018-09-29 13:12:35","freeTime":"","video":"","summ":"国资接盘是宏观经济、市场资金和企业自身等多方共振的结果，单纯将国企和民企置于对立面并无意义，如何改善不平等的融资环境和生存环境才是关键"},{"tags":[],"comm":{"tid":"101331294","aid":"100"},"cate":"100300002;100000091;100324039;100775802;101331294","desc":"贸易战难以撼动中国供应链布局","form":null,"channelId":126,"nid":101331294,"link":"http://opinion.caixin.com/2018-09-29/101331294.html","edit":{"rank":"专栏作家 ","desc":"德意志银行中国首席经济学家及股票策略主管","name":"张智威","link":"http://opinion.caixin.com/zhangzhiwei_zssc/index.html","head":"http://www.caixin.com/upload/zhuanlan/100775802_48_48.jpg"},"attr":5,"freeDuration":"48","type":1,"subDesc":"张智威","channelDesc":"观点频道","pict":null,"audioUrl":"http://audio.caixin.com/caixin/294/101331294.mp3","time":"2018-09-29 11:15:05","freeTime":"","video":"","summ":"中国国内市场对其制造工业的支撑力度远高于出口市场，对美国市场的依赖仅限于产业层面。美国征收关税一事，无论将对中美双边出口造成多大损失，都不会对中国国内生产链产生较大影响"},{"tags":[],"comm":{"tid":"101331271","aid":"100"},"cate":"100300002;100000091;100324039;100432719;101331271","desc":"周期与冲突：超越康波","form":null,"channelId":126,"nid":101331271,"link":"http://opinion.caixin.com/2018-09-29/101331271.html","edit":{"rank":"专栏作家 ","desc":"交银国际董事总经理兼首席策略师","name":"洪灏","link":"http://opinion.caixin.com/honghao_zssc/index.html","head":"http://www.caixin.com/upload/zhuanlan/100432719_48_48.jpg"},"attr":5,"freeDuration":"48","type":1,"subDesc":"洪灏","channelDesc":"观点频道","pict":null,"audioUrl":"http://audio.caixin.com/caixin/271/101331271.mp3","time":"2018-09-29 10:52:17","freeTime":"","video":"","summ":"从同步到复苏，到同步缩表，超越康波，拒绝随波逐流"},{"tags":[],"comm":{"tid":"101331262","aid":"100"},"cate":"100300002;100000091;100324039;101305952;101331262","desc":"理财子公司将迎差异化监管","form":null,"channelId":126,"nid":101331262,"link":"http://opinion.caixin.com/2018-09-29/101331262.html","edit":{"rank":"专栏作家 ","desc":"兴业银行、华福证券首席经济学家，兴业研究公司副总裁","name":"鲁政委","link":"http://opinion.caixin.com/luzhengwei_zssc/index.html","head":"http://www.caixin.com/upload/zhuanlan/101305952_48_48.jpg"},"attr":5,"freeDuration":"48","type":1,"subDesc":"鲁政委","channelDesc":"观点频道","pict":null,"audioUrl":"","time":"2018-09-29 10:16:45","freeTime":"","video":"","summ":"理财子公司将迎差异化监管，理财子公司在销售起点、销售渠道、委外机构、分级产品等方面的要求或将有所放松"},{"tags":[],"comm":{"tid":"101331222","aid":"100"},"cate":"100300002;100300201;101331222","desc":"吴敬琏：市场基础上扩大自由选择权——《中国经济改革进程》自序","form":null,"channelId":126,"nid":101331222,"link":"http://opinion.caixin.com/2018-09-29/101331222.html","edit":{"rank":"","desc":"","name":"文 | 吴敬琏","link":"","head":""},"attr":5,"freeDuration":"0","type":1,"subDesc":"聚焦","channelDesc":"观点频道","pict":{"imgs":[{"url":"http://img.caixin.com/2018-09-29/1538183471714486_145_97.jpg","txt":""}],"num":1},"audioUrl":"http://audio.caixin.com/caixin/222/101331222.mp3","time":"2018-09-29 08:57:21","freeTime":"","video":"","summ":"推动中国经济崛起最重要的因素，是市场的扩展使个人和企业的选择权得到了一定的发挥空间"},{"tags":[],"comm":{"tid":"101330981","aid":"100"},"cate":"100300002;100000091;100324037;101329956;101330981","desc":"地产行业风光不再 房企未来如何转型","form":null,"channelId":126,"nid":101330981,"link":"http://opinion.caixin.com/2018-09-28/101330981.html","edit":{"rank":"专栏作家 ","desc":"某大型房地产公司融资中心负责人","name":"汪杰","link":"http://opinion.caixin.com/wangjie_mjxx/index.html","head":"http://www.caixin.com/upload/zhuanlan/101329956_48_48.jpg"},"attr":5,"freeDuration":"48","type":1,"subDesc":"汪杰","channelDesc":"观点频道","pict":null,"audioUrl":"http://audio.caixin.com/caixin/981/101330981.mp3","time":"2018-09-28 16:16:21","freeTime":"","video":"","summ":"曾被认为是“中国经济发动机”的地产行业风光不再，“白银时代”的到来使得房地产企业必须不断加强创新和转型力度，方能适应经济新常态"},{"tags":[],"comm":{"tid":"101330900","aid":"100"},"cate":"100300002;100000091;100324037;100759749;101330900","desc":"投资者教育该怎么做：重构家庭理财观","form":null,"channelId":126,"nid":101330900,"link":"http://opinion.caixin.com/2018-09-28/101330900.html","edit":{"rank":"专栏作家 ","desc":"武汉科技大学金融证券研究所所长","name":"董登新","link":"http://opinion.caixin.com/dongdengxin_mjxx/index.html","head":"http://www.caixin.com/upload/zhuanlan/100759749_48_48.jpg"},"attr":5,"freeDuration":"48","type":1,"subDesc":"董登新","channelDesc":"观点频道","pict":null,"audioUrl":"http://audio.caixin.com/caixin/900/101330900.mp3","time":"2018-09-28 14:32:04","freeTime":"","video":"","summ":"将全生命周期的家庭理财纳入投资者教育，重构以养老为目标的家庭理财观，已刻不容缓"},{"tags":[],"comm":{"tid":"101330894","aid":"100"},"cate":"100300002;100239120;100239136;101233330;101330894","desc":"火线评论|智能车时代临近 准备好迎接麦克风和摄像头了吗？","form":null,"channelId":126,"nid":101330894,"link":"http://opinion.caixin.com/2018-09-28/101330894.html","edit":{"rank":"火线记者 ","desc":"","name":"郑丽纯","link":"http://opinion.caixin.com/zhenglichun/index.html","head":"http://www.caixin.com/upload/huoxian/huoxian/101233330.jpg"},"attr":5,"freeDuration":"0","type":1,"subDesc":"郑丽纯","channelDesc":"观点频道","pict":{"imgs":[{"url":"http://img.caixin.com/2018-09-28/1538115732753545_145_97.jpg","txt":""}],"num":1},"audioUrl":"http://audio.caixin.com/caixin/894/101330894.mp3","time":"2018-09-28 14:16:44","freeTime":"","video":"","summ":"要想智能化配备更“懂你”，就需要允许它们不断收集个人信息。在智能和隐私之间划下界限是否现实？"},{"tags":[],"comm":{"tid":"101330819","aid":"100"},"cate":"100300002;100000091;100317992;100401152;101330819","desc":"新兴国家货币贬值的原因有哪些","form":null,"channelId":126,"nid":101330819,"link":"http://opinion.caixin.com/2018-09-28/101330819.html","edit":{"rank":"专栏作家 ","desc":"现任华安基金首席经济学家,兼任中国国际金融论坛专家顾问委员会委员，上海金融学会副秘书长","name":"林采宜","link":"http://opinion.caixin.com/lincaiyi_zeld/index.html","head":"http://www.caixin.com/upload/zhuanlan/100401152_48_48.jpg"},"attr":5,"freeDuration":"48","type":1,"subDesc":"林采宜","channelDesc":"观点频道","pict":{"imgs":[{"url":"http://img.caixin.com/2017-05-19/1495166149092115_145_97.jpg","txt":""}],"num":1},"audioUrl":"http://audio.caixin.com/caixin/819/101330819.mp3","time":"2018-09-28 10:54:47","freeTime":"","video":"","summ":"新兴市场货币自2011年以来一直处于缓慢波动性贬值之中，近年来受美元走强影响，新兴市场货币贬值趋势更加明显。仅2018年1-8月份，土耳其里拉和阿根廷比索汇率就分别跌去51.9%和58.3%"},{"tags":[],"comm":{"tid":"101330815","aid":"100"},"cate":"100300002;100300201;101330815","desc":"谢平：中国境外投资的挑战","form":null,"channelId":126,"nid":101330815,"link":"http://opinion.caixin.com/2018-09-28/101330815.html","edit":{"rank":"","desc":"","name":"文 | 谢平","link":"","head":""},"attr":5,"freeDuration":"0","type":1,"subDesc":"聚焦","channelDesc":"观点频道","pict":{"imgs":[{"url":"http://img.caixin.com/2018-09-28/1538102725279164_145_97.jpg","txt":""}],"num":1},"audioUrl":"http://audio.caixin.com/caixin/815/101330815.mp3","time":"2018-09-28 10:38:42","freeTime":"","video":"","summ":"国家层面要积极推进经济外交，建立互信寻求共赢；主动作为，推动构建促进对外投资并购的新途径；加强正面宣传，提升中国企业国际形象；促进国际合作，积极参与国际投资规则的制订"},{"tags":[],"comm":{"tid":"101330792","aid":"100"},"cate":"100300002;100000091;100324039;100751110;101330792","desc":"上调最优贷款利率  或为香港加息周期开始","form":null,"channelId":126,"nid":101330792,"link":"http://opinion.caixin.com/2018-09-28/101330792.html","edit":{"rank":"专栏作家 ","desc":"中金公司研究部负责人、首席经济学家","name":"梁红","link":"http://opinion.caixin.com/lianghong/index.html","head":"http://www.caixin.com/upload/zhuanlan/100751110_48_48.jpg"},"attr":5,"freeDuration":"48","type":1,"subDesc":"梁红","channelDesc":"观点频道","pict":null,"audioUrl":"http://audio.caixin.com/caixin/792/101330792.mp3","time":"2018-09-28 09:56:38","freeTime":"","video":"","summ":"这是香港12年来首次上调最优惠贷款利率，可能标志着香港此轮加息周期的开始"},{"tags":[],"comm":{"tid":"101330787","aid":"100"},"cate":"100300002;100000091;100324039;100546053;101330787","desc":"地产行业调整如期而至","form":null,"channelId":126,"nid":101330787,"link":"http://opinion.caixin.com/2018-09-28/101330787.html","edit":{"rank":"专栏作家 ","desc":"高熵资本董事长","name":"邓浩","link":"http://opinion.caixin.com/denghao_zssc/index.html","head":"http://www.caixin.com/upload/zhuanlan/100546053_48_48.jpg"},"attr":5,"freeDuration":"48","type":1,"subDesc":"邓浩","channelDesc":"观点频道","pict":null,"audioUrl":"http://audio.caixin.com/caixin/787/101330787.mp3","time":"2018-09-28 09:39:08","freeTime":"","video":"","summ":"政策干预只是冻结，让市场的疯狂受控，并不能真正改变市场运行的大趋势。地产市场调整最根本的原因在其自身，那就是物极必反，盛极而衰"},{"tags":[],"comm":{"tid":"101330773","aid":"100"},"cate":"100300002;100000091;100324037;100949515;101330773","desc":"地产大势向何方","form":null,"channelId":126,"nid":101330773,"link":"http://opinion.caixin.com/2018-09-28/101330773.html","edit":{"rank":"专栏作家 ","desc":"伍戈，经济学博士，研究员。长江证券首席经济学家，曾长期供职央行货币政策部门，并任国际货币基金组织经济学家。中国经济学最高奖——孙冶方经济科学奖得主","name":"伍戈","link":"http://opinion.caixin.com/wuge_mjxx/index.html","head":"http://www.caixin.com/upload/zhuanlan/100949515_48_48.jpg"},"attr":5,"freeDuration":"48","type":1,"subDesc":"伍戈","channelDesc":"观点频道","pict":null,"audioUrl":"http://audio.caixin.com/caixin/773/101330773.mp3","time":"2018-09-28 09:33:25","freeTime":"","video":"","summ":"排除周期性调控政策的影响，房地产投资的中长期趋势性变化与经济结构变迁不无关系。老龄化对我国房地产投资的抑制显著大于城镇化的支撑作用。未来十年房地产投资占GDP的比重仍将持续下降"},{"tags":[],"comm":{"tid":"101330691","aid":"100"},"cate":"100300002;100239120;100239136;101211539;101330691","desc":"火线评论|工业互联网落地制造业难在哪儿？","form":null,"channelId":126,"nid":101330691,"link":"http://opinion.caixin.com/2018-09-27/101330691.html","edit":{"rank":"火线记者 ","desc":"","name":"黎柳茜","link":"http://opinion.caixin.com/liliuqian/index.html","head":"http://www.caixin.com/upload/huoxian/huoxian/101211539.jpg"},"attr":5,"freeDuration":"0","type":1,"subDesc":"黎柳茜","channelDesc":"观点频道","pict":{"imgs":[{"url":"http://img.caixin.com/2018-09-27/1538056919935750_145_97.jpg","txt":""}],"num":1},"audioUrl":"http://audio.caixin.com/caixin/691/101330691.mp3","time":"2018-09-27 21:54:27","freeTime":"","video":"","summ":"很多企业更重视自动化设备。行业人士认为，自动化设备是固定资产，以后还可以折旧卖出。信息化是无形的，“投入后用不好，钱就打了水漂”"},{"tags":[],"comm":{"tid":"101330664","aid":"100"},"cate":"100300002;100300201;101330664","desc":"人民网发布研究报告：付费阅读助力内容原创","form":null,"channelId":126,"nid":101330664,"link":"http://opinion.caixin.com/2018-09-27/101330664.html","edit":{"rank":"","desc":"","name":"文｜人民网舆论与公共政策研究中心","link":"","head":""},"attr":5,"freeDuration":"0","type":1,"subDesc":"聚焦","channelDesc":"观点频道","pict":{"imgs":[{"url":"http://img.caixin.com/2018-09-27/1538053027431833_145_97.jpg","txt":""}],"num":1},"audioUrl":"http://audio.caixin.com/caixin/664/101330664.mp3","time":"2018-09-27 20:45:22","freeTime":"","video":"","summ":"互联网付费阅读的健康发展有助于保护原创生产力，提升网络传播的信息品质，有助于引导更多的文化原创资源上网，加厚互联网的文化土层"},{"tags":[],"comm":{"tid":"101330630","aid":"100"},"cate":"100300002;100000091;100324037;100659646;101330630","desc":"盛松成：目前中国不宜跟随美联储加息","form":null,"channelId":126,"nid":101330630,"link":"http://opinion.caixin.com/2018-09-27/101330630.html","edit":{"rank":"专栏作家 ","desc":"中国人民银行参事、调查统计司原司长","name":"盛松成","link":"http://opinion.caixin.com/shengsongcheng_mjxx/index.html","head":"http://www.caixin.com/upload/zhuanlan/100659646_48_48.jpg"},"attr":5,"freeDuration":"48","type":1,"subDesc":"盛松成","channelDesc":"观点频道","pict":null,"audioUrl":"http://audio.caixin.com/caixin/630/101330630.mp3","time":"2018-09-27 19:20:03","freeTime":"","video":"","summ":"无论是提高存贷款基准利率，还是提高公开市场操作利率，都不适合我国目前国内经济金融形势"},{"tags":[],"comm":{"tid":"101330528","aid":"100"},"cate":"100300002;100000091;100324039;100536259;101330528","desc":"对中国政策宽松保持信心","form":null,"channelId":126,"nid":101330528,"link":"http://opinion.caixin.com/2018-09-27/101330528.html","edit":{"rank":"专栏作家 ","desc":"瑞银财富管理投资总监办公室（CIO）亚太区投资总监及首席中国经济学家","name":"胡一帆","link":"http://opinion.caixin.com/huyifan_zssc/index.html","head":"http://www.caixin.com/upload/zhuanlan/100536259_48_48.jpg"},"attr":5,"freeDuration":"48","type":1,"subDesc":"胡一帆","channelDesc":"观点频道","pict":null,"audioUrl":"http://audio.caixin.com/caixin/528/101330528.mp3","time":"2018-09-27 16:15:06","freeTime":"","video":"","summ":"随着中美贸易争端持续升温，中国也逐渐加大政策支持力度，我们预计经济数据会逐渐趋稳, 有序放缓"},{"tags":[],"comm":{"tid":"101330457","aid":"100"},"cate":"100300002;100000091;100324039;100933362;101330457","desc":"国庆出境游，人民币在哪里更有购买力","form":null,"channelId":126,"nid":101330457,"link":"http://opinion.caixin.com/2018-09-27/101330457.html","edit":{"rank":"专栏作家 ","desc":"专注于国内消费金融、贸易金融、互联网金融和产业金融等研究领域的专业研究机构","name":"金融观察","link":"http://opinion.caixin.com/snjr/index.html","head":"http://www.caixin.com/upload/zhuanlan/100933362_48_48.jpg"},"attr":5,"freeDuration":"48","type":1,"subDesc":"金融观察","channelDesc":"观点频道","pict":null,"audioUrl":"http://audio.caixin.com/caixin/457/101330457.mp3","time":"2018-09-27 14:03:57","freeTime":"","video":"","summ":"人民币对不同货币汇率的波动，始终是老百姓选择境外游目的地的考量因素之一"},{"tags":[],"comm":{"tid":"101330455","aid":"100"},"cate":"100300002;100000091;100324037;100759749;101330455","desc":"社保降费的空间有多大","form":null,"channelId":126,"nid":101330455,"link":"http://opinion.caixin.com/2018-09-27/101330455.html","edit":{"rank":"专栏作家 ","desc":"武汉科技大学金融证券研究所所长","name":"董登新","link":"http://opinion.caixin.com/dongdengxin_mjxx/index.html","head":"http://www.caixin.com/upload/zhuanlan/100759749_48_48.jpg"},"attr":5,"freeDuration":"48","type":1,"subDesc":"董登新","channelDesc":"观点频道","pict":null,"audioUrl":"http://audio.caixin.com/caixin/455/101330455.mp3","time":"2018-09-27 13:51:27","freeTime":"","video":"","summ":"建议将职工基本养老保险单位缴费率从现行的20%或19%分阶段降至全国统一的12%，将第一支柱职工基本养老保险企业降费的8个百分点“准强制性”地转换成第二支柱企业年金的缴费，记入个人账户"},{"tags":[],"comm":{"tid":"101330391","aid":"100"},"cate":"100300002;100000091;100324037;101164160;101330391","desc":"数据中的那些落后指标","form":null,"channelId":126,"nid":101330391,"link":"http://opinion.caixin.com/2018-09-27/101330391.html","edit":{"rank":"专栏作家 ","desc":"经济学博士，教授，博士生导师，中央党校国际战略研究院副院长。","name":"周天勇","link":"http://opinion.caixin.com/zhoutianyong_mjxx/index.html","head":"http://www.caixin.com/upload/zhuanlan/101164160_48_48.jpg"},"attr":5,"freeDuration":"48","type":1,"subDesc":"周天勇","channelDesc":"观点频道","pict":null,"audioUrl":"http://audio.caixin.com/caixin/391/101330391.mp3","time":"2018-09-27 10:29:07","freeTime":"","video":"","summ":"无视巨大规模的农村和农业，以及农民工和农业劳动力的财产、收入、公共服务、创业、就业要求，何来扩大国内消费需求，何来拉动经济增长速度"},{"tags":[],"comm":{"tid":"101330378","aid":"100"},"cate":"100300002;100000091;100324039;100751110;101330378","desc":"工业企业财务数据背离的思考","form":null,"channelId":126,"nid":101330378,"link":"http://opinion.caixin.com/2018-09-27/101330378.html","edit":{"rank":"专栏作家 ","desc":"中金公司研究部负责人、首席经济学家","name":"梁红","link":"http://opinion.caixin.com/lianghong/index.html","head":"http://www.caixin.com/upload/zhuanlan/100751110_48_48.jpg"},"attr":5,"freeDuration":"48","type":1,"subDesc":"梁红","channelDesc":"观点频道","pict":null,"audioUrl":"http://audio.caixin.com/caixin/378/101330378.mp3","time":"2018-09-27 10:05:01","freeTime":"","video":"","summ":"造成两种增速背离的原因主要是往年的工业企业财务数据基数可能有一定的“水分”，而今年统计局在剔除重复统计数据时，可能仅下调当期财务数据的绝对值，导致绝对值推算的增速失真"},{"tags":[],"comm":{"tid":"101330326","aid":"100"},"cate":"100300002;100000091;100324037;101064085;101330326","desc":"“跷跷板”上的加息与缩表","form":null,"channelId":126,"nid":101330326,"link":"http://opinion.caixin.com/2018-09-27/101330326.html","edit":{"rank":"专栏作家 ","desc":"工银国际研究部主管，首席经济学家","name":"程实","link":"http://opinion.caixin.com/chengshi_mjxx/index.html","head":"http://www.caixin.com/upload/zhuanlan/101064085_48_48.jpg"},"attr":5,"freeDuration":"48","type":1,"subDesc":"程实","channelDesc":"观点频道","pict":null,"audioUrl":"http://audio.caixin.com/caixin/326/101330326.mp3","time":"2018-09-27 08:25:52","freeTime":"","video":"","summ":"美联储有望继续强化政策搭配的“跷跷板”，以适应政策工具的期限分化、规避货币政策的内外矛盾、构建下行风险的“缓冲垫”"},{"tags":[],"comm":{"tid":"101330304","aid":"100"},"cate":"100300002;100300201;101330304","desc":"中国股票市场初建时的往事 ——访中国证券市场创始人之一张晓彬","form":null,"channelId":126,"nid":101330304,"link":"http://opinion.caixin.com/2018-09-27/101330304.html","edit":{"rank":"","desc":"","name":"特约记者 刘婷","link":"","head":""},"attr":5,"freeDuration":"0","type":1,"subDesc":"聚焦","channelDesc":"观点频道","pict":{"imgs":[{"url":"http://img.caixin.com/2018-09-27/1538006014298820_145_97.jpg","txt":""}],"num":1},"audioUrl":"http://audio.caixin.com/caixin/304/101330304.mp3","time":"2018-09-27 08:07:29","freeTime":"","video":"","summ":"经过了30余年的发展，中国的股票市场仍处于初级阶段，后面还有很长的路要走。要发展成一个成熟的市场，需要克服困难，需要有进步的勇气。股票市场的生存和正常发展依赖于两个字——透明"},{"tags":[],"comm":{"tid":"101330164","aid":"100"},"cate":"100300002;100000091;100317992;100401152;101330164","desc":"个税改革对中国消费和宏观经济的影响","form":null,"channelId":126,"nid":101330164,"link":"http://opinion.caixin.com/2018-09-26/101330164.html","edit":{"rank":"专栏作家 ","desc":"现任华安基金首席经济学家,兼任中国国际金融论坛专家顾问委员会委员，上海金融学会副秘书长","name":"林采宜","link":"http://opinion.caixin.com/lincaiyi_zeld/index.html","head":"http://www.caixin.com/upload/zhuanlan/100401152_48_48.jpg"},"attr":5,"freeDuration":"48","type":1,"subDesc":"林采宜","channelDesc":"观点频道","pict":null,"audioUrl":"http://audio.caixin.com/caixin/164/101330164.mp3","time":"2018-09-26 17:24:14","freeTime":"","video":"","summ":"劳务、稿酬、特许权纳入综合所得对普通收入群体影响不大，但对部分高收入群体“增税效应”显著"},{"tags":[],"comm":{"tid":"101330057","aid":"100"},"cate":"100300002;100000091;100324037;101220072;101330057","desc":"看似美好的板块轮动","form":null,"channelId":126,"nid":101330057,"link":"http://opinion.caixin.com/2018-09-26/101330057.html","edit":{"rank":"专栏作家 ","desc":"丹阳投资董事长、首席投资官。","name":"康水跃","link":"http://opinion.caixin.com/kangshuiyue/index.html","head":"http://www.caixin.com/upload/zhuanlan/101220072_48_48.jpg"},"attr":5,"freeDuration":"48","type":1,"subDesc":"康水跃","channelDesc":"观点频道","pict":null,"audioUrl":"http://audio.caixin.com/caixin/057/101330057.mp3","time":"2018-09-26 13:48:25","freeTime":"","video":"","summ":"我们应该保持冷静和理性，不断提醒自己市场存在很多看不见的风险，认真评估板块轮动机会背后的风险，果断放弃那些掺杂很多偶然因素的炒作机会，从而将收益建立在安全边际线之内"},{"tags":[],"comm":{"tid":"101330052","aid":"100"},"cate":"100300002;100000091;100324037;100777156;101330052","desc":"中国货币政策传导之困（一）：社融之变","form":null,"channelId":126,"nid":101330052,"link":"http://opinion.caixin.com/2018-09-26/101330052.html","edit":{"rank":"专栏作家 ","desc":"财新网“简容论经”专栏作家，经济学博士，现任职中国建设银行金融市场部，本专栏观点与所属单位无关。","name":"张涛","link":"http://opinion.caixin.com/zhangtao_mjxx/index.html","head":"http://www.caixin.com/upload/zhuanlan/100777156_48_48.jpg"},"attr":5,"freeDuration":"48","type":1,"subDesc":"张涛","channelDesc":"观点频道","pict":null,"audioUrl":"http://audio.caixin.com/caixin/052/101330052.mp3","time":"2018-09-26 13:45:20","freeTime":"","video":"","summ":"总量上快速收缩，结构上遏制影子，与前两轮去杠杆相比，此轮去杠杆最显著变化结果是，社会融资逐渐向传统的信贷间接融资和直接融资回归，相应最为不透明的影子融资得到有效遏制"},{"tags":[],"comm":{"tid":"101330022","aid":"100"},"cate":"100300002;100000091;100324037;101329956;101330022","desc":"2018金融行业画像：凛冬将至？","form":null,"channelId":126,"nid":101330022,"link":"http://opinion.caixin.com/2018-09-26/101330022.html","edit":{"rank":"专栏作家 ","desc":"某大型房地产公司融资中心负责人","name":"汪杰","link":"http://opinion.caixin.com/wangjie_mjxx/index.html","head":"http://www.caixin.com/upload/zhuanlan/101329956_48_48.jpg"},"attr":5,"freeDuration":"48","type":1,"subDesc":"汪杰","channelDesc":"观点频道","pict":null,"audioUrl":"http://audio.caixin.com/caixin/022/101330022.mp3","time":"2018-09-26 11:35:40","freeTime":"","video":"","summ":"往年，四大行人才流失成为高层心病，但是今年，四大行岗位却成为市场香饽饽，“市场行情不好，还是老实待着，等到明年再说”"},{"tags":[],"comm":{"tid":"101329947","aid":"100"},"cate":"100300002;100000091;100324037;100634781;101329947","desc":"“幸存者偏差”解释不了工业企业数据异常","form":null,"channelId":126,"nid":101329947,"link":"http://opinion.caixin.com/2018-09-26/101329947.html","edit":{"rank":"专栏作家 ","desc":"光大证券资产管理有限公司首席经济学家,中国首席经济学家论坛理事，北京大学国家发展研究院兼职研究员","name":"徐高","link":"http://opinion.caixin.com/xugao_mjxx/index.html","head":"http://www.caixin.com/upload/zhuanlan/100634781_48_48.jpg"},"attr":5,"freeDuration":"48","type":1,"subDesc":"徐高","channelDesc":"观点频道","pict":null,"audioUrl":"http://audio.caixin.com/caixin/947/101329947.mp3","time":"2018-09-26 09:41:46","freeTime":"","video":"","summ":"对比亏损企业占比数据和利润数据可以发现，2018年前7月的工业企业利润更可能是负增长，而不是可比口径数据所显示的那样显著正增长"},{"tags":[],"comm":{"tid":"101329932","aid":"100"},"cate":"100300002;100300201;101329932","desc":"龙永图：如何扩大中国在国际上的话语权","form":null,"channelId":126,"nid":101329932,"link":"http://opinion.caixin.com/2018-09-26/101329932.html","edit":{"rank":"","desc":"","name":"文 | 龙永图","link":"","head":""},"attr":5,"freeDuration":"0","type":1,"subDesc":"聚焦","channelDesc":"观点频道","pict":{"imgs":[{"url":"http://img.caixin.com/2018-09-26/1537924705397276_145_97.jpg","txt":""}],"num":1},"audioUrl":"http://audio.caixin.com/caixin/932/101329932.mp3","time":"2018-09-26 09:15:59","freeTime":"","video":"","summ":"真正的话语权背后是国家的综合实力，还必须站在道德的高地，以一种正确的理念、全球的价值观参与这些国际讨论"},{"tags":[],"comm":{"tid":"101329912","aid":"100"},"cate":"100300002;100300201;101329912","desc":"中美贸易冲突：中国经济的核心利益是什么","form":null,"channelId":126,"nid":101329912,"link":"http://opinion.caixin.com/2018-09-26/101329912.html","edit":{"rank":"","desc":"","name":"文 | 徐奇渊","link":"","head":""},"attr":5,"freeDuration":"0","type":1,"subDesc":"聚焦","channelDesc":"观点频道","pict":{"imgs":[{"url":"http://img.caixin.com/2018-07-11/1531268630191295_145_97.jpg","txt":""}],"num":1},"audioUrl":"http://audio.caixin.com/caixin/912/101329912.mp3","time":"2018-09-26 08:34:44","freeTime":"","video":"","summ":"维护中国在全球供应链当中的地位，这是中国经济的核心利益。在中美贸易冲突当中，中国要强化与美国经济贸易的联系，而不是与之脱钩"},{"tags":[],"comm":{"tid":"101329742","aid":"100"},"cate":"100300002;100300201;101329742","desc":"中美贸易战打下去，影响到底几何","form":null,"channelId":126,"nid":101329742,"link":"http://opinion.caixin.com/2018-09-25/101329742.html","edit":{"rank":"","desc":"","name":"记者 周东旭","link":"","head":""},"attr":5,"freeDuration":"0","type":1,"subDesc":"聚焦","channelDesc":"观点频道","pict":{"imgs":[{"url":"http://img.caixin.com/2018-09-25/1537864218156981_145_97.jpg","txt":""}],"num":1},"audioUrl":"http://audio.caixin.com/caixin/742/101329742.mp3","time":"2018-09-25 16:23:08","freeTime":"","video":"","summ":"如果中美贸易摩擦限定在500亿美元商品范围内，影响有限；限定在2500亿范围内，风险可控；随着贸易摩擦加剧，中国的福利损失会不断增加，极端情况下负面影响将十分严重"},{"tags":[],"comm":{"tid":"101329710","aid":"100"},"cate":"100300002;100000091;100000159;101329710","desc":"黄益平：经济面临民企悖论 如何消除民企歧视","form":null,"channelId":126,"nid":101329710,"link":"http://opinion.caixin.com/2018-09-25/101329710.html","edit":{"rank":"专栏作家 ","desc":"中国央行货币政策委员会委员,北京大学国家发展研究院经济学教授、资深研究员","name":"黄益平","link":"http://opinion.caixin.com/huangyiping/index.html","head":"http://www.caixin.com/upload/zhuanlan/100000159_48_48.jpg"},"attr":5,"freeDuration":"48","type":1,"subDesc":"黄益平","channelDesc":"观点频道","pict":null,"audioUrl":"http://audio.caixin.com/caixin/710/101329710.mp3","time":"2018-09-25 15:56:38","freeTime":"","video":"","summ":"当前中国经济面临“民企悖论”：一方面越来越重要，另一方面却越来越困难。是政策出现了方向性的逆转？还是现行的政策框架已经无法保障民企继续担纲支持中国经济增长的重任？"},{"tags":[],"comm":{"tid":"101329654","aid":"100"},"cate":"100300002;100000091;100324037;101309693;101329654","desc":"姚洋：解决民企危机 莫把调控当改革","form":null,"channelId":126,"nid":101329654,"link":"http://opinion.caixin.com/2018-09-25/101329654.html","edit":{"rank":"专栏作家 ","desc":"北京大学国家发展研究院院长、长江学者和博雅特聘教授","name":"姚洋","link":"http://opinion.caixin.com/yaoyang_mjxx/index.html","head":"http://www.caixin.com/upload/zhuanlan/101309693_48_48.jpg"},"attr":5,"freeDuration":"48","type":1,"subDesc":"姚洋","channelDesc":"观点频道","pict":null,"audioUrl":"http://audio.caixin.com/caixin/654/101329654.mp3","time":"2018-09-25 11:47:20","freeTime":"","video":"","summ":"中国越来越倾向于把宏观调控政策当成改革，但宏观调控改变不了地方政府的行为，最后还经常伤及民营企业"},{"tags":[],"comm":{"tid":"101329634","aid":"100"},"cate":"100300002;100000091;100324040;100977711;101329634","desc":"棉花糖实验争议：自控力决定未来成就？","form":null,"channelId":126,"nid":101329634,"link":"http://opinion.caixin.com/2018-09-25/101329634.html","edit":{"rank":"专栏作家 ","desc":"清华大学心理学系教授，清华大学社科学院学术委员会主席，清华大学伯克利心理学高级研究中心和清华大学社科学院积极心理学研究中心主任,清华大学幸福科技实验室联合主席","name":"彭凯平","link":"http://opinion.caixin.com/pengkaiping_shwx/index.html","head":"http://www.caixin.com/upload/zhuanlan/100977711_48_48.jpg"},"attr":5,"freeDuration":"48","type":1,"subDesc":"彭凯平","channelDesc":"观点频道","pict":null,"audioUrl":"http://audio.caixin.com/caixin/634/101329634.mp3","time":"2018-09-25 11:13:10","freeTime":"","video":"","summ":"有些通俗读物甚至把棉花糖实验结论简化为：培养孩子成功的秘诀就是自制力的培养。其实这一试验只是说明了人类婴儿早期形成的延迟满足和自控的习惯与后来的成功有重要的相关关系，但不一定是决定性的因果关系"},{"tags":[],"comm":{"tid":"101329620","aid":"100"},"cate":"100300002;100000091;100324037;100745928;101329620","desc":"控不住的人口：超大城市人口发展趋势","form":null,"channelId":126,"nid":101329620,"link":"http://opinion.caixin.com/2018-09-25/101329620.html","edit":{"rank":"专栏作家 ","desc":"恒大集团首席经济学家（副总裁级）兼研究院院长","name":"任泽平","link":"http://opinion.caixin.com/renzeping/index.html","head":"http://www.caixin.com/upload/zhuanlan/100745928_48_48.jpg"},"attr":5,"freeDuration":"48","type":1,"subDesc":"任泽平","channelDesc":"观点频道","pict":null,"audioUrl":"http://audio.caixin.com/caixin/620/101329620.mp3","time":"2018-09-25 11:07:31","freeTime":"","video":"","summ":"如果短期通过行政手段控制人口，而长期人口由于市场化流动而控不住，会导致住房供地、轨道交通、医院学校等供给不足"},{"tags":[],"comm":{"tid":"101329613","aid":"100"},"cate":"100300002;100000091;100324037;101064085;101329613","desc":"中国消费格局的分析框架","form":null,"channelId":126,"nid":101329613,"link":"http://opinion.caixin.com/2018-09-25/101329613.html","edit":{"rank":"专栏作家 ","desc":"工银国际研究部主管，首席经济学家","name":"程实","link":"http://opinion.caixin.com/chengshi_mjxx/index.html","head":"http://www.caixin.com/upload/zhuanlan/101064085_48_48.jpg"},"attr":5,"freeDuration":"48","type":1,"subDesc":"程实","channelDesc":"观点频道","pict":null,"audioUrl":"http://audio.caixin.com/caixin/613/101329613.mp3","time":"2018-09-25 10:53:18","freeTime":"","video":"","summ":"评判消费升级的关键，不在于消费篮子中的具体组合，而在于供给侧生产边界曲线与居民预期收入曲线的变动能否为消费者提供更充裕的选择空间，进而导向更高的总福利"},{"tags":[],"comm":{"tid":"101329606","aid":"100"},"cate":"100300002;100300204;101329606","desc":"社论|“大水漫灌”之忧缘何挥之不去","form":null,"channelId":126,"nid":101329606,"link":"http://opinion.caixin.com/2018-09-25/101329606.html","edit":{"rank":"","desc":"","name":"","link":"","head":""},"attr":5,"freeDuration":"0","type":1,"subDesc":"社评","channelDesc":"观点频道","pict":null,"audioUrl":"http://audio.caixin.com/caixin/264/101329264.mp3","time":"2018-09-25 09:46:27","freeTime":"","video":"","summ":"根由在于中国经济新旧动能转换尚未完成，经济增长内生动力不足"},{"tags":[],"comm":{"tid":"101329377","aid":"100"},"cate":"100300002;100000091;100324040;101128012;101329377","desc":"鲁山初中生强奸案：赔偿和解就能冰释前嫌？","form":null,"channelId":126,"nid":101329377,"link":"http://opinion.caixin.com/2018-09-22/101329377.html","edit":{"rank":"专栏作家 ","desc":"邓学平律师，京衡律师上海事务所副主任、高级合伙人。","name":"邓学平","link":"http://opinion.caixin.com/dengxueping_shwx/index.html","head":"http://www.caixin.com/upload/zhuanlan/101128012_48_48.jpg"},"attr":5,"freeDuration":"48","type":1,"subDesc":"邓学平","channelDesc":"观点频道","pict":null,"audioUrl":"http://audio.caixin.com/caixin/377/101329377.mp3","time":"2018-09-22 15:48:15","freeTime":"","video":"","summ":"如果在当地，绝大部分案子还都是以羁押为常态，突然这个案子就因为调解赔了八万块钱，就给例外地取保候审，那就是有很大问题的"},{"tags":[],"comm":{"tid":"101329371","aid":"100"},"cate":"100300002;100000091;100324037;100634781;101329371","desc":"徐高：去杠杆背景下的民企困局及股票质押风险","form":null,"channelId":126,"nid":101329371,"link":"http://opinion.caixin.com/2018-09-22/101329371.html","edit":{"rank":"专栏作家 ","desc":"光大证券资产管理有限公司首席经济学家,中国首席经济学家论坛理事，北京大学国家发展研究院兼职研究员","name":"徐高","link":"http://opinion.caixin.com/xugao_mjxx/index.html","head":"http://www.caixin.com/upload/zhuanlan/100634781_48_48.jpg"},"attr":5,"freeDuration":"48","type":1,"subDesc":"徐高","channelDesc":"观点频道","pict":null,"audioUrl":"http://audio.caixin.com/caixin/371/101329371.mp3","time":"2018-09-22 15:02:23","freeTime":"","video":"","summ":"上游限产政策在改善上游国企利润同时，扭曲了市场，加大了民企负担。民企第一大股东股票质押比例较大，风险在第一大股东处集中，对股市的稳定构成一定威胁"},{"tags":[],"comm":{"tid":"101328957","aid":"100"},"cate":"100300002;100000091;100324039;100435356;101328957","desc":"美国牛市持续  留意三大挑战","form":null,"channelId":126,"nid":101328957,"link":"http://opinion.caixin.com/2018-09-21/101328957.html","edit":{"rank":"专栏作家 ","desc":"","name":"富兰克林邓普顿投资","link":"http://opinion.caixin.com/franklin_resources_inc_zssc/index.html","head":"http://www.caixin.com/upload/zhuanlan/100435356_48_48.jpg"},"attr":5,"freeDuration":"48","type":1,"subDesc":"富兰克林邓普顿投资","channelDesc":"观点频道","pict":null,"audioUrl":"http://audio.caixin.com/caixin/957/101328957.mp3","time":"2018-09-21 14:15:31","freeTime":"","video":"","summ":"尽管预计市场不会在没有调整的情况下持续攀升，但历史告诉我们，牛市通常不会只因时间长就结束"},{"tags":[],"comm":{"tid":"101328937","aid":"100"},"cate":"100300002;100000091;100324039;100933362;101328937","desc":"土地流拍频现，房价怎么走","form":null,"channelId":126,"nid":101328937,"link":"http://opinion.caixin.com/2018-09-21/101328937.html","edit":{"rank":"专栏作家 ","desc":"专注于国内消费金融、贸易金融、互联网金融和产业金融等研究领域的专业研究机构","name":"金融观察","link":"http://opinion.caixin.com/snjr/index.html","head":"http://www.caixin.com/upload/zhuanlan/100933362_48_48.jpg"},"attr":5,"freeDuration":"48","type":1,"subDesc":"金融观察","channelDesc":"观点频道","pict":null,"audioUrl":"http://audio.caixin.com/caixin/937/101328937.mp3","time":"2018-09-21 13:43:09","freeTime":"","video":"","summ":"从销售角度判断房价，今年4季度和明年1季度，房价环比有望保持高位震荡格局。但在居民高杠杆的环境下，想要维持房地产销售的持续向好，空间已经较为有限"},{"tags":[],"comm":{"tid":"101328862","aid":"100"},"cate":"100300002;100000091;100324037;101313538;101328862","desc":"为什么这25家银行首批入围P2P存管白名单","form":null,"channelId":126,"nid":101328862,"link":"http://opinion.caixin.com/2018-09-21/101328862.html","edit":{"rank":"专栏作家 ","desc":"百舸新金融智库创始人，北京大学新金融和创业投资中心研究员","name":"陈文","link":"http://opinion.caixin.com/chenwen_mjxx/index.html","head":"http://www.caixin.com/upload/zhuanlan/101313538_48_48.jpg"},"attr":5,"freeDuration":"48","type":1,"subDesc":"陈文","channelDesc":"观点频道","pict":null,"audioUrl":"http://audio.caixin.com/caixin/862/101328862.mp3","time":"2018-09-21 11:22:51","freeTime":"","video":"","summ":"相关存管银行的公示信息不构成对白名单银行开展的网络借贷资金存管业务的持续合规性、完整性的认可，不构成对与商业开展网络借贷资金存管业务合作或“声称”合作的网络借贷信息中介机构合规情况的认可"},{"tags":[],"comm":{"tid":"101328861","aid":"100"},"cate":"100300002;100000091;100324040;100977711;101328861","desc":"为什么我们会对他人的痛苦袖手旁观","form":null,"channelId":126,"nid":101328861,"link":"http://opinion.caixin.com/2018-09-21/101328861.html","edit":{"rank":"专栏作家 ","desc":"清华大学心理学系教授，清华大学社科学院学术委员会主席，清华大学伯克利心理学高级研究中心和清华大学社科学院积极心理学研究中心主任,清华大学幸福科技实验室联合主席","name":"彭凯平","link":"http://opinion.caixin.com/pengkaiping_shwx/index.html","head":"http://www.caixin.com/upload/zhuanlan/100977711_48_48.jpg"},"attr":5,"freeDuration":"48","type":1,"subDesc":"彭凯平","channelDesc":"观点频道","pict":null,"audioUrl":"http://audio.caixin.com/caixin/861/101328861.mp3","time":"2018-09-21 11:21:41","freeTime":"","video":"","summ":"为什么我们会对他人的呼救如此无动于衷呢？为什么人们在这样的情境下不去帮助他人呢？这样的惨剧是否揭示了一种人性沦丧？或者说是我们文化出现了一种道德滑坡？"},{"tags":[],"comm":{"tid":"101328853","aid":"100"},"cate":"100300002;100300201;101328853","desc":"地产调控升级 中小房企如何夹缝中求生存","form":null,"channelId":126,"nid":101328853,"link":"http://opinion.caixin.com/2018-09-21/101328853.html","edit":{"rank":"","desc":"","name":"文 | 汪杰 马立强","link":"","head":""},"attr":5,"freeDuration":"48","type":1,"subDesc":"聚焦","channelDesc":"观点频道","pict":{"imgs":[{"url":"http://img.caixin.com/2018-09-21/1537500658918896_145_97.jpg","txt":""}],"num":1},"audioUrl":"http://audio.caixin.com/caixin/853/101328853.mp3","time":"2018-09-21 11:19:57","freeTime":"","video":"","summ":"房地产行业投资拿地和对外融资的难度加大，对于房企来说，在传统方式的基础之上寻找适合自己的创新方式也就显得极其重要"},{"tags":[],"comm":{"tid":"101328817","aid":"100"},"cate":"100300002;100000091;100324037;100777156;101328817","desc":"降息并不能被完全排除","form":null,"channelId":126,"nid":101328817,"link":"http://opinion.caixin.com/2018-09-21/101328817.html","edit":{"rank":"专栏作家 ","desc":"财新网“简容论经”专栏作家，经济学博士，现任职中国建设银行金融市场部，本专栏观点与所属单位无关。","name":"张涛","link":"http://opinion.caixin.com/zhangtao_mjxx/index.html","head":"http://www.caixin.com/upload/zhuanlan/100777156_48_48.jpg"},"attr":5,"freeDuration":"48","type":1,"subDesc":"张涛","channelDesc":"观点频道","pict":null,"audioUrl":"http://audio.caixin.com/caixin/817/101328817.mp3","time":"2018-09-21 10:02:18","freeTime":"","video":"","summ":"目前央行的货币宽松只是解决的了政府融资的燃眉之急，而流动性宽松下货币市场利率的回落并未有效传递到实体经济层面"},{"tags":[],"comm":{"tid":"101328816","aid":"100"},"cate":"100300002;100000091;100324039;100922527;101328816","desc":"央票出海：离岸人民币野蛮生长进入尾声","form":null,"channelId":126,"nid":101328816,"link":"http://opinion.caixin.com/2018-09-21/101328816.html","edit":{"rank":"专栏作家 ","desc":"德国商业银行亚洲高级经济学家，负责北亚地区宏观和市场研究","name":"周浩","link":"http://opinion.caixin.com/zhou_hao_zssc/index.html","head":"http://www.caixin.com/upload/zhuanlan/100922527_48_48.jpg"},"attr":5,"freeDuration":"48","type":1,"subDesc":"周浩","channelDesc":"观点频道","pict":null,"audioUrl":"http://audio.caixin.com/caixin/816/101328816.mp3","time":"2018-09-21 09:50:17","freeTime":"","video":"","summ":"央行将可能在离岸人民币市场发行央票，也意味着央行的货币政策工具进一步扩展至海外人民币市场"},{"tags":[],"comm":{"tid":"101328724","aid":"100"},"cate":"100300002;100300201;101328724","desc":"欧委会副主席：欧亚联通，提速的时间到了","form":null,"channelId":126,"nid":101328724,"link":"http://opinion.caixin.com/2018-09-20/101328724.html","edit":{"rank":"","desc":"","name":"文｜费德丽卡·莫盖里尼（Federica Mogherini）","link":"","head":""},"attr":5,"freeDuration":"0","type":1,"subDesc":"聚焦","channelDesc":"观点频道","pict":{"imgs":[{"url":"http://img.caixin.com/2018-09-20/1537446587463037_145_97.jpg","txt":""}],"num":1},"audioUrl":"http://audio.caixin.com/caixin/724/101328724.mp3","time":"2018-09-20 20:24:25","freeTime":"","video":"","summ":"虽然互联互通一直是欧盟对亚洲政策的一部分，但到目前为止，欧盟尚未充分发挥其在该领域的潜力。这就是为什么我们本周提出了一个新的政策框架以加强欧盟行动，就是欧盟有关欧洲和亚洲互联互通战略"},{"tags":[],"comm":{"tid":"101328554","aid":"100"},"cate":"100300002;100000091;100324037;101064085;101328554","desc":"贸易摩擦的时空之争","form":null,"channelId":126,"nid":101328554,"link":"http://opinion.caixin.com/2018-09-20/101328554.html","edit":{"rank":"专栏作家 ","desc":"工银国际研究部主管，首席经济学家","name":"程实","link":"http://opinion.caixin.com/chengshi_mjxx/index.html","head":"http://www.caixin.com/upload/zhuanlan/101064085_48_48.jpg"},"attr":5,"freeDuration":"48","type":1,"subDesc":"程实","channelDesc":"观点频道","pict":null,"audioUrl":"http://audio.caixin.com/caixin/554/101328554.mp3","time":"2018-09-20 16:02:23","freeTime":"","video":"","summ":"尽管贸易摩擦已经升级，但较之于初始的方案，当前在执行的时间和空间上都有所放缓，未来的演化取决于中、美政治经济走向的相对变化和政策的动态调整"},{"tags":[],"comm":{"tid":"101328538","aid":"100"},"cate":"100300002;100000091;100324037;100777156;101328538","desc":"新时期以来，央行如何施用价格工具","form":null,"channelId":126,"nid":101328538,"link":"http://opinion.caixin.com/2018-09-20/101328538.html","edit":{"rank":"专栏作家 ","desc":"财新网“简容论经”专栏作家，经济学博士，现任职中国建设银行金融市场部，本专栏观点与所属单位无关。","name":"张涛","link":"http://opinion.caixin.com/zhangtao_mjxx/index.html","head":"http://www.caixin.com/upload/zhuanlan/100777156_48_48.jpg"},"attr":5,"freeDuration":"48","type":1,"subDesc":"张涛","channelDesc":"观点频道","pict":null,"audioUrl":"http://audio.caixin.com/caixin/538/101328538.mp3","time":"2018-09-20 15:46:49","freeTime":"","video":"","summ":"2012年以来，中国央行在价格工具施用上，属于典型的“基本面决定政策”的思路，而且从7年的长视角观察，所谓的“逆周期调控”色彩并不明显"},{"tags":[],"comm":{"tid":"101328536","aid":"100"},"cate":"100300002;100000091;100324037;100994488;101328536","desc":"供应担忧为油价提供坚实支撑","form":null,"channelId":126,"nid":101328536,"link":"http://opinion.caixin.com/2018-09-20/101328536.html","edit":{"rank":"专栏作家 ","desc":"商品和能源市场的信息和基准价格的重要独立提供机构","name":"标普全球普氏","link":"http://opinion.caixin.com/bpqqps_mjxx/index.html","head":"http://www.caixin.com/upload/zhuanlan/100994488_48_48.jpg"},"attr":5,"freeDuration":"48","type":1,"subDesc":"标普全球普氏","channelDesc":"观点频道","pict":null,"audioUrl":"http://audio.caixin.com/caixin/536/101328536.mp3","time":"2018-09-20 15:29:53","freeTime":"","video":"","summ":"鉴于供应担忧已远远超过关税升级影响全球石油需求增长的担忧，国际油价上涨不足为奇"},{"tags":[],"comm":{"tid":"101328514","aid":"100"},"cate":"100300002;100300201;101328514","desc":"流动性，不流不行","form":null,"channelId":126,"nid":101328514,"link":"http://opinion.caixin.com/2018-09-20/101328514.html","edit":{"rank":"","desc":"","name":"文丨郭华山","link":"","head":""},"attr":5,"freeDuration":"0","type":1,"subDesc":"聚焦","channelDesc":"观点频道","pict":{"imgs":[{"url":"http://img.caixin.com/2018-09-20/1537425196212992_145_97.jpg","txt":""}],"num":1},"audioUrl":"http://audio.caixin.com/caixin/514/101328514.mp3","time":"2018-09-20 14:25:51","freeTime":"","video":"","summ":"银行流动性与实体经济流动性状况的差异是流动性传导环节出了问题，主要原因是资管新规对非标业务的限制对流动性产生较大程度的挤出，使得放贷业务和标准化债权业务的正面推动严重弱化"},{"tags":[],"comm":{"tid":"101328498","aid":"100"},"cate":"100300002;100300201;101328498","desc":"从流动性管理看央行降准的逻辑","form":null,"channelId":126,"nid":101328498,"link":"http://opinion.caixin.com/2018-09-20/101328498.html","edit":{"rank":"","desc":"","name":"文|刘杰","link":"","head":""},"attr":5,"freeDuration":"0","type":1,"subDesc":"聚焦","channelDesc":"观点频道","pict":{"imgs":[{"url":"http://img.caixin.com/2018-09-20/1537422081538497_145_97.jpg","txt":""}],"num":1},"audioUrl":"http://audio.caixin.com/caixin/498/101328498.mp3","time":"2018-09-20 13:35:33","freeTime":"","video":"","summ":"通过采取“定向降准置换MLF”或“正回购+定向降准”操作方式，可以有效缓解商业银行流动性管理压力，更好实现对实体经济的精准滴灌"},{"tags":[],"comm":{"tid":"101328441","aid":"100"},"cate":"100300002;100000091;100324037;100861497;101328441","desc":"一图看清中方新一轮600亿美元的关税反制措施","form":null,"channelId":126,"nid":101328441,"link":"http://opinion.caixin.com/2018-09-20/101328441.html","edit":{"rank":"专栏作家 ","desc":"招商银行金融市场部高级分析师","name":"万钊","link":"http://opinion.caixin.com/wanzhao_mjxx/index.html","head":"http://www.caixin.com/upload/zhuanlan/100861497_48_48.jpg"},"attr":5,"freeDuration":"48","type":1,"subDesc":"万钊","channelDesc":"观点频道","pict":null,"audioUrl":"http://audio.caixin.com/caixin/441/101328441.mp3","time":"2018-09-20 11:25:36","freeTime":"","video":"","summ":"中方本轮600亿美元的关税反制措施中，重点在于高端零部件、高端设备、高端仪器等高精尖仪器，对于航天器和老百姓急需的美国医药产品，基本上没有加征关税"},{"tags":[],"comm":{"tid":"101328433","aid":"100"},"cate":"100300002;100000091;100324037;100770473;101328433","desc":"中美贸易战的经济后果","form":null,"channelId":126,"nid":101328433,"link":"http://opinion.caixin.com/2018-09-20/101328433.html","edit":{"rank":"专栏作家 ","desc":"经济学者,现供职于某金融机构从事投资分析和研究工作","name":"王争春","link":"http://opinion.caixin.com/wangzhengchun_mjxx/index.html","head":"http://www.caixin.com/upload/zhuanlan/100770473_48_48.jpg"},"attr":5,"freeDuration":"48","type":1,"subDesc":"王争春","channelDesc":"观点频道","pict":null,"audioUrl":"","time":"2018-09-20 11:21:03","freeTime":"","video":"","summ":"从宏观层面看，中美贸易战影响深远，将加快国际贸易链条重新布局与福利再分配"},{"tags":[],"comm":{"tid":"101328426","aid":"100"},"cate":"100300002;100000091;100324039;100751110;101328426","desc":"社保征管变化的潜在影响","form":null,"channelId":126,"nid":101328426,"link":"http://opinion.caixin.com/2018-09-20/101328426.html","edit":{"rank":"专栏作家 ","desc":"中金公司研究部负责人、首席经济学家","name":"梁红","link":"http://opinion.caixin.com/lianghong/index.html","head":"http://www.caixin.com/upload/zhuanlan/100751110_48_48.jpg"},"attr":5,"freeDuration":"48","type":1,"subDesc":"梁红","channelDesc":"观点频道","pict":null,"audioUrl":"http://audio.caixin.com/caixin/426/101328426.mp3","time":"2018-09-20 11:00:29","freeTime":"","video":"","summ":"影响还将体现出一定的地域特征，中西部的一些省份和部分个体经济比较活跃的省份可能受冲击较大，例如江苏、河南等"},{"tags":[],"comm":{"tid":"101328395","aid":"100"},"cate":"100300002;100000091;100324039;100712493;101328395","desc":"供给侧改革以来中国经济得与失","form":null,"channelId":126,"nid":101328395,"link":"http://opinion.caixin.com/2018-09-20/101328395.html","edit":{"rank":"专栏作家 ","desc":"如是金融研究院院长、首席经济学家，如是金融董事长","name":"管清友","link":"http://opinion.caixin.com/guanqingyou_zssc/index.html","head":"http://www.caixin.com/upload/zhuanlan/100712493_48_48.jpg"},"attr":5,"freeDuration":"48","type":1,"subDesc":"管清友","channelDesc":"观点频道","pict":null,"audioUrl":"http://audio.caixin.com/caixin/395/101328395.mp3","time":"2018-09-20 10:14:27","freeTime":"","video":"","summ":"除了房价上涨导致企业租金上升、中上游产品价格上涨导致下游原材料成本上升和金融去杠杆流动性收缩导致企业融资成本上升外，被寄予厚望的降税降费力度似乎也不及预期，企业获得感不足，未能真正有效激发市场活力。其中最为明显的是“营改增”后不少企业税费不降反增"},{"tags":[],"comm":{"tid":"101328225","aid":"100"},"cate":"100300002;100300201;101328225","desc":"达沃斯论坛上，那些关于“钱”的讨论","form":null,"channelId":126,"nid":101328225,"link":"http://opinion.caixin.com/2018-09-19/101328225.html","edit":{"rank":"","desc":"","name":"记者 周东旭 整理","link":"","head":""},"attr":5,"freeDuration":"0","type":1,"subDesc":"聚焦","channelDesc":"观点频道","pict":{"imgs":[{"url":"http://img.caixin.com/2018-09-19/1537358792719577_145_97.jpg","txt":""}],"num":1},"audioUrl":"http://audio.caixin.com/caixin/225/101328225.mp3","time":"2018-09-19 20:00:34","freeTime":"","video":"","summ":"此次达沃斯论坛，虽然主题又是第四次工业革命，又是创新型社会，但关于钱的话题，似乎总是不少，且能吸引眼球"},{"tags":[],"comm":{"tid":"101328150","aid":"100"},"cate":"100300002;100000091;100324037;100752154;101328150","desc":"美元“稳定币”不过就是一种美元代币","form":null,"channelId":126,"nid":101328150,"link":"http://opinion.caixin.com/2018-09-19/101328150.html","edit":{"rank":"专栏作家 ","desc":"中国国际期货公司总裁","name":"王永利","link":"http://opinion.caixin.com/2014/wangyongli_mjxx/index.html","head":"http://www.caixin.com/upload/zhuanlan/100752154_48_48.jpg"},"attr":5,"freeDuration":"48","type":1,"subDesc":"王永利","channelDesc":"观点频道","pict":null,"audioUrl":"http://audio.caixin.com/caixin/150/101328150.mp3","time":"2018-09-19 18:21:36","freeTime":"","video":"","summ":"美元稳定币的推出，只不过是美元在特定网络空间的一种代币，其应用前景和影响力还存在很大不确定性，大可不必因此就胆战心惊"},{"tags":[],"comm":{"tid":"101328061","aid":"100"},"cate":"100300002;100000091;100324040;100868265;101328061","desc":"比尔·盖茨：贫困是一种必然吗？","form":null,"channelId":126,"nid":101328061,"link":"http://opinion.caixin.com/2018-09-19/101328061.html","edit":{"rank":"专栏作家 ","desc":"饶毅、鲁白、谢宇三位学者创办的移动新媒体平台","name":"知识分子","link":"http://opinion.caixin.com/zsfz_shwx/index.html","head":"http://www.caixin.com/upload/zhuanlan/100868265_48_48.jpg"},"attr":0,"freeDuration":"0","type":1,"subDesc":"知识分子","channelDesc":"观点频道","pict":null,"audioUrl":"http://audio.caixin.com/caixin/061/101328061.mp3","time":"2018-09-19 16:42:34","freeTime":"","video":"","summ":"预计到2050年，全球人口增长总量将有一半以上来自非洲。虽然大多数非洲国家的贫困人口比例正在降低，但几个大的非洲国家并不在其中。这意味着将有更多的孩子在最艰苦的环境下出生和长大"},{"tags":[],"comm":{"tid":"101327994","aid":"100"},"cate":"100300002;100300201;101327994","desc":"中国与发达国家高质量发展的差距在哪？","form":null,"channelId":126,"nid":101327994,"link":"http://opinion.caixin.com/2018-09-19/101327994.html","edit":{"rank":"","desc":"","name":"记者 周东旭","link":"","head":""},"attr":5,"freeDuration":"0","type":1,"subDesc":"聚焦","channelDesc":"观点频道","pict":{"imgs":[{"url":"http://img.caixin.com/2018-09-19/1537343060675776_145_97.jpg","txt":""}],"num":1},"audioUrl":"http://audio.caixin.com/caixin/994/101327994.mp3","time":"2018-09-19 15:39:45","freeTime":"","video":"","summ":"比较发现，中国有3个指标在世界各国中处于第一位，分别是市场规模、科技论文发表数量、城市人均垃圾生产量"},{"tags":[],"comm":{"tid":"101327957","aid":"100"},"cate":"100300002;100000091;100324037;101066352;101327957","desc":"2019牛市三大前提（二）：要允许“有钱的人买股票”","form":null,"channelId":126,"nid":101327957,"link":"http://opinion.caixin.com/2018-09-19/101327957.html","edit":{"rank":"专栏作家 ","desc":"兴业银行首席策略分析师。原国泰君安首席策略分析师，策略研究团队负责人。","name":"乔永远","link":"http://opinion.caixin.com/qiaoyongyuan_mjxx/index.html","head":"http://www.caixin.com/upload/zhuanlan/101066352_48_48.jpg"},"attr":5,"freeDuration":"48","type":1,"subDesc":"乔永远","channelDesc":"观点频道","pict":null,"audioUrl":"http://audio.caixin.com/caixin/957/101327957.mp3","time":"2018-09-19 14:52:57","freeTime":"","video":"","summ":"现金持有比例明显分化的情况下，以市场化的形式鼓励现金较多的公司主动回购，是形成大规模回购、稳定市场预期的前提条件"},{"tags":[],"comm":{"tid":"101327876","aid":"100"},"cate":"100300002;100000091;100324039;101305952;101327876","desc":"贸易战：政策调整已对冲征税成本","form":null,"channelId":126,"nid":101327876,"link":"http://opinion.caixin.com/2018-09-19/101327876.html","edit":{"rank":"专栏作家 ","desc":"兴业银行、华福证券首席经济学家，兴业研究公司副总裁","name":"鲁政委","link":"http://opinion.caixin.com/luzhengwei_zssc/index.html","head":"http://www.caixin.com/upload/zhuanlan/101305952_48_48.jpg"},"attr":5,"freeDuration":"48","type":1,"subDesc":"鲁政委","channelDesc":"观点频道","pict":null,"audioUrl":"http://audio.caixin.com/caixin/876/101327876.mp3","time":"2018-09-19 12:25:52","freeTime":"","video":"","summ":"简单估算目前由于汇率调整和出口退税率调整，中国对美出口相对价格优势并未明显下降。这也就表明就出口相对竞争力而言，中国政策调整已对冲美国关税落地的出口竞争力下滑"},{"tags":[],"comm":{"tid":"101327867","aid":"100"},"cate":"100300002;100000091;100324037;101315655;101327867","desc":"上市公司股票回购与股市促进效应","form":null,"channelId":126,"nid":101327867,"link":"http://opinion.caixin.com/2018-09-19/101327867.html","edit":{"rank":"专栏作家 ","desc":"川财证券研究所所长、董事总经理。","name":"陈雳","link":"http://opinion.caixin.com/chenli_mjxx/index.html","head":"http://www.caixin.com/upload/zhuanlan/101315655_48_48.jpg"},"attr":5,"freeDuration":"48","type":1,"subDesc":"陈雳","channelDesc":"观点频道","pict":null,"audioUrl":"http://audio.caixin.com/caixin/867/101327867.mp3","time":"2018-09-19 12:19:57","freeTime":"","video":"","summ":"股票回购可以稳定公司股价、改善资本结构，在市场下行时上市公司集中进行股票回购可在一定程度上起到提振股价和估值修复的作用"},{"tags":[],"comm":{"tid":"101327837","aid":"100"},"cate":"100300002;100000091;100324039;100742170;101327837","desc":"中美贸易战加剧改革阵痛","form":null,"channelId":126,"nid":101327837,"link":"http://opinion.caixin.com/2018-09-19/101327837.html","edit":{"rank":"专栏作家 ","desc":"财新智库莫尼塔研究董事长兼首席经济学家","name":"钟正生","link":"http://opinion.caixin.com/zhongzhengsheng/index.html","head":"http://www.caixin.com/upload/zhuanlan/100742170_48_48.jpg"},"attr":5,"freeDuration":"48","type":1,"subDesc":"钟正生","channelDesc":"观点频道","pict":null,"audioUrl":"http://audio.caixin.com/caixin/837/101327837.mp3","time":"2018-09-19 11:17:19","freeTime":"","video":"","summ":"当前，市场对中国经济的悲观情绪，很大程度并不在于减速本身，而在于对经济内生活力缺失的担忧，在于政策在稳增长与促转型之间缺乏明晰的主线"},{"tags":[],"comm":{"tid":"101327831","aid":"100"},"cate":"100300002;100300201;101327831","desc":"蔡继明：城市化严重滞后 应取消大城市人口规模控制","form":null,"channelId":126,"nid":101327831,"link":"http://opinion.caixin.com/2018-09-19/101327831.html","edit":{"rank":"","desc":"","name":"记者 张兰太","link":"","head":""},"attr":5,"freeDuration":"0","type":1,"subDesc":"聚焦","channelDesc":"观点频道","pict":{"imgs":[{"url":"http://img.caixin.com/2018-09-19/1537326300714276_145_97.jpg","txt":""}],"num":1},"audioUrl":"http://audio.caixin.com/caixin/831/101327831.mp3","time":"2018-09-19 11:00:36","freeTime":"","video":"","summ":"中国的城市化率远低于城镇化率，户籍人口城镇化率远低于常住人口城镇化率。人为限制城市人口规模和严格控制城市土地供应的做法抑制了中国城市化进程"},{"tags":[],"comm":{"tid":"101327821","aid":"100"},"cate":"100300002;100000091;100000152;101327821","desc":"中美贸易战进一步升级，中国可能怎样应对？","form":null,"channelId":126,"nid":101327821,"link":"http://opinion.caixin.com/2018-09-19/101327821.html","edit":{"rank":"专栏作家 ","desc":"瑞银亚洲经济研究主管、首席中国经济学家、董事总经理","name":"汪涛","link":"http://opinion.caixin.com/wangtao/index.html","head":"http://www.caixin.com/upload/zhuanlan/100000152_48_48.jpg"},"attr":5,"freeDuration":"48","type":1,"subDesc":"汪涛","channelDesc":"观点频道","pict":null,"audioUrl":"http://audio.caixin.com/caixin/821/101327821.mp3","time":"2018-09-19 10:50:42","freeTime":"","video":"","summ":"预计中国政府会进一步扩大对外国企业的市场开放、加强对外商的知识产权保护，从而吸引外资、维持外商直接投资稳定，而并不会惩罚在华经营的美国公司"}],"maxes":1000,"count":100,"start":500}