{"datas":[{"cate":"100300001;100300177;101295530","comm":{"aid":"100","tid":"101295530"},"edit":{"head":"","link":"","name":"记者 董兢","rank":"","desc":""},"link":"http://finance.caixin.com/2018-07-06/101295530.html","nid":101295530,"subDesc":"要闻","video":"","type":0,"tags":[],"audioUrl":"http://audio.caixin.com/caixin/530/101295530.mp3","form":null,"summ":"税延养老保险资金可投向流动性资产、固定收益类资产、权益类资产、不动产类资产和其他金融资产等五大类；资金使用应遵循安全、审慎、长期、稳健原则","freeDuration":"0","freeTime":"","channelDesc":"金融频道","time":"2018-07-06 22:13:28","attr":5,"channelId":125,"pict":{"imgs":[{"txt":"","url":"http://img.caixin.com/2018-07-06/1530886747587938_145_97.jpg"}],"num":1},"desc":"16家险企获批经营个税递延养老险 监管出台资金运用规范"},{"cate":"100300001;100300177;101295417","comm":{"aid":"100","tid":"101295417"},"edit":{"head":"","link":"","name":"记者 董兢 张宇哲","rank":"","desc":""},"link":"http://finance.caixin.com/2018-07-06/101295417.html","nid":101295417,"subDesc":"要闻","video":"","type":0,"tags":[],"audioUrl":"http://audio.caixin.com/caixin/417/101295417.mp3","form":null,"summ":"市场人士分析，“15鲁焦02”此番暴跌，或与债券私募机构返费模式被曝光有关；中融新大与前一日违约的永泰能源，并无直接的股权关系，但二者多次出现在同一交易中","freeDuration":"0","freeTime":"","channelDesc":"金融频道","time":"2018-07-06 19:42:26","attr":5,"channelId":125,"pict":{"imgs":[{"txt":"","url":"http://img.caixin.com/2018-07-06/1530877648994584_145_97.jpg"}],"num":1},"desc":"受永泰能源债券违约牵连 中融新大公司债暴跌30%"},{"cate":"100300001;100300177;101295345","comm":{"aid":"100","tid":"101295345"},"edit":{"head":"","link":"","name":"记者 董兢","rank":"","desc":""},"link":"http://finance.caixin.com/2018-07-06/101295345.html","nid":101295345,"subDesc":"要闻","video":"","type":0,"tags":[],"audioUrl":"http://audio.caixin.com/caixin/345/101295345.mp3","form":null,"summ":"五洋建设通过粉饰报表的财务手段，将公司包装成优良资产，制作虚假申报材料骗取发行公募债，并且存在披露虚假信息、未按规定披露信息等违法行为","freeDuration":"0","freeTime":"","channelDesc":"金融频道","time":"2018-07-06 18:28:21","attr":5,"channelId":125,"pict":{"imgs":[{"txt":"","url":"http://img.caixin.com/2018-05-04/1525445523195960_145_97.jpg"}],"num":1},"desc":"证监会首开债券欺诈罚单 五洋建设被罚4140万元"},{"cate":"100300001;100300177;101295333","comm":{"aid":"100","tid":"101295333"},"edit":{"head":"","link":"","name":"记者 刘彩萍","rank":"","desc":""},"link":"http://finance.caixin.com/2018-07-06/101295333.html","nid":101295333,"subDesc":"要闻","video":"","type":0,"tags":[],"audioUrl":"http://audio.caixin.com/caixin/333/101295333.mp3","form":null,"summ":"私募基金总经理刘晓东稍早于、同步于或稍晚于（一般同一天内）凡得基金控制的公司组账户交易，以相同方向交易相同股票","freeDuration":"0","freeTime":"","channelDesc":"金融频道","time":"2018-07-06 18:24:18","attr":5,"channelId":125,"pict":{"imgs":[{"txt":"","url":"http://img.caixin.com/2017-12-23/1513987687044432_145_97.jpg"}],"num":1},"desc":"私募“老鼠仓”交易6亿元亏损203万 被罚70万"},{"cate":"100300001;100300177;101295293","comm":{"aid":"100","tid":"101295293"},"edit":{"head":"","link":"","name":"驻香港记者 尉奕阳","rank":"","desc":""},"link":"http://finance.caixin.com/2018-07-06/101295293.html","nid":101295293,"subDesc":"要闻","video":"","type":0,"tags":[],"audioUrl":"http://audio.caixin.com/caixin/293/101295293.mp3","form":null,"summ":"李律仁为香港金融发展局创始成员之一，早年供职香港证监会，曾出任特首林郑月娥竞选办公室副主任","freeDuration":"0","freeTime":"","channelDesc":"金融频道","time":"2018-07-06 17:56:11","attr":5,"channelId":125,"pict":{"imgs":[{"txt":"","url":"http://img.caixin.com/2018-07-06/1530871376549763_145_97.jpg"}],"num":1},"desc":"大律师李律仁出任香港金发局主席"},{"cate":"100300001;100300177;101294825","comm":{"aid":"100","tid":"101294825"},"edit":{"head":"","link":"","name":"文｜安融","rank":"","desc":""},"link":"http://finance.caixin.com/2018-07-06/101294825.html","nid":101294825,"subDesc":"要闻","video":"","type":0,"tags":[],"audioUrl":"http://audio.caixin.com/caixin/825/101294825.mp3","form":null,"summ":"当前的外汇市场机制和经济基本面均较2015年至2016年发生根本性变化，如果只见其表不究其里，就此看空人民币汇率和外汇储备并相应操作，大概率会犯经验主义和教条主义的错误，引发自身投资损失","freeDuration":"0","freeTime":"","channelDesc":"金融频道","time":"2018-07-06 12:50:36","attr":0,"channelId":125,"pict":{"imgs":[{"txt":"","url":"http://img.caixin.com/2017-09-14/1505359220187974_145_97.jpg"}],"num":1},"desc":"权威专家：扩大开放新格局下的人民币汇率和外汇储备"},{"cate":"100300001;100300177;101294819","comm":{"aid":"100","tid":"101294819"},"edit":{"head":"","link":"","name":"记者 吴红毓然","rank":"","desc":""},"link":"http://finance.caixin.com/2018-07-06/101294819.html","nid":101294819,"subDesc":"要闻","video":"","type":0,"tags":[],"audioUrl":"http://audio.caixin.com/caixin/819/101294819.mp3","form":null,"summ":"红杉中国领投，Coatue、EDBI参投，融资规模3亿-4亿美元","freeDuration":"0","freeTime":"","channelDesc":"金融频道","time":"2018-07-06 12:49:48","attr":5,"channelId":125,"pict":{"imgs":[{"txt":"","url":"http://img.caixin.com/2018-07-06/1530852816438052_145_97.jpg"}],"num":1},"desc":"独家|比特大陆完成B轮融资"},{"cate":"100300001;100300177;101294528","comm":{"aid":"100","tid":"101294528"},"edit":{"head":"","link":"","name":"驻香港记者 刘雁菲","rank":"","desc":""},"link":"http://finance.caixin.com/2018-07-06/101294528.html","nid":101294528,"subDesc":"要闻","video":"","type":0,"tags":[],"audioUrl":"http://audio.caixin.com/caixin/528/101294528.mp3","form":null,"summ":"香港及国际发售方面均获轻微超额认购；香港本地券商表示，中美贸易战等因素影响市场气氛，小米上市首日有可能“破发”","freeDuration":"0","freeTime":"","channelDesc":"金融频道","time":"2018-07-06 10:22:59","attr":5,"channelId":125,"pict":{"imgs":[{"txt":"","url":"http://img.caixin.com/2018-06-13/1528894882270080_145_97.jpg"}],"num":1},"desc":"小米IPO下限定价 暗盘叫价低近一成"},{"cate":"100300001;100300177;101294085","comm":{"aid":"100","tid":"101294085"},"edit":{"head":"","link":"","name":"记者 吴红毓然","rank":"","desc":""},"link":"http://finance.caixin.com/2018-07-06/101294085.html","nid":101294085,"subDesc":"要闻","video":"","type":0,"tags":[],"audioUrl":"http://audio.caixin.com/caixin/085/101294085.mp3","form":null,"summ":"安邦推荐的民生银行原董事姚大锋、田志平及监事程果琦均提出了辞任","freeDuration":"0","freeTime":"","channelDesc":"金融频道","time":"2018-07-06 08:21:37","attr":5,"channelId":125,"pict":{"imgs":[{"txt":"","url":"http://img.caixin.com/2018-07-05/1530802894730575_145_97.jpg"}],"num":1},"desc":"姚大锋等“安邦系”三人辞任民生银行董事 工作组将派人接替"},{"cate":"100300001;100300177;101294049","comm":{"aid":"100","tid":"101294049"},"edit":{"head":"","link":"","name":"记者 彭骎骎 张宇哲","rank":"","desc":""},"link":"http://finance.caixin.com/2018-07-05/101294049.html","nid":101294049,"subDesc":"要闻","video":"","type":0,"tags":[],"audioUrl":"http://audio.caixin.com/caixin/049/101294049.mp3","form":null,"summ":"存续债规模274.4亿元，仅次于华信；未来两个月间，该公司还有共计45.9亿元的各类债券集中到期","freeDuration":"0","freeTime":"","channelDesc":"金融频道","time":"2018-07-05 21:27:51","attr":5,"channelId":125,"pict":{"imgs":[{"txt":"","url":"http://img.caixin.com/2018-07-05/1530797468106880_145_97.jpg"}],"num":1},"desc":"私募返费冲击波 永泰能源违约触发交叉违约条款"},{"cate":"100300001;100300177;101294038","comm":{"aid":"100","tid":"101294038"},"edit":{"head":"","link":"","name":"记者 武晓蒙","rank":"","desc":""},"link":"http://finance.caixin.com/2018-07-05/101294038.html","nid":101294038,"subDesc":"要闻","video":"","type":0,"tags":[],"audioUrl":"http://audio.caixin.com/caixin/038/101294038.mp3","form":null,"summ":"该基金以投资困境企业破产费用与共益债务做切入点，加速“僵尸企业”市场出清；推进市场化债转股，共落地项目11个，落地金额139亿元","freeDuration":"0","freeTime":"","channelDesc":"金融频道","time":"2018-07-05 21:09:34","attr":5,"channelId":125,"pict":{"imgs":[{"txt":"","url":"http://img.caixin.com/2018-07-05/1530796593633640_145_97.jpg"}],"num":1},"desc":"中国信达设危困企业投资基金 拟投放逾8亿元"},{"cate":"100300001;100300177;101293973","comm":{"aid":"100","tid":"101293973"},"edit":{"head":"","link":"","name":"","rank":"","desc":""},"link":"http://finance.caixin.com/2018-07-05/101293973.html","nid":101293973,"subDesc":"要闻","video":"","type":0,"tags":[],"audioUrl":"http://audio.caixin.com/caixin/973/101293973.mp3","form":null,"summ":"日前，中国人民银行党委书记、中国银保监会主席郭树清接受了《金融时报》记者的采访，就当前经济金融界关心的几个热点问题回答了记者的提问","freeDuration":"48","freeTime":"","channelDesc":"金融频道","time":"2018-07-05 19:23:55","attr":5,"channelId":125,"pict":{"imgs":[{"txt":"","url":"http://img.caixin.com/2018-07-05/1530790033463763_145_97.jpg"}],"num":1},"desc":"郭树清谈贸易战、股市、债市及汇市"},{"cate":"100300001;100300177;101293894","comm":{"aid":"100","tid":"101293894"},"edit":{"head":"","link":"","name":"记者 刘彩萍","rank":"","desc":""},"link":"http://finance.caixin.com/2018-07-05/101293894.html","nid":101293894,"subDesc":"要闻","video":"","type":0,"tags":[],"audioUrl":"http://audio.caixin.com/caixin/894/101293894.mp3","form":null,"summ":"在立案侦查一年后被提起公诉，以受贿罪、内幕交易罪追究刑事责任","freeDuration":"0","freeTime":"","channelDesc":"金融频道","time":"2018-07-05 18:18:39","attr":5,"channelId":125,"pict":{"imgs":[{"txt":"","url":"http://img.caixin.com/2018-07-05/1530786113952782_145_97.jpg"}],"num":1},"desc":"姚刚被公诉 新增内幕交易罪"},{"cate":"100300001;100300177;101293313","comm":{"aid":"100","tid":"101293313"},"edit":{"head":"","link":"","name":"记者 朱亮韬","rank":"","desc":""},"link":"http://finance.caixin.com/2018-07-05/101293313.html","nid":101293313,"subDesc":"要闻","video":"","type":0,"tags":[],"audioUrl":"http://audio.caixin.com/caixin/313/101293313.mp3","form":null,"summ":"因2015年至2016年9月期间的财务造假行为，雅百特案被证监会移送公安机关，面临退市风险","freeDuration":"0","freeTime":"","channelDesc":"金融频道","time":"2018-07-05 11:17:52","attr":5,"channelId":125,"pict":{"imgs":[{"txt":"","url":"http://img.caixin.com/2018-07-05/1530760893591970_145_97.jpg"}],"num":1},"desc":"虚构巴基斯坦项目被外交部点名 雅百特财务造假移送公安"},{"cate":"100300001;100741708;101292958","comm":{"aid":"100","tid":"101292958"},"edit":{"head":"","link":"","name":"特约作者 扬清","rank":"","desc":""},"link":"http://finance.caixin.com/2018-07-05/101292958.html","nid":101292958,"subDesc":"金融混业观察","video":"","type":0,"tags":[],"audioUrl":"http://audio.caixin.com/caixin/958/101292958.mp3","form":null,"summ":"当前中国的去杠杆走向纵深，也到了结构性改革推进的关口，是否存在所谓金融恐慌？金融市场的这样表象究竟该如何解读、分析、判断？政策上该如何应对才得当？定力和弹性如何体现？","freeDuration":"48","freeTime":"","channelDesc":"金融频道","time":"2018-07-05 08:43:40","attr":5,"channelId":125,"pict":{"imgs":[{"txt":"","url":"http://img.caixin.com/2018-07-05/1530751677765261_145_97.jpg"}],"num":1},"desc":"理性看待当前市场 何必人为制造恐慌"},{"cate":"100300001;100300177;101292157","comm":{"aid":"100","tid":"101292157"},"edit":{"head":"","link":"","name":"记者 王力为","rank":"","desc":""},"link":"http://finance.caixin.com/2018-07-04/101292157.html","nid":101292157,"subDesc":"要闻","video":"","type":0,"tags":[],"audioUrl":"http://audio.caixin.com/caixin/157/101292157.mp3","form":null,"summ":"桥水将由创始人瑞·达利欧一人领导的公司治理模式，转向集体领导的合伙人制","freeDuration":"0","freeTime":"","channelDesc":"金融频道","time":"2018-07-04 14:14:09","attr":5,"channelId":125,"pict":{"imgs":[{"txt":"","url":"http://img.caixin.com/2018-07-04/1530685319409261_145_97.jpg"}],"num":1},"desc":"【入华外资资管系列之九】桥水完成私募管理人备案 公司治理转向合伙人制"},{"cate":"100300001;100300177;101291283","comm":{"aid":"100","tid":"101291283"},"edit":{"head":"","link":"","name":"记者 彭骎骎","rank":"","desc":""},"link":"http://finance.caixin.com/2018-07-03/101291283.html","nid":101291283,"subDesc":"要闻","video":"","type":0,"tags":[],"audioUrl":"http://audio.caixin.com/caixin/283/101291283.mp3","form":null,"summ":"交易员称下午的确有大行“砸美元价格”；逆周期调节因子是否会重出江湖，接下来几天的人民币兑美元中间价定价值得关注","freeDuration":"0","freeTime":"","channelDesc":"金融频道","time":"2018-07-03 21:37:38","attr":5,"channelId":125,"pict":{"imgs":[{"txt":"","url":"http://img.caixin.com/2018-07-03/1530625488443439_145_97.jpg"}],"num":1},"desc":"央行“喊话”初见效 人民币兑美元结束十连跌"},{"cate":"100300001;100300177;101291255","comm":{"aid":"100","tid":"101291255"},"edit":{"head":"","link":"","name":"记者 吴红毓然","rank":"","desc":""},"link":"http://finance.caixin.com/2018-07-03/101291255.html","nid":101291255,"subDesc":"要闻","video":"","type":0,"tags":[],"audioUrl":"http://audio.caixin.com/caixin/255/101291255.mp3","form":null,"summ":"会议认为，完全具备打赢重大风险攻坚战和应对外部风险的诸多有利条件，下一步各项工作都将按既定方案有序推进","freeDuration":"0","freeTime":"","channelDesc":"金融频道","time":"2018-07-03 20:56:08","attr":5,"channelId":125,"pict":{"imgs":[{"txt":"","url":"http://img.caixin.com/2018-04-28/1524910269858589_145_97.jpg"}],"num":1},"desc":"金融委新增协作单位 提出“防风险三年行动方案”"},{"cate":"100300001;100300177;101291138","comm":{"aid":"100","tid":"101291138"},"edit":{"head":"","link":"","name":"","rank":"","desc":""},"link":"http://finance.caixin.com/2018-07-03/101291138.html","nid":101291138,"subDesc":"要闻","video":"","type":0,"tags":[],"audioUrl":"http://audio.caixin.com/caixin/138/101291138.mp3","form":null,"summ":"会议分析了当前经济金融形势和金融运行情况，审议了金融委办公室提出的打好防范化解重大风险攻坚战三年行动方案，研究了推进金融改革开放、保持货币政策稳健中性、维护金融市场流动性合理充裕、把握好监管工作节奏和力度、发挥好市场机制在资源配置中的决定性作用等重点工作","freeDuration":"48","freeTime":"","channelDesc":"金融频道","time":"2018-07-03 18:35:08","attr":5,"channelId":125,"pict":{"imgs":[{"txt":"","url":"http://img.caixin.com/2018-07-03/1530614770161449_145_97.jpg"}],"num":1},"desc":"新一届国务院金融稳定发展委员会召开第一次会议"},{"cate":"100300001;100300177;101290713","comm":{"aid":"100","tid":"101290713"},"edit":{"head":"","link":"","name":"记者 彭骎骎 尉奕阳","rank":"","desc":""},"link":"http://finance.caixin.com/2018-07-03/101290713.html","nid":101290713,"subDesc":"要闻","video":"","type":0,"tags":[],"audioUrl":"http://audio.caixin.com/caixin/713/101290713.mp3","form":null,"summ":"今年以来，外汇市场经历了汇率并轨以来最大的单月涨幅和单月跌幅，双向波动态势逐渐显现；易纲称正在密切关注外汇市场波动，认为有些顺周期的行为","freeDuration":"0","freeTime":"","channelDesc":"金融频道","time":"2018-07-03 13:42:48","attr":5,"channelId":125,"pict":{"imgs":[{"txt":"","url":"http://img.caixin.com/2018-04-04/1522827579548149_145_97.jpg"}],"num":1},"desc":"易纲、潘功胜接连表态 在岸离岸人民币暂稳"},{"cate":"100300001;100300177;101290621","comm":{"aid":"100","tid":"101290621"},"edit":{"head":"","link":"","name":"驻香港记者 尉奕阳","rank":"","desc":""},"link":"http://finance.caixin.com/2018-07-03/101290621.html","nid":101290621,"subDesc":"要闻","video":"","type":0,"tags":[],"audioUrl":"http://audio.caixin.com/caixin/621/101290621.mp3","form":null,"summ":"央行亦将优化内地与香港债券通制度安排","freeDuration":"0","freeTime":"","channelDesc":"金融频道","time":"2018-07-03 12:14:24","attr":5,"channelId":125,"pict":{"imgs":[{"txt":"","url":"http://img.caixin.com/2018-07-03/1530591453068947_145_97.jpg"}],"num":1},"desc":"央行即将推出熊猫债发行新规"},{"cate":"100300001;100300177;101290504","comm":{"aid":"100","tid":"101290504"},"edit":{"head":"","link":"","name":"驻香港记者 尉奕阳","rank":"","desc":""},"link":"http://finance.caixin.com/2018-07-03/101290504.html","nid":101290504,"subDesc":"要闻","video":"","type":0,"tags":[],"audioUrl":"http://audio.caixin.com/caixin/504/101290504.mp3","form":null,"summ":"潘功胜表示，适当违约对发行人和投资者都是一种制约，有利在发行价格上区分风险","freeDuration":"0","freeTime":"","channelDesc":"金融频道","time":"2018-07-03 11:05:24","attr":5,"channelId":125,"pict":{"imgs":[{"txt":"","url":"http://img.caixin.com/2018-07-03/1530587349724416_145_97.jpg"}],"num":1},"desc":"潘功胜：将尽快推出到期违约债券交易机制"},{"cate":"100300001;100300177;101290114","comm":{"aid":"100","tid":"101290114"},"edit":{"head":"","link":"","name":"记者 彭骎骎","rank":"","desc":""},"link":"http://finance.caixin.com/2018-07-03/101290114.html","nid":101290114,"subDesc":"要闻","video":"","type":0,"tags":[],"audioUrl":"http://audio.caixin.com/caixin/114/101290114.mp3","form":null,"summ":"目前人民币跌势仍主要由客盘购汇带动，在一些关键点位能看到大行给市场注入美元流动性，但尚未见央行直接入市；企业应该增强汇率风险对冲的意识","freeDuration":"0","freeTime":"","channelDesc":"金融频道","time":"2018-07-03 07:40:25","attr":5,"channelId":125,"pict":{"imgs":[{"txt":"","url":"http://img.caixin.com/2017-09-14/1505359133267736_145_97.jpg"}],"num":1},"desc":"人民币收跌新低 市场关注是否重启逆周期因子"},{"cate":"100300001;100300177;101289981","comm":{"aid":"100","tid":"101289981"},"edit":{"head":"","link":"","name":"记者 吴红毓然","rank":"","desc":""},"link":"http://finance.caixin.com/2018-07-02/101289981.html","nid":101289981,"subDesc":"要闻","video":"","type":0,"tags":[],"audioUrl":"http://audio.caixin.com/caixin/981/101289981.mp3","form":null,"summ":"倒仓结束后，和谐健康持有招行股权市值约300亿元，金风科技市值约60亿元，金融街市值约35亿元，一共近400亿元","freeDuration":"0","freeTime":"","channelDesc":"金融频道","time":"2018-07-02 22:41:29","attr":5,"channelId":125,"pict":{"imgs":[{"txt":"","url":"http://img.caixin.com/2018-07-02/1530542785548270_145_97.jpg"}],"num":1},"desc":"安邦集团重组前夜 和谐健康倒仓多家公司股权（更新）"},{"cate":"100300001;100300177;101289648","comm":{"aid":"100","tid":"101289648"},"edit":{"head":"","link":"","name":"记者 覃洁","rank":"","desc":""},"link":"http://finance.caixin.com/2018-07-02/101289648.html","nid":101289648,"subDesc":"要闻","video":"","type":0,"tags":[],"audioUrl":"http://audio.caixin.com/caixin/648/101289648.mp3","form":null,"summ":"关心凯迪生态走势的，不仅包括中国华电、证金公司在内的股东，还有员工持股计划中的优先级投资者浦发银行","freeDuration":"0","freeTime":"","channelDesc":"金融频道","time":"2018-07-02 16:09:30","attr":5,"channelId":125,"pict":{"imgs":[{"txt":"","url":"http://img.caixin.com/2018-07-02/1530519239720360_145_97.jpg"}],"num":1},"desc":"*ST凯迪复牌跌停 员工持股1.3亿元全军覆没"},{"cate":"100300001;100300177;101289484","comm":{"aid":"100","tid":"101289484"},"edit":{"head":"","link":"","name":"记者 彭骎骎","rank":"","desc":""},"link":"http://finance.caixin.com/2018-07-02/101289484.html","nid":101289484,"subDesc":"要闻","video":"","type":0,"tags":[],"audioUrl":"http://audio.caixin.com/caixin/484/101289484.mp3","form":null,"summ":"逾期90天以上贷款计不良致不良攀升，贵阳农商行的不良贷款率从2016年的4.13%飙升至2017年的19.54%，资本指标大幅下滑，核心一级资本充足率转为负","freeDuration":"0","freeTime":"","channelDesc":"金融频道","time":"2018-07-02 14:36:57","attr":5,"channelId":125,"pict":{"imgs":[{"txt":"","url":"http://img.caixin.com/2018-07-02/1530514018262733_145_97.jpg"}],"num":1},"desc":"贵阳农商行遭下调评级 核心资本充足率为负"},{"cate":"100300001;100300177;101288936","comm":{"aid":"100","tid":"101288936"},"edit":{"head":"","link":"","name":"记者 彭岩锋","rank":"","desc":""},"link":"http://finance.caixin.com/2018-07-01/101288936.html","nid":101288936,"subDesc":"要闻","video":"","type":0,"tags":[],"audioUrl":"http://audio.caixin.com/caixin/936/101288936.mp3","form":null,"summ":"在董事长李林芝辞职之前，凯迪生态已有多人提出离职。知情人士向财新记者透露，如重组工作迟迟不能取得突破，人事变动将会继续扩大","freeDuration":"0","freeTime":"","channelDesc":"金融频道","time":"2018-07-01 22:49:35","attr":5,"channelId":125,"pict":{"imgs":[{"txt":"","url":"http://img.caixin.com/2018-07-01/1530457341083852_145_97.jpg"}],"num":1},"desc":"凯迪生态董事长辞职 债务危机引发人事跌宕"},{"cate":"100300001;100300177;101288887","comm":{"aid":"100","tid":"101288887"},"edit":{"head":"","link":"","name":"记者 张榆 韩祎","rank":"","desc":""},"link":"http://finance.caixin.com/2018-07-01/101288887.html","nid":101288887,"subDesc":"要闻","video":"","type":0,"tags":[],"audioUrl":"http://audio.caixin.com/caixin/887/101288887.mp3","form":null,"summ":"与近期爆发的理财平台跑路事件不同，“阜兴系”旗下意隆财富是备案私募基金。十几家金融机构牵涉其中，后续金融监管与公安部门将如何配合处置风险还需进一步观察","freeDuration":"0","freeTime":"","channelDesc":"金融频道","time":"2018-07-01 08:00:00","attr":5,"channelId":125,"pict":{"imgs":[{"txt":"","url":"http://img.caixin.com/2017-05-27/1495852334967370_145_97.jpg"}],"num":1},"desc":"独家|十余金融机构卷入阜兴系债务危机 备案私募首曝风险"},{"cate":"100300001;100300177;101288881","comm":{"aid":"100","tid":"101288881"},"edit":{"head":"","link":"","name":"记者 彭骎骎","rank":"","desc":""},"link":"http://finance.caixin.com/2018-06-30/101288881.html","nid":101288881,"subDesc":"要闻","video":"","type":0,"tags":[],"audioUrl":"http://audio.caixin.com/caixin/881/101288881.mp3","form":null,"summ":"债务证券占中国全口径外债总额之比，从2014年末的8%提升至2018年3月末的21%；增长较快主要因为境外非居民机构投资境内债券市场的意愿较强","freeDuration":"48","freeTime":"2018-07-02 21:42:11","channelDesc":"金融频道","time":"2018-06-30 21:42:11","attr":0,"channelId":125,"pict":{"imgs":[{"txt":"","url":"http://img.caixin.com/2017-09-14/1505359220187974_145_97.jpg"}],"num":1},"desc":"外汇局：境外机构增持境内债券成为外债新增长点"},{"cate":"100300001;100300177;101288864","comm":{"aid":"100","tid":"101288864"},"edit":{"head":"","link":"","name":"记者 吴红毓然","rank":"","desc":""},"link":"http://finance.caixin.com/2018-06-30/101288864.html","nid":101288864,"subDesc":"要闻","video":"","type":0,"tags":[],"audioUrl":"http://audio.caixin.com/caixin/864/101288864.mp3","form":null,"summ":"对标四大AMC管理办法，放松资本占用条款；但“银行AMC+PE”的模式，会否形成新的套利空间？","freeDuration":"0","freeTime":"","channelDesc":"金融频道","time":"2018-06-30 18:55:03","attr":5,"channelId":125,"pict":{"imgs":[{"txt":"","url":"http://img.caixin.com/2017-06-15/1497516554449538_145_97.jpg"}],"num":1},"desc":"“银行AMC”规则敲定  聚焦三大问题"},{"cate":"100300001;100300177;101288755","comm":{"aid":"100","tid":"101288755"},"edit":{"head":"","link":"","name":"驻香港记者 刘雁菲","rank":"","desc":""},"link":"http://finance.caixin.com/2018-06-30/101288755.html","nid":101288755,"subDesc":"要闻","video":"","type":0,"tags":[],"audioUrl":"http://audio.caixin.com/caixin/755/101288755.mp3","form":null,"summ":"小米此次招股表现可能会影响到接下来新经济股或者“同股不同权”架构公司来香港上市的表现","freeDuration":"0","freeTime":"","channelDesc":"金融频道","time":"2018-06-30 09:31:22","attr":5,"channelId":125,"pict":{"imgs":[{"txt":"","url":"http://img.caixin.com/2018-05-03/1525335455340426_145_97.jpg"}],"num":1},"desc":"明星股东加持下 小米为何下限定价？"},{"cate":"100300001;100300177;101288721","comm":{"aid":"100","tid":"101288721"},"edit":{"head":"","link":"","name":"记者 彭岩锋","rank":"","desc":""},"link":"http://finance.caixin.com/2018-06-30/101288721.html","nid":101288721,"subDesc":"要闻","video":"","type":0,"tags":[],"audioUrl":"http://audio.caixin.com/caixin/721/101288721.mp3","form":{"txt":"证券基金","url":"http://finance.caixin.com/stock/"},"summ":"董事会工作报告称，公司存在大量效益低下或资源属性远大于经营属性的资产，导致营收增长、利润却出现亏损","freeDuration":"0","freeTime":"","channelDesc":"金融频道","time":"2018-06-30 08:11:47","attr":5,"channelId":125,"pict":{"imgs":[{"txt":"","url":"http://img.caixin.com/2018-06-12/1528761213358457_145_97.jpg"}],"num":1},"desc":"凯迪生态负债278亿元 东方资管有意参与重组"},{"cate":"100300001;100300177;101288680","comm":{"aid":"100","tid":"101288680"},"edit":{"head":"","link":"","name":"记者 刘彩萍","rank":"","desc":""},"link":"http://finance.caixin.com/2018-06-29/101288680.html","nid":101288680,"subDesc":"要闻","video":"","type":0,"tags":[],"audioUrl":"http://audio.caixin.com/caixin/680/101288680.mp3","form":null,"summ":"证监会称，要全面推进金融反腐，全力整顿行业乱象，重塑风清气正的证券期货行业生态","freeDuration":"0","freeTime":"","channelDesc":"金融频道","time":"2018-06-29 22:15:22","attr":5,"channelId":125,"pict":{"imgs":[{"txt":"","url":"http://img.caixin.com/2018-01-12/1515729275331117_145_97.jpg"}],"num":1},"desc":"证监会全面推进金融反腐 严防机构“围猎”监管"},{"cate":"100300001;100300177;101288675","comm":{"aid":"100","tid":"101288675"},"edit":{"head":"","link":"","name":"记者 张宇哲","rank":"","desc":""},"link":"http://finance.caixin.com/2018-06-29/101288675.html","nid":101288675,"subDesc":"要闻","video":"","type":0,"tags":[],"audioUrl":"http://audio.caixin.com/caixin/675/101288675.mp3","form":null,"summ":"支付机构依赖沉淀的客户备付金吃利差的盈利模式彻底终结，也结束了监管套利的野蛮生长时代","freeDuration":"0","freeTime":"","channelDesc":"金融频道","time":"2018-06-29 21:48:27","attr":5,"channelId":125,"pict":{"imgs":[{"txt":"","url":"http://img.caixin.com/2017-07-26/1501075137964878_145_97.jpg"}],"num":1},"desc":"支付机构备付金交存大限划定  半年过渡期挑战几何"},{"cate":"100300001;100300177;101288669","comm":{"aid":"100","tid":"101288669"},"edit":{"head":"","link":"","name":"记者 刘彩萍","rank":"","desc":""},"link":"http://finance.caixin.com/2018-06-29/101288669.html","nid":101288669,"subDesc":"要闻","video":"","type":0,"tags":[],"audioUrl":"http://audio.caixin.com/caixin/669/101288669.mp3","form":null,"summ":"六只专门为新经济企业上市“定制”发行的战略配售基金至今仍未拿到备案确认函，在基金合同尚未生效的背景下，投资者获得的只是银行活期利息","freeDuration":"0","freeTime":"","channelDesc":"金融频道","time":"2018-06-29 21:40:26","attr":5,"channelId":125,"pict":{"imgs":[{"txt":"","url":"http://img.caixin.com/2018-06-07/1528362004913863_145_97.jpg"}],"num":1},"desc":"3000点以下不推CDR？证监会回应正依法推进"},{"cate":"100300001;100300177;101288607","comm":{"aid":"100","tid":"101288607"},"edit":{"head":"","link":"","name":"记者 刘彩萍 见习记者 全月","rank":"","desc":""},"link":"http://finance.caixin.com/2018-06-29/101288607.html","nid":101288607,"subDesc":"要闻","video":"","type":0,"tags":[],"audioUrl":"http://audio.caixin.com/caixin/607/101288607.mp3","form":null,"summ":"证监会专门对曾被证监会查处的违法主体进行了集中搜索排查，锁定了18起“老面孔”参与的典型案件；他们恶意明显、操作手法老道、对抗经验丰富","freeDuration":"0","freeTime":"","channelDesc":"金融频道","time":"2018-06-29 19:01:34","attr":5,"channelId":125,"pict":{"imgs":[{"txt":"","url":"http://img.caixin.com/2018-05-05/1525479294000333_145_97.jpg"}],"num":1},"desc":"证监会对市场“惯犯” 再排查 挖出交易金额超百亿大案"},{"cate":"100300001;100300177;101288577","comm":{"aid":"100","tid":"101288577"},"edit":{"head":"","link":"","name":"记者 王力为","rank":"","desc":""},"link":"http://finance.caixin.com/2018-06-29/101288577.html","nid":101288577,"subDesc":"要闻","video":"","type":0,"tags":[],"audioUrl":"http://audio.caixin.com/caixin/577/101288577.mp3","form":null,"summ":"中国高杠杆风险的根源在于财税体制改革滞后，2016年开始的地方政府债务置换是花钱没买到机制、买到了教训；货币政策是总量政策，对既有的结构性问题未必真正有效","freeDuration":"0","freeTime":"","channelDesc":"金融频道","time":"2018-06-29 18:53:08","attr":5,"channelId":125,"pict":{"imgs":[{"txt":"","url":"http://img.caixin.com/2018-02-11/1518325417495246_145_97.jpg"}],"num":1},"desc":"徐忠：解决去杠杆中的结构性问题靠财政政策"},{"cate":"100300001;100300177;101288097","comm":{"aid":"100","tid":"101288097"},"edit":{"head":"","link":"","name":"记者 黎柳茜","rank":"","desc":""},"link":"http://finance.caixin.com/2018-06-29/101288097.html","nid":101288097,"subDesc":"要闻","video":"","type":0,"tags":[],"audioUrl":"http://audio.caixin.com/caixin/097/101288097.mp3","form":{"txt":"证券基金","url":"http://finance.caixin.com/stock/"},"summ":"会计师事务所认为，*ST华泽持续经营能力存在重大不确定性，且公司内部控制已经失效，生产经营基本停滞","freeDuration":"0","freeTime":"","channelDesc":"金融频道","time":"2018-06-29 13:43:21","attr":5,"channelId":125,"pict":{"imgs":[{"txt":"","url":"http://img.caixin.com/2018-06-29/1530251213716666_145_97.jpg"}],"num":1},"desc":"*ST华泽巨亏22亿元 年报连续被出具“非标”"},{"cate":"100300001;100300177;101288020","comm":{"aid":"100","tid":"101288020"},"edit":{"head":"","link":"","name":"见习记者 屈慧","rank":"","desc":""},"link":"http://finance.caixin.com/2018-06-29/101288020.html","nid":101288020,"subDesc":"要闻","video":"","type":0,"tags":[],"audioUrl":"http://audio.caixin.com/caixin/020/101288020.mp3","form":null,"summ":"受股权之争拖累，康达尔业绩大幅下滑。两大股东因未就聘用审计机构达成一致，康达尔年报“难产”，面临退市风险","freeDuration":"0","freeTime":"","channelDesc":"金融频道","time":"2018-06-29 12:06:19","attr":5,"channelId":125,"pict":{"imgs":[{"txt":"","url":"http://img.caixin.com/2018-05-05/1525501615513064_145_97.jpg"}],"num":1},"desc":"康达尔将披星戴帽 股权之争两败俱伤"},{"cate":"100300001;100300177;101287746","comm":{"aid":"100","tid":"101287746"},"edit":{"head":"","link":"","name":"记者 尉奕阳","rank":"","desc":""},"link":"http://finance.caixin.com/2018-06-29/101287746.html","nid":101287746,"subDesc":"要闻","video":"","type":0,"tags":[],"audioUrl":"http://audio.caixin.com/caixin/746/101287746.mp3","form":null,"summ":"李嘉诚在毕业典礼上，勉励学生以理智、道德和诚信，致力为世界带来尊严和机遇","freeDuration":"0","freeTime":"","channelDesc":"金融频道","time":"2018-06-29 10:03:12","attr":5,"channelId":125,"pict":{"imgs":[{"txt":"","url":"http://img.caixin.com/2018-06-29/1530237898802964_145_97.jpg"}],"num":1},"desc":"李嘉诚汕头大学谢幕 “小儿泽楷接力”"},{"cate":"100300001;100300177;101287375","comm":{"aid":"100","tid":"101287375"},"edit":{"head":"","link":"","name":"记者 彭岩锋","rank":"","desc":""},"link":"http://finance.caixin.com/2018-06-29/101287375.html","nid":101287375,"subDesc":"要闻","video":"","type":0,"tags":[],"audioUrl":"http://audio.caixin.com/caixin/375/101287375.mp3","form":null,"summ":"创业板上市企业的分红意愿最为强烈。2017年度，深市创业板713家挂牌公司中，有613家进行了现金分红，占比为86%","freeDuration":"0","freeTime":"","channelDesc":"金融频道","time":"2018-06-29 07:06:30","attr":5,"channelId":125,"pict":{"imgs":[{"txt":"","url":"http://img.caixin.com/2018-06-29/1530231468664810_145_97.jpg"}],"num":1},"desc":"2017年度深市1620家公司分红超2200亿元"},{"cate":"100300001;100300177;101287262","comm":{"aid":"100","tid":"101287262"},"edit":{"head":"","link":"","name":"记者 武晓蒙","rank":"","desc":""},"link":"http://finance.caixin.com/2018-06-28/101287262.html","nid":101287262,"subDesc":"要闻","video":"","type":0,"tags":[],"audioUrl":"http://audio.caixin.com/caixin/262/101287262.mp3","form":null,"summ":"尽管制定了一些办法，消费贷资金流向难控问题依然存在；银行在和第三方平台合作中，需要不断改进和磨合","freeDuration":"0","freeTime":"","channelDesc":"金融频道","time":"2018-06-28 21:42:24","attr":5,"channelId":125,"pict":{"imgs":[{"txt":"","url":"http://img.caixin.com/2018-06-28/1530193751639196_145_97.jpg"}],"num":1},"desc":"渤海银行与蚂蚁借呗合作放贷70亿 不良率0.1%"},{"cate":"100300001;100300177;101287233","comm":{"aid":"100","tid":"101287233"},"edit":{"head":"","link":"","name":"记者 任蕙兰","rank":"","desc":""},"link":"http://finance.caixin.com/2018-06-28/101287233.html","nid":101287233,"subDesc":"要闻","video":"","type":0,"tags":[],"audioUrl":"http://audio.caixin.com/caixin/233/101287233.mp3","form":null,"summ":"近期上海互联网理财平台连续爆雷。抢钱通线上发布产品为黄山度假养生项目融资，发生兑付风险后投资者实地考察发现是烂尾楼","freeDuration":"0","freeTime":"","channelDesc":"金融频道","time":"2018-06-28 21:09:19","attr":5,"channelId":125,"pict":{"imgs":[{"txt":"","url":"http://img.caixin.com/2017-10-11/1507727341782383_145_97.jpg"}],"num":1},"desc":"互金平台“抢钱通”人去楼空 融资项目号称度假村实为烂尾楼"},{"cate":"100300001;100300177;101287201","comm":{"aid":"100","tid":"101287201"},"edit":{"head":"","link":"","name":"记者 彭骎骎","rank":"","desc":""},"link":"http://finance.caixin.com/2018-06-28/101287201.html","nid":101287201,"subDesc":"要闻","video":"","type":0,"tags":[],"audioUrl":"http://audio.caixin.com/caixin/201/101287201.mp3","form":null,"summ":"抚顺特钢已经严重资不抵债；自查后减计净资产17.74亿元；“保壳”不退市是各方共同的诉求","freeDuration":"0","freeTime":"","channelDesc":"金融频道","time":"2018-06-28 20:34:52","attr":5,"channelId":125,"pict":{"imgs":[{"txt":"","url":"http://img.caixin.com/2016-08-03/1470190871780920_145_97.jpg"}],"num":1},"desc":"东北特钢或现金支持抚顺特钢 债权人希望债转股"},{"cate":"100300001;100300177;101286903","comm":{"aid":"100","tid":"101286903"},"edit":{"head":"","link":"","name":"记者 吴雨俭","rank":"","desc":""},"link":"http://finance.caixin.com/2018-06-28/101286903.html","nid":101286903,"subDesc":"要闻","video":"","type":0,"tags":[],"audioUrl":"http://audio.caixin.com/caixin/903/101286903.mp3","form":null,"summ":"已有超120家机构签订了共享协议；这一重要的金融基础设施平台终于雏形初现，企业类型覆盖小贷、消费金融、汽车金融和P2P等","freeDuration":"0","freeTime":"","channelDesc":"金融频道","time":"2018-06-28 16:27:01","attr":5,"channelId":125,"pict":{"imgs":[{"txt":"","url":"http://img.caixin.com/2018-06-28/1530174640393525_145_97.jpg"}],"num":1},"desc":"首批15家机构接入百行征信 覆盖四类金融机构"},{"cate":"100300001;100300177;101286491","comm":{"aid":"100","tid":"101286491"},"edit":{"head":"","link":"","name":"记者 任蕙兰","rank":"","desc":""},"link":"http://finance.caixin.com/2018-06-28/101286491.html","nid":101286491,"subDesc":"要闻","video":"","type":0,"tags":[],"audioUrl":"http://audio.caixin.com/caixin/491/101286491.mp3","form":null,"summ":"商业银行对公增长乏力普遍发力零售，具备传统零售优势的招行反而不再追求零售贷款“越多越好”。田惠宇称招行零售与对公风险偏好一致，为防止“共债”采取审慎措施","freeDuration":"0","freeTime":"","channelDesc":"金融频道","time":"2018-06-28 11:30:34","attr":5,"channelId":125,"pict":{"imgs":[{"txt":"","url":"http://img.caixin.com/2018-06-28/1530156840247894_145_97.jpg"}],"num":1},"desc":"招行零售优势遭追赶 田惠宇称“非常审慎”（更新）"},{"cate":"100300001;100300177;101286465","comm":{"aid":"100","tid":"101286465"},"edit":{"head":"","link":"","name":"记者 韩祎","rank":"","desc":""},"link":"http://finance.caixin.com/2018-06-28/101286465.html","nid":101286465,"subDesc":"要闻","video":"","type":0,"tags":[],"audioUrl":"http://audio.caixin.com/caixin/465/101286465.mp3","form":null,"summ":"资邦金服有四位高管被控制，但实际控制人邬再平仍然在逃国外；资邦金服下属“唐小僧”有2000多个账户资金被冻结，其中包括新浪支付的账户","freeDuration":"0","freeTime":"","channelDesc":"金融频道","time":"2018-06-28 11:26:26","attr":5,"channelId":125,"pict":{"imgs":[{"txt":"","url":"http://img.caixin.com/2018-06-28/1530156691607394_145_97.jpg"}],"num":1},"desc":"独家|唐小僧母公司涉非法集资被立案 实控人在逃"},{"cate":"100300001;100300177;101286277","comm":{"aid":"100","tid":"101286277"},"edit":{"head":"","link":"","name":"记者 韩祎","rank":"","desc":""},"link":"http://finance.caixin.com/2018-06-28/101286277.html","nid":101286277,"subDesc":"要闻","video":"","type":0,"tags":[],"audioUrl":"","form":null,"summ":"莱芜市政府和肥城市政府总共拖欠丽鹏股份子公司3.62亿元款项，上市公司将两家地方政府告上法庭","freeDuration":"0","freeTime":"","channelDesc":"金融频道","time":"2018-06-28 10:15:03","attr":5,"channelId":125,"pict":{"imgs":[{"txt":"","url":"http://img.caixin.com/2018-06-28/1530153030102972_145_97.jpg"}],"num":1},"desc":"BT工程回购款拖欠3.6亿元 丽鹏股份诉山东两家政府"},{"cate":"100300001;100300177;101286134","comm":{"aid":"100","tid":"101286134"},"edit":{"head":"","link":"","name":"记者 韩祎","rank":"","desc":""},"link":"http://finance.caixin.com/2018-06-28/101286134.html","nid":101286134,"subDesc":"要闻","video":"","type":0,"tags":[],"audioUrl":"http://audio.caixin.com/caixin/134/101286134.mp3","form":null,"summ":"资管新规将导致银行理财公司化经营、资产标准化、产品净值化、资金长期化；2020年底时尚未到期的非标资产如何处置，成为各家银行面临的难题之一","freeDuration":"0","freeTime":"","channelDesc":"金融频道","time":"2018-06-28 09:18:27","attr":5,"channelId":125,"pict":{"imgs":[{"txt":"","url":"http://img.caixin.com/2018-01-11/1515641694278735_145_97.jpg"}],"num":1},"desc":"三成存量非标待化解 招行四招应对"},{"cate":"100300001;100300177;101285883","comm":{"aid":"100","tid":"101285883"},"edit":{"head":"","link":"","name":"记者 董兢","rank":"","desc":""},"link":"http://finance.caixin.com/2018-06-28/101285883.html","nid":101285883,"subDesc":"要闻","video":"","type":0,"tags":[],"audioUrl":"http://audio.caixin.com/caixin/883/101285883.mp3","form":null,"summ":"下一步将尽快制定《企业发行外债登记管理办法》，加强外债信息汇总和事中事后监管，出台违规行为惩戒措施","freeDuration":"0","freeTime":"","channelDesc":"金融频道","time":"2018-06-28 07:09:03","attr":5,"channelId":125,"pict":{"imgs":[{"txt":"","url":"http://img.caixin.com/2018-06-28/1530144646550288_145_97.jpg"}],"num":1},"desc":"发改委限制房企外债资金投向 主要用于还旧债"},{"cate":"100300001;100300177;101285694","comm":{"aid":"100","tid":"101285694"},"edit":{"head":"","link":"","name":"驻香港记者 尉奕阳","rank":"","desc":""},"link":"http://finance.caixin.com/2018-06-27/101285694.html","nid":101285694,"subDesc":"要闻","video":"","type":0,"tags":[],"audioUrl":"http://audio.caixin.com/caixin/694/101285694.mp3","form":null,"summ":"映客表示，未来会继续发展广告与增值服务，拓宽收入来源","freeDuration":"0","freeTime":"","channelDesc":"金融频道","time":"2018-06-27 20:19:48","attr":5,"channelId":125,"pict":{"imgs":[{"txt":"","url":"http://img.caixin.com/2017-06-21/1498008815897476_145_97.jpg"}],"num":1},"desc":"映客香港IPO拟集资15亿港元 分众、B站任基石"},{"cate":"100300001;100300177;101285674","comm":{"aid":"100","tid":"101285674"},"edit":{"head":"","link":"","name":"记者 刘彩萍","rank":"","desc":""},"link":"http://finance.caixin.com/2018-06-27/101285674.html","nid":101285674,"subDesc":"要闻","video":"","type":0,"tags":[],"audioUrl":"http://audio.caixin.com/caixin/674/101285674.mp3","form":null,"summ":"为欣泰电气提供IPO服务的东易所坚持主张，对公司收账款余额的核查不属于律师事务所应予查验的事项，法院称其对勤勉尽责缺乏正确认知","freeDuration":"0","freeTime":"","channelDesc":"金融频道","time":"2018-06-27 19:56:46","attr":5,"channelId":125,"pict":{"imgs":[{"txt":"","url":"http://img.caixin.com/2018-03-29/1522281340270562_145_97.jpg"}],"num":1},"desc":"引用虚假《审计报告》 IPO律所告证监会败诉"},{"cate":"100300001;100300177;101285602","comm":{"aid":"100","tid":"101285602"},"edit":{"head":"","link":"","name":"记者 韩祎 霍侃","rank":"","desc":""},"link":"http://finance.caixin.com/2018-06-27/101285602.html","nid":101285602,"subDesc":"要闻","video":"","type":0,"tags":[],"audioUrl":"http://audio.caixin.com/caixin/602/101285602.mp3","form":null,"summ":"网传会议纪要不完全属实，如何化解地方债务兹事体大，不会贸然按照发言口径执行；会议主要是与金融机构协商不抽贷","freeDuration":"0","freeTime":"","channelDesc":"金融频道","time":"2018-06-27 18:39:27","attr":5,"channelId":125,"pict":{"imgs":[{"txt":"","url":"http://img.caixin.com/2018-06-27/1530096215073164_145_97.jpg"}],"num":1},"desc":"独家|常德化解地方债务传闻调查 “会议纪要”不完全属实"},{"cate":"100300001;100300177;101284685","comm":{"aid":"100","tid":"101284685"},"edit":{"head":"","link":"","name":"驻香港记者 尉奕阳","rank":"","desc":""},"link":"http://finance.caixin.com/2018-06-27/101284685.html","nid":101284685,"subDesc":"要闻","video":"","type":0,"tags":[],"audioUrl":"http://audio.caixin.com/caixin/685/101284685.mp3","form":null,"summ":"香港保险企业拟在保险服务中心提供咨询、索偿、续保等服务","freeDuration":"0","freeTime":"","channelDesc":"金融频道","time":"2018-06-27 07:57:34","attr":5,"channelId":125,"pict":{"imgs":[{"txt":"","url":"http://img.caixin.com/2018-06-27/1530059630935612_145_97.jpg"}],"num":1},"desc":"香港保监局：大湾区拟设保险服务中心 银保监反馈正面"},{"cate":"100300001;100300177;101284654","comm":{"aid":"100","tid":"101284654"},"edit":{"head":"","link":"","name":"记者 武晓蒙","rank":"","desc":""},"link":"http://finance.caixin.com/2018-06-26/101284654.html","nid":101284654,"subDesc":"要闻","video":"","type":0,"tags":[],"audioUrl":"http://audio.caixin.com/caixin/654/101284654.mp3","form":null,"summ":"除了设立合资证券公司，还将加大在中国的分支机构布局；业务经营中要扬长避短，发挥好跨境联动强项","freeDuration":"0","freeTime":"","channelDesc":"金融频道","time":"2018-06-26 21:49:37","attr":5,"channelId":125,"pict":{"imgs":[{"txt":"","url":"http://img.caixin.com/2012-02-14/201202140001_145_97.jpg"}],"num":1},"desc":"星展集团拟在华设合资证券公司 正推进申报"},{"cate":"100300001;100300177;101284516","comm":{"aid":"100","tid":"101284516"},"edit":{"head":"","link":"","name":"记者 彭骎骎 见习记者 全月","rank":"","desc":""},"link":"http://finance.caixin.com/2018-06-26/101284516.html","nid":101284516,"subDesc":"要闻","video":"","type":0,"tags":[],"audioUrl":"http://audio.caixin.com/caixin/516/101284516.mp3","form":null,"summ":"赶在“6·30”之前，华融重新启动发行外债计划，拟发行10亿-11亿美元债，预定16亿的可发额度还未用满。这一次，谁来为风雨飘摇中的华融埋单？","freeDuration":"0","freeTime":"","channelDesc":"金融频道","time":"2018-06-26 16:15:14","attr":5,"channelId":125,"pict":{"imgs":[{"txt":"","url":"http://img.caixin.com/2018-06-07/1528358911741632_145_97.jpg"}],"num":1},"desc":"独家|华融再闯离岸债市 拟发11亿美元债有何奥秘（更新）"},{"cate":"100300001;100300177;101284498","comm":{"aid":"100","tid":"101284498"},"edit":{"head":"","link":"","name":"记者 朱亮韬","rank":"","desc":""},"link":"http://finance.caixin.com/2018-06-26/101284498.html","nid":101284498,"subDesc":"要闻","video":"","type":0,"tags":[],"audioUrl":"http://audio.caixin.com/caixin/498/101284498.mp3","form":null,"summ":"证监会查实金亚科技在IPO的申报材料中严重造假，虚增了绝大部分的营收和净利润。因涉嫌欺诈发行罪，证监会已将该案移送公安部门","freeDuration":"0","freeTime":"","channelDesc":"金融频道","time":"2018-06-26 15:40:49","attr":5,"channelId":125,"pict":{"imgs":[{"txt":"","url":"http://img.caixin.com/2018-06-26/1529999080815124_145_97.jpg"}],"num":1},"desc":"金亚科技欺诈发行被追刑责 面临强制退市"},{"cate":"100300001;100300177;101284331","comm":{"aid":"100","tid":"101284331"},"edit":{"head":"","link":"","name":"记者 朱亮韬","rank":"","desc":""},"link":"http://finance.caixin.com/2018-06-26/101284331.html","nid":101284331,"subDesc":"要闻","video":"","type":0,"tags":[],"audioUrl":"http://audio.caixin.com/caixin/331/101284331.mp3","form":null,"summ":"市场担忧大股东股票质押爆仓可能会引发大规模的抛售踩踏。沪深交易所和证券业协会、银行业协会同步发声，用数据说明当前股权质押实际平仓有限，同时要求金融机构避免“一刀切”","freeDuration":"0","freeTime":"","channelDesc":"金融频道","time":"2018-06-26 10:02:05","attr":5,"channelId":125,"pict":{"imgs":[{"txt":"","url":"http://img.caixin.com/2018-06-26/1529978670050371_145_97.jpg"}],"num":1},"desc":"监管协调多机构同步发声：股权质押风险可控"},{"cate":"100300001;100300177;101284318","comm":{"aid":"100","tid":"101284318"},"edit":{"head":"","link":"","name":"记者 张宇哲","rank":"","desc":""},"link":"http://finance.caixin.com/2018-06-26/101284318.html","nid":101284318,"subDesc":"要闻","video":"","type":0,"tags":[],"audioUrl":"http://audio.caixin.com/caixin/318/101284318.mp3","form":null,"summ":"部分地方暂停棚改，是由于地方政府对棚改政府购买服务形成的债务是否纳入政府性债务的理解不一。分析人士认为，考虑到棚改资金支持力度加大或难以转化为需求端的直接刺激，而可能带来的局部市场过热，未来PSL资金支持力度可能下降","freeDuration":"0","freeTime":"","channelDesc":"金融频道","time":"2018-06-26 09:37:42","attr":5,"channelId":125,"pict":{"imgs":[{"txt":"","url":"http://img.caixin.com/2018-06-26/1529977435504196_145_97.jpg"}],"num":1},"desc":"国开行否认棚改贷暂停一刀切 部分地方政府谨慎"},{"cate":"100300001;100300177;101284277","comm":{"aid":"100","tid":"101284277"},"edit":{"head":"","link":"","name":"驻香港记者 尉奕阳","rank":"","desc":""},"link":"http://finance.caixin.com/2018-06-26/101284277.html","nid":101284277,"subDesc":"要闻","video":"","type":0,"tags":[],"audioUrl":"http://audio.caixin.com/caixin/277/101284277.mp3","form":null,"summ":"翼比特是内地第三大比特币矿机公司，曾于新三板上市，其竞争对手之一的嘉楠耘智一个月前向港交所递交IPO申请","freeDuration":"0","freeTime":"","channelDesc":"金融频道","time":"2018-06-26 07:50:07","attr":5,"channelId":125,"pict":{"imgs":[{"txt":"","url":"http://img.caixin.com/2017-12-19/1513647789473059_145_97.jpg"}],"num":1},"desc":"港股再迎比特币矿机公司 翼比特递交香港IPO申请"},{"cate":"100300001;100300177;101284233","comm":{"aid":"100","tid":"101284233"},"edit":{"head":"","link":"","name":"记者 彭骎骎","rank":"","desc":""},"link":"http://finance.caixin.com/2018-06-25/101284233.html","nid":101284233,"subDesc":"要闻","video":"","type":0,"tags":[],"audioUrl":"http://audio.caixin.com/caixin/233/101284233.mp3","form":null,"summ":"对小微企业的金融支持政策已基本出尽，接下来关键看具体执行力度，需要加强对金融机构的考核；此外，目前小微企业最需要的是营商环境的改善","freeDuration":"0","freeTime":"","channelDesc":"金融频道","time":"2018-06-25 21:27:01","attr":5,"channelId":125,"pict":{"imgs":[{"txt":"","url":"http://img.caixin.com/2018-04-16/1523845313884269_145_97.jpg"}],"num":1},"desc":"五部委支持小微企业 再贷款和再贴现增1500亿"},{"cate":"100300001;100300177;101284200","comm":{"aid":"100","tid":"101284200"},"edit":{"head":"","link":"","name":"驻香港记者 尉奕阳","rank":"","desc":""},"link":"http://finance.caixin.com/2018-06-25/101284200.html","nid":101284200,"subDesc":"要闻","video":"","type":0,"tags":[],"audioUrl":"http://audio.caixin.com/caixin/200/101284200.mp3","form":null,"summ":"作为市场上首个运用此技术的电子钱包服务商，蚂蚁金服希望未来将该服务推广到其他市场","freeDuration":"0","freeTime":"","channelDesc":"金融频道","time":"2018-06-25 20:01:29","attr":5,"channelId":125,"pict":{"imgs":[{"txt":"","url":"http://img.caixin.com/2017-09-30/1506732185919698_145_97.jpg"}],"num":1},"desc":"支付宝推区块链海外汇款 香港菲律宾可实时跨境转账"},{"cate":"100300001;100300177;101284004","comm":{"aid":"100","tid":"101284004"},"edit":{"head":"","link":"","name":"记者 吴雨俭","rank":"","desc":""},"link":"http://finance.caixin.com/2018-06-25/101284004.html","nid":101284004,"subDesc":"要闻","video":"","type":0,"tags":[],"audioUrl":"http://audio.caixin.com/caixin/004/101284004.mp3","form":null,"summ":"熊市之中的币圈交投清淡，成立两个多月的FCoin凭借“交易即挖矿”促使交易量暴增，超过三大虚拟货币交易所的交易量之和；但多位业内人士认为这一模式不可持续","freeDuration":"0","freeTime":"","channelDesc":"金融频道","time":"2018-06-25 14:17:14","attr":5,"channelId":125,"pict":{"imgs":[{"txt":"","url":"http://img.caixin.com/2017-12-02/1512173428520930_145_97.jpg"}],"num":1},"desc":"“交易即挖矿”模式突起 虚拟货币交易所熊市混战"},{"cate":"100300001;100300177;101283804","comm":{"aid":"100","tid":"101283804"},"edit":{"head":"","link":"","name":"记者 彭骎骎","rank":"","desc":""},"link":"http://finance.caixin.com/2018-06-24/101283804.html","nid":101283804,"subDesc":"要闻","video":"","type":0,"tags":[],"audioUrl":"http://audio.caixin.com/caixin/804/101283804.mp3","form":null,"summ":"央行对货币政策结构性微调方向已明。尽管降准在市场预期之中，但央行明确以降准资金支持“债转股”，令市场有些意外，可见政策层仍然认为防风险为重中之重","freeDuration":"0","freeTime":"","channelDesc":"金融频道","time":"2018-06-24 21:25:14","attr":5,"channelId":125,"pict":{"imgs":[{"txt":"","url":"http://img.caixin.com/2017-04-06/1491480324493167_145_97.jpg"}],"num":1},"desc":"分析|定向降准 为何支持债转股？"},{"cate":"100300001;100300177;101283678","comm":{"aid":"100","tid":"101283678"},"edit":{"head":"","link":"","name":"记者 黄荣","rank":"","desc":""},"link":"http://finance.caixin.com/2018-06-23/101283678.html","nid":101283678,"subDesc":"要闻","video":"","type":0,"tags":[],"audioUrl":"http://audio.caixin.com/caixin/678/101283678.mp3","form":null,"summ":"收购标的包括“海航系”港股上市公司香港国际建投及海航在全球免税店巨头Dufry AG的股权。七家停牌的“海航系”上市公司已有三家披露了具体的重组交易方案，均通过增发新股募集收购资金","freeDuration":"0","freeTime":"","channelDesc":"金融频道","time":"2018-06-23 16:23:13","attr":5,"channelId":125,"pict":{"imgs":[{"txt":"","url":"http://img.caixin.com/2018-01-17/1516195259264363_145_97.jpg"}],"num":1},"desc":"海航基础拟重组两家海外上市公司股权"},{"cate":"100300001;100300177;101283545","comm":{"aid":"100","tid":"101283545"},"edit":{"head":"","link":"","name":"记者 武晓蒙","rank":"","desc":""},"link":"http://finance.caixin.com/2018-06-23/101283545.html","nid":101283545,"subDesc":"要闻","video":"","type":0,"tags":[],"audioUrl":"","form":null,"summ":"结构性存款继续维持高速增长；除了抬升资金成本，产品本身的不规范问题亟待加强监管","freeDuration":"0","freeTime":"","channelDesc":"金融频道","time":"2018-06-23 08:33:05","attr":5,"channelId":125,"pict":{"imgs":[{"txt":"","url":"http://img.caixin.com/2018-04-16/1523845313884269_145_97.jpg"}],"num":1},"desc":"穆迪：结构性存款同比增50% 部分银行合规和风控承压"},{"cate":"100300001;100300177;101283515","comm":{"aid":"100","tid":"101283515"},"edit":{"head":"","link":"","name":"记者 杨巧伶","rank":"","desc":""},"link":"http://finance.caixin.com/2018-06-23/101283515.html","nid":101283515,"subDesc":"要闻","video":"","type":0,"tags":[],"audioUrl":"http://audio.caixin.com/caixin/515/101283515.mp3","form":null,"summ":"保险保障基金接手的这部分股权，系原由吴小晖实际控制的37家民营股东通过保费虚假注资持有；不过，保险保障基金只是临时性、阶段性持股，下一步将转让股权，保持安邦民营性质不变","freeDuration":"0","freeTime":"","channelDesc":"金融频道","time":"2018-06-23 08:12:26","attr":5,"channelId":125,"pict":{"imgs":[{"txt":"","url":"http://img.caixin.com/2017-04-28/1493361835600371_145_97.jpg"}],"num":1},"desc":"安邦股东39家变3家 保险保障基金暂接98.23%股权"},{"cate":"100300001;100300177;101283437","comm":{"aid":"100","tid":"101283437"},"edit":{"head":"","link":"","name":"记者 朱亮韬","rank":"","desc":""},"link":"http://finance.caixin.com/2018-06-22/101283437.html","nid":101283437,"subDesc":"要闻","video":"","type":0,"tags":[],"audioUrl":"http://audio.caixin.com/caixin/437/101283437.mp3","form":null,"summ":"出于客户关系维护、保护质押物价值等原因，作为资金融出方的券商等机构往往会采用协商或是小步平仓等不同策略处置业务风险","freeDuration":"0","freeTime":"","channelDesc":"金融频道","time":"2018-06-22 19:17:18","attr":5,"channelId":125,"pict":{"imgs":[{"txt":"","url":"http://img.caixin.com/2018-06-22/1529666546737294_145_97.jpg"}],"num":1},"desc":"“强平”与“协商”：券商多策略处置股质爆仓风险"},{"cate":"100300001;100300177;101281338","comm":{"aid":"100","tid":"101281338"},"edit":{"head":"","link":"","name":"驻香港实习记者 文思敏","rank":"","desc":""},"link":"http://finance.caixin.com/2018-06-22/101281338.html","nid":101281338,"subDesc":"要闻","video":"","type":0,"tags":[],"audioUrl":"http://audio.caixin.com/caixin/338/101281338.mp3","form":null,"summ":"“回锅”投资银行业领域，此前出任私募股权基金合伙人","freeDuration":"0","freeTime":"","channelDesc":"金融频道","time":"2018-06-22 11:26:50","attr":5,"channelId":125,"pict":{"imgs":[{"txt":"","url":"http://img.caixin.com/2018-06-22/1529638490735473_145_97.jpg"}],"num":1},"desc":"蔡卫出任高盛中国区投行业务联席主管"},{"cate":"100300001;100300177;101280562","comm":{"aid":"100","tid":"101280562"},"edit":{"head":"","link":"","name":"驻香港记者 刘雁菲","rank":"","desc":""},"link":"http://finance.caixin.com/2018-06-22/101280562.html","nid":101280562,"subDesc":"要闻","video":"","type":0,"tags":[],"audioUrl":"http://audio.caixin.com/caixin/562/101280562.mp3","form":null,"summ":"目前公司前两大股东为腾讯和携程，2017年同程艺龙总计平均月活跃用户中有近七成来自腾讯旗下平台入口","freeDuration":"0","freeTime":"","channelDesc":"金融频道","time":"2018-06-22 11:01:12","attr":5,"channelId":125,"pict":{"imgs":[{"txt":"","url":"http://img.caixin.com/2018-06-22/1529636753583929_145_97.jpg"}],"num":1},"desc":"同程艺龙赴港IPO 万达退出股东之列"},{"cate":"100300001;100300177;101274650","comm":{"aid":"100","tid":"101274650"},"edit":{"head":"","link":"","name":"驻香港记者 刘雁菲 驻香港实习记者 文思敏","rank":"","desc":""},"link":"http://finance.caixin.com/2018-06-22/101274650.html","nid":101274650,"subDesc":"要闻","video":"","type":0,"tags":[],"audioUrl":"http://audio.caixin.com/caixin/650/101274650.mp3","form":null,"summ":"上半年港股持续上演“过山车”行情，机构对下半年港股走势观点不一，有机构认为熊市可能正在降临","freeDuration":"0","freeTime":"","channelDesc":"金融频道","time":"2018-06-22 07:48:55","attr":5,"channelId":125,"pict":{"imgs":[{"txt":"","url":"http://img.caixin.com/2018-06-22/1529625069541372_145_97.jpg"}],"num":1},"desc":"熊市的呼唤？港股下半年走势何去何从"},{"cate":"100300001;100300177;101274517","comm":{"aid":"100","tid":"101274517"},"edit":{"head":"","link":"","name":"记者 彭骎骎","rank":"","desc":""},"link":"http://finance.caixin.com/2018-06-21/101274517.html","nid":101274517,"subDesc":"要闻","video":"","type":0,"tags":[{"txt":"中美贸易战","url":"http://tag.caixin.com/tag/%E4%B8%AD%E7%BE%8E%E8%B4%B8%E6%98%93%E6%88%98"}],"audioUrl":"http://audio.caixin.com/caixin/517/101274517.mp3","form":null,"summ":"近期人民币贬值主要受美元指数走高影响，是正常的市场自我调整","freeDuration":"0","freeTime":"","channelDesc":"金融频道","time":"2018-06-21 19:36:03","attr":5,"channelId":125,"pict":{"imgs":[{"txt":"","url":"http://img.caixin.com/2018-06-21/1529581187281712_145_97.jpg"}],"num":1},"desc":"人民币跌破6.5 市场人士称未见“国家队”入场"},{"cate":"100300001;100300177;101274453","comm":{"aid":"100","tid":"101274453"},"edit":{"head":"","link":"","name":"驻香港记者 刘雁菲 实习记者 文思敏","rank":"","desc":""},"link":"http://finance.caixin.com/2018-06-21/101274453.html","nid":101274453,"subDesc":"要闻","video":"","type":0,"tags":[],"audioUrl":"http://audio.caixin.com/caixin/453/101274453.mp3","form":null,"summ":"他还指出，港交所作为监管机构只注重信息披露以及按规矩做事，不会也不能，也无法干预公司估值","freeDuration":"0","freeTime":"","channelDesc":"金融频道","time":"2018-06-21 17:41:33","attr":5,"channelId":125,"pict":{"imgs":[{"txt":"","url":"http://img.caixin.com/2016-10-01/1475297111680568_145_97.jpg"}],"num":1},"desc":"李小加：小米推迟CDR发行或因风险太大"},{"cate":"100300001;100300177;101274261","comm":{"aid":"100","tid":"101274261"},"edit":{"head":"","link":"","name":"记者 张宇哲","rank":"","desc":""},"link":"http://finance.caixin.com/2018-06-21/101274261.html","nid":101274261,"subDesc":"要闻","video":"","type":0,"tags":[],"audioUrl":"http://audio.caixin.com/caixin/261/101274261.mp3","form":null,"summ":"农业银行在业务经营、公司治理和内部管理、风险管控、落实中央八项规定精神及廉洁从业规定等方面还存在一些问题","freeDuration":"12","freeTime":"","channelDesc":"金融频道","time":"2018-06-21 14:21:36","attr":5,"channelId":125,"pict":{"imgs":[{"txt":"","url":"http://img.caixin.com/2018-06-21/1529562392588572_145_97.jpg"}],"num":1},"desc":"审计署：农行涉农贷款仍存问题"},{"cate":"100300001;100300177;101274184","comm":{"aid":"100","tid":"101274184"},"edit":{"head":"","link":"","name":"记者 韩祎","rank":"","desc":""},"link":"http://finance.caixin.com/2018-06-21/101274184.html","nid":101274184,"subDesc":"要闻","video":"","type":0,"tags":[],"audioUrl":"http://audio.caixin.com/caixin/184/101274184.mp3","form":null,"summ":"2012年至2016年间，八家工行分行存在违规同业发售、调节收益及向不符合条件客户提供融资、未纳入统一授信管理等问题","freeDuration":"12","freeTime":"","channelDesc":"金融频道","time":"2018-06-21 12:12:23","attr":5,"channelId":125,"pict":{"imgs":[{"txt":"","url":"http://img.caixin.com/2012-09-12/201209120007_145_97.jpg"}],"num":1},"desc":"审计署：工行五年间600多亿理财业务存问题"},{"cate":"100300001;100300177;101274180","comm":{"aid":"100","tid":"101274180"},"edit":{"head":"","link":"","name":"记者 武晓蒙","rank":"","desc":""},"link":"http://finance.caixin.com/2018-06-21/101274180.html","nid":101274180,"subDesc":"要闻","video":"","type":0,"tags":[],"audioUrl":"http://audio.caixin.com/caixin/180/101274180.mp3","form":null,"summ":"主要问题有，违规向地方政府融资平台提供融资、贷款分类不准确、违规购买他行理财、违规发放高管人员薪酬奖金等","freeDuration":"12","freeTime":"","channelDesc":"金融频道","time":"2018-06-21 12:10:29","attr":5,"channelId":125,"pict":{"imgs":[{"txt":"","url":"http://img.caixin.com/2017-07-12/1499828314232739_145_97.jpg"}],"num":1},"desc":"审计署查实中信集团问题25项 处理责任人219人次"},{"cate":"100300001;100300177;101273751","comm":{"aid":"100","tid":"101273751"},"edit":{"head":"","link":"","name":"记者 董兢","rank":"","desc":""},"link":"http://finance.caixin.com/2018-06-20/101273751.html","nid":101273751,"subDesc":"要闻","video":"","type":0,"tags":[],"audioUrl":"http://audio.caixin.com/caixin/751/101273751.mp3","form":null,"summ":"原计划发行总额不超过20亿元公司债券的渤海金控，最终实际发行10.6亿元，票面利率7.00%","freeDuration":"0","freeTime":"","channelDesc":"金融频道","time":"2018-06-20 21:15:10","attr":5,"channelId":125,"pict":{"imgs":[{"txt":"","url":"http://img.caixin.com/2018-03-10/1520655821368830_145_97.jpg"}],"num":1},"desc":"半年来海航系首次发债 未获投资者足额认购"},{"cate":"100300001;100300177;101273740","comm":{"aid":"100","tid":"101273740"},"edit":{"head":"","link":"","name":"记者 彭骎骎","rank":"","desc":""},"link":"http://finance.caixin.com/2018-06-20/101273740.html","nid":101273740,"subDesc":"要闻","video":"","type":0,"tags":[],"audioUrl":"http://audio.caixin.com/caixin/740/101273740.mp3","form":null,"summ":"分析人士认为，在金融去杠杆背景下，社会融资规模大幅下降，企业再融资风险值得关注；这些政策旨在缓解小微企业融资难融资贵的问题","freeDuration":"0","freeTime":"","channelDesc":"金融频道","time":"2018-06-20 20:41:23","attr":5,"channelId":125,"pict":{"imgs":[{"txt":"","url":"http://img.caixin.com/2018-06-20/1529504745868789_145_97.jpg"}],"num":1},"desc":"缓解企业融资难 国务院出台定向降准等一揽子政策"},{"cate":"100300001;100300177;101273703","comm":{"aid":"100","tid":"101273703"},"edit":{"head":"","link":"","name":"记者 韩祎","rank":"","desc":""},"link":"http://finance.caixin.com/2018-06-20/101273703.html","nid":101273703,"subDesc":"要闻","video":"","type":0,"tags":[],"audioUrl":"http://audio.caixin.com/caixin/703/101273703.mp3","form":null,"summ":"与个人消费相关的金融活动风险隐患较大，不仅部分银行违规发放贷款，依旧有互联网金融平台违规开展现金贷和校园贷","freeDuration":"3","freeTime":"","channelDesc":"金融频道","time":"2018-06-20 19:46:35","attr":5,"channelId":125,"pict":{"imgs":[{"txt":"","url":"http://img.caixin.com/2018-06-20/1529497940728032_145_97.jpg"}],"num":1},"desc":"审计署点名违规现金贷 部分个人消费贷流入楼市股市"},{"cate":"100300001;100300177;101273680","comm":{"aid":"100","tid":"101273680"},"edit":{"head":"","link":"","name":"记者 曹文姣","rank":"","desc":""},"link":"http://finance.caixin.com/2018-06-20/101273680.html","nid":101273680,"subDesc":"要闻","video":"","type":0,"tags":[],"audioUrl":"http://audio.caixin.com/caixin/680/101273680.mp3","form":null,"summ":"审计署报告称，有32个市存在通过占用财政资金和失业保险基金、向银行贷款等方式弥补基金缺口的现象","freeDuration":"3","freeTime":"","channelDesc":"金融频道","time":"2018-06-20 19:22:33","attr":5,"channelId":125,"pict":{"imgs":[{"txt":"","url":"http://img.caixin.com/2018-06-20/1529494131233935_145_97.jpg"}],"num":1},"desc":"审计署:多城市采用银行贷款等方式弥补养老金缺口"},{"cate":"100300001;100300177;101273342","comm":{"aid":"100","tid":"101273342"},"edit":{"head":"","link":"","name":"记者 张立君","rank":"","desc":""},"link":"http://finance.caixin.com/2018-06-20/101273342.html","nid":101273342,"subDesc":"要闻","video":"","type":0,"tags":[],"audioUrl":"http://audio.caixin.com/caixin/342/101273342.mp3","form":null,"summ":"随着监管严格限制货币基金和银行保本理财的规模，在控制风险的要求下，大类资产配置和分散投资组合的概念将深入人心，资产回报能够真实挂钩投资标的的指数定制型产品将迎来发展机会","freeDuration":"0","freeTime":"","channelDesc":"金融频道","time":"2018-06-20 18:59:00","attr":5,"channelId":125,"pict":{"imgs":[{"txt":"","url":"http://img.caixin.com/2017-06-25/1498354158711315_145_97.jpg"}],"num":1},"desc":"Vanguard集团：看好中国市场指数定制型产品"},{"cate":"100300001;100300177;101273434","comm":{"aid":"100","tid":"101273434"},"edit":{"head":"","link":"","name":"记者 张榆","rank":"","desc":""},"link":"http://finance.caixin.com/2018-06-20/101273434.html","nid":101273434,"subDesc":"要闻","video":"","type":0,"tags":[],"audioUrl":"http://audio.caixin.com/caixin/434/101273434.mp3","form":null,"summ":"小米暂缓发行CDR之后，这六只专门为迎接新经济企业战略配售而准备的“独角兽基金”超常规的发行节奏有所放缓，将按正常程序完成最后的验资和备案","freeDuration":"0","freeTime":"","channelDesc":"金融频道","time":"2018-06-20 15:39:36","attr":5,"channelId":125,"pict":{"imgs":[{"txt":"","url":"http://img.caixin.com/2018-06-20/1529480750701418_145_97.jpg"}],"num":1},"desc":"“独角兽基金”三至七个工作日有望成立"},{"cate":"100300001;100300177;101273309","comm":{"aid":"100","tid":"101273309"},"edit":{"head":"","link":"","name":"记者 杨巧伶","rank":"","desc":""},"link":"http://finance.caixin.com/2018-06-20/101273309.html","nid":101273309,"subDesc":"要闻","video":"","type":0,"tags":[],"audioUrl":"http://audio.caixin.com/caixin/309/101273309.mp3","form":null,"summ":"当前市面上销售火爆的百万医疗险就存在这种风险；监管要求保险公司在销售过程中向投保人阐明产品属性，提示消费者可能面临的无法续保风险，严禁以“保证续保”概念对消费者进行误导宣传","freeDuration":"0","freeTime":"","channelDesc":"金融频道","time":"2018-06-20 13:25:31","attr":5,"channelId":125,"pict":{"imgs":[{"txt":"","url":"http://img.caixin.com/2018-05-04/1525438179772045_145_97.jpg"}],"num":1},"desc":"银保监会提示风险 网销短期健康险或无法续保"},{"cate":"100300001;100300177;101273303","comm":{"aid":"100","tid":"101273303"},"edit":{"head":"","link":"","name":"记者 李明明","rank":"","desc":""},"link":"http://finance.caixin.com/2018-06-20/101273303.html","nid":101273303,"subDesc":"要闻","video":"","type":0,"tags":[],"audioUrl":"http://audio.caixin.com/caixin/303/101273303.mp3","form":null,"summ":"基金业协会会长洪磊认为，在《证券法》修订完成前，可比照CDR的创新方式，由国务院批准，授权证监会出台专门的REITs管理办法","freeDuration":"0","freeTime":"","channelDesc":"金融频道","time":"2018-06-20 13:13:10","attr":5,"channelId":125,"pict":{"imgs":[{"txt":"","url":"http://img.caixin.com/2017-12-14/1513231735972523_145_97.jpg"}],"num":1},"desc":"洪磊：REITs不只是房地产投资工具 应出台专门的管理办法"},{"cate":"100300001;100300177;101273280","comm":{"aid":"100","tid":"101273280"},"edit":{"head":"","link":"","name":"记者 杨巧伶","rank":"","desc":""},"link":"http://finance.caixin.com/2018-06-20/101273280.html","nid":101273280,"subDesc":"要闻","video":"","type":0,"tags":[],"audioUrl":"http://audio.caixin.com/caixin/280/101273280.mp3","form":null,"summ":"2018年以来，已有中融信托、中江信托等十几家机构被曝信托项目出现违约；其原因既有信托公司风控不到位的问题，也有因严监管诱发的企业融资链条紧张","freeDuration":"0","freeTime":"","channelDesc":"金融频道","time":"2018-06-20 12:19:37","attr":5,"channelId":125,"pict":{"imgs":[{"txt":"","url":"http://img.caixin.com/2018-06-20/1529468882521213_145_97.jpg"}],"num":1},"desc":"信托业风险项目攀升 不良率升至0.58%"},{"cate":"100300001;100300177;101273188","comm":{"aid":"100","tid":"101273188"},"edit":{"head":"","link":"","name":"记者 李明明","rank":"","desc":""},"link":"http://finance.caixin.com/2018-06-20/101273188.html","nid":101273188,"subDesc":"要闻","video":"","type":0,"tags":[],"audioUrl":"http://audio.caixin.com/caixin/188/101273188.mp3","form":null,"summ":"中国境内企业跨境IPO主要集中在高科技、房地产、金融等领域，上市地为美国和中国香港","freeDuration":"12","freeTime":"","channelDesc":"金融频道","time":"2018-06-20 10:38:21","attr":5,"channelId":125,"pict":{"imgs":[{"txt":"","url":"http://img.caixin.com/2018-03-29/1522281340270562_145_97.jpg"}],"num":1},"desc":"贝克·麦坚时：上半年中国企业跨境IPO最活跃"},{"cate":"100300001;100300177;101272962","comm":{"aid":"100","tid":"101272962"},"edit":{"head":"","link":"","name":"记者 彭骎骎 武晓蒙","rank":"","desc":""},"link":"http://finance.caixin.com/2018-06-19/101272962.html","nid":101272962,"subDesc":"要闻","video":"","type":0,"tags":[{"txt":"中美贸易战","url":"http://tag.caixin.com/tag/%E4%B8%AD%E7%BE%8E%E8%B4%B8%E6%98%93%E6%88%98"}],"audioUrl":"http://audio.caixin.com/caixin/962/101272962.mp3","form":null,"summ":"央行维持货币政策结构性宽松以应对国内外形势变化，引导市场预期；但银行间市场资金面宽松能否传导至实体经济尚待观察","freeDuration":"0","freeTime":"","channelDesc":"金融频道","time":"2018-06-19 22:44:43","attr":5,"channelId":125,"pict":{"imgs":[{"txt":"","url":"http://img.caixin.com/2016-11-28/1480302867967627_145_97.jpg"}],"num":1},"desc":"市场避险情绪升温 央行意外开展MLF呵护资金面"},{"cate":"100300001;100300177;101272952","comm":{"aid":"100","tid":"101272952"},"edit":{"head":"","link":"","name":"记者 彭骎骎","rank":"","desc":""},"link":"http://finance.caixin.com/2018-06-19/101272952.html","nid":101272952,"subDesc":"要闻","video":"","type":0,"tags":[],"audioUrl":"http://audio.caixin.com/caixin/952/101272952.mp3","form":null,"summ":"今天股市出现波动，主要受情绪影响，投资者应该保持冷静，理性看待；基于经济基本面，中国的资本市场有条件健康发展","freeDuration":"3","freeTime":"","channelDesc":"金融频道","time":"2018-06-19 21:58:51","attr":5,"channelId":125,"pict":{"imgs":[{"txt":"","url":"http://img.caixin.com/2017-12-23/1514023768579548_145_97.jpg"}],"num":1},"desc":"易纲：高度重视外部冲击 将做好前瞻性政策储备"},{"cate":"100300001;100300177;101272943","comm":{"aid":"100","tid":"101272943"},"edit":{"head":"","link":"","name":"记者 曹文姣","rank":"","desc":""},"link":"http://finance.caixin.com/2018-06-19/101272943.html","nid":101272943,"subDesc":"要闻","video":"","type":0,"tags":[],"audioUrl":"http://audio.caixin.com/caixin/943/101272943.mp3","form":null,"summ":"多家上市公司发布风险预警、增持公告，多家券商认为目前A股来自股权质押方面的压力较大","freeDuration":"12","freeTime":"","channelDesc":"金融频道","time":"2018-06-19 21:36:05","attr":5,"channelId":125,"pict":{"imgs":[{"txt":"","url":"http://img.caixin.com/2018-06-19/1529415808177710_145_97.jpg"}],"num":1},"desc":"股票质押警报拉响 多家上市公司提示风险补仓增持"},{"cate":"100300001;100300177;101272937","comm":{"aid":"100","tid":"101272937"},"edit":{"head":"","link":"","name":"","rank":"","desc":""},"link":"http://finance.caixin.com/2018-06-19/101272937.html","nid":101272937,"subDesc":"要闻","video":"","type":0,"tags":[],"audioUrl":"http://audio.caixin.com/caixin/937/101272937.mp3","form":null,"summ":"易纲称，今天股市出现波动，主要受情绪影响，基于中国良好的经济基本面，资本市场有条件健康发展，我对此充满信心","freeDuration":"48","freeTime":"","channelDesc":"金融频道","time":"2018-06-19 21:30:41","attr":5,"channelId":125,"pict":{"imgs":[{"txt":"","url":"http://img.caixin.com/2018-06-19/1529415500103583_145_97.jpg"}],"num":1},"desc":"易纲回应A股大跌：主要受情绪影响 投资者应保持冷静"},{"cate":"100300001;100300177;101272911","comm":{"aid":"100","tid":"101272911"},"edit":{"head":"","link":"","name":"驻香港记者 刘雁菲 驻香港实习记者 文思敏","rank":"","desc":""},"link":"http://finance.caixin.com/2018-06-19/101272911.html","nid":101272911,"subDesc":"要闻","video":"","type":0,"tags":[],"audioUrl":"http://audio.caixin.com/caixin/911/101272911.mp3","form":null,"summ":"中美贸易摩擦升温及经济数据不佳触发市场抛售情绪，让港股遭遇股灾","freeDuration":"0","freeTime":"","channelDesc":"金融频道","time":"2018-06-19 20:00:04","attr":5,"channelId":125,"pict":{"imgs":[{"txt":"","url":"http://img.caixin.com/2018-06-19/1529409789080750_145_97.jpg"}],"num":1},"desc":"市场恐慌情绪升温 香港恒指大跌841点"},{"cate":"100300001;100300177;101272630","comm":{"aid":"100","tid":"101272630"},"edit":{"head":"","link":"","name":"记者  武晓蒙","rank":"","desc":""},"link":"http://finance.caixin.com/2018-06-19/101272630.html","nid":101272630,"subDesc":"要闻","video":"","type":0,"tags":[],"audioUrl":"http://audio.caixin.com/caixin/630/101272630.mp3","form":null,"summ":"不良率较3月末上升0.15个百分点：一方面是因为融资渠道收紧，部分高杠杆企业再融资困难，违约增加；另一方面是监管部门提高不良贷款认定标准，加速真实不良率暴露","freeDuration":"0","freeTime":"","channelDesc":"金融频道","time":"2018-06-19 14:12:06","attr":5,"channelId":125,"pict":{"imgs":[{"txt":"","url":"http://img.caixin.com/2017-06-15/1497516554449538_145_97.jpg"}],"num":1},"desc":"去杠杆稳步推进 5月银行业不良率1.9%"},{"cate":"100300001;100300177;101272220","comm":{"aid":"100","tid":"101272220"},"edit":{"head":"","link":"","name":"记者 朱亮韬","rank":"","desc":""},"link":"http://finance.caixin.com/2018-06-17/101272220.html","nid":101272220,"subDesc":"要闻","video":"","type":0,"tags":[],"audioUrl":"http://audio.caixin.com/caixin/220/101272220.mp3","form":null,"summ":"互相连通的机制，是承认不同市场的差别会在相当长的时间内存在；而通过包容式制度变革实现国际化，实际上是沪港通、深港通和债券通设计的精髓","freeDuration":"3","freeTime":"","channelDesc":"金融频道","time":"2018-06-17 12:39:23","attr":5,"channelId":125,"pict":{"imgs":[{"txt":"","url":"http://img.caixin.com/2018-06-17/1529210706803193_145_97.jpg"}],"num":1},"desc":"巴曙松：国际金融中心在开放状态下才可建成"},{"cate":"100300001;100300177;101272174","comm":{"aid":"100","tid":"101272174"},"edit":{"head":"","link":"","name":"记者 李明明","rank":"","desc":""},"link":"http://finance.caixin.com/2018-06-16/101272174.html","nid":101272174,"subDesc":"要闻","video":"","type":0,"tags":[],"audioUrl":"http://audio.caixin.com/caixin/174/101272174.mp3","form":null,"summ":"特别投票权股东在红筹公司中拥有权益的股份合计应达到全部已发行有表决权股份10%以上，投票权差异的比例上限为20:1","freeDuration":"48","freeTime":"","channelDesc":"金融频道","time":"2018-06-16 22:57:21","attr":5,"channelId":125,"pict":{"imgs":[{"txt":"","url":"http://img.caixin.com/2018-06-16/1529161180556371_145_97.jpg"}],"num":1},"desc":"红筹企业发CDR  部分情形可暂缓执行境内规定"},{"cate":"100300001;100300177;101272149","comm":{"aid":"100","tid":"101272149"},"edit":{"head":"","link":"","name":"记者 张榆 彭岩锋","rank":"","desc":""},"link":"http://finance.caixin.com/2018-06-16/101272149.html","nid":101272149,"subDesc":"要闻","video":"","type":0,"tags":[],"audioUrl":"http://audio.caixin.com/caixin/149/101272149.mp3","form":null,"summ":"京东创始人刘强东拥有的投票权高达80%，其持有的B类股份投票权是A类股的20倍。此次沪深交易所CDR细则B类股份投票权不得超过A类的20倍，京东恰巧落在红线内","freeDuration":"0","freeTime":"","channelDesc":"金融频道","time":"2018-06-16 14:59:34","attr":5,"channelId":125,"pict":{"imgs":[{"txt":"","url":"http://img.caixin.com/2018-06-16/1529132721038780_145_97.jpg"}],"num":1},"desc":"CDR最高20倍特别投票权 交易所细则扫除京东上市障碍"},{"cate":"100300001;100300177;101272122","comm":{"aid":"100","tid":"101272122"},"edit":{"head":"","link":"","name":"记者 李明明","rank":"","desc":""},"link":"http://finance.caixin.com/2018-06-16/101272122.html","nid":101272122,"subDesc":"要闻","video":"","type":0,"tags":[],"audioUrl":"http://audio.caixin.com/caixin/122/101272122.mp3","form":null,"summ":"商业银行需最近一年资本净额不低于4000亿元人民币或等值可兑换货币，在纽约、香港等地区合计拥有五家以上境外机构等","freeDuration":"0","freeTime":"","channelDesc":"金融频道","time":"2018-06-16 12:09:19","attr":5,"channelId":125,"pict":{"imgs":[{"txt":"","url":"http://img.caixin.com/2018-06-16/1529122339551870_145_97.jpg"}],"num":1},"desc":"商业银行担任CDR存托人 在纽约或香港要有股票托管资格"},{"cate":"100300001;100300177;101272085","comm":{"aid":"100","tid":"101272085"},"edit":{"head":"","link":"","name":"记者 李明明","rank":"","desc":""},"link":"http://finance.caixin.com/2018-06-16/101272085.html","nid":101272085,"subDesc":"要闻","video":"","type":0,"tags":[],"audioUrl":"http://audio.caixin.com/caixin/085/101272085.mp3","form":null,"summ":"证监会支持创新企业发行股票或存托凭证试点，修订发布《管理办法》。尚未盈利的企业，可不披露发行市盈率，用市销率、市净率等符合行业特点的估值指标代替","freeDuration":"0","freeTime":"","channelDesc":"金融频道","time":"2018-06-16 10:43:03","attr":5,"channelId":125,"pict":{"imgs":[{"txt":"","url":"http://img.caixin.com/2017-03-02/1488446905536260_145_97.jpg"}],"num":1},"desc":"证券发行与承销管理办法迎新规 CDR被纳入"},{"cate":"100300001;100300177;101272062","comm":{"aid":"100","tid":"101272062"},"edit":{"head":"","link":"","name":"记者 张榆","rank":"","desc":""},"link":"http://finance.caixin.com/2018-06-16/101272062.html","nid":101272062,"subDesc":"要闻","video":"","type":0,"tags":[],"audioUrl":"http://audio.caixin.com/caixin/062/101272062.mp3","form":null,"summ":"开发独立实时监控模块、设置专项预警指标，并将安排专人专岗重点监控CDR的股价，防止上市初期出现爆炒现象","freeDuration":"3","freeTime":"","channelDesc":"金融频道","time":"2018-06-16 09:28:00","attr":5,"channelId":125,"pict":{"imgs":[{"txt":"","url":"http://img.caixin.com/2018-03-24/1521857689929885_145_97.jpg"}],"num":1},"desc":"防范CDR炒作 上交所严阵以待"},{"cate":"100300001;100300177;101271938","comm":{"aid":"100","tid":"101271938"},"edit":{"head":"","link":"","name":"记者 李明明","rank":"","desc":""},"link":"http://finance.caixin.com/2018-06-15/101271938.html","nid":101271938,"subDesc":"要闻","video":"","type":0,"tags":[],"audioUrl":"http://audio.caixin.com/caixin/938/101271938.mp3","form":null,"summ":"这批“黑嘴”成市场“毒瘤”，散步传播的渠道五花八门，微博、股吧、博客、视频直播，QQ私聊、建群等","freeDuration":"12","freeTime":"","channelDesc":"金融频道","time":"2018-06-15 21:27:16","attr":5,"channelId":125,"pict":{"imgs":[{"txt":"","url":"http://img.caixin.com/2018-05-04/1525445523195960_145_97.jpg"}],"num":1},"desc":"“黑嘴”出没成市场“毒瘤”  证监会督办严厉铲除"},{"cate":"100300001;100300177;101271928","comm":{"aid":"100","tid":"101271928"},"edit":{"head":"","link":"","name":"驻香港记者 尉奕阳","rank":"","desc":""},"link":"http://finance.caixin.com/2018-06-15/101271928.html","nid":101271928,"subDesc":"要闻","video":"","type":0,"tags":[],"audioUrl":"http://audio.caixin.com/caixin/928/101271928.mp3","form":null,"summ":"猎聘成立近七年刚刚实现盈利。管理层称，2018年一季度增长情况优于2017年同期","freeDuration":"0","freeTime":"","channelDesc":"金融频道","time":"2018-06-15 21:10:34","attr":5,"channelId":125,"pict":{"imgs":[{"txt":"","url":"http://img.caixin.com/2018-06-15/1529068398629459_145_97.jpg"}],"num":1},"desc":"猎聘港股IPO 拟集资31亿港元"}],"start":700,"count":100,"maxes":1000}