{"datas":[{"cate":"100300005;100300184;101360977","comm":{"aid":"100","tid":"101360977"},"edit":{"head":"","link":"","name":"记者 王婧","rank":"","desc":""},"link":"http://economy.caixin.com/2018-12-19/101360977.html","nid":101360977,"subDesc":"要闻","video":"","type":0,"tags":[],"audioUrl":"http://audio.caixin.com/caixin/977/101360977.mp3","form":{"txt":"地方经济","url":"http://economy.caixin.com/local_economy/"},"summ":"由广东省工信厅牵头发布的广东省制造业PMI，在2018年10月引发国家统计局关注，并被称该项调查未取得统计主管部门批准","freeDuration":"0","freeTime":"","channelDesc":"经济频道","time":"2018-12-19 15:15:40","attr":5,"channelId":129,"pict":{"imgs":[{"txt":"","url":"http://img.caixin.com/2018-12-19/1545205135248537_145_97.jpg"}],"num":1},"desc":"广东制造业PMI被叫停 统计局释因"},{"cate":"100300005;100300184;101360463","comm":{"aid":"100","tid":"101360463"},"edit":{"head":"","link":"","name":"记者 于海荣","rank":"","desc":""},"link":"http://economy.caixin.com/2018-12-18/101360463.html","nid":101360463,"subDesc":"要闻","video":"","type":0,"tags":[],"audioUrl":"http://audio.caixin.com/caixin/463/101360463.mp3","form":null,"summ":"对冲经济下行压力，体现2019年宽财政的基本思路；在一定程度上可以平滑地方债发行压力，避免过于集中二、三季度","freeDuration":"0","freeTime":"","channelDesc":"经济频道","time":"2018-12-18 10:55:06","attr":5,"channelId":129,"pict":{"imgs":[{"txt":"","url":"http://img.caixin.com/2018-12-04/1543893092528849_145_97.jpg"}],"num":1},"desc":"2019年地方债部分新增限额拟提前下达 发行或提前"},{"cate":"100300005;101283975;101360407","comm":{"aid":"100","tid":"101360407"},"edit":{"head":"","link":"","name":"","rank":"","desc":""},"link":"http://economy.caixin.com/2018-12-18/101360407.html","nid":101360407,"subDesc":"要闻","video":"","type":0,"tags":[],"audioUrl":"http://audio.caixin.com/caixin/407/101360407.mp3","form":null,"summ":"","freeDuration":"0","freeTime":"","channelDesc":"经济频道","time":"2018-12-18 09:51:37","attr":0,"channelId":129,"pict":null,"desc":"财新数据|广东省制造业PMI被叫停 此前连续五个月低于官方全国数据"},{"cate":"100300005;101283975;101360397","comm":{"aid":"100","tid":"101360397"},"edit":{"head":"","link":"","name":"","rank":"","desc":""},"link":"http://economy.caixin.com/2018-12-18/101360397.html","nid":101360397,"subDesc":"要闻","video":"","type":0,"tags":[],"audioUrl":"http://audio.caixin.com/caixin/397/101360397.mp3","form":null,"summ":"","freeDuration":"0","freeTime":"","channelDesc":"经济频道","time":"2018-12-18 09:10:20","attr":0,"channelId":129,"pict":null,"desc":"财新数据|中国连续五个月减持美国国债"},{"cate":"100300005;101283975;101360393","comm":{"aid":"100","tid":"101360393"},"edit":{"head":"","link":"","name":"","rank":"","desc":""},"link":"http://economy.caixin.com/2018-12-18/101360393.html","nid":101360393,"subDesc":"要闻","video":"","type":0,"tags":[],"audioUrl":"http://audio.caixin.com/caixin/393/101360393.mp3","form":null,"summ":"","freeDuration":"0","freeTime":"","channelDesc":"经济频道","time":"2018-12-18 09:08:07","attr":0,"channelId":129,"pict":null,"desc":"财新数据|美股创年内新低"},{"cate":"100300005;100300184;101360253","comm":{"aid":"100","tid":"101360253"},"edit":{"head":"","link":"","name":"记者 程思炜","rank":"","desc":""},"link":"http://economy.caixin.com/2018-12-17/101360253.html","nid":101360253,"subDesc":"要闻","video":"","type":0,"tags":[],"audioUrl":"http://audio.caixin.com/caixin/253/101360253.mp3","form":null,"summ":"除了官方减税口径与企业实际感受有差异，企业利润变动也会影响减税的感受；推进增值税减税，应简并税率档次、适当降低税率，同时全面清理不规范优惠政策","freeDuration":"0","freeTime":"","channelDesc":"经济频道","time":"2018-12-17 19:53:47","attr":5,"channelId":129,"pict":{"imgs":[{"txt":"","url":"http://img.caixin.com/2018-12-17/1545048342330615_145_97.jpg"}],"num":1},"desc":"学者释疑增值税减税为何获得感不强"},{"cate":"100300005;101283975;101359914","comm":{"aid":"100","tid":"101359914"},"edit":{"head":"","link":"","name":"","rank":"","desc":""},"link":"http://economy.caixin.com/2018-12-17/101359914.html","nid":101359914,"subDesc":"要闻","video":"","type":0,"tags":[],"audioUrl":"http://audio.caixin.com/caixin/914/101359914.mp3","form":null,"summ":"","freeDuration":"0","freeTime":"","channelDesc":"经济频道","time":"2018-12-17 11:34:15","attr":0,"channelId":129,"pict":null,"desc":"财新数据|前11月中对加贸易顺差61.6亿美元"},{"cate":"100300005;101283975;101359863","comm":{"aid":"100","tid":"101359863"},"edit":{"head":"","link":"","name":"","rank":"","desc":""},"link":"http://economy.caixin.com/2018-12-17/101359863.html","nid":101359863,"subDesc":"要闻","video":"","type":0,"tags":[],"audioUrl":"http://audio.caixin.com/caixin/863/101359863.mp3","form":null,"summ":"","freeDuration":"0","freeTime":"","channelDesc":"经济频道","time":"2018-12-17 10:34:12","attr":0,"channelId":129,"pict":null,"desc":"财新数据|两市融资余额7589亿元 为年内最低"},{"cate":"100300005;100300184;101359688","comm":{"aid":"100","tid":"101359688"},"edit":{"head":"","link":"","name":"记者 张娱","rank":"","desc":""},"link":"http://economy.caixin.com/2018-12-15/101359688.html","nid":101359688,"subDesc":"要闻","video":"","type":0,"tags":[],"audioUrl":"http://audio.caixin.com/caixin/688/101359688.mp3","form":null,"summ":"重建民企信心需解决两大短板：公平竞争的环境和民企私人财产法律保障问题；2019年减税降费力度将超2018年，赤字率不会突破3%","freeDuration":"0","freeTime":"","channelDesc":"经济频道","time":"2018-12-15 17:16:39","attr":5,"channelId":129,"pict":{"imgs":[{"txt":"","url":"http://img.caixin.com/2018-12-15/1544867051124543_145_97.jpg"}],"num":1},"desc":"陈兴动：中国需提振民企信心 寻找新增长动能"},{"cate":"100300005;101283975;101359208","comm":{"aid":"100","tid":"101359208"},"edit":{"head":"","link":"","name":"","rank":"","desc":""},"link":"http://economy.caixin.com/2018-12-14/101359208.html","nid":101359208,"subDesc":"要闻","video":"","type":0,"tags":[],"audioUrl":"http://audio.caixin.com/caixin/208/101359208.mp3","form":null,"summ":"","freeDuration":"0","freeTime":"","channelDesc":"经济频道","time":"2018-12-14 14:27:42","attr":0,"channelId":129,"pict":null,"desc":"财新数据|前11月房地产开发投资增速与上月持平"},{"cate":"100300005;101283975;101359197","comm":{"aid":"100","tid":"101359197"},"edit":{"head":"","link":"","name":"","rank":"","desc":""},"link":"http://economy.caixin.com/2018-12-14/101359197.html","nid":101359197,"subDesc":"要闻","video":"","type":0,"tags":[],"audioUrl":"http://audio.caixin.com/caixin/197/101359197.mp3","form":null,"summ":"","freeDuration":"0","freeTime":"","channelDesc":"经济频道","time":"2018-12-14 14:09:24","attr":0,"channelId":129,"pict":null,"desc":"财新数据|2018年全国粮食总产量65789万吨 比去年下降0.6%"},{"cate":"100300005;100300184;101359193","comm":{"aid":"100","tid":"101359193"},"edit":{"head":"","link":"","name":"记者 程思炜","rank":"","desc":""},"link":"http://economy.caixin.com/2018-12-14/101359193.html","nid":101359193,"subDesc":"要闻","video":"","type":0,"tags":[],"audioUrl":"http://audio.caixin.com/caixin/193/101359193.mp3","form":null,"summ":"“双十一”对消费的增长效应明显减弱，最大拖累来自汽车类和石油类消费，两者合计对11月消费增速的拖累超过0.7个百分点","freeDuration":"3","freeTime":"","channelDesc":"经济频道","time":"2018-12-14 14:04:57","attr":5,"channelId":129,"pict":{"imgs":[{"txt":"","url":"http://img.caixin.com/2018-12-14/1544768129495549_145_97.jpg"}],"num":1},"desc":"“双十一”效应减弱  11月消费增速降至8.1%"},{"cate":"100300005;101283975;101359188","comm":{"aid":"100","tid":"101359188"},"edit":{"head":"","link":"","name":"","rank":"","desc":""},"link":"http://economy.caixin.com/2018-12-14/101359188.html","nid":101359188,"subDesc":"要闻","video":"","type":0,"tags":[],"audioUrl":"","form":null,"summ":"","freeDuration":"0","freeTime":"","channelDesc":"经济频道","time":"2018-12-14 14:04:27","attr":0,"channelId":129,"pict":null,"desc":"财新数据|前十月保险保费收入同比增长1.99%"},{"cate":"100300005;101283975;101359103","comm":{"aid":"100","tid":"101359103"},"edit":{"head":"","link":"","name":"","rank":"","desc":""},"link":"http://economy.caixin.com/2018-12-14/101359103.html","nid":101359103,"subDesc":"要闻","video":"","type":0,"tags":[],"audioUrl":"","form":null,"summ":"","freeDuration":"0","freeTime":"","channelDesc":"经济频道","time":"2018-12-14 11:20:25","attr":0,"channelId":129,"pict":null,"desc":"财新数据|11月城镇调查失业率降至4.8%"},{"cate":"100300005;100300184;101359080","comm":{"aid":"100","tid":"101359080"},"edit":{"head":"","link":"","name":"记者 张娱","rank":"","desc":""},"link":"http://economy.caixin.com/2018-12-14/101359080.html","nid":101359080,"subDesc":"要闻","video":"","type":0,"tags":[],"audioUrl":"http://audio.caixin.com/caixin/080/101359080.mp3","form":null,"summ":"投资增速连续三个月回升，制造业投资持续回暖，基建投资低位企稳，房地产投资暂稳，但先行指标不容乐观","freeDuration":"3","freeTime":"","channelDesc":"经济频道","time":"2018-12-14 11:01:23","attr":5,"channelId":129,"pict":{"imgs":[{"txt":"","url":"http://img.caixin.com/2018-12-14/1544756898585845_145_97.jpg"}],"num":1},"desc":"1-11月投资同比增长5.9% 基建、房地产投资增速持平"},{"cate":"100300005;101283975;101359076","comm":{"aid":"100","tid":"101359076"},"edit":{"head":"","link":"","name":"","rank":"","desc":""},"link":"http://economy.caixin.com/2018-12-14/101359076.html","nid":101359076,"subDesc":"要闻","video":"","type":0,"tags":[],"audioUrl":"http://audio.caixin.com/caixin/076/101359076.mp3","form":null,"summ":"","freeDuration":"0","freeTime":"","channelDesc":"经济频道","time":"2018-12-14 10:55:12","attr":0,"channelId":129,"pict":null,"desc":"财新数据|11月社会消费品零售总额增速创逾15年新低"},{"cate":"100300005;100300184;101358891","comm":{"aid":"100","tid":"101358891"},"edit":{"head":"","link":"","name":"记者 程思炜","rank":"","desc":""},"link":"http://economy.caixin.com/2018-12-13/101358891.html","nid":101358891,"subDesc":"要闻","video":"","type":0,"tags":[],"audioUrl":"http://audio.caixin.com/caixin/891/101358891.mp3","form":null,"summ":"受减税降费措施落地、税收征管进度调整等因素影响，增值税、企业所得税、消费税、个税和进口相关税种均出现下降，非税收入连增两月","freeDuration":"3","freeTime":"","channelDesc":"经济频道","time":"2018-12-13 18:20:53","attr":5,"channelId":129,"pict":{"imgs":[{"txt":"","url":"http://img.caixin.com/2018-12-14/1544752965712278_145_97.jpg"}],"num":1},"desc":"11月财政、税收收入继续双降 个税同比下降17.3%"},{"cate":"100300005;101283975;101358885","comm":{"aid":"100","tid":"101358885"},"edit":{"head":"","link":"","name":"","rank":"","desc":""},"link":"http://economy.caixin.com/2018-12-13/101358885.html","nid":101358885,"subDesc":"要闻","video":"","type":0,"tags":[],"audioUrl":"http://audio.caixin.com/caixin/885/101358885.mp3","form":null,"summ":"","freeDuration":"0","freeTime":"","channelDesc":"经济频道","time":"2018-12-13 18:10:17","attr":0,"channelId":129,"pict":null,"desc":"财新数据|11月个税同比降147亿元 创三年新低"},{"cate":"100300005;100300184;101358701","comm":{"aid":"100","tid":"101358701"},"edit":{"head":"","link":"","name":"记者 于海荣 程思炜","rank":"","desc":""},"link":"http://economy.caixin.com/2018-12-13/101358701.html","nid":101358701,"subDesc":"要闻","video":"","type":0,"tags":[],"audioUrl":"http://audio.caixin.com/caixin/701/101358701.mp3","form":null,"summ":"影视圈查税、部分个体工商户改为查账征收等，一定程度上都可视为未来财政减收的对冲手段；经济下行压力加大，逆周期调节下减税降费继续推进，2019年财政减收增支矛盾扩大","freeDuration":"0","freeTime":"","channelDesc":"经济频道","time":"2018-12-13 11:46:08","attr":5,"channelId":129,"pict":{"imgs":[{"txt":"","url":"http://img.caixin.com/2018-12-13/1544673201360971_145_97.jpg"}],"num":1},"desc":"税收征管力度调整 凸显2019财政增收难"},{"cate":"100300005;101283975;101358665","comm":{"aid":"100","tid":"101358665"},"edit":{"head":"","link":"","name":"","rank":"","desc":""},"link":"http://economy.caixin.com/2018-12-13/101358665.html","nid":101358665,"subDesc":"要闻","video":"","type":0,"tags":[],"audioUrl":"http://audio.caixin.com/caixin/665/101358665.mp3","form":null,"summ":"","freeDuration":"0","freeTime":"","channelDesc":"经济频道","time":"2018-12-13 10:56:05","attr":0,"channelId":129,"pict":null,"desc":"财新数据|11月港股主板日均成交额跌破900亿港元"},{"cate":"100300005;101283975;101357979","comm":{"aid":"100","tid":"101357979"},"edit":{"head":"","link":"","name":"","rank":"","desc":""},"link":"http://economy.caixin.com/2018-12-11/101357979.html","nid":101357979,"subDesc":"要闻","video":"","type":0,"tags":[],"audioUrl":"http://audio.caixin.com/caixin/979/101357979.mp3","form":null,"summ":"","freeDuration":"0","freeTime":"","channelDesc":"经济频道","time":"2018-12-11 15:09:07","attr":0,"channelId":129,"pict":null,"desc":"财新数据|中国11月乘用车销量同比下降16.1％"},{"cate":"100300005;101283975;101357919","comm":{"aid":"100","tid":"101357919"},"edit":{"head":"","link":"","name":"","rank":"","desc":""},"link":"http://economy.caixin.com/2018-12-11/101357919.html","nid":101357919,"subDesc":"要闻","video":"","type":0,"tags":[],"audioUrl":"http://audio.caixin.com/caixin/919/101357919.mp3","form":null,"summ":"","freeDuration":"0","freeTime":"","channelDesc":"经济频道","time":"2018-12-11 11:27:48","attr":0,"channelId":129,"pict":null,"desc":"财新数据|11月长安汽车销量下滑近4成"},{"cate":"100300005;101283975;101357888","comm":{"aid":"100","tid":"101357888"},"edit":{"head":"","link":"","name":"","rank":"","desc":""},"link":"http://economy.caixin.com/2018-12-11/101357888.html","nid":101357888,"subDesc":"要闻","video":"","type":0,"tags":[],"audioUrl":"http://audio.caixin.com/caixin/888/101357888.mp3","form":null,"summ":"","freeDuration":"0","freeTime":"","channelDesc":"经济频道","time":"2018-12-11 10:44:15","attr":0,"channelId":129,"pict":null,"desc":"财新数据|中国前11月手机出货量同比下滑15.6%"},{"cate":"100300005;100300184;101357858","comm":{"aid":"100","tid":"101357858"},"edit":{"head":"","link":"","name":"记者 程思炜","rank":"","desc":""},"link":"http://economy.caixin.com/2018-12-11/101357858.html","nid":101357858,"subDesc":"要闻","video":"","type":0,"tags":[],"audioUrl":"http://audio.caixin.com/caixin/858/101357858.mp3","form":null,"summ":"通过签订借款合同、公益性资产售后回租等方式违规举债，相关行为均发生在2017年7月全国金融工作会议召开后","freeDuration":"0","freeTime":"","channelDesc":"经济频道","time":"2018-12-11 09:46:46","attr":5,"channelId":129,"pict":{"imgs":[{"txt":"","url":"http://img.caixin.com/2018-12-11/1544493311711985_145_97.jpg"}],"num":1},"desc":"审计署：湘陕黑桂违规举债30亿 事发2017年7月后"},{"cate":"100300005;101283975;101357629","comm":{"aid":"100","tid":"101357629"},"edit":{"head":"","link":"","name":"","rank":"","desc":""},"link":"http://economy.caixin.com/2018-12-10/101357629.html","nid":101357629,"subDesc":"要闻","video":"","type":0,"tags":[],"audioUrl":"http://audio.caixin.com/caixin/629/101357629.mp3","form":null,"summ":"","freeDuration":"0","freeTime":"","channelDesc":"经济频道","time":"2018-12-10 16:31:30","attr":0,"channelId":129,"pict":null,"desc":"财新数据|华为CFO事件打压市场情绪"},{"cate":"100300005;100300184;101357361","comm":{"aid":"100","tid":"101357361"},"edit":{"head":"","link":"","name":"记者 张娱","rank":"","desc":""},"link":"http://economy.caixin.com/2018-12-09/101357361.html","nid":101357361,"subDesc":"要闻","video":"","type":0,"tags":[],"audioUrl":"","form":null,"summ":"CPI、PPI同比增速均出现回落，食品价格下降拉低CPI环比增速,PPI回落与国际油价下跌、环保限产力度较小和高基数等因素有关","freeDuration":"3","freeTime":"","channelDesc":"经济频道","time":"2018-12-09 10:42:42","attr":5,"channelId":129,"pict":{"imgs":[{"txt":"","url":"http://img.caixin.com/2018-12-09/1544323710034943_145_97.jpg"}],"num":1},"desc":"11月CPI同比增长2.2% CPI、PPI环比均由涨转跌"},{"cate":"100300005;100300184;101357324","comm":{"aid":"100","tid":"101357324"},"edit":{"head":"","link":"","name":"记者 王力为 张娱","rank":"","desc":""},"link":"http://economy.caixin.com/2018-12-08/101357324.html","nid":101357324,"subDesc":"要闻","video":"","type":0,"tags":[],"audioUrl":"http://audio.caixin.com/caixin/324/101357324.mp3","form":null,"summ":"中美关系的现状是双方互动的结果，双方应该回到上世纪80年代各自推进改革的年代，形成改革的共识","freeDuration":"0","freeTime":"","channelDesc":"经济频道","time":"2018-12-08 22:24:34","attr":5,"channelId":129,"pict":{"imgs":[{"txt":"","url":"http://img.caixin.com/2018-12-08/1544279526967094_145_97.jpg"}],"num":1},"desc":"魏加宁：定位中美关系的三种“境界”"},{"cate":"100300005;100300184;101357319","comm":{"aid":"100","tid":"101357319"},"edit":{"head":"","link":"","name":"记者 张娱 王力为","rank":"","desc":""},"link":"http://economy.caixin.com/2018-12-08/101357319.html","nid":101357319,"subDesc":"要闻","video":"","type":0,"tags":[],"audioUrl":"http://audio.caixin.com/caixin/319/101357319.mp3","form":null,"summ":"支持产业转型升级政策的重中之重是支持教育、支持人方面，而不是“盖房子”；应对贸易摩擦需要有大国心态","freeDuration":"0","freeTime":"","channelDesc":"经济频道","time":"2018-12-08 22:06:50","attr":5,"channelId":129,"pict":{"imgs":[{"txt":"","url":"http://img.caixin.com/2018-12-08/1544278215069665_145_97.jpg"}],"num":1},"desc":"林桂军：通过更市场化的方式支持产业转型升级"},{"cate":"100300005;100300184;101357230","comm":{"aid":"100","tid":"101357230"},"edit":{"head":"","link":"","name":"记者 程思炜","rank":"","desc":""},"link":"http://economy.caixin.com/2018-12-08/101357230.html","nid":101357230,"subDesc":"要闻","video":"","type":0,"tags":[],"audioUrl":"http://audio.caixin.com/caixin/230/101357230.mp3","form":null,"summ":"进出口增速回落幅度超预期，对美国出口仍明显好于总体，自美国进口连续三个月下降，对美贸易顺差再创历史新高","freeDuration":"3","freeTime":"","channelDesc":"经济频道","time":"2018-12-08 13:03:08","attr":5,"channelId":129,"pict":{"imgs":[{"txt":"","url":"http://img.caixin.com/2018-12-08/1544266357121683_145_97.jpg"}],"num":1},"desc":"11月出口增速大幅回落至5.4%  对美贸易顺差创历史新高"},{"cate":"100300005;100300184;101356935","comm":{"aid":"100","tid":"101356935"},"edit":{"head":"","link":"","name":"记者 张娱","rank":"","desc":""},"link":"http://economy.caixin.com/2018-12-07/101356935.html","nid":101356935,"subDesc":"要闻","video":"","type":0,"tags":[],"audioUrl":"http://audio.caixin.com/caixin/935/101356935.mp3","form":null,"summ":"国际货币体系和实体经济结构不匹配，是全球经济金融体系中最基本的矛盾，要解决这一矛盾要建立三足鼎立的全球治理体系，核心是建立亚洲共同体","freeDuration":"0","freeTime":"","channelDesc":"经济频道","time":"2018-12-07 18:50:35","attr":5,"channelId":129,"pict":{"imgs":[{"txt":"","url":"http://img.caixin.com/2018-12-07/1544180013994960_145_97.jpg"}],"num":1},"desc":"鞠建东建议中国推动建设亚洲共同体"},{"cate":"100300005;101283975;101356896","comm":{"aid":"100","tid":"101356896"},"edit":{"head":"","link":"","name":"","rank":"","desc":""},"link":"http://economy.caixin.com/2018-12-07/101356896.html","nid":101356896,"subDesc":"要闻","video":"","type":0,"tags":[],"audioUrl":"http://audio.caixin.com/caixin/896/101356896.mp3","form":null,"summ":"","freeDuration":"0","freeTime":"","channelDesc":"经济频道","time":"2018-12-07 18:22:09","attr":0,"channelId":129,"pict":null,"desc":"财新数据|上汽集团汽车销量连续三个月同比下滑"},{"cate":"100300005;101283975;101356867","comm":{"aid":"100","tid":"101356867"},"edit":{"head":"","link":"","name":"","rank":"","desc":""},"link":"http://economy.caixin.com/2018-12-07/101356867.html","nid":101356867,"subDesc":"要闻","video":"","type":0,"tags":[],"audioUrl":"http://audio.caixin.com/caixin/867/101356867.mp3","form":null,"summ":"","freeDuration":"0","freeTime":"","channelDesc":"经济频道","time":"2018-12-07 17:32:28","attr":0,"channelId":129,"pict":null,"desc":"财新数据|11月中国外汇储备增至3.06万亿美元"},{"cate":"100300005;100300184;101356792","comm":{"aid":"100","tid":"101356792"},"edit":{"head":"","link":"","name":"记者 程思炜","rank":"","desc":""},"link":"http://economy.caixin.com/2018-12-07/101356792.html","nid":101356792,"subDesc":"要闻","video":"","type":0,"tags":[],"audioUrl":"http://audio.caixin.com/caixin/792/101356792.mp3","form":null,"summ":"2019年起由定期定额征收改为查账征收，不符合设置账簿标准的个体工商户，仍实行定期定额征收方式，税务部门称，转为查账征收税负不会增加；2018年前11个月北京财政收入增速低于预算目标","freeDuration":"0","freeTime":"","channelDesc":"经济频道","time":"2018-12-07 16:03:42","attr":5,"channelId":129,"pict":{"imgs":[{"txt":"","url":"http://img.caixin.com/2018-12-07/1544170156529716_145_97.jpg"}],"num":1},"desc":"北京调整个体工商户征税方式  税务局称查账征收税负不增"},{"cate":"100300005;101283975;101356759","comm":{"aid":"100","tid":"101356759"},"edit":{"head":"","link":"","name":"","rank":"","desc":""},"link":"http://economy.caixin.com/2018-12-07/101356759.html","nid":101356759,"subDesc":"要闻","video":"","type":0,"tags":[],"audioUrl":"","form":null,"summ":"","freeDuration":"0","freeTime":"","channelDesc":"经济频道","time":"2018-12-07 15:30:29","attr":0,"channelId":129,"pict":null,"desc":"财新数据|沪市成交额再度跌破千亿"},{"cate":"100300005;101283975;101356599","comm":{"aid":"100","tid":"101356599"},"edit":{"head":"","link":"","name":"","rank":"","desc":""},"link":"http://economy.caixin.com/2018-12-07/101356599.html","nid":101356599,"subDesc":"要闻","video":"","type":0,"tags":[],"audioUrl":"http://audio.caixin.com/caixin/599/101356599.mp3","form":null,"summ":"","freeDuration":"0","freeTime":"","channelDesc":"经济频道","time":"2018-12-07 11:35:40","attr":0,"channelId":129,"pict":null,"desc":"财新数据|美国首次成为原油和石油制品净出口国"},{"cate":"100300005;101283975;101356558","comm":{"aid":"100","tid":"101356558"},"edit":{"head":"","link":"","name":"","rank":"","desc":""},"link":"http://economy.caixin.com/2018-12-07/101356558.html","nid":101356558,"subDesc":"要闻","video":"","type":0,"tags":[],"audioUrl":"http://audio.caixin.com/caixin/558/101356558.mp3","form":null,"summ":"","freeDuration":"0","freeTime":"","channelDesc":"经济频道","time":"2018-12-07 10:42:16","attr":0,"channelId":129,"pict":null,"desc":"财新数据|10月美国对华贸易逆差创历史新高"},{"cate":"100300005;100300184;101356281","comm":{"aid":"100","tid":"101356281"},"edit":{"head":"","link":"","name":"记者 张娱","rank":"","desc":""},"link":"http://economy.caixin.com/2018-12-06/101356281.html","nid":101356281,"subDesc":"要闻","video":"","type":0,"tags":[],"audioUrl":"http://audio.caixin.com/caixin/281/101356281.mp3","form":null,"summ":"首先会从农产品、能源、汽车等做起，立即落实双方已经达成共识的具体事项；然后在未来90天按照明确的时间表和路线图，就知识产权保护、技术合作、市场准入和贸易平衡等议题开展磋商","freeDuration":"0","freeTime":"","channelDesc":"经济频道","time":"2018-12-06 17:27:13","attr":5,"channelId":129,"pict":{"imgs":[{"txt":"","url":"http://img.caixin.com/2018-12-06/1544088787943094_145_97.jpg"}],"num":1},"desc":"中方表态有信心在90天内达成协议 特朗普称“我同意”"},{"cate":"100300005;101283975;101356254","comm":{"aid":"100","tid":"101356254"},"edit":{"head":"","link":"","name":"","rank":"","desc":""},"link":"http://economy.caixin.com/2018-12-06/101356254.html","nid":101356254,"subDesc":"要闻","video":"","type":0,"tags":[],"audioUrl":"http://audio.caixin.com/caixin/254/101356254.mp3","form":null,"summ":"","freeDuration":"0","freeTime":"","channelDesc":"经济频道","time":"2018-12-06 16:51:42","attr":0,"channelId":129,"pict":null,"desc":"财新数据|中国卫生总费用增速长期快于GDP增速"},{"cate":"100300005;101283975;101356113","comm":{"aid":"100","tid":"101356113"},"edit":{"head":"","link":"","name":"","rank":"","desc":""},"link":"http://economy.caixin.com/2018-12-06/101356113.html","nid":101356113,"subDesc":"要闻","video":"","type":0,"tags":[],"audioUrl":"http://audio.caixin.com/caixin/113/101356113.mp3","form":null,"summ":"","freeDuration":"0","freeTime":"","channelDesc":"经济频道","time":"2018-12-06 10:58:49","attr":0,"channelId":129,"pict":null,"desc":"财新数据|华为2017年智能手机出货量超1.5亿台"},{"cate":"100300005;101283975;101356085","comm":{"aid":"100","tid":"101356085"},"edit":{"head":"","link":"","name":"","rank":"","desc":""},"link":"http://economy.caixin.com/2018-12-06/101356085.html","nid":101356085,"subDesc":"要闻","video":"","type":0,"tags":[],"audioUrl":"http://audio.caixin.com/caixin/085/101356085.mp3","form":null,"summ":"","freeDuration":"0","freeTime":"","channelDesc":"经济频道","time":"2018-12-06 10:11:29","attr":0,"channelId":129,"pict":null,"desc":"财新数据|华为2017年销售收入超6000亿元"},{"cate":"100300005;101283975;101355851","comm":{"aid":"100","tid":"101355851"},"edit":{"head":"","link":"","name":"","rank":"","desc":""},"link":"http://economy.caixin.com/2018-12-05/101355851.html","nid":101355851,"subDesc":"要闻","video":"","type":0,"tags":[],"audioUrl":"http://audio.caixin.com/caixin/851/101355851.mp3","form":null,"summ":"","freeDuration":"0","freeTime":"","channelDesc":"经济频道","time":"2018-12-05 16:42:59","attr":0,"channelId":129,"pict":null,"desc":"财新数据|印度GDP增速连续三个季度超7%"},{"cate":"100300005;100300184;101355687","comm":{"aid":"100","tid":"101355687"},"edit":{"head":"","link":"","name":"记者 张娱","rank":"","desc":""},"link":"http://economy.caixin.com/2018-12-05/101355687.html","nid":101355687,"subDesc":"要闻","video":"","type":0,"tags":[],"audioUrl":"http://audio.caixin.com/caixin/687/101355687.mp3","form":null,"summ":"返还标准可按6个月的当地月人均失业保险金和参保职工人数确定，或按6个月的企业及其职工应缴纳社会保险费50%的标准确定","freeDuration":"3","freeTime":"","channelDesc":"经济频道","time":"2018-12-05 12:01:30","attr":5,"channelId":129,"pict":{"imgs":[{"txt":"","url":"http://img.caixin.com/2018-12-05/1543982744858517_145_97.jpg"}],"num":1},"desc":"国务院发文促就业 不裁员、少裁员可返50%失业保险费"},{"cate":"100300005;101283975;101355676","comm":{"aid":"100","tid":"101355676"},"edit":{"head":"","link":"","name":"","rank":"","desc":""},"link":"http://economy.caixin.com/2018-12-05/101355676.html","nid":101355676,"subDesc":"要闻","video":"","type":0,"tags":[],"audioUrl":"http://audio.caixin.com/caixin/676/101355676.mp3","form":null,"summ":"","freeDuration":"0","freeTime":"","channelDesc":"经济频道","time":"2018-12-05 11:47:55","attr":0,"channelId":129,"pict":null,"desc":"财新数据|万科前11月销售额超恒大、碧桂园"},{"cate":"100300005;101283975;101355609","comm":{"aid":"100","tid":"101355609"},"edit":{"head":"","link":"","name":"","rank":"","desc":""},"link":"http://economy.caixin.com/2018-12-05/101355609.html","nid":101355609,"subDesc":"要闻","video":"","type":0,"tags":[],"audioUrl":"http://audio.caixin.com/caixin/609/101355609.mp3","form":null,"summ":"","freeDuration":"0","freeTime":"","channelDesc":"经济频道","time":"2018-12-05 10:10:50","attr":0,"channelId":129,"pict":null,"desc":"财新数据|11月财新中国服务业PMI升至53.8"},{"cate":"100300005;100300184;101355571","comm":{"aid":"100","tid":"101355571"},"edit":{"head":"","link":"","name":"记者 张娱","rank":"","desc":""},"link":"http://economy.caixin.com/2018-12-05/101355571.html","nid":101355571,"subDesc":"要闻","video":"","type":0,"tags":[],"audioUrl":"http://audio.caixin.com/caixin/568/101355568.mp3","form":null,"summ":"财新中国综合PMI显著反弹，经济下行压力明显缓和，就业状况依然稳定，通胀压力进一步缓解","freeDuration":"0","freeTime":"","channelDesc":"经济频道","time":"2018-12-05 09:45:00","attr":0,"channelId":129,"pict":{"imgs":[{"txt":"","url":"http://img.caixin.com/2018-12-05/1543977786876257_145_97.jpg"}],"num":1},"desc":"11月财新中国服务业PMI升至53.8 创五个月新高"},{"cate":"100300005;100300184;101355564","comm":{"aid":"100","tid":"101355564"},"edit":{"head":"","link":"","name":"记者 于海荣","rank":"","desc":""},"link":"http://economy.caixin.com/2018-12-05/101355564.html","nid":101355564,"subDesc":"要闻","video":"","type":0,"tags":[],"audioUrl":"http://audio.caixin.com/caixin/560/101355560.mp3","form":null,"summ":"制造业、服务业景气度均有回升，价格明显回落，尽管基建补短板开始显效，但不足以对冲房地产和出口带来的下行压力","freeDuration":"0","freeTime":"","channelDesc":"经济频道","time":"2018-12-05 09:45:00","attr":5,"channelId":129,"pict":{"imgs":[{"txt":"","url":"http://img.caixin.com/2018-12-05/1543977786876257_145_97.jpg"}],"num":1},"desc":"财新PMI分析|经济短暂回升 下行压力仍存"},{"cate":"100300005;100300184;101355369","comm":{"aid":"100","tid":"101355369"},"edit":{"head":"","link":"","name":"驻香港记者 尉奕阳","rank":"","desc":""},"link":"http://economy.caixin.com/2018-12-04/101355369.html","nid":101355369,"subDesc":"要闻","video":"","type":0,"tags":[],"audioUrl":"http://audio.caixin.com/caixin/369/101355369.mp3","form":null,"summ":"上海也是亚洲女性奢侈品第二贵城市；瑞士宝盛私人银行认为，中国奢侈品的市场中心已从男性向女性转变","freeDuration":"0","freeTime":"","channelDesc":"经济频道","time":"2018-12-04 16:12:56","attr":5,"channelId":129,"pict":{"imgs":[{"txt":"","url":"http://img.caixin.com/2018-12-04/1543911423192453_145_97.jpg"}],"num":1},"desc":"上海重登亚洲高品质生活最贵城市榜首"},{"cate":"100300005;101283975;101355297","comm":{"aid":"100","tid":"101355297"},"edit":{"head":"","link":"","name":"","rank":"","desc":""},"link":"http://economy.caixin.com/2018-12-04/101355297.html","nid":101355297,"subDesc":"要闻","video":"","type":0,"tags":[],"audioUrl":"http://audio.caixin.com/caixin/297/101355297.mp3","form":null,"summ":"","freeDuration":"0","freeTime":"","channelDesc":"经济频道","time":"2018-12-04 15:47:00","attr":0,"channelId":129,"pict":null,"desc":"财新数据|香港11月住宅销售量同比腰斩"},{"cate":"100300005;101283975;101355250","comm":{"aid":"100","tid":"101355250"},"edit":{"head":"","link":"","name":"","rank":"","desc":""},"link":"http://economy.caixin.com/2018-12-04/101355250.html","nid":101355250,"subDesc":"要闻","video":"","type":0,"tags":[],"audioUrl":"http://audio.caixin.com/caixin/250/101355250.mp3","form":null,"summ":"","freeDuration":"0","freeTime":"","channelDesc":"经济频道","time":"2018-12-04 15:12:05","attr":0,"channelId":129,"pict":null,"desc":"财新数据|离岸人民币汇率连日大涨"},{"cate":"100300005;100300184;101355190","comm":{"aid":"100","tid":"101355190"},"edit":{"head":"","link":"","name":"记者 王婧","rank":"","desc":""},"link":"http://economy.caixin.com/2018-12-04/101355190.html","nid":101355190,"subDesc":"要闻","video":"","type":0,"tags":[],"audioUrl":"http://audio.caixin.com/caixin/190/101355190.mp3","form":{"txt":"地方经济","url":"http://economy.caixin.com/local_economy/"},"summ":"社保缴费不合规情况在中小民营企业大量存在。企业普遍担忧，一些行政执法机关会追溯往年“应缴未缴”的社保费","freeDuration":"0","freeTime":"","channelDesc":"经济频道","time":"2018-12-04 12:32:47","attr":5,"channelId":129,"pict":{"imgs":[{"txt":"","url":"http://img.caixin.com/2018-12-04/1543898571158554_145_97.jpg"}],"num":1},"desc":"广东下禁令了：不得集中清缴企业历史欠费"},{"cate":"100300005;100300184;101354720","comm":{"aid":"100","tid":"101354720"},"edit":{"head":"","link":"","name":"记者 程思炜","rank":"","desc":""},"link":"http://economy.caixin.com/2018-12-03/101354720.html","nid":101354720,"subDesc":"要闻","video":"","type":0,"tags":[],"audioUrl":"http://audio.caixin.com/caixin/720/101354720.mp3","form":null,"summ":"排污费改环保税后，VOCs未纳入税目，一些原来缴纳VOCs排污费的企业税额急剧下降；税务和环保部门如何配合，也是环保税征管的一大难点","freeDuration":"0","freeTime":"","channelDesc":"经济频道","time":"2018-12-03 10:27:06","attr":5,"channelId":129,"pict":{"imgs":[{"txt":"","url":"http://img.caixin.com/2018-12-03/1543804730302521_145_97.jpg"}],"num":1},"desc":"学者建议扩大环保税税目 将VOCs纳入征税范围"},{"cate":"100300005;100300184;101354652","comm":{"aid":"100","tid":"101354652"},"edit":{"head":"","link":"","name":"记者 于海荣","rank":"","desc":""},"link":"http://economy.caixin.com/2018-12-03/101354652.html","nid":101354652,"subDesc":"要闻","video":"","type":0,"tags":[],"audioUrl":"http://audio.caixin.com/caixin/649/101354649.mp3","form":null,"summ":"制造业景气度徘徊在荣枯分界线附近，生产仍在放缓，价格明显回落，尽管基建补短板开始显效，但不足以对冲房地产和出口带来的下行压力","freeDuration":"0","freeTime":"","channelDesc":"经济频道","time":"2018-12-03 09:45:00","attr":5,"channelId":129,"pict":null,"desc":"财新PMI分析|制造业微幅扩张 2019年下行压力更大"},{"cate":"100300005;100300184;101354648","comm":{"aid":"100","tid":"101354648"},"edit":{"head":"","link":"","name":"记者 张娱","rank":"","desc":""},"link":"http://economy.caixin.com/2018-12-03/101354648.html","nid":101354648,"subDesc":"要闻","video":"","type":0,"tags":[],"audioUrl":"http://audio.caixin.com/caixin/644/101354644.mp3","form":null,"summ":"内需略有回暖，外需继续恶化，生产活动持平，价格上涨压力减轻，企业经营预期略有改善，经济并未大幅恶化","freeDuration":"0","freeTime":"","channelDesc":"经济频道","time":"2018-12-03 09:45:00","attr":0,"channelId":129,"pict":{"imgs":[{"txt":"","url":"http://img.caixin.com/2018-12-03/1543795667594726_145_97.jpg"}],"num":1},"desc":"11月财新中国制造业PMI录得50.2 微升0.1个百分点"},{"cate":"100300005;100300184;101354516","comm":{"aid":"100","tid":"101354516"},"edit":{"head":"","link":"","name":"记者  石睿","rank":"","desc":""},"link":"http://economy.caixin.com/2018-12-02/101354516.html","nid":101354516,"subDesc":"要闻","video":"","type":0,"tags":[],"audioUrl":"http://audio.caixin.com/caixin/516/101354516.mp3","form":null,"summ":"影视行业因核定征收个税享受了高额税收优惠，但税收优惠并不合法；对已享受的税收优惠如何处理，需从源头和法律层面做起，厘清其中的责任归属，通过具备法律效力的文件来传达","freeDuration":"0","freeTime":"","channelDesc":"经济频道","time":"2018-12-02 11:52:05","attr":5,"channelId":129,"pict":{"imgs":[{"txt":"","url":"http://img.caixin.com/2018-09-18/1537235469080551_145_97.jpg"}],"num":1},"desc":"税务总局要求补税三年  影视行业到底冤不冤？"},{"cate":"100300005;101283975;101354034","comm":{"aid":"100","tid":"101354034"},"edit":{"head":"","link":"","name":"","rank":"","desc":""},"link":"http://economy.caixin.com/2018-11-30/101354034.html","nid":101354034,"subDesc":"要闻","video":"","type":0,"tags":[],"audioUrl":"http://audio.caixin.com/caixin/034/101354034.mp3","form":null,"summ":"","freeDuration":"0","freeTime":"","channelDesc":"经济频道","time":"2018-11-30 17:30:04","attr":0,"channelId":129,"pict":null,"desc":"财新数据|国内油价三连降 创10年最大跌幅"},{"cate":"100300005;101283975;101354017","comm":{"aid":"100","tid":"101354017"},"edit":{"head":"","link":"","name":"","rank":"","desc":""},"link":"http://economy.caixin.com/2018-11-30/101354017.html","nid":101354017,"subDesc":"要闻","video":"","type":0,"tags":[],"audioUrl":"","form":null,"summ":"","freeDuration":"0","freeTime":"","channelDesc":"经济频道","time":"2018-11-30 17:09:54","attr":0,"channelId":129,"pict":null,"desc":"财新数据|11月北上资金净流入创年内次高"},{"cate":"100300005;101283975;101353920","comm":{"aid":"100","tid":"101353920"},"edit":{"head":"","link":"","name":"","rank":"","desc":""},"link":"http://economy.caixin.com/2018-11-30/101353920.html","nid":101353920,"subDesc":"要闻","video":"","type":0,"tags":[],"audioUrl":"http://audio.caixin.com/caixin/920/101353920.mp3","form":null,"summ":"","freeDuration":"0","freeTime":"","channelDesc":"经济频道","time":"2018-11-30 15:35:23","attr":0,"channelId":129,"pict":null,"desc":"财新数据|10月P2P网贷成交量为近三年新低"},{"cate":"100300005;100300184;101353886","comm":{"aid":"100","tid":"101353886"},"edit":{"head":"","link":"","name":"记者 张娱","rank":"","desc":""},"link":"http://economy.caixin.com/2018-11-30/101353886.html","nid":101353886,"subDesc":"要闻","video":"","type":0,"tags":[],"audioUrl":"http://audio.caixin.com/caixin/886/101353886.mp3","form":null,"summ":"执法检查的大部分固定资产投资项目都存在统计造假情况，部分地区存在指令报送、代填代报统计数据的现象","freeDuration":"3","freeTime":"","channelDesc":"经济频道","time":"2018-11-30 14:59:00","attr":5,"channelId":129,"pict":{"imgs":[{"txt":"","url":"http://img.caixin.com/2018-10-19/1539930511264087_145_97.jpg"}],"num":1},"desc":"统计局通报三起投资统计违法案件 涉冀吉琼三省"},{"cate":"100300005;100300184;101353858","comm":{"aid":"100","tid":"101353858"},"edit":{"head":"","link":"","name":"记者 于海荣","rank":"","desc":""},"link":"http://economy.caixin.com/2018-11-30/101353858.html","nid":101353858,"subDesc":"要闻","video":"","type":0,"tags":[],"audioUrl":"http://audio.caixin.com/caixin/858/101353858.mp3","form":null,"summ":"前期税收收入增长较快的十余个省份，被要求四季度放缓税收步伐，涉及增值税、企业所得税和消费税；下一步减税应在降低名义税率上做文章","freeDuration":"0","freeTime":"","channelDesc":"经济频道","time":"2018-11-30 13:46:29","attr":5,"channelId":129,"pict":{"imgs":[{"txt":"","url":"http://img.caixin.com/2018-11-30/1543557153763359_145_97.jpg"}],"num":1},"desc":"年底放缓征税力度超往年 更大力度减税正在酝酿"},{"cate":"100300005;100300184;101353769","comm":{"aid":"100","tid":"101353769"},"edit":{"head":"","link":"","name":"记者 张娱","rank":"","desc":""},"link":"http://economy.caixin.com/2018-11-30/101353769.html","nid":101353769,"subDesc":"要闻","video":"","type":0,"tags":[],"audioUrl":"http://audio.caixin.com/caixin/769/101353769.mp3","form":null,"summ":"制造业产需回落，新出口订单指数连续六个月位于收缩区间，综合PMI产出指数创年内新低","freeDuration":"6","freeTime":"","channelDesc":"经济频道","time":"2018-11-30 10:01:16","attr":5,"channelId":129,"pict":{"imgs":[{"txt":"","url":"http://img.caixin.com/2018-11-30/1543543441284645_145_97.jpg"}],"num":1},"desc":"11月统计局制造业PMI录得50 为2016年8月以来最低"},{"cate":"100300005;101283975;101353765","comm":{"aid":"100","tid":"101353765"},"edit":{"head":"","link":"","name":"","rank":"","desc":""},"link":"http://economy.caixin.com/2018-11-30/101353765.html","nid":101353765,"subDesc":"要闻","video":"","type":0,"tags":[],"audioUrl":"http://audio.caixin.com/caixin/765/101353765.mp3","form":null,"summ":"","freeDuration":"0","freeTime":"","channelDesc":"经济频道","time":"2018-11-30 09:57:44","attr":0,"channelId":129,"pict":null,"desc":"财新数据|11月中国官方制造业PMI降至50"},{"cate":"100300005;101283975;101353336","comm":{"aid":"100","tid":"101353336"},"edit":{"head":"","link":"","name":"","rank":"","desc":""},"link":"http://economy.caixin.com/2018-11-29/101353336.html","nid":101353336,"subDesc":"要闻","video":"","type":0,"tags":[],"audioUrl":"http://audio.caixin.com/caixin/336/101353336.mp3","form":null,"summ":"","freeDuration":"0","freeTime":"","channelDesc":"经济频道","time":"2018-11-29 09:34:48","attr":0,"channelId":129,"pict":null,"desc":"财新数据|10月美国商品贸易逆差再创新高"},{"cate":"100300005;100300184;101353327","comm":{"aid":"100","tid":"101353327"},"edit":{"head":"","link":"","name":"记者 张娱","rank":"","desc":""},"link":"http://economy.caixin.com/2018-11-29/101353327.html","nid":101353327,"subDesc":"要闻","video":"","type":0,"tags":[],"audioUrl":"http://audio.caixin.com/caixin/327/101353327.mp3","form":null,"summ":"出口走弱将显著拖累经济增长，房地产步入下行期，宽松政策可能进一步加码，提振基建投资或是最重要的政策","freeDuration":"0","freeTime":"","channelDesc":"经济频道","time":"2018-11-29 09:29:55","attr":5,"channelId":129,"pict":{"imgs":[{"txt":"","url":"http://img.caixin.com/2018-08-15/1534302709611260_145_97.jpg"}],"num":1},"desc":"2019年经济增速或低于6.5% 贸易战不确定性成最大拖累"},{"cate":"100300005;100300184;101352686","comm":{"aid":"100","tid":"101352686"},"edit":{"head":"","link":"","name":"记者 王力为","rank":"","desc":""},"link":"http://economy.caixin.com/2018-11-27/101352686.html","nid":101352686,"subDesc":"要闻","video":"","type":0,"tags":[],"audioUrl":"http://audio.caixin.com/caixin/686/101352686.mp3","form":null,"summ":"人民币对美元总体仍然有贬值压力，是中美两国货币政策分化的大势决定的，保汇率并非最优选择；希望能扩大开放，分散国内投资者面临的风险","freeDuration":"0","freeTime":"","channelDesc":"经济频道","time":"2018-11-27 20:52:03","attr":5,"channelId":129,"pict":{"imgs":[{"txt":"","url":"http://img.caixin.com/2018-11-27/1543323760630546_145_97.jpg"}],"num":1},"desc":"高盛买方亚洲主管：人民币汇率不应拘泥具体点位"},{"cate":"100300005;101283975;101352310","comm":{"aid":"100","tid":"101352310"},"edit":{"head":"","link":"","name":"","rank":"","desc":""},"link":"http://economy.caixin.com/2018-11-27/101352310.html","nid":101352310,"subDesc":"要闻","video":"","type":0,"tags":[],"audioUrl":"http://audio.caixin.com/caixin/310/101352310.mp3","form":null,"summ":"","freeDuration":"0","freeTime":"","channelDesc":"经济频道","time":"2018-11-27 10:29:30","attr":0,"channelId":129,"pict":null,"desc":"财新数据|前十月全国规模以上工业企业利润增长13.6%"},{"cate":"100300005;101283975;101352288","comm":{"aid":"100","tid":"101352288"},"edit":{"head":"","link":"","name":"","rank":"","desc":""},"link":"http://economy.caixin.com/2018-11-27/101352288.html","nid":101352288,"subDesc":"要闻","video":"","type":0,"tags":[],"audioUrl":"http://audio.caixin.com/caixin/288/101352288.mp3","form":null,"summ":"","freeDuration":"0","freeTime":"","channelDesc":"经济频道","time":"2018-11-27 10:12:04","attr":0,"channelId":129,"pict":null,"desc":"财新数据|前十月全国水泥产量同比增长2.6%"},{"cate":"100300005;100300184;101352267","comm":{"aid":"100","tid":"101352267"},"edit":{"head":"","link":"","name":"记者 张娱","rank":"","desc":""},"link":"http://economy.caixin.com/2018-11-27/101352267.html","nid":101352267,"subDesc":"要闻","video":"","type":0,"tags":[],"audioUrl":"http://audio.caixin.com/caixin/267/101352267.mp3","form":null,"summ":"主要受工业品出厂价格涨幅回落、上年利润基数偏高影响；利润仍集中在上游行业和国有企业","freeDuration":"6","freeTime":"","channelDesc":"经济频道","time":"2018-11-27 10:01:14","attr":5,"channelId":129,"pict":{"imgs":[{"txt":"","url":"http://img.caixin.com/2018-11-27/1543285612774060_145_97.jpg"}],"num":1},"desc":"10月工业企业利润增速降至3.6% 二季度以来最低"},{"cate":"100300005;101283975;101352262","comm":{"aid":"100","tid":"101352262"},"edit":{"head":"","link":"","name":"","rank":"","desc":""},"link":"http://economy.caixin.com/2018-11-27/101352262.html","nid":101352262,"subDesc":"要闻","video":"","type":0,"tags":[],"audioUrl":"http://audio.caixin.com/caixin/262/101352262.mp3","form":null,"summ":"","freeDuration":"0","freeTime":"","channelDesc":"经济频道","time":"2018-11-27 09:57:04","attr":0,"channelId":129,"pict":null,"desc":"财新数据|前十月中央政府收支增速均为两年来最低"},{"cate":"100300005;101283975;101352013","comm":{"aid":"100","tid":"101352013"},"edit":{"head":"","link":"","name":"","rank":"","desc":""},"link":"http://economy.caixin.com/2018-11-26/101352013.html","nid":101352013,"subDesc":"要闻","video":"","type":0,"tags":[],"audioUrl":"http://audio.caixin.com/caixin/013/101352013.mp3","form":null,"summ":"","freeDuration":"0","freeTime":"","channelDesc":"经济频道","time":"2018-11-26 16:05:14","attr":0,"channelId":129,"pict":null,"desc":"财新数据|两市成交额创10月19日以来新低"},{"cate":"100300005;101283975;101351857","comm":{"aid":"100","tid":"101351857"},"edit":{"head":"","link":"","name":"","rank":"","desc":""},"link":"http://economy.caixin.com/2018-11-26/101351857.html","nid":101351857,"subDesc":"要闻","video":"","type":0,"tags":[],"audioUrl":"http://audio.caixin.com/caixin/857/101351857.mp3","form":null,"summ":"","freeDuration":"0","freeTime":"","channelDesc":"经济频道","time":"2018-11-26 10:57:46","attr":0,"channelId":129,"pict":null,"desc":"财新数据|阿里巴巴市值再度超越Facebook"},{"cate":"100300005;100300184;101351834","comm":{"aid":"100","tid":"101351834"},"edit":{"head":"","link":"","name":"记者 于海荣","rank":"","desc":""},"link":"http://economy.caixin.com/2018-11-26/101351834.html","nid":101351834,"subDesc":"要闻","video":"","type":0,"tags":[],"audioUrl":"http://audio.caixin.com/caixin/834/101351834.mp3","form":null,"summ":"今年前九个月，民营企业税收增长21.6%，接近全国税收增速的2倍，与其营业收入、利润增速存在很大反差；密集出台的扶持政策若能真正落地，将使民营企业突破八大担忧，重拾信心","freeDuration":"0","freeTime":"","channelDesc":"经济频道","time":"2018-11-26 10:05:04","attr":5,"channelId":129,"pict":{"imgs":[{"txt":"","url":"http://img.caixin.com/2018-11-24/1543065644627795_145_97.jpg"}],"num":1},"desc":"陈永杰谈民企：数据好但反差大 担忧多但信心振"},{"cate":"100300005;100300184;101351796","comm":{"aid":"100","tid":"101351796"},"edit":{"head":"","link":"","name":"记者 张兰太","rank":"","desc":""},"link":"http://economy.caixin.com/2018-11-26/101351796.html","nid":101351796,"subDesc":"要闻","video":"","type":0,"tags":[],"audioUrl":"http://audio.caixin.com/caixin/796/101351796.mp3","form":null,"summ":"改革开放以来，中国很多领域逐渐放开，可以竞争了，但要做到公平竞争，要走的路还很远","freeDuration":"0","freeTime":"","channelDesc":"经济频道","time":"2018-11-26 09:09:18","attr":5,"channelId":129,"pict":{"imgs":[{"txt":"","url":"http://img.caixin.com/2018-11-26/1543194801832950_145_97.jpg"}],"num":1},"desc":"金碚：中国要“补课”公平竞争 才能激发民企活力"},{"cate":"100300005;100300184;101351644","comm":{"aid":"100","tid":"101351644"},"edit":{"head":"","link":"","name":"记者 于海荣","rank":"","desc":""},"link":"http://economy.caixin.com/2018-11-24/101351644.html","nid":101351644,"subDesc":"要闻","video":"","type":0,"tags":[],"audioUrl":"http://audio.caixin.com/caixin/644/101351644.mp3","form":null,"summ":"多位学者、企业家认为，民营企业的发展更需要公平竞争的市场环境和良好的法治环境","freeDuration":"0","freeTime":"","channelDesc":"经济频道","time":"2018-11-24 21:13:52","attr":5,"channelId":129,"pict":{"imgs":[{"txt":"","url":"http://img.caixin.com/2018-11-24/1543065644627795_145_97.jpg"}],"num":1},"desc":"扶持民企不能一阵风 需要优质制度建设支撑"},{"cate":"100300005;100300184;101351629","comm":{"aid":"100","tid":"101351629"},"edit":{"head":"","link":"","name":"记者 张娱","rank":"","desc":""},"link":"http://economy.caixin.com/2018-11-24/101351629.html","nid":101351629,"subDesc":"要闻","video":"","type":0,"tags":[],"audioUrl":"http://audio.caixin.com/caixin/629/101351629.mp3","form":null,"summ":"建议赤字率提高到3%，经济下行压力，难以利用短期稳增长政策得到有效缓解，需利用新一轮全方位改革开放和新一轮供给侧结构性改革来进行化解和对冲","freeDuration":"0","freeTime":"","channelDesc":"经济频道","time":"2018-11-24 20:03:14","attr":5,"channelId":129,"pict":{"imgs":[{"txt":"","url":"http://img.caixin.com/2018-11-24/1543061158500781_145_97.jpg"}],"num":1},"desc":"人民大学报告：预计2019年经济增长6.3%"},{"cate":"100300005;101283975;101350804","comm":{"aid":"100","tid":"101350804"},"edit":{"head":"","link":"","name":"","rank":"","desc":""},"link":"http://economy.caixin.com/2018-11-22/101350804.html","nid":101350804,"subDesc":"要闻","video":"","type":0,"tags":[],"audioUrl":"http://audio.caixin.com/caixin/804/101350804.mp3","form":null,"summ":"","freeDuration":"0","freeTime":"","channelDesc":"经济频道","time":"2018-11-22 17:04:23","attr":0,"channelId":129,"pict":null,"desc":"财新数据|外资持有人民币债券1.44万亿元"},{"cate":"100300005;101283975;101350799","comm":{"aid":"100","tid":"101350799"},"edit":{"head":"","link":"","name":"","rank":"","desc":""},"link":"http://economy.caixin.com/2018-11-22/101350799.html","nid":101350799,"subDesc":"要闻","video":"","type":0,"tags":[],"audioUrl":"http://audio.caixin.com/caixin/799/101350799.mp3","form":null,"summ":"","freeDuration":"0","freeTime":"","channelDesc":"经济频道","time":"2018-11-22 16:59:27","attr":0,"channelId":129,"pict":null,"desc":"财新数据|10月央行外汇占款21.3万亿元 环比下滑915.76亿元"},{"cate":"100300005;101283975;101350725","comm":{"aid":"100","tid":"101350725"},"edit":{"head":"","link":"","name":"","rank":"","desc":""},"link":"http://economy.caixin.com/2018-11-22/101350725.html","nid":101350725,"subDesc":"要闻","video":"","type":0,"tags":[],"audioUrl":"","form":null,"summ":"","freeDuration":"0","freeTime":"","channelDesc":"经济频道","time":"2018-11-22 14:49:59","attr":0,"channelId":129,"pict":null,"desc":"财新数据|北京常住人口20年来首降 减少2.2万"},{"cate":"100300005;100300184;101350656","comm":{"aid":"100","tid":"101350656"},"edit":{"head":"","link":"","name":"记者 于海荣","rank":"","desc":""},"link":"http://economy.caixin.com/2018-11-22/101350656.html","nid":101350656,"subDesc":"要闻","video":"","type":0,"tags":[],"audioUrl":"http://audio.caixin.com/caixin/656/101350656.mp3","form":{"txt":"政策信息","url":"http://economy.caixin.com/policy/"},"summ":"PPP是以结果为导向的、带刹车的积极财政政策工具，财政部将出台PPP发展的正面和负面清单，明确优先支持领域，10%的红线不能破","freeDuration":"0","freeTime":"","channelDesc":"经济频道","time":"2018-11-22 11:36:29","attr":5,"channelId":129,"pict":{"imgs":[{"txt":"","url":"http://img.caixin.com/2018-11-22/1542859241372819_145_97.jpg"}],"num":1},"desc":"焦小平：合规的10%限额内的PPP支出责任不是隐性债务"},{"cate":"100300005;101283975;101350632","comm":{"aid":"100","tid":"101350632"},"edit":{"head":"","link":"","name":"","rank":"","desc":""},"link":"http://economy.caixin.com/2018-11-22/101350632.html","nid":101350632,"subDesc":"要闻","video":"","type":0,"tags":[],"audioUrl":"http://audio.caixin.com/caixin/632/101350632.mp3","form":null,"summ":"","freeDuration":"0","freeTime":"","channelDesc":"经济频道","time":"2018-11-22 10:30:40","attr":0,"channelId":129,"pict":null,"desc":"财新数据|10月全国地方政府债务余额升至18.4万亿元"},{"cate":"100300005;101283975;101350380","comm":{"aid":"100","tid":"101350380"},"edit":{"head":"","link":"","name":"","rank":"","desc":""},"link":"http://economy.caixin.com/2018-11-21/101350380.html","nid":101350380,"subDesc":"要闻","video":"","type":0,"tags":[],"audioUrl":"http://audio.caixin.com/caixin/380/101350380.mp3","form":null,"summ":"","freeDuration":"0","freeTime":"","channelDesc":"经济频道","time":"2018-11-21 15:06:37","attr":0,"channelId":129,"pict":null,"desc":"财新数据|前十月地方债发行量超4万亿元"},{"cate":"100300005;100300184;101350313","comm":{"aid":"100","tid":"101350313"},"edit":{"head":"","link":"","name":"驻香港记者 尉奕阳","rank":"","desc":""},"link":"http://economy.caixin.com/2018-11-21/101350313.html","nid":101350313,"subDesc":"要闻","video":"","type":0,"tags":[],"audioUrl":"http://audio.caixin.com/caixin/313/101350313.mp3","form":null,"summ":"高盛认为，中国要实现2019年经济增长目标并非易事，中美贸易摩擦将成为2019年中国经济增长最大风险","freeDuration":"0","freeTime":"","channelDesc":"经济频道","time":"2018-11-21 13:57:06","attr":5,"channelId":129,"pict":{"imgs":[{"txt":"","url":"http://img.caixin.com/2018-11-21/1542780365685985_145_97.jpg"}],"num":1},"desc":"高盛预计中国明年GDP增长6.2% 财政刺激成主要动力"},{"cate":"100300005;101283975;101350273","comm":{"aid":"100","tid":"101350273"},"edit":{"head":"","link":"","name":"","rank":"","desc":""},"link":"http://economy.caixin.com/2018-11-21/101350273.html","nid":101350273,"subDesc":"要闻","video":"","type":0,"tags":[],"audioUrl":"http://audio.caixin.com/caixin/273/101350273.mp3","form":null,"summ":"","freeDuration":"0","freeTime":"","channelDesc":"经济频道","time":"2018-11-21 12:04:50","attr":0,"channelId":129,"pict":null,"desc":"财新数据|FAANNG总市值较高点下跌24%"},{"cate":"100300005;101283975;101350267","comm":{"aid":"100","tid":"101350267"},"edit":{"head":"","link":"","name":"","rank":"","desc":""},"link":"http://economy.caixin.com/2018-11-21/101350267.html","nid":101350267,"subDesc":"要闻","video":"","type":0,"tags":[],"audioUrl":"http://audio.caixin.com/caixin/267/101350267.mp3","form":null,"summ":"","freeDuration":"0","freeTime":"","channelDesc":"经济频道","time":"2018-11-21 12:04:11","attr":0,"channelId":129,"pict":null,"desc":"财新数据|拼多多市值逼近京东"},{"cate":"100300005;101283975;101349699","comm":{"aid":"100","tid":"101349699"},"edit":{"head":"","link":"","name":"","rank":"","desc":""},"link":"http://economy.caixin.com/2018-11-20/101349699.html","nid":101349699,"subDesc":"要闻","video":"","type":0,"tags":[],"audioUrl":"http://audio.caixin.com/caixin/699/101349699.mp3","form":null,"summ":"","freeDuration":"0","freeTime":"","channelDesc":"经济频道","time":"2018-11-20 14:20:14","attr":0,"channelId":129,"pict":null,"desc":"财新数据|10月铁路货运量同比增长10.1%"},{"cate":"100300005;101283975;101349658","comm":{"aid":"100","tid":"101349658"},"edit":{"head":"","link":"","name":"","rank":"","desc":""},"link":"http://economy.caixin.com/2018-11-20/101349658.html","nid":101349658,"subDesc":"要闻","video":"","type":0,"tags":[],"audioUrl":"http://audio.caixin.com/caixin/658/101349658.mp3","form":null,"summ":"","freeDuration":"0","freeTime":"","channelDesc":"经济频道","time":"2018-11-20 13:35:04","attr":0,"channelId":129,"pict":null,"desc":"财新数据|电信业务收入增幅创逾两年来新低"},{"cate":"100300005;101283975;101349643","comm":{"aid":"100","tid":"101349643"},"edit":{"head":"","link":"","name":"","rank":"","desc":""},"link":"http://economy.caixin.com/2018-11-20/101349643.html","nid":101349643,"subDesc":"要闻","video":"","type":0,"tags":[],"audioUrl":"http://audio.caixin.com/caixin/643/101349643.mp3","form":null,"summ":"","freeDuration":"0","freeTime":"","channelDesc":"经济频道","time":"2018-11-20 13:19:09","attr":0,"channelId":129,"pict":null,"desc":"财新数据|三季度全国非现金支付业务增长33.31%"},{"cate":"100300005;101283975;101349552","comm":{"aid":"100","tid":"101349552"},"edit":{"head":"","link":"","name":"","rank":"","desc":""},"link":"http://economy.caixin.com/2018-11-20/101349552.html","nid":101349552,"subDesc":"要闻","video":"","type":0,"tags":[],"audioUrl":"http://audio.caixin.com/caixin/552/101349552.mp3","form":null,"summ":"","freeDuration":"0","freeTime":"","channelDesc":"经济频道","time":"2018-11-20 10:35:50","attr":0,"channelId":129,"pict":null,"desc":"财新数据|商品房销售面积增速连续三个月下滑"},{"cate":"100300005;101283975;101349529","comm":{"aid":"100","tid":"101349529"},"edit":{"head":"","link":"","name":"","rank":"","desc":""},"link":"http://economy.caixin.com/2018-11-20/101349529.html","nid":101349529,"subDesc":"要闻","video":"","type":0,"tags":[],"audioUrl":"http://audio.caixin.com/caixin/529/101349529.mp3","form":null,"summ":"","freeDuration":"0","freeTime":"","channelDesc":"经济频道","time":"2018-11-20 09:38:00","attr":0,"channelId":129,"pict":null,"desc":"财新数据|京东年度活跃用户自上市以来首次下降"},{"cate":"100300005;100300184;101349400","comm":{"aid":"100","tid":"101349400"},"edit":{"head":"","link":"","name":"记者 程思炜","rank":"","desc":""},"link":"http://economy.caixin.com/2018-11-19/101349400.html","nid":101349400,"subDesc":"要闻","video":"","type":0,"tags":[],"audioUrl":"http://audio.caixin.com/caixin/400/101349400.mp3","form":{"txt":"政策信息","url":"http://economy.caixin.com/policy/"},"summ":"税务总局发布26条民企支持措施，对生产经营困难、纳税信用良好的民营企业，要进一步研究针对性、操作性强的税收帮扶措施，并积极推动纳入地方政府的统筹安排中","freeDuration":"6","freeTime":"","channelDesc":"经济频道","time":"2018-11-19 22:12:50","attr":5,"channelId":129,"pict":{"imgs":[{"txt":"","url":"http://img.caixin.com/2018-07-29/1532831792556725_145_97.jpg"}],"num":1},"desc":"税务总局：对经营困难的民企 依法办理延期纳税"},{"cate":"100300005;101283975;101349369","comm":{"aid":"100","tid":"101349369"},"edit":{"head":"","link":"","name":"","rank":"","desc":""},"link":"http://economy.caixin.com/2018-11-19/101349369.html","nid":101349369,"subDesc":"要闻","video":"","type":0,"tags":[],"audioUrl":"http://audio.caixin.com/caixin/369/101349369.mp3","form":null,"summ":"","freeDuration":"0","freeTime":"","channelDesc":"经济频道","time":"2018-11-19 20:30:43","attr":0,"channelId":129,"pict":null,"desc":"财新数据|中国商业银行不良贷款突破2万亿元"},{"cate":"100300005;101283975;101348993","comm":{"aid":"100","tid":"101348993"},"edit":{"head":"","link":"","name":"","rank":"","desc":""},"link":"http://economy.caixin.com/2018-11-19/101348993.html","nid":101348993,"subDesc":"要闻","video":"","type":0,"tags":[],"audioUrl":"http://audio.caixin.com/caixin/993/101348993.mp3","form":null,"summ":"","freeDuration":"0","freeTime":"","channelDesc":"经济频道","time":"2018-11-19 10:51:31","attr":0,"channelId":129,"pict":null,"desc":"财新数据|前十月个人按揭贷款继续负增长"},{"cate":"100300005;101283975;101348606","comm":{"aid":"100","tid":"101348606"},"edit":{"head":"","link":"","name":"","rank":"","desc":""},"link":"http://economy.caixin.com/2018-11-18/101348606.html","nid":101348606,"subDesc":"要闻","video":"","type":0,"tags":[],"audioUrl":"http://audio.caixin.com/caixin/606/101348606.mp3","form":null,"summ":"","freeDuration":"0","freeTime":"","channelDesc":"经济频道","time":"2018-11-18 10:38:20","attr":0,"channelId":129,"pict":null,"desc":"财新数据|香港经济增速创两年来新低"},{"cate":"100300005;101283975;101348570","comm":{"aid":"100","tid":"101348570"},"edit":{"head":"","link":"","name":"","rank":"","desc":""},"link":"http://economy.caixin.com/2018-11-18/101348570.html","nid":101348570,"subDesc":"要闻","video":"","type":0,"tags":[],"audioUrl":"http://audio.caixin.com/caixin/570/101348570.mp3","form":null,"summ":"","freeDuration":"0","freeTime":"","channelDesc":"经济频道","time":"2018-11-18 09:42:26","attr":0,"channelId":129,"pict":null,"desc":"财新数据|中国所持美国国债连续四个月下降"},{"cate":"100300005;100300184;101348342","comm":{"aid":"100","tid":"101348342"},"edit":{"head":"","link":"","name":"记者 程思炜","rank":"","desc":""},"link":"http://economy.caixin.com/2018-11-17/101348342.html","nid":101348342,"subDesc":"要闻","video":"","type":0,"tags":[],"audioUrl":"http://audio.caixin.com/caixin/342/101348342.mp3","form":null,"summ":"财政部对全面实施绩效管理做出细化部署，部分要求相比此前收紧，到2020年底中央部门和省级层面要基本建成全方位、全过程、全覆盖的预算绩效管理体系，到2022年底覆盖到市县层面","freeDuration":"0","freeTime":"","channelDesc":"经济频道","time":"2018-11-17 11:49:34","attr":5,"channelId":129,"pict":{"imgs":[{"txt":"","url":"http://img.caixin.com/2017-04-14/1492144777376048_145_97.jpg"}],"num":1},"desc":"财政部：绩效目标未通过审核 不得安排预算"},{"cate":"100300005;101283975;101348037","comm":{"aid":"100","tid":"101348037"},"edit":{"head":"","link":"","name":"","rank":"","desc":""},"link":"http://economy.caixin.com/2018-11-16/101348037.html","nid":101348037,"subDesc":"要闻","video":"","type":0,"tags":[],"audioUrl":"http://audio.caixin.com/caixin/037/101348037.mp3","form":null,"summ":"","freeDuration":"0","freeTime":"","channelDesc":"经济频道","time":"2018-11-16 16:48:32","attr":0,"channelId":129,"pict":null,"desc":"财新数据|国内成品油价格有望迎来四年最大降幅"},{"cate":"100300005;101283975;101347948","comm":{"aid":"100","tid":"101347948"},"edit":{"head":"","link":"","name":"","rank":"","desc":""},"link":"http://economy.caixin.com/2018-11-16/101347948.html","nid":101347948,"subDesc":"要闻","video":"","type":0,"tags":[],"audioUrl":"http://audio.caixin.com/caixin/948/101347948.mp3","form":null,"summ":"","freeDuration":"0","freeTime":"","channelDesc":"经济频道","time":"2018-11-16 14:43:38","attr":0,"channelId":129,"pict":null,"desc":"财新数据|余额宝收益率跌破2.5% 较年初降近两个百分点"},{"cate":"100300005;100300184;101347661","comm":{"aid":"100","tid":"101347661"},"edit":{"head":"","link":"","name":"记者 王力为","rank":"","desc":""},"link":"http://economy.caixin.com/2018-11-15/101347661.html","nid":101347661,"subDesc":"要闻","video":"","type":0,"tags":[],"audioUrl":"http://audio.caixin.com/caixin/661/101347661.mp3","form":null,"summ":"学者型官员江小涓接棒在国内外均极为活跃、已出任清华大学苏世民书院院长的薛澜","freeDuration":"0","freeTime":"","channelDesc":"经济频道","time":"2018-11-15 20:53:43","attr":5,"channelId":129,"pict":{"imgs":[{"txt":"","url":"http://img.caixin.com/2018-11-15/1542287377221299_145_97.jpg"}],"num":1},"desc":"江小涓出任清华公管学院院长 近年深耕互联网经济"},{"cate":"100300005;100300184;101347379","comm":{"aid":"100","tid":"101347379"},"edit":{"head":"","link":"","name":"记者 董兢","rank":"","desc":""},"link":"http://economy.caixin.com/2018-11-15/101347379.html","nid":101347379,"subDesc":"要闻","video":"","type":0,"tags":[],"audioUrl":"http://audio.caixin.com/caixin/379/101347379.mp3","form":null,"summ":"纾困对象限于因现金流紧张发生债券违约，但符合经济结构优化升级方向、有前景的民营企业，且应符合“严格防止违规举债、严格防范国有资产流失”的前提","freeDuration":"3","freeTime":"","channelDesc":"经济频道","time":"2018-11-15 14:45:15","attr":5,"channelId":129,"pict":{"imgs":[{"txt":"","url":"http://img.caixin.com/2018-11-15/1542265333145735_145_97.jpg"}],"num":1},"desc":"发改委：将给予困境民企必要的财务支持和救助"},{"cate":"100300005;101283975;101347252","comm":{"aid":"100","tid":"101347252"},"edit":{"head":"","link":"","name":"","rank":"","desc":""},"link":"http://economy.caixin.com/2018-11-15/101347252.html","nid":101347252,"subDesc":"要闻","video":"","type":0,"tags":[],"audioUrl":"http://audio.caixin.com/caixin/252/101347252.mp3","form":null,"summ":"","freeDuration":"0","freeTime":"","channelDesc":"经济频道","time":"2018-11-15 10:41:00","attr":0,"channelId":129,"pict":null,"desc":"财新数据|腾讯三季度营收增速创近三年新低"},{"cate":"100300005;100300184;101346732","comm":{"aid":"100","tid":"101346732"},"edit":{"head":"","link":"","name":"记者 张娱","rank":"","desc":""},"link":"http://economy.caixin.com/2018-11-14/101346732.html","nid":101346732,"subDesc":"要闻","video":"","type":0,"tags":[],"audioUrl":"http://audio.caixin.com/caixin/732/101346732.mp3","form":{"txt":"宏观数据","url":"http://economy.caixin.com/macro_economy/"},"summ":"统计局称，生产需求总体稳定，新动能不断成长，中高端制造业增长较快","freeDuration":"6","freeTime":"","channelDesc":"经济频道","time":"2018-11-14 11:07:12","attr":5,"channelId":129,"pict":{"imgs":[{"txt":"","url":"http://img.caixin.com/2018-11-14/1542165321593977_145_97.jpg"}],"num":1},"desc":"10月工业增加值同比增长5.9% 汽车生产连降四月"}],"start":0,"count":100,"maxes":1000}