{"datas":[{"cate":"100300001;100300177;101310983","comm":{"aid":"100","tid":"101310983"},"edit":{"head":"","link":"","name":"记者 彭骎骎","rank":"","desc":""},"link":"http://finance.caixin.com/2018-08-02/101310983.html","nid":101310983,"subDesc":"要闻","video":"","type":0,"tags":[],"audioUrl":"http://audio.caixin.com/caixin/983/101310983.mp3","form":null,"summ":"处罚金额受限于《反洗钱法》；目前中国正在接受FATF的反洗钱评估","freeDuration":"0","freeTime":"","channelDesc":"金融频道","time":"2018-08-02 16:12:37","attr":5,"channelId":125,"pict":{"imgs":[{"txt":"","url":"http://img.caixin.com/2018-08-02/1533197702882236_145_97.jpg"}],"num":1},"desc":"央行总行首开反洗钱罚单 五家金融机构总部最高被罚170万"},{"cate":"100300001;100300177;101310818","comm":{"aid":"100","tid":"101310818"},"edit":{"head":"","link":"","name":"记者 武晓蒙","rank":"","desc":""},"link":"http://finance.caixin.com/2018-08-02/101310818.html","nid":101310818,"subDesc":"要闻","video":"","type":0,"tags":[],"audioUrl":"http://audio.caixin.com/caixin/818/101310818.mp3","form":null,"summ":"部分银行下半年将加快公司贷款投放，主要是基建、棚户区项目等；还有一些银行尚在观望","freeDuration":"0","freeTime":"","channelDesc":"金融频道","time":"2018-08-02 09:39:28","attr":5,"channelId":125,"pict":{"imgs":[{"txt":"","url":"http://img.caixin.com/2018-08-02/1533181812002975_145_97.jpg"}],"num":1},"desc":"下半年信贷怎么放？部分大行抢窗口期发力对公贷款"},{"cate":"100300001;100300177;101310794","comm":{"aid":"100","tid":"101310794"},"edit":{"head":"","link":"","name":"记者 张宇哲","rank":"","desc":""},"link":"http://finance.caixin.com/2018-08-02/101310794.html","nid":101310794,"subDesc":"要闻","video":"","type":0,"tags":[],"audioUrl":"http://audio.caixin.com/caixin/794/101310794.mp3","form":null,"summ":"在央行的下半年工作电视会议上，人民银行党委班子全部亮相，包括党委委员、副行长刘国强，朱鹤新目前的公开身份是党委委员","freeDuration":"0","freeTime":"","channelDesc":"金融频道","time":"2018-08-02 08:36:29","attr":5,"channelId":125,"pict":{"imgs":[{"txt":"","url":"http://img.caixin.com/2018-08-02/1533171741043750_145_97.jpg"}],"num":1},"desc":"朱鹤新首次亮相央行 或将出任金融委专职副主任"},{"cate":"100300001;100300177;101310712","comm":{"aid":"100","tid":"101310712"},"edit":{"head":"","link":"","name":"记者 彭骎骎","rank":"","desc":""},"link":"http://finance.caixin.com/2018-08-01/101310712.html","nid":101310712,"subDesc":"要闻","video":"","type":0,"tags":[],"audioUrl":"http://audio.caixin.com/caixin/712/101310712.mp3","form":null,"summ":"建议中国构建更加市场化及透明化的货币政策框架，建立更市场化、更健全的金融体系，以进一步改善外部失衡状况","freeDuration":"48","freeTime":"","channelDesc":"金融频道","time":"2018-08-01 20:15:07","attr":5,"channelId":125,"pict":{"imgs":[{"txt":"","url":"http://img.caixin.com/2018-07-26/1532564766716723_145_97.jpg"}],"num":1},"desc":"IMF：中国外部失衡改善 外储规模接近最优上限"},{"cate":"100300001;100300177;101310451","comm":{"aid":"100","tid":"101310451"},"edit":{"head":"","link":"","name":"记者 张宇哲","rank":"","desc":""},"link":"http://finance.caixin.com/2018-08-01/101310451.html","nid":101310451,"subDesc":"要闻","video":"","type":0,"tags":[],"audioUrl":"http://audio.caixin.com/caixin/451/101310451.mp3","form":null,"summ":"这意味着，中融新大的公司债被踢出了债券质押库；近期中融新大债券价格大幅波动，但并没有违约和违规公告，亦没有降级，目前联合资信对其主体信用评级仍为AAA","freeDuration":"0","freeTime":"","channelDesc":"金融频道","time":"2018-08-01 10:44:25","attr":5,"channelId":125,"pict":{"imgs":[{"txt":"","url":"http://img.caixin.com/2018-08-01/1533092149008576_145_97.jpg"}],"num":1},"desc":"中融新大标准券折算率突降为零 引发市场争议"},{"cate":"100300001;100300177;101310358","comm":{"aid":"100","tid":"101310358"},"edit":{"head":"","link":"","name":"记者 吴红毓然","rank":"","desc":""},"link":"http://finance.caixin.com/2018-08-01/101310358.html","nid":101310358,"subDesc":"要闻","video":"","type":0,"tags":[],"audioUrl":"http://audio.caixin.com/caixin/358/101310358.mp3","form":null,"summ":"目前稳字当头，政策出现边际放松，但并非全面转向；过去一段时间运动式强监管的节奏可能适度放缓","freeDuration":"0","freeTime":"","channelDesc":"金融频道","time":"2018-08-01 07:28:07","attr":5,"channelId":125,"pict":{"imgs":[{"txt":"","url":"http://img.caixin.com/2018-08-01/1533082181970946_145_97.jpg"}],"num":1},"desc":"解读政治局会议：一锤定音去杠杆 扩基建控地产"},{"cate":"100300001;100300177;101310176","comm":{"aid":"100","tid":"101310176"},"edit":{"head":"","link":"","name":"记者 韩祎","rank":"","desc":""},"link":"http://finance.caixin.com/2018-07-31/101310176.html","nid":101310176,"subDesc":"要闻","video":"","type":0,"tags":[],"audioUrl":"http://audio.caixin.com/caixin/176/101310176.mp3","form":null,"summ":"江苏银监局曾在今年1月对南京银行镇江分行开出3000余万元罚单，但此案在银行乱象整治中不算性质严重。目前南京银行亟需补充核心资本","freeDuration":"0","freeTime":"","channelDesc":"金融频道","time":"2018-07-31 15:28:37","attr":5,"channelId":125,"pict":{"imgs":[{"txt":"","url":"http://img.caixin.com/2018-07-31/1533022382619650_145_97.jpg"}],"num":1},"desc":"南京银行140亿定增被否 分析认为与银监罚单无必然联系"},{"cate":"100300001;100300177;101310140","comm":{"aid":"100","tid":"101310140"},"edit":{"head":"","link":"","name":"记者 彭骎骎 张宇哲","rank":"","desc":""},"link":"http://finance.caixin.com/2018-07-31/101310140.html","nid":101310140,"subDesc":"要闻","video":"","type":0,"tags":[],"audioUrl":"http://audio.caixin.com/caixin/140/101310140.mp3","form":null,"summ":"相比交易所债市，银行间债市要求注销登记必须以到期兑付、延期兑付、提前兑付等债权债务关系终止了结为前提；据财新记者了解，永泰能源已与“13永泰债”的大部分机构投资者就债券展期达成初步协议","freeDuration":"0","freeTime":"","channelDesc":"金融频道","time":"2018-07-31 14:02:07","attr":5,"channelId":125,"pict":{"imgs":[{"txt":"","url":"http://img.caixin.com/2018-07-31/1533017208833144_145_97.jpg"}],"num":1},"desc":"永泰公司债违约仍然到期摘牌 取消托管惹争议"},{"cate":"100300001;100300177;101310068","comm":{"aid":"100","tid":"101310068"},"edit":{"head":"","link":"","name":"见习记者 全月","rank":"","desc":""},"link":"http://finance.caixin.com/2018-07-31/101310068.html","nid":101310068,"subDesc":"要闻","video":"","type":0,"tags":[],"audioUrl":"http://audio.caixin.com/caixin/068/101310068.mp3","form":null,"summ":"央行对卡友和付临门对分别罚款2582.50万元和892.28万元；卡友被要求退出贵州等25个省份的银行卡收单业务，付临门退出四川省的银行卡收单业务","freeDuration":"0","freeTime":"","channelDesc":"金融频道","time":"2018-07-31 10:32:14","attr":5,"channelId":125,"pict":{"imgs":[{"txt":"","url":"http://img.caixin.com/2017-05-19/1495192753483191_145_97.jpg"}],"num":1},"desc":"卡友和付临门领罚单 并被责令退出严重违规区域"},{"cate":"100300001;100300177;101309821","comm":{"aid":"100","tid":"101309821"},"edit":{"head":"","link":"","name":"记者 武晓蒙","rank":"","desc":""},"link":"http://finance.caixin.com/2018-07-30/101309821.html","nid":101309821,"subDesc":"要闻","video":"","type":0,"tags":[],"audioUrl":"http://audio.caixin.com/caixin/821/101309821.mp3","form":null,"summ":"2007年，葫芦岛银行时任行长王学伶因该行购买国债资金被挪用一案而被免职；时隔11年，他悄然回归，出任行长，并有望担任董事长","freeDuration":"0","freeTime":"","channelDesc":"金融频道","time":"2018-07-30 16:21:02","attr":5,"channelId":125,"pict":{"imgs":[{"txt":"","url":"http://img.caixin.com/2018-07-30/1532939641620177_145_97.jpg"}],"num":1},"desc":"独家|11年前因案被免 葫芦岛银行前行长王学伶如今官复原职"},{"cate":"100300001;100300177;101309771","comm":{"aid":"100","tid":"101309771"},"edit":{"head":"","link":"","name":"记者 朱亮韬","rank":"","desc":""},"link":"http://finance.caixin.com/2018-07-30/101309771.html","nid":101309771,"subDesc":"要闻","video":"","type":0,"tags":[],"audioUrl":"http://audio.caixin.com/caixin/771/101309771.mp3","form":null,"summ":"陈树隆被控受贿、滥用职权、内幕交易、泄露内幕信息罪，合计获利约4.45亿元。陈树隆当庭表示认罪、悔罪。","freeDuration":"0","freeTime":"","channelDesc":"金融频道","time":"2018-07-30 13:39:18","attr":5,"channelId":125,"pict":{"imgs":[{"txt":"","url":"http://img.caixin.com/2018-07-27/1532683386326259_145_97.jpg"}],"num":1},"desc":"“股神”副省长陈树隆受审 被控受贿、内幕交易获利4.45亿元"},{"cate":"100300001;100300177;101309422","comm":{"aid":"100","tid":"101309422"},"edit":{"head":"","link":"","name":"记者 刘彩萍","rank":"","desc":""},"link":"http://finance.caixin.com/2018-07-28/101309422.html","nid":101309422,"subDesc":"要闻","video":"","type":0,"tags":[],"audioUrl":"http://audio.caixin.com/caixin/422/101309422.mp3","form":null,"summ":"华信证券被评为D类券商，意味着公司风险管理能力低，潜在风险可能超过公司可承受范围","freeDuration":"0","freeTime":"","channelDesc":"金融频道","time":"2018-07-28 09:13:58","attr":5,"channelId":125,"pict":{"imgs":[{"txt":"","url":"http://img.caixin.com/2016-11-05/1478314811661429_145_97.jpg"}],"num":1},"desc":"券商2018大考结果出炉 现史上首家D类公司"},{"cate":"100300001;100300177;101309381","comm":{"aid":"100","tid":"101309381"},"edit":{"head":"","link":"","name":"记者 朱亮韬","rank":"","desc":""},"link":"http://finance.caixin.com/2018-07-28/101309381.html","nid":101309381,"subDesc":"要闻","video":"","type":0,"tags":[],"audioUrl":"http://audio.caixin.com/caixin/381/101309381.mp3","form":null,"summ":"退市新规首次提及上市公司涉及国家安全、公共安全、生态安全、生产安全和公众健康安全等领域的重大违法行为，证券交易所应当严格依法作出终止上市决定","freeDuration":"0","freeTime":"","channelDesc":"金融频道","time":"2018-07-28 08:02:29","attr":5,"channelId":125,"pict":{"imgs":[{"txt":"","url":"http://img.caixin.com/2018-05-04/1525445523195960_145_97.jpg"}],"num":1},"desc":"证监会深夜公布退市新规 危害公众健康安全一票否决"},{"cate":"100300001;100300177;101309194","comm":{"aid":"100","tid":"101309194"},"edit":{"head":"","link":"","name":"驻香港记者 尉奕阳","rank":"","desc":""},"link":"http://finance.caixin.com/2018-07-27/101309194.html","nid":101309194,"subDesc":"要闻","video":"","type":0,"tags":[],"audioUrl":"http://audio.caixin.com/caixin/194/101309194.mp3","form":null,"summ":"市场人士认为，中国铁塔属长线投资，股价短期波幅料较低，对机构投资者吸引力大于散户","freeDuration":"0","freeTime":"","channelDesc":"金融频道","time":"2018-07-27 16:47:59","attr":5,"channelId":125,"pict":{"imgs":[{"txt":"","url":"http://img.caixin.com/2018-07-27/1532681458568631_145_97.jpg"}],"num":1},"desc":"中国铁塔香港招股 散户反应冷淡国际配售足额"},{"cate":"100300001;100300177;101309140","comm":{"aid":"100","tid":"101309140"},"edit":{"head":"","link":"","name":"记者 朱亮韬","rank":"","desc":""},"link":"http://finance.caixin.com/2018-07-27/101309140.html","nid":101309140,"subDesc":"要闻","video":"","type":0,"tags":[],"audioUrl":"http://audio.caixin.com/caixin/140/101309140.mp3","form":null,"summ":"6月底以来的一个月时间里，A股市场至少已有11家上市公司出现控制权拟转让给国资公司的情况。包括股票质押爆仓在内的债务危机成为大多数大股东卖壳的导火索","freeDuration":"0","freeTime":"","channelDesc":"金融频道","time":"2018-07-27 15:02:32","attr":5,"channelId":125,"pict":{"imgs":[{"txt":"","url":"http://img.caixin.com/2017-10-17/1508212191980313_145_97.jpg"}],"num":1},"desc":"大股东频频爆仓 国资公司密集出手“买壳”"},{"cate":"100300001;100300177;101309041","comm":{"aid":"100","tid":"101309041"},"edit":{"head":"","link":"","name":"见习记者 张立君","rank":"","desc":""},"link":"http://finance.caixin.com/2018-07-27/101309041.html","nid":101309041,"subDesc":"要闻","video":"","type":0,"tags":[],"audioUrl":"http://audio.caixin.com/caixin/041/101309041.mp3","form":null,"summ":"疫苗拥有较高的行业壁垒、规模化生产带来的低成本，往往享有超高的毛利率，但是过高的销售费用也侵蚀了大部分的营业收入。与此对应的是销售过程中屡见不鲜的行贿，长生生物一支售价不到一百元的狂犬疫苗的提成最高达到20元","freeDuration":"0","freeTime":"","channelDesc":"金融频道","time":"2018-07-27 10:22:39","attr":5,"channelId":125,"pict":{"imgs":[{"txt":"","url":"http://img.caixin.com/2018-07-27/1532658541322567_145_97.jpg"}],"num":1},"desc":"高毛利高销售费用 财报数据揭疫苗企业灰色利益链"},{"cate":"100300001;100300177;101308963","comm":{"aid":"100","tid":"101308963"},"edit":{"head":"","link":"","name":"记者 吴红毓然","rank":"","desc":""},"link":"http://finance.caixin.com/2018-07-27/101308963.html","nid":101308963,"subDesc":"要闻","video":"","type":0,"tags":[],"audioUrl":"http://audio.caixin.com/caixin/963/101308963.mp3","form":null,"summ":"房地产商人实名举报引发被查。杨家才被查明直接或通过其妻子、其儿子非法索取或收受他人财物共计2308.62万元，有3159.59万元不能说明来源","freeDuration":"0","freeTime":"","channelDesc":"金融频道","time":"2018-07-27 07:02:51","attr":5,"channelId":125,"pict":{"imgs":[{"txt":"","url":"http://img.caixin.com/2018-07-27/1532649636405726_145_97.jpg"}],"num":1},"desc":"原银监会主席助理杨家才因受贿等被判16年 妻与子均另案处理"},{"cate":"100300001;100300177;101308897","comm":{"aid":"100","tid":"101308897"},"edit":{"head":"","link":"","name":"记者 武晓蒙","rank":"","desc":""},"link":"http://finance.caixin.com/2018-07-26/101308897.html","nid":101308897,"subDesc":"要闻","video":"","type":0,"tags":[],"audioUrl":"http://audio.caixin.com/caixin/897/101308897.mp3","form":null,"summ":"战略投资者主要来自保险行业，尚待监管审批；回归主业，今年的目标是确保不良资产主业份额在增量和总量结构中的占比“双过半”","freeDuration":"12","freeTime":"","channelDesc":"金融频道","time":"2018-07-26 21:29:26","attr":5,"channelId":125,"pict":{"imgs":[{"txt":"","url":"http://img.caixin.com/2018-07-26/1532612038606054_145_97.jpg"}],"num":1},"desc":"四家战投拟注资长城资产 合计121亿元"},{"cate":"100300001;100300177;101308743","comm":{"aid":"100","tid":"101308743"},"edit":{"head":"","link":"","name":"记者 张榆","rank":"","desc":""},"link":"http://finance.caixin.com/2018-07-26/101308743.html","nid":101308743,"subDesc":"要闻","video":"","type":0,"tags":[],"audioUrl":"http://audio.caixin.com/caixin/743/101308743.mp3","form":null,"summ":"基于两融业务债权的ABS快速发展的背后是券商外部融资渠道不断收缩后的方向转换。不过和近万亿两融余额相比，两融债权ABS规模仍有限","freeDuration":"0","freeTime":"","channelDesc":"金融频道","time":"2018-07-26 15:36:42","attr":5,"channelId":125,"pict":{"imgs":[{"txt":"","url":"http://img.caixin.com/2017-05-10/1494420794283429_145_97.jpg"}],"num":1},"desc":"两融债权ABS上半年同比增11倍"},{"cate":"100300001;100300177;101308400","comm":{"aid":"100","tid":"101308400"},"edit":{"head":"","link":"","name":"驻香港记者 尉奕阳","rank":"","desc":""},"link":"http://finance.caixin.com/2018-07-25/101308400.html","nid":101308400,"subDesc":"要闻","video":"","type":0,"tags":[],"audioUrl":"http://audio.caixin.com/caixin/400/101308400.mp3","form":null,"summ":"企业版同股不同权指，拥有特殊投票权的股东为企业或机构身份；港交所目前已允许个人股东持有上市公司特殊股权","freeDuration":"0","freeTime":"","channelDesc":"金融频道","time":"2018-07-25 17:52:26","attr":5,"channelId":125,"pict":{"imgs":[{"txt":"","url":"http://img.caixin.com/2018-07-25/1532512484601310_145_97.jpg"}],"num":1},"desc":"港交所推迟企业大股东同股不同权市场咨询"},{"cate":"100300001;100300177;101308281","comm":{"aid":"100","tid":"101308281"},"edit":{"head":"","link":"","name":"驻香港记者 尉奕阳","rank":"","desc":""},"link":"http://finance.caixin.com/2018-07-25/101308281.html","nid":101308281,"subDesc":"要闻","video":"","type":0,"tags":[],"audioUrl":"http://audio.caixin.com/caixin/281/101308281.mp3","form":{"txt":"银行","url":"http://finance.caixin.com/bank/"},"summ":"新钞将从2018年底开始陆续上市流通，旧版纸钞将仍然作为法定货币继续流通","freeDuration":"0","freeTime":"","channelDesc":"金融频道","time":"2018-07-25 13:32:06","attr":5,"channelId":125,"pict":{"imgs":[{"txt":"","url":"http://img.caixin.com/2018-07-25/1532497732430057_145_97.jpg"}],"num":1},"desc":"香港发行新版港元纸币 粤剧饮茶成新图案"},{"cate":"100300001;100300177;101308209","comm":{"aid":"100","tid":"101308209"},"edit":{"head":"","link":"","name":"记者 韩祎","rank":"","desc":""},"link":"http://finance.caixin.com/2018-07-25/101308209.html","nid":101308209,"subDesc":"要闻","video":"","type":0,"tags":[],"audioUrl":"http://audio.caixin.com/caixin/209/101308209.mp3","form":null,"summ":"部分银行在托管过程中严重失职。中基协和中银协针对托管责任边界各执己见。专家呼吁暂时放下争执，协商解决问题","freeDuration":"0","freeTime":"","channelDesc":"金融频道","time":"2018-07-25 10:28:39","attr":5,"channelId":125,"pict":{"imgs":[{"txt":"","url":"http://img.caixin.com/2018-07-25/1532485970288145_145_97.jpg"}],"num":1},"desc":"私募基金实控人跑路 托管银行成众矢之的冤不冤？"},{"cate":"100300001;100300177;101308159","comm":{"aid":"100","tid":"101308159"},"edit":{"head":"","link":"","name":"驻香港记者 刘雁菲","rank":"","desc":""},"link":"http://finance.caixin.com/2018-07-25/101308159.html","nid":101308159,"subDesc":"要闻","video":"","type":0,"tags":[],"audioUrl":"http://audio.caixin.com/caixin/159/101308159.mp3","form":null,"summ":"庞大的资本开支压力下，中国铁塔计划将集资总额的约30%用于偿还债务","freeDuration":"0","freeTime":"","channelDesc":"金融频道","time":"2018-07-25 08:38:26","attr":5,"channelId":125,"pict":{"imgs":[{"txt":"","url":"http://img.caixin.com/2018-07-25/1532479256921271_145_97.jpg"}],"num":1},"desc":"中国铁塔今起招股 2018年资本开支将达340亿元"},{"cate":"100300001;100300177;101307989","comm":{"aid":"100","tid":"101307989"},"edit":{"head":"","link":"","name":"实习记者 谭影子","rank":"","desc":""},"link":"http://finance.caixin.com/2018-07-24/101307989.html","nid":101307989,"subDesc":"要闻","video":"","type":0,"tags":[],"audioUrl":"http://audio.caixin.com/caixin/989/101307989.mp3","form":null,"summ":"中债登报告认为，建立与市场规模相适应的政策机制十分重要，建议成立政府支持机构收购重组住房抵押贷款，经过担保和信用加强后，以标准化证券的形式出售","freeDuration":"0","freeTime":"","channelDesc":"金融频道","time":"2018-07-24 17:36:14","attr":5,"channelId":125,"pict":{"imgs":[{"txt":"","url":"http://img.caixin.com/2018-07-24/1532425254236087_145_97.jpg"}],"num":1},"desc":"上半年RMBS发行量增400% 中债登建议完善政策机制"},{"cate":"100300001;100300177;101307970","comm":{"aid":"100","tid":"101307970"},"edit":{"head":"","link":"","name":"记者 吴雨俭 驻香港实习记者 文思敏","rank":"","desc":""},"link":"http://finance.caixin.com/2018-07-24/101307970.html","nid":101307970,"subDesc":"要闻","video":"","type":0,"tags":[],"audioUrl":"http://audio.caixin.com/caixin/970/101307970.mp3","form":null,"summ":"爱钱帮前任董事长张培峰串联着上市公司、关联企业和多家中小型P2P平台；这种操作手法在P2P行业尤其是中小型P2P平台之间并不鲜见","freeDuration":"0","freeTime":"","channelDesc":"金融频道","time":"2018-07-24 17:07:00","attr":5,"channelId":125,"pict":{"imgs":[{"txt":"","url":"http://img.caixin.com/2018-07-24/1532423502620754_145_97.jpg"}],"num":1},"desc":"P2P平台爱钱帮宣布清盘 “凯瑞德系”浮出水面"},{"cate":"100300001;100300177;101307941","comm":{"aid":"100","tid":"101307941"},"edit":{"head":"","link":"","name":"记者 彭岩锋 实习记者 周斐","rank":"","desc":""},"link":"http://finance.caixin.com/2018-07-24/101307941.html","nid":101307941,"subDesc":"要闻","video":"","type":0,"tags":[],"audioUrl":"http://audio.caixin.com/caixin/941/101307941.mp3","form":null,"summ":"“卢智建”这个名字都可能是假的。多个信源向财新记者透露，“卢智建”拥有多张身份证。财新记者经过权威渠道确认，其中一张身份证的姓名为“卢志建”","freeDuration":"0","freeTime":"","channelDesc":"金融频道","time":"2018-07-24 15:44:01","attr":5,"channelId":125,"pict":{"imgs":[{"txt":"","url":"http://img.caixin.com/2018-07-24/1532418448675027_145_97.jpg"}],"num":1},"desc":"特稿|谁是爆雷平台投之家的幕后操盘者？"},{"cate":"100300001;100300177;101307878","comm":{"aid":"100","tid":"101307878"},"edit":{"head":"","link":"","name":"记者 朱亮韬","rank":"","desc":""},"link":"http://finance.caixin.com/2018-07-24/101307878.html","nid":101307878,"subDesc":"要闻","video":"","type":0,"tags":[],"audioUrl":"http://audio.caixin.com/caixin/878/101307878.mp3","form":null,"summ":"多数业内人士都对这一积极表态持欢迎乐观态度。随着股指期货未来恢复常态化交易，市场的流动性有望改善","freeDuration":"0","freeTime":"","channelDesc":"金融频道","time":"2018-07-24 13:20:22","attr":5,"channelId":125,"pict":{"imgs":[{"txt":"","url":"http://img.caixin.com/2018-07-24/1532410580635197_145_97.jpg"}],"num":1},"desc":"证监会“抓紧”恢复股指期货常态化 业内乐见其成"},{"cate":"100300001;100300177;101307786","comm":{"aid":"100","tid":"101307786"},"edit":{"head":"","link":"","name":"记者 刘彩萍","rank":"","desc":""},"link":"http://finance.caixin.com/2018-07-24/101307786.html","nid":101307786,"subDesc":"要闻","video":"","type":0,"tags":[],"audioUrl":"http://audio.caixin.com/caixin/786/101307786.mp3","form":null,"summ":"享年83岁，主张利用政策营造股票牛市，虽效果明显，但饱受争议","freeDuration":"0","freeTime":"","channelDesc":"金融频道","time":"2018-07-24 10:10:03","attr":5,"channelId":125,"pict":{"imgs":[{"txt":"","url":"http://img.caixin.com/2018-07-24/1532398599727257_145_97.jpg"}],"num":1},"desc":"证监会第三任主席周正庆病逝"},{"cate":"100300001;100300177;101307713","comm":{"aid":"100","tid":"101307713"},"edit":{"head":"","link":"","name":"见习记者 全月","rank":"","desc":""},"link":"http://finance.caixin.com/2018-07-23/101307713.html","nid":101307713,"subDesc":"要闻","video":"","type":0,"tags":[],"audioUrl":"http://audio.caixin.com/caixin/713/101307713.mp3","form":null,"summ":"值得注意的是，作为原告的19名股民和被告祥源文化均对赵薇等人追加信息披露违法行为的连带责任，要求法院将其列为共同被告，法院未当场采纳","freeDuration":"12","freeTime":"","channelDesc":"金融频道","time":"2018-07-23 21:22:37","attr":5,"channelId":125,"pict":{"imgs":[{"txt":"","url":"http://img.caixin.com/2018-07-23/1532352337014968_145_97.jpg"}],"num":1},"desc":"万家文化收购案再起波澜 股民起诉赵薇"},{"cate":"100300001;100300177;101307701","comm":{"aid":"100","tid":"101307701"},"edit":{"head":"","link":"","name":"记者 彭骎骎 霍侃","rank":"","desc":""},"link":"http://finance.caixin.com/2018-07-23/101307701.html","nid":101307701,"subDesc":"要闻","video":"","type":0,"tags":[],"audioUrl":"http://audio.caixin.com/caixin/701/101307701.mp3","form":null,"summ":"巨量MLF规模是基于银行向央行报送的拟新增贷款投放和信用债投资规模；市场人士认为，短期流动性宽松将持续","freeDuration":"0","freeTime":"","channelDesc":"金融频道","time":"2018-07-23 20:44:08","attr":5,"channelId":125,"pict":{"imgs":[{"txt":"","url":"http://img.caixin.com/2018-07-23/1532358663295165_145_97.jpg"}],"num":1},"desc":"央行“救助”信用债资金到账 巨量MLF是否中国式QE？"},{"cate":"100300001;100300177;101307621","comm":{"aid":"100","tid":"101307621"},"edit":{"head":"","link":"","name":"记者 陈曦","rank":"","desc":""},"link":"http://finance.caixin.com/2018-07-23/101307621.html","nid":101307621,"subDesc":"要闻","video":"","type":0,"tags":[],"audioUrl":"http://audio.caixin.com/caixin/621/101307621.mp3","form":null,"summ":"“疫苗门”以来长生生物股价已六连跌停；基金半年报显示，截至二季度末，重仓持有长生生物的基金数量已从一季度的11只降至2只","freeDuration":"0","freeTime":"","channelDesc":"金融频道","time":"2018-07-23 18:11:07","attr":5,"channelId":125,"pict":{"imgs":[{"txt":"","url":"http://img.caixin.com/2018-07-23/1532340855867263_145_97.jpg"}],"num":1},"desc":"长生生物六连跌停 二季度已遭基金“不约而同”减持"},{"cate":"100300001;100300177;101307608","comm":{"aid":"100","tid":"101307608"},"edit":{"head":"","link":"","name":"记者 彭骎骎","rank":"","desc":""},"link":"http://finance.caixin.com/2018-07-23/101307608.html","nid":101307608,"subDesc":"要闻","video":"","type":0,"tags":[],"audioUrl":"http://audio.caixin.com/caixin/608/101307608.mp3","form":null,"summ":"纠正了之前部分地方监管部门“一刀切”不允许公募资管投非标的理解偏差，短期内稳住市场流动性；允许对现金管理类理财用摊余成本法估值，利好短债，但债市长期调整不可避免","freeDuration":"0","freeTime":"","channelDesc":"金融频道","time":"2018-07-23 17:53:13","attr":5,"channelId":125,"pict":{"imgs":[{"txt":"","url":"http://img.caixin.com/2018-07-23/1532339861230364_145_97.jpg"}],"num":1},"desc":"资管新规细则解市场疑惑 去杠杆缓节奏非放松"},{"cate":"100300001;100300177;101307397","comm":{"aid":"100","tid":"101307397"},"edit":{"head":"","link":"","name":"驻香港记者 尉奕阳","rank":"","desc":""},"link":"http://finance.caixin.com/2018-07-23/101307397.html","nid":101307397,"subDesc":"要闻","video":"","type":0,"tags":[],"audioUrl":"http://audio.caixin.com/caixin/397/101307397.mp3","form":null,"summ":"中国铁塔有望成为今年港股市场最大型IPO","freeDuration":"0","freeTime":"","channelDesc":"金融频道","time":"2018-07-23 11:27:32","attr":5,"channelId":125,"pict":{"imgs":[{"txt":"","url":"http://img.caixin.com/2018-07-23/1532316661385298_145_97.jpg"}],"num":1},"desc":"中国铁塔香港IPO拟募680亿港元  高瓴阿里领衔基石"},{"cate":"100300001;100300177;101307376","comm":{"aid":"100","tid":"101307376"},"edit":{"head":"","link":"","name":"记者 武晓蒙","rank":"","desc":""},"link":"http://finance.caixin.com/2018-07-23/101307376.html","nid":101307376,"subDesc":"要闻","video":"","type":0,"tags":[],"audioUrl":"http://audio.caixin.com/caixin/376/101307376.mp3","form":null,"summ":"银行理财规模缩减速度将放缓，短期内或会增加对非标和信用债的配置，加大定期开放式理财和“宝宝类”产品的开发，分别对公募基金中的债券型基金和货币市场基金形成冲击","freeDuration":"0","freeTime":"","channelDesc":"金融频道","time":"2018-07-23 10:43:52","attr":5,"channelId":125,"pict":{"imgs":[{"txt":"","url":"http://img.caixin.com/2018-07-23/1532314038149347_145_97.jpg"}],"num":1},"desc":"一行两会齐发文 资管业务何去何从？"},{"cate":"100300001;100300177;101307213","comm":{"aid":"100","tid":"101307213"},"edit":{"head":"","link":"","name":"记者 吴红毓然","rank":"","desc":""},"link":"http://finance.caixin.com/2018-07-21/101307213.html","nid":101307213,"subDesc":"要闻","video":"","type":0,"tags":[],"audioUrl":"http://audio.caixin.com/caixin/213/101307213.mp3","form":null,"summ":"牵涉股东朱明亮、高天国、陈冬等人，15年内监管真空下，恒丰银行两任董事长前赴后继，用银行的资金控制银行的股权","freeDuration":"0","freeTime":"","channelDesc":"金融频道","time":"2018-07-21 15:42:42","attr":5,"channelId":125,"pict":{"imgs":[{"txt":"","url":"http://img.caixin.com/2017-11-28/1511870827787134_145_97.jpg"}],"num":1},"desc":"恒丰银行原董事长姜喜运案开庭 牵出股权运作黑幕始末"},{"cate":"100300001;100300177;101307158","comm":{"aid":"100","tid":"101307158"},"edit":{"head":"","link":"","name":"记者 刘彩萍","rank":"","desc":""},"link":"http://finance.caixin.com/2018-07-21/101307158.html","nid":101307158,"subDesc":"要闻","video":"","type":0,"tags":[],"audioUrl":"http://audio.caixin.com/caixin/158/101307158.mp3","form":null,"summ":"禁止证券期货经营机构提供规避监管要求的通道服务，禁止证券期货经营机构通过合同约定让渡管理职责","freeDuration":"12","freeTime":"","channelDesc":"金融频道","time":"2018-07-21 12:34:04","attr":5,"channelId":125,"pict":{"imgs":[{"txt":"","url":"http://img.caixin.com/2018-05-04/1525445523195960_145_97.jpg"}],"num":1},"desc":"证监会发布资管新规配套政策 “去通道”仍为重点"},{"cate":"100300001;100300177;101307137","comm":{"aid":"100","tid":"101307137"},"edit":{"head":"","link":"","name":"记者 武晓蒙","rank":"","desc":""},"link":"http://finance.caixin.com/2018-07-21/101307137.html","nid":101307137,"subDesc":"要闻","video":"","type":0,"tags":[],"audioUrl":"http://audio.caixin.com/caixin/137/101307137.mp3","form":null,"summ":"在资管新规要求产品转向净值型、打破刚兑等要求下，发展现金管理类理财产品是目前银行理财转型的路径之一；这类理财产品与货币市场基金在某些方面颇有相似之处","freeDuration":"0","freeTime":"","channelDesc":"金融频道","time":"2018-07-21 10:57:23","attr":5,"channelId":125,"pict":{"imgs":[{"txt":"","url":"http://img.caixin.com/2018-07-21/1532142395268356_145_97.jpg"}],"num":1},"desc":"“宝宝类”银行理财过渡期内按货基规则估值"},{"cate":"100300001;100300177;101307104","comm":{"aid":"100","tid":"101307104"},"edit":{"head":"","link":"","name":"记者 韩祎","rank":"","desc":""},"link":"http://finance.caixin.com/2018-07-21/101307104.html","nid":101307104,"subDesc":"要闻","video":"","type":0,"tags":[],"audioUrl":"http://audio.caixin.com/caixin/104/101307104.mp3","form":null,"summ":"上半年银保监会共处罚银行业金融机构798家、罚没14.3亿元，整治乱象初见成效，但是银行业经营形势依然严峻","freeDuration":"0","freeTime":"","channelDesc":"金融频道","time":"2018-07-21 09:44:15","attr":5,"channelId":125,"pict":{"imgs":[{"txt":"","url":"http://img.caixin.com/2017-05-13/1494660160554757_145_97.jpg"}],"num":1},"desc":"银行业整顿持续进行 上半年798家机构受罚"},{"cate":"100300001;100300177;101307083","comm":{"aid":"100","tid":"101307083"},"edit":{"head":"","link":"","name":"记者 张宇哲","rank":"","desc":""},"link":"http://finance.caixin.com/2018-07-21/101307083.html","nid":101307083,"subDesc":"要闻","video":"","type":0,"tags":[],"audioUrl":"http://audio.caixin.com/caixin/083/101307083.mp3","form":null,"summ":"蚂蚁金服和腾讯均加速与多个地方金融局（办）达成监管科技合作协议，帮助地方进行实时风险识别预警和证据链溯源","freeDuration":"0","freeTime":"","channelDesc":"金融频道","time":"2018-07-21 08:56:13","attr":5,"channelId":125,"pict":{"imgs":[{"txt":"","url":"http://img.caixin.com/2018-07-21/1532135028877048_145_97.jpg"}],"num":1},"desc":"非法集资泛滥 地方与科技公司合作监管科技"},{"cate":"100300001;100300177;101307002","comm":{"aid":"100","tid":"101307002"},"edit":{"head":"","link":"","name":"记者 吴雨俭","rank":"","desc":""},"link":"http://finance.caixin.com/2018-07-20/101307002.html","nid":101307002,"subDesc":"要闻","video":"","type":0,"tags":[],"audioUrl":"http://audio.caixin.com/caixin/002/101307002.mp3","form":null,"summ":"P2P专项整治工作将会继续，“节奏不变、进度不断、力度不减”","freeDuration":"0","freeTime":"","channelDesc":"金融频道","time":"2018-07-20 21:42:35","attr":5,"channelId":125,"pict":{"imgs":[{"txt":"","url":"http://img.caixin.com/2018-06-05/1528169880819849_145_97.jpg"}],"num":1},"desc":"北京互金整治办：开展现场检查 促合规P2P平台健康发展"},{"cate":"100300001;100300177;101306998","comm":{"aid":"100","tid":"101306998"},"edit":{"head":"","link":"","name":"记者 彭骎骎 吴红毓然","rank":"","desc":""},"link":"http://finance.caixin.com/2018-07-20/101306998.html","nid":101306998,"subDesc":"要闻","video":"","type":0,"tags":[],"audioUrl":"http://audio.caixin.com/caixin/998/101306998.mp3","form":null,"summ":"银行理财的合作机构包括银行AMC下属的私募机构，为日后理财资金投资债转股留出了空间；银行需要对委外合作机构实行名单制管理，不能因为委托其他机构而完全免责","freeDuration":"0","freeTime":"","channelDesc":"金融频道","time":"2018-07-20 21:42:17","attr":5,"channelId":125,"pict":{"imgs":[{"txt":"","url":"http://img.caixin.com/2018-04-08/1523173905546362_145_97.jpg"}],"num":1},"desc":"理财新规约束委外 只能与持牌机构及银行AMC旗下私募合作"},{"cate":"100300001;100300177;101306980","comm":{"aid":"100","tid":"101306980"},"edit":{"head":"","link":"","name":"记者 刘彩萍","rank":"","desc":""},"link":"http://finance.caixin.com/2018-07-20/101306980.html","nid":101306980,"subDesc":"要闻","video":"","type":0,"tags":[],"audioUrl":"http://audio.caixin.com/caixin/980/101306980.mp3","form":null,"summ":"庞大集团董事长庞庆华未如实披露权益变动情况，遗漏披露庞庆华通过收益互换进行的相关融资安排","freeDuration":"0","freeTime":"","channelDesc":"金融频道","time":"2018-07-20 20:49:44","attr":5,"channelId":125,"pict":{"imgs":[{"txt":"","url":"http://img.caixin.com/2018-07-20/1532091498883863_145_97.jpg"}],"num":1},"desc":"庞大集团董事长隐瞒“收益互换”融资 证监会60万顶格罚款"},{"cate":"100300001;100300177;101306975","comm":{"aid":"100","tid":"101306975"},"edit":{"head":"","link":"","name":"","rank":"","desc":""},"link":"http://finance.caixin.com/2018-07-20/101306975.html","nid":101306975,"subDesc":"要闻","video":"","type":0,"tags":[],"audioUrl":"http://audio.caixin.com/caixin/975/101306975.mp3","form":null,"summ":"公募资产管理产品除主要投资标准化债权类资产和上市交易的股票，还可以适当投资非标准化债权类资产，但应当符合《指导意见》关于非标准化债权类资产投资的期限匹配、限额管理、信息披露等监管要求","freeDuration":"48","freeTime":"","channelDesc":"金融频道","time":"2018-07-20 20:44:37","attr":5,"channelId":125,"pict":{"imgs":[{"txt":"","url":"http://img.caixin.com/2018-07-19/1531969942413435_145_97.jpg"}],"num":1},"desc":"央行出台资管新规执行通知 未如预期放松"},{"cate":"100300001;100300177;101306954","comm":{"aid":"100","tid":"101306954"},"edit":{"head":"","link":"","name":"记者 武晓蒙","rank":"","desc":""},"link":"http://finance.caixin.com/2018-07-20/101306954.html","nid":101306954,"subDesc":"要闻","video":"","type":0,"tags":[],"audioUrl":"http://audio.caixin.com/caixin/954/101306954.mp3","form":null,"summ":"随着理财净值化转型及打破刚兑，商业银行应更加关注流动性风险管理，合理控制投资者集中度，审慎确认大额认购申请，合理设置赎回限制","freeDuration":"0","freeTime":"","channelDesc":"金融频道","time":"2018-07-20 19:45:24","attr":5,"channelId":125,"pict":{"imgs":[{"txt":"","url":"http://img.caixin.com/2018-07-20/1532087459517468_145_97.jpg"}],"num":1},"desc":"强化流动性管理 开放式理财净值5%应是现金等"},{"cate":"100300001;100300177;101306906","comm":{"aid":"100","tid":"101306906"},"edit":{"head":"","link":"","name":"","rank":"","desc":""},"link":"http://finance.caixin.com/2018-07-20/101306906.html","nid":101306906,"subDesc":"要闻","video":"","type":0,"tags":[],"audioUrl":"http://audio.caixin.com/caixin/906/101306906.mp3","form":null,"summ":"《商业银行理财业务监督管理办法（征求意见稿）》过渡期要求与“资管新规”保持一致，过渡期自本办法发布实施后至2020年12月31日。同时，可以发行老产品对接未到期资产，但应控制存量理财产品的整体规模；过渡期结束后，不得再发行或者存续违反规定的理财产品","freeDuration":"48","freeTime":"","channelDesc":"金融频道","time":"2018-07-20 18:16:45","attr":5,"channelId":125,"pict":{"imgs":[{"txt":"","url":"http://img.caixin.com/2018-07-20/1532082933382087_145_97.jpg"}],"num":1},"desc":"银保监会就理财新规征求意见答记者问"},{"cate":"100300001;100300177;101306881","comm":{"aid":"100","tid":"101306881"},"edit":{"head":"","link":"","name":"记者 武晓蒙 吴红毓然","rank":"","desc":""},"link":"http://finance.caixin.com/2018-07-20/101306881.html","nid":101306881,"subDesc":"要闻","video":"","type":0,"tags":[],"audioUrl":"http://audio.caixin.com/caixin/881/101306881.mp3","form":null,"summ":"银行理财未来将执行分类管理，即区分公募理财和私募理财；公募理财面向不特定社会公众公开发行，风险外溢性强，在投资范围、杠杆率、流动管理、披露要求等方面相对更严格","freeDuration":"0","freeTime":"","channelDesc":"金融频道","time":"2018-07-20 18:11:15","attr":5,"channelId":125,"pict":{"imgs":[{"txt":"","url":"http://img.caixin.com/2018-07-20/1532082028528630_145_97.jpg"}],"num":1},"desc":"理财新规征求意见 公募理财购买门槛降至1万元"},{"cate":"100300001;100300177;101306819","comm":{"aid":"100","tid":"101306819"},"edit":{"head":"","link":"","name":"记者 吴红毓然 彭骎骎","rank":"","desc":""},"link":"http://finance.caixin.com/2018-07-20/101306819.html","nid":101306819,"subDesc":"要闻","video":"","type":0,"tags":[],"audioUrl":"http://audio.caixin.com/caixin/819/101306819.mp3","form":null,"summ":"金融机构是自主制定过渡期内的整改计划，监管部门只是监督指导，不搞齐步走、一刀切，不硬性提阶段性压降要求，防止突击压降导致断崖式的产品收缩，以及集中处置加剧资产价格波动","freeDuration":"0","freeTime":"","channelDesc":"金融频道","time":"2018-07-20 17:06:59","attr":5,"channelId":125,"pict":{"imgs":[{"txt":"","url":"http://img.caixin.com/2018-07-20/1532077797624779_145_97.jpg"}],"num":1},"desc":"独家|资管新规执行通知将出台 聚焦六大细节"},{"cate":"100300001;100300177;101306793","comm":{"aid":"100","tid":"101306793"},"edit":{"head":"","link":"","name":"记者 吴雨俭","rank":"","desc":""},"link":"http://finance.caixin.com/2018-07-20/101306793.html","nid":101306793,"subDesc":"要闻","video":"","type":0,"tags":[],"audioUrl":"http://audio.caixin.com/caixin/793/101306793.mp3","form":null,"summ":"行业资金净流出208亿元；紧张情绪已开始影响头部平台，整个行业以及TOP30、TOP50平台的待还余额都加速下滑","freeDuration":"0","freeTime":"","channelDesc":"金融频道","time":"2018-07-20 16:36:44","attr":5,"channelId":125,"pict":{"imgs":[{"txt":"","url":"http://img.caixin.com/2018-07-20/1532076020129354_145_97.jpg"}],"num":1},"desc":"7月上半月P2P交易额环比降25% 投资借款双降"},{"cate":"100300001;100300177;101306674","comm":{"aid":"100","tid":"101306674"},"edit":{"head":"","link":"","name":"记者 彭岩锋","rank":"","desc":""},"link":"http://finance.caixin.com/2018-07-20/101306674.html","nid":101306674,"subDesc":"要闻","video":"","type":0,"tags":[],"audioUrl":"http://audio.caixin.com/caixin/674/101306674.mp3","form":{"txt":"投资","url":"http://finance.caixin.com/investment/"},"summ":"投之家两名人士被警方拘捕前，都曾透露平台实际由卢智建控制。知情人士称，卢智建真实身份不详，他可能拥有多张身份证","freeDuration":"0","freeTime":"","channelDesc":"金融频道","time":"2018-07-20 11:20:10","attr":5,"channelId":125,"pict":{"imgs":[{"txt":"","url":"http://img.caixin.com/2018-07-20/1532057525978851_145_97.jpg"}],"num":1},"desc":"投之家爆雷 卢智建是谁？"},{"cate":"100300001;100300177;101306627","comm":{"aid":"100","tid":"101306627"},"edit":{"head":"","link":"","name":"记者 彭骎骎","rank":"","desc":""},"link":"http://finance.caixin.com/2018-07-20/101306627.html","nid":101306627,"subDesc":"要闻","video":"","type":0,"tags":[],"audioUrl":"http://audio.caixin.com/caixin/627/101306627.mp3","form":null,"summ":"结售汇继续顺差，外汇占款由负转正；资本外流压力远不及前两年，跨境资金日均净流出只是当时最高月份日均水平的12%","freeDuration":"0","freeTime":"","channelDesc":"金融频道","time":"2018-07-20 09:56:19","attr":5,"channelId":125,"pict":{"imgs":[{"txt":"","url":"http://img.caixin.com/2018-07-20/1532063745150747_145_97.jpg"}],"num":1},"desc":"人民币兑美元急跌 外汇局称资本外流压力不大"},{"cate":"100300001;100300177;101306595","comm":{"aid":"100","tid":"101306595"},"edit":{"head":"","link":"","name":"","rank":"","desc":""},"link":"http://finance.caixin.com/2018-07-20/101306595.html","nid":101306595,"subDesc":"要闻","video":"","type":0,"tags":[],"audioUrl":"","form":null,"summ":"社会融资规模增速下滑，主要原因是委托贷款和信托贷款下降。6月末，委托贷款同比下降4.6%，降幅比上月扩大1.2个百分点；信托贷款同比增长10.1%，增速比上月回落5.9个百分点","freeDuration":"48","freeTime":"","channelDesc":"金融频道","time":"2018-07-20 08:48:47","attr":5,"channelId":125,"pict":{"imgs":[{"txt":"","url":"http://img.caixin.com/2018-05-27/1527413947953158_145_97.jpg"}],"num":1},"desc":"人民银行调查统计司司长详解6月社融下滑原因"},{"cate":"100300001;100300177;101306553","comm":{"aid":"100","tid":"101306553"},"edit":{"head":"","link":"","name":"驻香港记者 尉奕阳","rank":"","desc":""},"link":"http://finance.caixin.com/2018-07-20/101306553.html","nid":101306553,"subDesc":"要闻","video":"","type":0,"tags":[],"audioUrl":"http://audio.caixin.com/caixin/553/101306553.mp3","form":null,"summ":"歌礼拟募资最多36亿港元；市场人士认为，歌礼的IPO定价将成为港股未来生物科技板块的风向标","freeDuration":"0","freeTime":"","channelDesc":"金融频道","time":"2018-07-20 08:00:00","attr":5,"channelId":125,"pict":{"imgs":[{"txt":"","url":"http://img.caixin.com/2018-07-19/1532009270610935_145_97.jpg"}],"num":1},"desc":"歌礼香港招股 首家未盈利生物科技公司前景如何"},{"cate":"100300001;100300177;101306526","comm":{"aid":"100","tid":"101306526"},"edit":{"head":"","link":"","name":"记者 彭骎骎","rank":"","desc":""},"link":"http://finance.caixin.com/2018-07-19/101306526.html","nid":101306526,"subDesc":"要闻","video":"","type":0,"tags":[],"audioUrl":"http://audio.caixin.com/caixin/526/101306526.mp3","form":null,"summ":"城投债是中低评级信用债中质量较高的类型；银行投资信用债最大的约束是授信额度，MLF只是解决了资金来源，不直接解决授信、资本金占用等问题","freeDuration":"0","freeTime":"","channelDesc":"金融频道","time":"2018-07-19 19:38:26","attr":5,"channelId":125,"pict":{"imgs":[{"txt":"","url":"http://img.caixin.com/2018-07-19/1532000578152485_145_97.jpg"}],"num":1},"desc":"央行窗口指导火了城投债 银行配置民企债动力仍不足"},{"cate":"100300001;100300177;101306366","comm":{"aid":"100","tid":"101306366"},"edit":{"head":"","link":"","name":"记者 武晓蒙","rank":"","desc":""},"link":"http://finance.caixin.com/2018-07-19/101306366.html","nid":101306366,"subDesc":"要闻","video":"","type":0,"tags":[],"audioUrl":"http://audio.caixin.com/caixin/366/101306366.mp3","form":null,"summ":"部分财务公司通过内部贷款置换成员企业外部借款，帮助集团压降整体杠杆率；强监管下，一些针对银行量身定制的监管要求或让财务公司“水土不服”","freeDuration":"0","freeTime":"","channelDesc":"金融频道","time":"2018-07-19 14:55:26","attr":5,"channelId":125,"pict":{"imgs":[{"txt":"","url":"http://img.caixin.com/2017-12-21/1513828501672322_145_97.jpg"}],"num":1},"desc":"内部贷款置换外部借款 财务公司助力集团去杠杆"},{"cate":"100300001;100300177;101306250","comm":{"aid":"100","tid":"101306250"},"edit":{"head":"","link":"","name":"记者 张宇哲","rank":"","desc":""},"link":"http://finance.caixin.com/2018-07-19/101306250.html","nid":101306250,"subDesc":"要闻","video":"","type":0,"tags":[],"audioUrl":"http://audio.caixin.com/caixin/250/101306250.mp3","form":null,"summ":"此举是为了缓解信用债市场的信用紧缩，但并不意味着央行对信用风险进行担保；因此，是否投资、投资多少，取决于各家银行在信用风险与收益之间如何取舍","freeDuration":"0","freeTime":"","channelDesc":"金融频道","time":"2018-07-19 09:57:21","attr":5,"channelId":125,"pict":{"imgs":[{"txt":"","url":"http://img.caixin.com/2018-07-19/1531965704263350_145_97.jpg"}],"num":1},"desc":"央行动用MLF“救助”低评级信用债 效果待察"},{"cate":"100300001;100300177;101306143","comm":{"aid":"100","tid":"101306143"},"edit":{"head":"","link":"","name":"","rank":"","desc":""},"link":"http://finance.caixin.com/2018-07-18/101306143.html","nid":101306143,"subDesc":"要闻","video":"","type":0,"tags":[],"audioUrl":"http://audio.caixin.com/caixin/143/101306143.mp3","form":null,"summ":"会议指出，党中央、国务院高度重视民营企业和小微企业在国民经济中的重要作用。今年以来，银行业金融机构紧紧围绕供给侧结构性改革主线，积极对接国民经济和社会发展需求，服务民营企业和小微企业的力度进一步加大。但也要清醒地看到融资难和融资贵问题仍然较为突出","freeDuration":"48","freeTime":"","channelDesc":"金融频道","time":"2018-07-18 20:47:09","attr":5,"channelId":125,"pict":{"imgs":[{"txt":"","url":"http://img.caixin.com/2018-05-04/1525438179772045_145_97.jpg"}],"num":1},"desc":"银保监会：在保持国民经济平稳运行中做好风险处置"},{"cate":"100300001;100300177;101306095","comm":{"aid":"100","tid":"101306095"},"edit":{"head":"","link":"","name":"","rank":"","desc":""},"link":"http://finance.caixin.com/2018-07-18/101306095.html","nid":101306095,"subDesc":"要闻","video":"","type":0,"tags":[],"audioUrl":"http://audio.caixin.com/caixin/095/101306095.mp3","form":null,"summ":"国开行相关部门负责人说，根据国开行现行信贷管理制度规定，贷款合同的审批及签订权限均在分行，目前没有任何调整变化，合同审批权限仍在分行，不存在总行上收棚改贷款合同审批权限的情况","freeDuration":"48","freeTime":"","channelDesc":"金融频道","time":"2018-07-18 18:24:24","attr":5,"channelId":125,"pict":{"imgs":[{"txt":"","url":"http://img.caixin.com/2018-07-18/1531909952590211_145_97.jpg"}],"num":1},"desc":"国开行回应棚改贷热点问题：棚改贷款合同审批权限仍在分行"},{"cate":"100300001;100300177;101305920","comm":{"aid":"100","tid":"101305920"},"edit":{"head":"","link":"","name":"记者 王力为","rank":"","desc":""},"link":"http://finance.caixin.com/2018-07-18/101305920.html","nid":101305920,"subDesc":"要闻","video":"","type":0,"tags":[],"audioUrl":"http://audio.caixin.com/caixin/920/101305920.mp3","form":null,"summ":"高盛二季度业绩亮眼，未来影响业绩的一个重要变量是高盛近年向低风险、消费者业务转型的进展","freeDuration":"0","freeTime":"","channelDesc":"金融频道","time":"2018-07-18 10:56:16","attr":5,"channelId":125,"pict":{"imgs":[{"txt":"","url":"http://img.caixin.com/2018-07-18/1531882988443279_145_97.jpg"}],"num":1},"desc":"高盛新掌门：苏德巍接任12年老帅贝兰克梵"},{"cate":"100300001;100300177;101305907","comm":{"aid":"100","tid":"101305907"},"edit":{"head":"","link":"","name":"记者 武晓蒙","rank":"","desc":""},"link":"http://finance.caixin.com/2018-07-18/101305907.html","nid":101305907,"subDesc":"要闻","video":"","type":0,"tags":[],"audioUrl":"http://audio.caixin.com/caixin/907/101305907.mp3","form":null,"summ":"目前不良率“暴涨”的农商行尚属少数，且区域特征明显，主要集中在环渤海、东北和中西部地区，并非全面爆发；但农金机构整体风险值得警惕，谨防同业传导","freeDuration":"0","freeTime":"","channelDesc":"金融频道","time":"2018-07-18 10:42:02","attr":5,"channelId":125,"pict":{"imgs":[{"txt":"","url":"http://img.caixin.com/2018-07-18/1531881901539079_145_97.jpg"}],"num":1},"desc":"部分农商行不良率飙升 是个案还是爆发前兆？"},{"cate":"100300001;100300177;101305880","comm":{"aid":"100","tid":"101305880"},"edit":{"head":"","link":"","name":"记者 彭岩锋","rank":"","desc":""},"link":"http://finance.caixin.com/2018-07-18/101305880.html","nid":101305880,"subDesc":"要闻","video":"","type":0,"tags":[],"audioUrl":"http://audio.caixin.com/caixin/880/101305880.mp3","form":null,"summ":"烯碳退2017年年报被会计师出具无法表示意见的审计报告，若要重新上市，最快也要等到2021年","freeDuration":"0","freeTime":"","channelDesc":"金融频道","time":"2018-07-18 09:34:46","attr":5,"channelId":125,"pict":{"imgs":[{"txt":"","url":"http://img.caixin.com/2018-05-29/1527556597366648_145_97.jpg"}],"num":1},"desc":"烯碳退结束A股之旅 最后一日成交5000万元"},{"cate":"100300001;100300177;101305811","comm":{"aid":"100","tid":"101305811"},"edit":{"head":"","link":"","name":"记者 刘彩萍","rank":"","desc":""},"link":"http://finance.caixin.com/2018-07-17/101305811.html","nid":101305811,"subDesc":"要闻","video":"","type":0,"tags":[],"audioUrl":"http://audio.caixin.com/caixin/811/101305811.mp3","form":null,"summ":"北京高院认为证监会办理内幕交易案中存在疏漏，但相关案件是否为错案难以定性，证监会下一步是否会申请再审？","freeDuration":"0","freeTime":"","channelDesc":"金融频道","time":"2018-07-17 21:26:00","attr":5,"channelId":125,"pict":{"imgs":[{"txt":"","url":"http://img.caixin.com/2018-07-17/1531834156379018_145_97.jpg"}],"num":1},"desc":"证监会因办案疏漏败诉 1.3亿内幕交易处罚被迫撤销"},{"cate":"100300001;100300177;101305743","comm":{"aid":"100","tid":"101305743"},"edit":{"head":"","link":"","name":"记者 吴雨俭","rank":"","desc":""},"link":"http://finance.caixin.com/2018-07-17/101305743.html","nid":101305743,"subDesc":"要闻","video":"","type":0,"tags":[],"audioUrl":"http://audio.caixin.com/caixin/743/101305743.mp3","form":null,"summ":"互金协会强调需加大打击恶意逃废债行为，并要求从业机构积极主动整改，为整改合格机构顺利纳入规范管理创造条件，并对整改不合格机构实现无风险退出和有效处置","freeDuration":"0","freeTime":"","channelDesc":"金融频道","time":"2018-07-17 18:30:50","attr":5,"channelId":125,"pict":{"imgs":[{"txt":"","url":"http://img.caixin.com/2018-07-17/1531823928244791_145_97.jpg"}],"num":1},"desc":"P2P进入洗牌期 行业协会呼吁平台不跑路不失联"},{"cate":"100300001;100300177;101305558","comm":{"aid":"100","tid":"101305558"},"edit":{"head":"","link":"","name":"记者 董兢","rank":"","desc":""},"link":"http://finance.caixin.com/2018-07-17/101305558.html","nid":101305558,"subDesc":"要闻","video":"","type":0,"tags":[],"audioUrl":"http://audio.caixin.com/caixin/558/101305558.mp3","form":null,"summ":"上半年新增七家债转股企业，银行及所属实施机构签约的项目占比超过80%，资金到位占比也超过70%","freeDuration":"0","freeTime":"","channelDesc":"金融频道","time":"2018-07-17 14:36:52","attr":5,"channelId":125,"pict":{"imgs":[{"txt":"","url":"http://img.caixin.com/2018-07-17/1531809562207414_145_97.jpg"}],"num":1},"desc":"发改委：严防债转股输血“僵尸企业”"},{"cate":"100300001;100300177;101305268","comm":{"aid":"100","tid":"101305268"},"edit":{"head":"","link":"","name":"记者 王力为","rank":"","desc":""},"link":"http://finance.caixin.com/2018-07-17/101305268.html","nid":101305268,"subDesc":"要闻","video":"","type":0,"tags":[],"audioUrl":"http://audio.caixin.com/caixin/268/101305268.mp3","form":null,"summ":"未引入桥水另一旗舰产品——纯粹阿尔法策略基金，希望中国投资者获取穿越涨跌周期的长期稳定回报","freeDuration":"0","freeTime":"","channelDesc":"金融频道","time":"2018-07-17 11:13:44","attr":5,"channelId":125,"pict":{"imgs":[{"txt":"","url":"http://img.caixin.com/2018-04-03/1522752486844148_145_97.jpg"}],"num":1},"desc":"【入华外资资管系列之十】推出全天候策略基金  桥水主打稳健牌"},{"cate":"100300001;100300177;101304331","comm":{"aid":"100","tid":"101304331"},"edit":{"head":"","link":"","name":"驻香港记者 刘雁菲","rank":"","desc":""},"link":"http://finance.caixin.com/2018-07-16/101304331.html","nid":101304331,"subDesc":"要闻","video":"","type":0,"tags":[],"audioUrl":"http://audio.caixin.com/caixin/331/101304331.mp3","form":null,"summ":"李小加将赴京沟通，他认为中国证监会拥有更大格局和眼光","freeDuration":"0","freeTime":"","channelDesc":"金融频道","time":"2018-07-16 15:53:03","attr":5,"channelId":125,"pict":{"imgs":[{"txt":"","url":"http://img.caixin.com/2018-07-16/1531727901847376_145_97.jpg"}],"num":1},"desc":"港股通未纳“同股不同权” 李小加:有小算盘就摆出来"},{"cate":"100300001;100300177;101304211","comm":{"aid":"100","tid":"101304211"},"edit":{"head":"","link":"","name":"记者 罗国平 彭骎骎","rank":"","desc":""},"link":"http://finance.caixin.com/2018-07-16/101304211.html","nid":101304211,"subDesc":"要闻","video":"","type":0,"tags":[],"audioUrl":"http://audio.caixin.com/caixin/211/101304211.mp3","form":null,"summ":"拟出售的238亿元的资产包括明星项目惠州石化和英国核电项目，但较少涉及煤矿以及已建成的电厂","freeDuration":"0","freeTime":"","channelDesc":"金融频道","time":"2018-07-16 14:34:45","attr":5,"channelId":125,"pict":{"imgs":[{"txt":"","url":"http://img.caixin.com/2018-07-05/1530797468106880_145_97.jpg"}],"num":1},"desc":"独家|永泰能源拟为违约债券增加担保 国开行牵头债委会"},{"cate":"100300001;100300177;101303812","comm":{"aid":"100","tid":"101303812"},"edit":{"head":"","link":"","name":"记者 覃洁","rank":"","desc":""},"link":"http://finance.caixin.com/2018-07-16/101303812.html","nid":101303812,"subDesc":"要闻","video":"","type":0,"tags":[],"audioUrl":"http://audio.caixin.com/caixin/812/101303812.mp3","form":null,"summ":"在法国队夺冠后，华帝股份启动相关营销活动的退款流程，7月16日开盘大涨超7%，并一度涨停","freeDuration":"12","freeTime":"","channelDesc":"金融频道","time":"2018-07-16 09:37:25","attr":5,"channelId":125,"pict":{"imgs":[{"txt":"","url":"http://img.caixin.com/2018-07-16/1531705483270611_145_97.jpg"}],"num":1},"desc":"世界杯法国夺冠 华帝股份“全额退款”慌不慌？"},{"cate":"100300001;100300177;101303409","comm":{"aid":"100","tid":"101303409"},"edit":{"head":"","link":"","name":"见习记者 全月","rank":"","desc":""},"link":"http://finance.caixin.com/2018-07-15/101303409.html","nid":101303409,"subDesc":"要闻","video":"","type":0,"tags":[],"audioUrl":"http://audio.caixin.com/caixin/409/101303409.mp3","form":null,"summ":"“一带一路”建设推进，成为人民币国际化的主要动力；但国际货币使用的惯性强、很难打破国际货币体系对美元欧元的路径依赖，是人民币国际化面临的挑战","freeDuration":"0","freeTime":"","channelDesc":"金融频道","time":"2018-07-15 13:04:40","attr":5,"channelId":125,"pict":{"imgs":[{"txt":"","url":"http://img.caixin.com/2017-07-31/1501463890979791_145_97.jpg"}],"num":1},"desc":"报告称人民币在“一带一路”的锚货币职能增强"},{"cate":"100300001;100300177;101303174","comm":{"aid":"100","tid":"101303174"},"edit":{"head":"","link":"","name":"驻香港记者 尉奕阳","rank":"","desc":""},"link":"http://finance.caixin.com/2018-07-14/101303174.html","nid":101303174,"subDesc":"要闻","video":"","type":0,"tags":[],"audioUrl":"http://audio.caixin.com/caixin/174/101303174.mp3","form":null,"summ":"恒指公司此前修例，将采用“同股不同权”的小米纳入恒生综合大型股指数，该指数成分股原为港股通默认投资标的","freeDuration":"0","freeTime":"","channelDesc":"金融频道","time":"2018-07-14 18:09:44","attr":5,"channelId":125,"pict":{"imgs":[{"txt":"","url":"http://img.caixin.com/2018-07-14/1531562466902012_145_97.jpg"}],"num":1},"desc":"沪深交易所新规 内地资金暂不能经港股通买小米"},{"cate":"100300001;100300177;101303035","comm":{"aid":"100","tid":"101303035"},"edit":{"head":"","link":"","name":"见习记者 张立君","rank":"","desc":""},"link":"http://finance.caixin.com/2018-07-14/101303035.html","nid":101303035,"subDesc":"要闻","video":"","type":0,"tags":[],"audioUrl":"http://audio.caixin.com/caixin/035/101303035.mp3","form":null,"summ":"案件细节首次通报：“唐小僧”母公司资邦控股实控人邬再平伙同陶蕾等人大肆销售非法理财产品，涉案金额达380亿元","freeDuration":"0","freeTime":"","channelDesc":"金融频道","time":"2018-07-14 13:39:57","attr":5,"channelId":125,"pict":{"imgs":[{"txt":"","url":"http://img.caixin.com/2018-07-14/1531546928498496_145_97.jpg"}],"num":1},"desc":"“唐小僧”非法集资380亿元 上海公安追逃实控人邬再平"},{"cate":"100300001;100300177;101302687","comm":{"aid":"100","tid":"101302687"},"edit":{"head":"","link":"","name":"记者 朱亮韬","rank":"","desc":""},"link":"http://finance.caixin.com/2018-07-13/101302687.html","nid":101302687,"subDesc":"要闻","video":"","type":0,"tags":[],"audioUrl":"http://audio.caixin.com/caixin/687/101302687.mp3","form":null,"summ":"此次人事安排基本合并了两家中级人民法院的金融审判力量。此外，上海市人民检察院金融检察处处长肖凯有望任上海金融法院副院长","freeDuration":"0","freeTime":"","channelDesc":"金融频道","time":"2018-07-13 21:11:49","attr":5,"channelId":125,"pict":{"imgs":[{"txt":"","url":"http://img.caixin.com/2018-01-30/1517304617828395_145_97.jpg"}],"num":1},"desc":"上海金融法院法官人选初定 中院金融庭22名法官将调任"},{"cate":"100300001;100300177;101302657","comm":{"aid":"100","tid":"101302657"},"edit":{"head":"","link":"","name":"见习记者 全月","rank":"","desc":""},"link":"http://finance.caixin.com/2018-07-13/101302657.html","nid":101302657,"subDesc":"要闻","video":"","type":0,"tags":[],"audioUrl":"http://audio.caixin.com/caixin/657/101302657.mp3","form":null,"summ":"证监会对多家未按期披露年度报告、未告知重大经营事项变更情况、虚报营业收入等违法违规公司作出行政处罚","freeDuration":"0","freeTime":"","channelDesc":"金融频道","time":"2018-07-13 20:34:22","attr":5,"channelId":125,"pict":{"imgs":[{"txt":"","url":"http://img.caixin.com/2018-05-04/1525445523195960_145_97.jpg"}],"num":1},"desc":"证监会持续亮剑信息披露违法行为"},{"cate":"100300001;100300177;101302653","comm":{"aid":"100","tid":"101302653"},"edit":{"head":"","link":"","name":"记者 刘彩萍","rank":"","desc":""},"link":"http://finance.caixin.com/2018-07-13/101302653.html","nid":101302653,"subDesc":"要闻","video":"","type":0,"tags":[],"audioUrl":"http://audio.caixin.com/caixin/653/101302653.mp3","form":null,"summ":"证监会对中介机构痛下杀手，一旦被证监会立案调查，尚未结案的，证监会将暂停和中止其所有需证监会受理的业务","freeDuration":"12","freeTime":"","channelDesc":"金融频道","time":"2018-07-13 20:33:46","attr":5,"channelId":125,"pict":{"imgs":[{"txt":"","url":"http://img.caixin.com/2018-07-13/1531485650719494_145_97.jpg"}],"num":2},"desc":"证监会暂停受理违规中介机构业务 六家会计师事务所受重创"},{"cate":"100300001;100300177;101302364","comm":{"aid":"100","tid":"101302364"},"edit":{"head":"","link":"","name":"记者 吴雨俭","rank":"","desc":""},"link":"http://finance.caixin.com/2018-07-13/101302364.html","nid":101302364,"subDesc":"要闻","video":"","type":0,"tags":[],"audioUrl":"http://audio.caixin.com/caixin/364/101302364.mp3","form":null,"summ":"电商平台等通过网络化、无人化方式提供商品和服务，不具备收取现金条件的，参与各方在自愿、平等、公平、诚信的原则上达成一致，可使用非现金支付工具","freeDuration":"0","freeTime":"","channelDesc":"金融频道","time":"2018-07-13 16:54:35","attr":5,"channelId":125,"pict":{"imgs":[{"txt":"","url":"http://img.caixin.com/2016-11-26/1480129587538784_145_97.jpg"}],"num":1},"desc":"央行：不得炒作“无现金”概念 保障消费者支付选择权"},{"cate":"100300001;100300177;101302285","comm":{"aid":"100","tid":"101302285"},"edit":{"head":"","link":"","name":"见习记者 全月 记者 彭骎骎","rank":"","desc":""},"link":"http://finance.caixin.com/2018-07-13/101302285.html","nid":101302285,"subDesc":"要闻","video":"","type":0,"tags":[],"audioUrl":"http://audio.caixin.com/caixin/285/101302285.mp3","form":null,"summ":"投资标的行业更集中在传统行业，投资的区域更多元；政治风险升级，并购案的成功更加有赖于投行等中介机构的合规工作","freeDuration":"0","freeTime":"","channelDesc":"金融频道","time":"2018-07-13 16:17:40","attr":5,"channelId":125,"pict":{"imgs":[{"txt":"","url":"http://img.caixin.com/2018-07-13/1531471204592952_145_97.jpg"}],"num":1},"desc":"贸易战开打 中资企业海外并购何去何从"},{"cate":"100300001;100300177;101301692","comm":{"aid":"100","tid":"101301692"},"edit":{"head":"","link":"","name":"记者 武晓蒙","rank":"","desc":""},"link":"http://finance.caixin.com/2018-07-13/101301692.html","nid":101301692,"subDesc":"要闻","video":"","type":0,"tags":[],"audioUrl":"http://audio.caixin.com/caixin/692/101301692.mp3","form":null,"summ":"零售业务增长势头不减，零售新门店的经营模式正在全行所有分支行推广；柜内人员转柜外、增加厅堂服务，是银行业的转型大趋势","freeDuration":"0","freeTime":"","channelDesc":"金融频道","time":"2018-07-13 09:36:54","attr":5,"channelId":125,"pict":{"imgs":[{"txt":"","url":"http://img.caixin.com/2018-05-14/1526278515712755_145_97.jpg"}],"num":1},"desc":"平安银行信用卡交易额增85% 零售新门店今年将破百"},{"cate":"100300001;100300177;101301546","comm":{"aid":"100","tid":"101301546"},"edit":{"head":"","link":"","name":"记者 朱亮韬","rank":"","desc":""},"link":"http://finance.caixin.com/2018-07-13/101301546.html","nid":101301546,"subDesc":"要闻","video":"","type":0,"tags":[],"audioUrl":"http://audio.caixin.com/caixin/546/101301546.mp3","form":null,"summ":"阜兴集团关联公司兴顺文化出让华闻传媒间接股东国广控股50%的股权。2016年，阜兴集团曾通过收购这部分股权以及暗中增持等方式入主上市公司","freeDuration":"0","freeTime":"","channelDesc":"金融频道","time":"2018-07-13 08:24:02","attr":5,"channelId":125,"pict":{"imgs":[{"txt":"","url":"http://img.caixin.com/2017-12-23/1513987687044432_145_97.jpg"}],"num":1},"desc":"私募跑路后续：阜兴系开始退出华闻传媒"},{"cate":"100300001;100300177;101301495","comm":{"aid":"100","tid":"101301495"},"edit":{"head":"","link":"","name":"记者 朱亮韬","rank":"","desc":""},"link":"http://finance.caixin.com/2018-07-13/101301495.html","nid":101301495,"subDesc":"要闻","video":"","type":0,"tags":[],"audioUrl":"http://audio.caixin.com/caixin/495/101301495.mp3","form":null,"summ":"从案情通报来看，公诉机关指控鲜言利用职务之便侵占上市公司匹凸匹的1.2388亿元资金，以及操纵匹凸匹股价获利1.4亿余元","freeDuration":"0","freeTime":"","channelDesc":"金融频道","time":"2018-07-13 07:57:43","attr":5,"channelId":125,"pict":{"imgs":[{"txt":"","url":"http://img.caixin.com/2017-05-19/1495178054759086_145_97.jpg"}],"num":1},"desc":"资本玩家鲜言受审 被控非法获利超2.6亿元"},{"cate":"100300001;100300177;101301250","comm":{"aid":"100","tid":"101301250"},"edit":{"head":"","link":"","name":"记者 曹文姣","rank":"","desc":""},"link":"http://finance.caixin.com/2018-07-12/101301250.html","nid":101301250,"subDesc":"要闻","video":"","type":0,"tags":[],"audioUrl":"http://audio.caixin.com/caixin/250/101301250.mp3","form":null,"summ":"在股价持续调整过程中，A股银行板块逾六成破净","freeDuration":"12","freeTime":"","channelDesc":"金融频道","time":"2018-07-12 19:55:47","attr":5,"channelId":125,"pict":{"imgs":[{"txt":"","url":"http://img.caixin.com/2018-01-29/1517223203912267_145_97.jpg"}],"num":1},"desc":"浦发银行高管集体增持 行长刘信义出资70余万"},{"cate":"100300001;100300177;101301074","comm":{"aid":"100","tid":"101301074"},"edit":{"head":"","link":"","name":"记者 武晓蒙","rank":"","desc":""},"link":"http://finance.caixin.com/2018-07-12/101301074.html","nid":101301074,"subDesc":"要闻","video":"","type":0,"tags":[],"audioUrl":"http://audio.caixin.com/caixin/074/101301074.mp3","form":null,"summ":"住房租赁项目收益率普遍不高、政策支持不到位、信用风险较大，是该业务发展初期面临的主要问题","freeDuration":"0","freeTime":"","channelDesc":"金融频道","time":"2018-07-12 16:51:20","attr":5,"channelId":125,"pict":{"imgs":[{"txt":"","url":"http://img.caixin.com/2017-08-04/1501826574105033_145_97.jpg"}],"num":1},"desc":"中银协报告：住房租赁金融服务面临三大制约"},{"cate":"100300001;100300177;101300986","comm":{"aid":"100","tid":"101300986"},"edit":{"head":"","link":"","name":"记者 张立君","rank":"","desc":""},"link":"http://finance.caixin.com/2018-07-12/101300986.html","nid":101300986,"subDesc":"要闻","video":"","type":0,"tags":[],"audioUrl":"http://audio.caixin.com/caixin/986/101300986.mp3","form":null,"summ":"一名仅具备普通账户查询权限的员工，究竟如何长期越界查询了400多个敏感账户、700多次明星私募持仓？","freeDuration":"0","freeTime":"","channelDesc":"金融频道","time":"2018-07-12 15:54:48","attr":5,"channelId":125,"pict":{"imgs":[{"txt":"","url":"http://img.caixin.com/2017-03-02/1488446905536260_145_97.jpg"}],"num":1},"desc":"中证登员工老鼠仓暴露内控漏洞"},{"cate":"100300001;100300177;101300862","comm":{"aid":"100","tid":"101300862"},"edit":{"head":"","link":"","name":"驻香港记者 尉奕阳","rank":"","desc":""},"link":"http://finance.caixin.com/2018-07-12/101300862.html","nid":101300862,"subDesc":"要闻","video":"","type":0,"tags":[],"audioUrl":"http://audio.caixin.com/caixin/862/101300862.mp3","form":null,"summ":"早在2016年，市场对映客投资人通过登陆资本市场实现退出已有较强预期","freeDuration":"0","freeTime":"","channelDesc":"金融频道","time":"2018-07-12 14:57:02","attr":5,"channelId":125,"pict":{"imgs":[{"txt":"","url":"http://img.caixin.com/2018-07-12/1531378787704282_145_97.jpg"}],"num":1},"desc":"映客港股上市开盘大涨四成 投资人套现几何？"},{"cate":"100300001;100300177;101299824","comm":{"aid":"100","tid":"101299824"},"edit":{"head":"","link":"","name":"记者 黎柳茜","rank":"","desc":""},"link":"http://finance.caixin.com/2018-07-11/101299824.html","nid":101299824,"subDesc":"要闻","video":"","type":0,"tags":[],"audioUrl":"http://audio.caixin.com/caixin/824/101299824.mp3","form":{"txt":"投资","url":"http://finance.caixin.com/investment/"},"summ":"据国内P2P资讯机构网贷之家统计，7月至今，已有30家P2P平台出现问题。而6月，包括停业在内的问题平台数量达到79家，数量创最近一年以来新高","freeDuration":"0","freeTime":"","channelDesc":"金融频道","time":"2018-07-11 16:40:39","attr":5,"channelId":125,"pict":{"imgs":[{"txt":"","url":"http://img.caixin.com/2017-10-11/1507727341782383_145_97.jpg"}],"num":1},"desc":"互金平台两月炸雷逾百家 万家乐否认投资P2P"},{"cate":"100300001;100300177;101299732","comm":{"aid":"100","tid":"101299732"},"edit":{"head":"","link":"","name":"记者 刘彩萍","rank":"","desc":""},"link":"http://finance.caixin.com/2018-07-11/101299732.html","nid":101299732,"subDesc":"要闻","video":"","type":0,"tags":[],"audioUrl":"http://audio.caixin.com/caixin/732/101299732.mp3","form":null,"summ":"2006年到2015年为相关单位在并购重组、股份转让过程中股票停复牌、避免被行政处罚等事项上提供帮助，非法收受他人财物6961万元；2007年的内幕交易非法获利210万元","freeDuration":"0","freeTime":"","channelDesc":"金融频道","time":"2018-07-11 15:41:22","attr":5,"channelId":125,"pict":{"imgs":[{"txt":"","url":"http://img.caixin.com/2018-07-11/1531299667683479_145_97.jpg"}],"num":1},"desc":"姚刚十年受贿6961万 十年前内幕交易获利210万"},{"cate":"100300001;100300177;101299088","comm":{"aid":"100","tid":"101299088"},"edit":{"head":"","link":"","name":"见习记者 全月","rank":"","desc":""},"link":"http://finance.caixin.com/2018-07-11/101299088.html","nid":101299088,"subDesc":"要闻","video":"","type":0,"tags":[],"audioUrl":"http://audio.caixin.com/caixin/088/101299088.mp3","form":null,"summ":"山东另一家农商行——寿光农商行的资产质量也明显恶化，并因未足额计提贷款损失准备及抵债资产减值准备，被审计机构出具保留意见；农村金融机构不良率持续攀升，值得警惕","freeDuration":"0","freeTime":"","channelDesc":"金融频道","time":"2018-07-11 08:55:13","attr":5,"channelId":125,"pict":{"imgs":[{"txt":"","url":"http://img.caixin.com/2018-06-27/1530096215073164_145_97.jpg"}],"num":1},"desc":"不良贷款激增3倍 山东邹平农商行被下调评级"},{"cate":"100300001;100300177;101298447","comm":{"aid":"100","tid":"101298447"},"edit":{"head":"","link":"","name":"","rank":"","desc":""},"link":"http://finance.caixin.com/2018-07-10/101298447.html","nid":101298447,"subDesc":"要闻","video":"","type":0,"tags":[],"audioUrl":"http://audio.caixin.com/caixin/447/101298447.mp3","form":null,"summ":"2018“机构投资者•财新 大中华最佳分析师”评选近日正式启动，将于11月发布榜单并举办颁奖典礼。","freeDuration":"0","freeTime":"","channelDesc":"金融频道","time":"2018-07-10 15:53:51","attr":0,"channelId":125,"pict":null,"desc":"2018“机构投资者·财新 大中华最佳分析师”评选正式启动"},{"cate":"100300001;100300177;101298255","comm":{"aid":"100","tid":"101298255"},"edit":{"head":"","link":"","name":"记者 刘彩萍","rank":"","desc":""},"link":"http://finance.caixin.com/2018-07-10/101298255.html","nid":101298255,"subDesc":"要闻","video":"","type":0,"tags":[],"audioUrl":"http://audio.caixin.com/caixin/255/101298255.mp3","form":null,"summ":"杨晔长期从事基金评价分析与研究工作","freeDuration":"0","freeTime":"","channelDesc":"金融频道","time":"2018-07-10 13:41:31","attr":5,"channelId":125,"pict":{"imgs":[{"txt":"","url":"http://img.caixin.com/2018-07-10/1531201590994972_145_97.jpg"}],"num":1},"desc":"招商证券研究所所长杨晔家中去世 年仅48岁"},{"cate":"100300001;100300177;101298209","comm":{"aid":"100","tid":"101298209"},"edit":{"head":"","link":"","name":"记者 韩祎","rank":"","desc":""},"link":"http://finance.caixin.com/2018-07-10/101298209.html","nid":101298209,"subDesc":"要闻","video":"","type":0,"tags":[],"audioUrl":"http://audio.caixin.com/caixin/209/101298209.mp3","form":null,"summ":"跨境支付链条基本搭建完毕；下一步，除提供支付服务外，Airwallex还要为链条上的企业提供融资等增值服务","freeDuration":"0","freeTime":"","channelDesc":"金融频道","time":"2018-07-10 12:42:47","attr":5,"channelId":125,"pict":{"imgs":[{"txt":"","url":"http://img.caixin.com/2018-07-10/1531198125545289_145_97.jpg"}],"num":1},"desc":"瞄准小额跨境支付 腾讯红杉等8000万美元投资Airwallex"},{"cate":"100300001;100300177;101298055","comm":{"aid":"100","tid":"101298055"},"edit":{"head":"","link":"","name":"驻香港记者 尉奕阳","rank":"","desc":""},"link":"http://finance.caixin.com/2018-07-10/101298055.html","nid":101298055,"subDesc":"要闻","video":"","type":0,"tags":[],"audioUrl":"http://audio.caixin.com/caixin/055/101298055.mp3","form":null,"summ":"香港证监会早前曾披露，已对21家保荐人公司作出调查，未来会继续对未履行规定的保荐人采取行动","freeDuration":"0","freeTime":"","channelDesc":"金融频道","time":"2018-07-10 10:51:34","attr":5,"channelId":125,"pict":{"imgs":[{"txt":"","url":"http://img.caixin.com/2012-02-09/201202090012_145_97.jpg"}],"num":1},"desc":"建银国际保荐人尽调失职 港证监处罚2400万港元"},{"cate":"100300001;100300177;101297720","comm":{"aid":"100","tid":"101297720"},"edit":{"head":"","link":"","name":"记者 董兢","rank":"","desc":""},"link":"http://finance.caixin.com/2018-07-10/101297720.html","nid":101297720,"subDesc":"要闻","video":"","type":0,"tags":[],"audioUrl":"http://audio.caixin.com/caixin/720/101297720.mp3","form":null,"summ":"保险机构所有在任独董的推荐选任、履职评价、奖惩声誉等信息将全部面向社会公开","freeDuration":"12","freeTime":"","channelDesc":"金融频道","time":"2018-07-10 08:14:28","attr":5,"channelId":125,"pict":{"imgs":[{"txt":"","url":"http://img.caixin.com/2018-04-09/1523280251203639_145_97.jpg"}],"num":1},"desc":"强化险企公司治理 监管层纠偏独董“不独立”"},{"cate":"100300001;100300177;101297369","comm":{"aid":"100","tid":"101297369"},"edit":{"head":"","link":"","name":"记者 吴雨俭 彭骎骎","rank":"","desc":""},"link":"http://finance.caixin.com/2018-07-09/101297369.html","nid":101297369,"subDesc":"要闻","video":"","type":0,"tags":[],"audioUrl":"http://audio.caixin.com/caixin/369/101297369.mp3","form":null,"summ":"P2P（网络借贷）和网络小贷领域清理整顿完成时间，延长至2019年6月；包括互联网资管在内的其他各领域重点机构，则需要在2018年6月底前将存量违规业务化解至零","freeDuration":"0","freeTime":"","channelDesc":"金融频道","time":"2018-07-09 18:54:45","attr":5,"channelId":125,"pict":{"imgs":[{"txt":"","url":"http://img.caixin.com/2018-07-09/1531134034137046_145_97.jpg"}],"num":1},"desc":"互金整治继续 P2P网贷清理整顿延至明年6月"},{"cate":"100300001;100300177;101297257","comm":{"aid":"100","tid":"101297257"},"edit":{"head":"","link":"","name":"记者 吴雨俭","rank":"","desc":""},"link":"http://finance.caixin.com/2018-07-09/101297257.html","nid":101297257,"subDesc":"要闻","video":"","type":0,"tags":[],"audioUrl":"http://audio.caixin.com/caixin/257/101297257.mp3","form":null,"summ":"互金整治进入攻坚阶段，除了化解存量风险，还要初步建立适应互联网金融特点的监管制度体系","freeDuration":"0","freeTime":"","channelDesc":"金融频道","time":"2018-07-09 17:21:14","attr":5,"channelId":125,"pict":{"imgs":[{"txt":"","url":"http://img.caixin.com/2018-06-24/1529832136860412_145_97.jpg"}],"num":1},"desc":"央行：用一到两年完成互金整治 化解存量风险"},{"cate":"100300001;100300177;101297125","comm":{"aid":"100","tid":"101297125"},"edit":{"head":"","link":"","name":"见习记者 全月","rank":"","desc":""},"link":"http://finance.caixin.com/2018-07-09/101297125.html","nid":101297125,"subDesc":"要闻","video":"","type":0,"tags":[],"audioUrl":"http://audio.caixin.com/caixin/125/101297125.mp3","form":null,"summ":"过去两年，国内学者和业界对于资产泡沫、系统性金融风险、中国经济增长模式的可持续性，有更多的思考和关注；科学地分析影子银行的运行机制及其对货币政策和金融稳定的影响十分重要","freeDuration":"0","freeTime":"","channelDesc":"金融频道","time":"2018-07-09 15:57:37","attr":5,"channelId":125,"pict":{"imgs":[{"txt":"","url":"http://img.caixin.com/2017-05-08/1494224382975492_145_97.jpg"}],"num":1},"desc":"孙冶方金融创新奖落幕 关注资产泡沫和影子银行"},{"cate":"100300001;100300177;101297008","comm":{"aid":"100","tid":"101297008"},"edit":{"head":"","link":"","name":"记者 彭骎骎","rank":"","desc":""},"link":"http://finance.caixin.com/2018-07-09/101297008.html","nid":101297008,"subDesc":"要闻","video":"","type":0,"tags":[],"audioUrl":"http://audio.caixin.com/caixin/008/101297008.mp3","form":null,"summ":"2017年，中投境外投资净收益率按美元计算为17.59%，比上年的6.22%增长近3倍，主要得益于公开市场股票的收益","freeDuration":"0","freeTime":"","channelDesc":"金融频道","time":"2018-07-09 14:53:02","attr":5,"channelId":125,"pict":{"imgs":[{"txt":"","url":"http://img.caixin.com/2018-07-09/1531119614893421_145_97.jpg"}],"num":1},"desc":"中投交“十年答卷” 投资收益率创十年新高"},{"cate":"100300001;100300177;101296815","comm":{"aid":"100","tid":"101296815"},"edit":{"head":"","link":"","name":"","rank":"","desc":""},"link":"http://finance.caixin.com/2018-07-09/101296815.html","nid":101296815,"subDesc":"要闻","video":"","type":0,"tags":[],"audioUrl":"http://audio.caixin.com/caixin/815/101296815.mp3","form":null,"summ":"国家外汇管理局有关负责人表示，6月我国外汇市场总体平稳运行，国际收支基本实现自主平衡","freeDuration":"48","freeTime":"","channelDesc":"金融频道","time":"2018-07-09 11:47:41","attr":5,"channelId":125,"pict":{"imgs":[{"txt":"","url":"http://img.caixin.com/2017-09-14/1505359220187974_145_97.jpg"}],"num":1},"desc":"外汇局：外汇储备规模有望在波动中保持稳定"},{"cate":"100300001;100300177;101296442","comm":{"aid":"100","tid":"101296442"},"edit":{"head":"","link":"","name":"","rank":"","desc":""},"link":"http://finance.caixin.com/2018-07-09/101296442.html","nid":101296442,"subDesc":"要闻","video":"","type":0,"tags":[],"audioUrl":"http://audio.caixin.com/caixin/442/101296442.mp3","form":null,"summ":"意见提出的主要目标包括：法律法规更加健全、资本布局更加合理、资本管理更加完善、党的建设更加强化。意见指出，要有进有退、突出重点，进一步提高国有金融资本配置效率，有效发挥国有金融资本在金融领域的主导作用，继续保持国家对重点国有金融机构的控制力，显著增强金融服务实体经济的能力","freeDuration":"48","freeTime":"","channelDesc":"金融频道","time":"2018-07-09 08:26:58","attr":5,"channelId":125,"pict":{"imgs":[{"txt":"","url":"http://img.caixin.com/2017-12-20/1513761965370528_145_97.jpg"}],"num":1},"desc":"中共中央、国务院发布关于完善国有金融资本管理的指导意见"},{"cate":"100300001;100300177;101296189","comm":{"aid":"100","tid":"101296189"},"edit":{"head":"","link":"","name":"记者 彭骎骎 张宇哲","rank":"","desc":""},"link":"http://finance.caixin.com/2018-07-08/101296189.html","nid":101296189,"subDesc":"要闻","video":"","type":0,"tags":[],"audioUrl":"http://audio.caixin.com/caixin/189/101296189.mp3","form":null,"summ":"永泰能源第一期拟处置资产规模约150亿元，拟实施240亿元左右的债转股；母公司永泰集团已与五家银行达成战略合作协议，这五家银行承诺不抽贷、不断贷，并给予一定的流动性支持","freeDuration":"0","freeTime":"","channelDesc":"金融频道","time":"2018-07-08 14:25:46","attr":5,"channelId":125,"pict":{"imgs":[{"txt":"","url":"http://img.caixin.com/2018-07-08/1531031352936084_145_97.jpg"}],"num":1},"desc":"独家|永泰能源拟债转股和出售资产缓解债务危机（更新）"},{"cate":"100300001;100300177;101295830","comm":{"aid":"100","tid":"101295830"},"edit":{"head":"","link":"","name":"记者 吴雨俭","rank":"","desc":""},"link":"http://finance.caixin.com/2018-07-07/101295830.html","nid":101295830,"subDesc":"要闻","video":"","type":0,"tags":[],"audioUrl":"http://audio.caixin.com/caixin/830/101295830.mp3","form":null,"summ":"金融科技必须守住不发生系统性金融风险的底线；对待信息技术，既不能将其“神化”、也不能一味排斥，而要回归技术中立的本源","freeDuration":"0","freeTime":"","channelDesc":"金融频道","time":"2018-07-07 11:47:21","attr":5,"channelId":125,"pict":{"imgs":[{"txt":"","url":"http://img.caixin.com/2018-07-07/1530935714817081_145_97.jpg"}],"num":1},"desc":"央行科技司司长：金融科技要走安全可控、正本清源之路"},{"cate":"100300001;100300177;101295780","comm":{"aid":"100","tid":"101295780"},"edit":{"head":"","link":"","name":"驻香港记者 尉奕阳","rank":"","desc":""},"link":"http://finance.caixin.com/2018-07-07/101295780.html","nid":101295780,"subDesc":"要闻","video":"","type":0,"tags":[],"audioUrl":"http://audio.caixin.com/caixin/780/101295780.mp3","form":null,"summ":"港交所表示，新指引令《上市规则》更能反映新兴及创新产业公司特点","freeDuration":"0","freeTime":"","channelDesc":"金融频道","time":"2018-07-07 10:29:30","attr":5,"channelId":125,"pict":{"imgs":[{"txt":"","url":"http://img.caixin.com/2018-07-07/1530930949999415_145_97.jpg"}],"num":1},"desc":"港交所发布互联网公司上市指引 放宽股权激励比例"},{"cate":"100300001;100300177;101295686","comm":{"aid":"100","tid":"101295686"},"edit":{"head":"","link":"","name":"记者 张榆 刘彩萍","rank":"","desc":""},"link":"http://finance.caixin.com/2018-07-07/101295686.html","nid":101295686,"subDesc":"要闻","video":"","type":0,"tags":[],"audioUrl":"http://audio.caixin.com/caixin/686/101295686.mp3","form":null,"summ":"六只拟参与“独角兽”CDR战略配售的基金已拿到备案确认函，即将公告成立。由于互联网巨头纷纷押后发行CDR，市场担心这些特殊基金的投向问题如何解决","freeDuration":"0","freeTime":"","channelDesc":"金融频道","time":"2018-07-07 08:41:21","attr":5,"channelId":125,"pict":{"imgs":[{"txt":"","url":"http://img.caixin.com/2018-07-06/1530882361068044_145_97.jpg"}],"num":1},"desc":"CDR发行押后 战略配售基金如何应对"}],"start":600,"count":100,"maxes":1000}