{"datas":[{"cate":"100300001;100300177;101318899","comm":{"aid":"100","tid":"101318899"},"edit":{"head":"","link":"","name":"记者 武晓蒙","rank":"","desc":""},"link":"http://finance.caixin.com/2018-08-26/101318899.html","nid":101318899,"subDesc":"要闻","video":"","type":0,"tags":[],"audioUrl":"http://audio.caixin.com/caixin/899/101318899.mp3","form":null,"summ":"不良双降的同时，拨备覆盖率再度大幅提高，有利于利润释放；资管新规转型承压，理财销售额、余额、收入开始下降","freeDuration":"0","freeTime":"","channelDesc":"金融频道","time":"2018-08-26 09:01:30","attr":5,"channelId":125,"pict":{"imgs":[{"txt":"","url":"http://img.caixin.com/2018-06-28/1530156840247894_145_97.jpg"}],"num":1},"desc":"招行拨备大幅增提至316% 理财余额和收入均下降"},{"cate":"100300001;100300177;101318830","comm":{"aid":"100","tid":"101318830"},"edit":{"head":"","link":"","name":"记者 董兢","rank":"","desc":""},"link":"http://finance.caixin.com/2018-08-25/101318830.html","nid":101318830,"subDesc":"要闻","video":"","type":0,"tags":[],"audioUrl":"http://audio.caixin.com/caixin/830/101318830.mp3","form":null,"summ":"上半年安信信托固有业务收入亏损4.39亿元，信托业务收入20.52亿元，净利润10.79亿元，分别较去年同期下滑120.94%、12.91%，33%","freeDuration":"0","freeTime":"","channelDesc":"金融频道","time":"2018-08-25 18:14:55","attr":5,"channelId":125,"pict":{"imgs":[{"txt":"","url":"http://img.caixin.com/2018-08-25/1535192569541565_145_97.jpg"}],"num":1},"desc":"“最能赚钱”的安信信托净利润缩水 上半年下降逾三成"},{"cate":"100300001;100300177;101318701","comm":{"aid":"100","tid":"101318701"},"edit":{"head":"","link":"","name":"记者 吴雨俭","rank":"","desc":""},"link":"http://finance.caixin.com/2018-08-25/101318701.html","nid":101318701,"subDesc":"要闻","video":"","type":0,"tags":[],"audioUrl":"http://audio.caixin.com/caixin/701/101318701.mp3","form":null,"summ":"此次自查工作压实了股东和高管的责任，对自查结果的真实性终身负责；检查没通过的平台需无风险退出","freeDuration":"0","freeTime":"","channelDesc":"金融频道","time":"2018-08-25 09:35:57","attr":5,"channelId":125,"pict":{"imgs":[{"txt":"","url":"http://img.caixin.com/2018-08-25/1535161546232358_145_97.jpg"}],"num":1},"desc":"北京率先启动P2P自查 平台需在9月底前交结果"},{"cate":"100300001;100300177;101318693","comm":{"aid":"100","tid":"101318693"},"edit":{"head":"","link":"","name":"记者 彭骎骎","rank":"","desc":""},"link":"http://finance.caixin.com/2018-08-25/101318693.html","nid":101318693,"subDesc":"要闻","video":"","type":0,"tags":[],"audioUrl":"http://audio.caixin.com/caixin/693/101318693.mp3","form":null,"summ":"此次重启逆周期因子，是否会如去年那样扭转人民币兑美元汇率的走势？除了对冲外汇市场顺周期行为、缓解人民币贬值压力，还能起到什么作用","freeDuration":"0","freeTime":"","channelDesc":"金融频道","time":"2018-08-25 09:30:23","attr":5,"channelId":125,"pict":{"imgs":[{"txt":"","url":"http://img.caixin.com/2018-08-25/1535165715570642_145_97.jpg"}],"num":1},"desc":"逆周期因子终登场  汇率“保7”还是另有深意？"},{"cate":"100300001;100300177;101318595","comm":{"aid":"100","tid":"101318595"},"edit":{"head":"","link":"","name":"记者 董兢","rank":"","desc":""},"link":"http://finance.caixin.com/2018-08-24/101318595.html","nid":101318595,"subDesc":"要闻","video":"","type":0,"tags":[],"audioUrl":"http://audio.caixin.com/caixin/595/101318595.mp3","form":null,"summ":"上半年代理人队伍出现下降，下半年或将继续调整，机构下调中国人寿新业务价值率假设","freeDuration":"0","freeTime":"","channelDesc":"金融频道","time":"2018-08-24 21:56:21","attr":5,"channelId":125,"pict":{"imgs":[{"txt":"","url":"http://img.caixin.com/2018-08-24/1535119640364437_145_97.jpg"}],"num":1},"desc":"中国人寿上半年净利增34%"},{"cate":"100300001;100300177;101318579","comm":{"aid":"100","tid":"101318579"},"edit":{"head":"","link":"","name":"驻香港记者 尉奕阳","rank":"","desc":""},"link":"http://finance.caixin.com/2018-08-24/101318579.html","nid":101318579,"subDesc":"要闻","video":"","type":0,"tags":[],"audioUrl":"http://audio.caixin.com/caixin/579/101318579.mp3","form":null,"summ":"新规引入投资者识别码制度，可穿透至每一名散户个人信息；对于机构投资者，只会穿透至资产管理公司一级，不会穿透至单个基金","freeDuration":"0","freeTime":"","channelDesc":"金融频道","time":"2018-08-24 21:28:20","attr":5,"channelId":125,"pict":{"imgs":[{"txt":"","url":"http://img.caixin.com/2018-08-24/1535117701406127_145_97.jpg"}],"num":1},"desc":"沪深股通买A股 9月17日起须实名"},{"cate":"100300001;100300177;101318566","comm":{"aid":"100","tid":"101318566"},"edit":{"head":"","link":"","name":"记者 张榆","rank":"","desc":""},"link":"http://finance.caixin.com/2018-08-24/101318566.html","nid":101318566,"subDesc":"要闻","video":"","type":0,"tags":[],"audioUrl":"http://audio.caixin.com/caixin/566/101318566.mp3","form":null,"summ":"证监会主席助理黄炜表示，投资者在发生侵权后实现损害赔偿的路径以诉讼为主，需要多元化救济手段，监管也需适度介入，同时需要防止和限制公权力滥用","freeDuration":"0","freeTime":"","channelDesc":"金融频道","time":"2018-08-24 20:59:26","attr":5,"channelId":125,"pict":{"imgs":[{"txt":"","url":"http://img.caixin.com/2018-08-24/1535116212394028_145_97.jpg"}],"num":1},"desc":"证监会：监管适度介入 健全证券投资者损害赔偿制度"},{"cate":"100300001;100300177;101318463","comm":{"aid":"100","tid":"101318463"},"edit":{"head":"","link":"","name":"记者 吴雨俭","rank":"","desc":""},"link":"http://finance.caixin.com/2018-08-24/101318463.html","nid":101318463,"subDesc":"要闻","video":"","type":0,"tags":[],"audioUrl":"http://audio.caixin.com/caixin/463/101318463.mp3","form":null,"summ":"此次与蚂蚁金服的“分手”，给趣店带来的最直接影响无疑是获客成本提高；趣店表示，第一季度以来该公司主要通过自己的移动应用程序吸引用户","freeDuration":"0","freeTime":"","channelDesc":"金融频道","time":"2018-08-24 18:30:14","attr":5,"channelId":125,"pict":{"imgs":[{"txt":"","url":"http://img.caixin.com/2018-08-24/1535106873681442_145_97.jpg"}],"num":1},"desc":"趣店二季度净利增42% 与蚂蚁金服合作8月到期不续"},{"cate":"100300001;100300177;101318401","comm":{"aid":"100","tid":"101318401"},"edit":{"head":"","link":"","name":"见习记者 胡越 记者 吴雨俭","rank":"","desc":""},"link":"http://finance.caixin.com/2018-08-24/101318401.html","nid":101318401,"subDesc":"要闻","video":"","type":0,"tags":[],"audioUrl":"http://audio.caixin.com/caixin/401/101318401.mp3","form":null,"summ":"银保监会、中央网信办、公安部、人民银行和市场监管总局联合发布《关于防范以“虚拟货币”“区块链”名义进行非法集资的风险提示》，指出通过发行所谓“虚拟货币”“虚拟资产”“数字资产”等方式吸收资金，侵害公众合法权益","freeDuration":"12","freeTime":"","channelDesc":"金融频道","time":"2018-08-24 17:20:11","attr":5,"channelId":125,"pict":{"imgs":[{"txt":"","url":"http://img.caixin.com/2017-09-03/1504409996924027_145_97.jpg"}],"num":1},"desc":"五部委发布“虚拟货币”“区块链”风险提示 公安部首次参与发声"},{"cate":"100300001;100300177;101318332","comm":{"aid":"100","tid":"101318332"},"edit":{"head":"","link":"","name":"","rank":"","desc":""},"link":"http://finance.caixin.com/2018-08-24/101318332.html","nid":101318332,"subDesc":"要闻","video":"","type":0,"tags":[],"audioUrl":"http://audio.caixin.com/caixin/332/101318332.mp3","form":null,"summ":"此类活动以“金融创新”为噱头，实质是“借新还旧”的庞氏骗局，资金运转难以长期维系。请广大公众理性看待区块链，不要盲目相信天花乱坠的承诺，树立正确的货币观念和投资理念，切实提高风险意识；对发现的违法犯罪线索，可积极向有关部门举报反映","freeDuration":"48","freeTime":"","channelDesc":"金融频道","time":"2018-08-24 15:02:12","attr":5,"channelId":125,"pict":{"imgs":[{"txt":"","url":"http://img.caixin.com/2017-04-25/1493112705850377_145_97.jpg"}],"num":1},"desc":"银保监会：防范以“虚拟货币”“区块链”名义进行非法集资"},{"cate":"100300001;100300177;101318232","comm":{"aid":"100","tid":"101318232"},"edit":{"head":"","link":"","name":"记者 韩祎","rank":"","desc":""},"link":"http://finance.caixin.com/2018-08-24/101318232.html","nid":101318232,"subDesc":"要闻","video":"","type":0,"tags":[],"audioUrl":"http://audio.caixin.com/caixin/232/101318232.mp3","form":null,"summ":"银行普遍慎待对公贷款，交行也不例外，下半年仍将“稳健投放”","freeDuration":"0","freeTime":"","channelDesc":"金融频道","time":"2018-08-24 09:33:05","attr":5,"channelId":125,"pict":{"imgs":[{"txt":"","url":"http://img.caixin.com/2018-08-24/1535074971933653_145_97.jpg"}],"num":1},"desc":"交行发力消费金融 上半年个人信贷占新增贷款七成"},{"cate":"100300001;100300177;101318154","comm":{"aid":"100","tid":"101318154"},"edit":{"head":"","link":"","name":"驻香港记者 刘雁菲","rank":"","desc":""},"link":"http://finance.caixin.com/2018-08-23/101318154.html","nid":101318154,"subDesc":"要闻","video":"","type":0,"tags":[],"audioUrl":"http://audio.caixin.com/caixin/154/101318154.mp3","form":null,"summ":"华融国际原总经理与仰智慧过从甚密，华融国际曾高位入股仰智慧持有上市公司，折损而归","freeDuration":"0","freeTime":"","channelDesc":"金融频道","time":"2018-08-23 22:56:17","attr":5,"channelId":125,"pict":{"imgs":[{"txt":"","url":"http://img.caixin.com/2018-08-23/1535036288815240_145_97.jpg"}],"num":1},"desc":"独家|蓝鼎国际主席仰智慧失联 案涉华融"},{"cate":"100300001;100300177;101317998","comm":{"aid":"100","tid":"101317998"},"edit":{"head":"","link":"","name":"记者 朱亮韬","rank":"","desc":""},"link":"http://finance.caixin.com/2018-08-23/101317998.html","nid":101317998,"subDesc":"要闻","video":"","type":0,"tags":[],"audioUrl":"http://audio.caixin.com/caixin/998/101317998.mp3","form":null,"summ":"不到一年之内，斯太尔的董事长职位三度易人，显示出斯太尔目前混乱的管理和人事关系。基本面堪忧的上市公司也让股东方开始品尝当初资本运作的苦果","freeDuration":"0","freeTime":"","channelDesc":"金融频道","time":"2018-08-23 15:52:59","attr":5,"channelId":125,"pict":{"imgs":[{"txt":"","url":"http://img.caixin.com/2017-05-25/1495689529780635_145_97.jpg"}],"num":1},"desc":"斯太尔并购画饼落空陷困境 董事长又失联"},{"cate":"100300001;100300177;101317900","comm":{"aid":"100","tid":"101317900"},"edit":{"head":"","link":"","name":"记者 彭岩锋","rank":"","desc":""},"link":"http://finance.caixin.com/2018-08-23/101317900.html","nid":101317900,"subDesc":"要闻","video":"","type":0,"tags":[],"audioUrl":"http://audio.caixin.com/caixin/900/101317900.mp3","form":{"txt":"证券基金","url":"http://finance.caixin.com/stock/"},"summ":"作为*ST华信的控股股东，上海华信深陷债券违约泥淖。5月至今，上海华信已有共计五笔债券未能按期兑付，本息总额逾80亿元","freeDuration":"0","freeTime":"","channelDesc":"金融频道","time":"2018-08-23 11:46:08","attr":5,"channelId":125,"pict":{"imgs":[{"txt":"","url":"http://img.caixin.com/2018-08-23/1534996412160188_145_97.jpg"}],"num":1},"desc":"年报涉嫌虚假记载  *ST华信被证监会立案调查"},{"cate":"100300001;100300177;101317847","comm":{"aid":"100","tid":"101317847"},"edit":{"head":"","link":"","name":"记者 吴雨俭","rank":"","desc":""},"link":"http://finance.caixin.com/2018-08-23/101317847.html","nid":101317847,"subDesc":"要闻","video":"","type":0,"tags":[],"audioUrl":"http://audio.caixin.com/caixin/847/101317847.mp3","form":null,"summ":"协会强调P2P平台自查自纠报告必须“诚实守信、如实报告”；尽管系统直连采集的是平台的“一手数据”，但也存在着各种真实性的灰色地带","freeDuration":"12","freeTime":"","channelDesc":"金融频道","time":"2018-08-23 10:00:40","attr":5,"channelId":125,"pict":{"imgs":[{"txt":"","url":"http://img.caixin.com/2018-08-23/1534990001246790_145_97.jpg"}],"num":1},"desc":"互金协会启动P2P会员自查 报送数据造假将被“一票否决”"},{"cate":"100300001;100300177;101317768","comm":{"aid":"100","tid":"101317768"},"edit":{"head":"","link":"","name":"记者 董兢","rank":"","desc":""},"link":"http://finance.caixin.com/2018-08-23/101317768.html","nid":101317768,"subDesc":"要闻","video":"","type":0,"tags":[],"audioUrl":"http://audio.caixin.com/caixin/768/101317768.mp3","form":null,"summ":"在信托产品发行规模持续低增长之后，监管要求区别对待合法合规的信托通道业务和为委托人监管套利、违法违规提供便利的通道业务","freeDuration":"0","freeTime":"","channelDesc":"金融频道","time":"2018-08-23 07:27:46","attr":5,"channelId":125,"pict":{"imgs":[{"txt":"","url":"http://img.caixin.com/2017-12-08/1512730494561288_145_97.jpg"}],"num":1},"desc":"银保监会：支持投资实体的信托通道业务"},{"cate":"100300001;100300177;101317764","comm":{"aid":"100","tid":"101317764"},"edit":{"head":"","link":"","name":"记者 吴雨俭","rank":"","desc":""},"link":"http://finance.caixin.com/2018-08-23/101317764.html","nid":101317764,"subDesc":"要闻","video":"","type":0,"tags":[],"audioUrl":"http://audio.caixin.com/caixin/764/101317764.mp3","form":null,"summ":"监管的不确定性及行业震荡，导致平台对借贷规模展望作出了调整；质保金余额36亿元，占受此保护未偿还贷款总额的17.8%","freeDuration":"0","freeTime":"","channelDesc":"金融频道","time":"2018-08-23 07:18:32","attr":5,"channelId":125,"pict":{"imgs":[{"txt":"","url":"http://img.caixin.com/2017-11-08/1510107496845345_145_97.jpg"}],"num":1},"desc":"拍拍贷二季度净利润6亿元 扩大股票回购计划"},{"cate":"100300001;100300177;101317760","comm":{"aid":"100","tid":"101317760"},"edit":{"head":"","link":"","name":"记者 吴红毓然","rank":"","desc":""},"link":"http://finance.caixin.com/2018-08-23/101317760.html","nid":101317760,"subDesc":"要闻","video":"","type":0,"tags":[],"audioUrl":"http://audio.caixin.com/caixin/760/101317760.mp3","form":null,"summ":"央行牵头的互金整治领导小组和银保监会的打非局的职能有所重合，未来如何共同化解当下的非法集资风险？","freeDuration":"0","freeTime":"","channelDesc":"金融频道","time":"2018-08-23 07:07:16","attr":5,"channelId":125,"pict":{"imgs":[{"txt":"","url":"http://img.caixin.com/2018-08-16/1534405518033074_145_97.jpg"}],"num":1},"desc":"处非办更名为打击非法金融活动局 银保监会承担何种责任"},{"cate":"100300001;100300177;101317698","comm":{"aid":"100","tid":"101317698"},"edit":{"head":"","link":"","name":"记者 任蕙兰","rank":"","desc":""},"link":"http://finance.caixin.com/2018-08-22/101317698.html","nid":101317698,"subDesc":"要闻","video":"","type":0,"tags":[],"audioUrl":"http://audio.caixin.com/caixin/698/101317698.mp3","form":null,"summ":"今年6月和7月中企跨境发债规模不及2017年同期发债规模的五分之一。监管收紧、利率风险和信用风险是导致投资者愈发谨慎的主因。唯房企还能忍受高昂的成本在美元债市场融资","freeDuration":"0","freeTime":"","channelDesc":"金融频道","time":"2018-08-22 19:45:26","attr":5,"channelId":125,"pict":{"imgs":[{"txt":"","url":"http://img.caixin.com/2018-08-22/1534938485521863_145_97.jpg"}],"num":1},"desc":"中企美元债发行骤冷 房企票息飙升至10%以上"},{"cate":"100300001;100300177;101317693","comm":{"aid":"100","tid":"101317693"},"edit":{"head":"","link":"","name":"记者 吴红毓然","rank":"","desc":""},"link":"http://finance.caixin.com/2018-08-22/101317693.html","nid":101317693,"subDesc":"要闻","video":"","type":0,"tags":[],"audioUrl":"http://audio.caixin.com/caixin/693/101317693.mp3","form":null,"summ":"这一方案于8月14日起正式执行，确定了银保监会总部的职能、机构和编制，也包括了对三年前杨家才主导的那一次银监会机构改革的修正","freeDuration":"0","freeTime":"","channelDesc":"金融频道","time":"2018-08-22 19:35:50","attr":5,"channelId":125,"pict":{"imgs":[{"txt":"","url":"http://img.caixin.com/2018-08-16/1534405518033074_145_97.jpg"}],"num":1},"desc":"银保监会下发“三定”方案 26个部门增减逻辑|特稿精选"},{"cate":"100300001;100300177;101317624","comm":{"aid":"100","tid":"101317624"},"edit":{"head":"","link":"","name":"见习记者 胡越","rank":"","desc":""},"link":"http://finance.caixin.com/2018-08-22/101317624.html","nid":101317624,"subDesc":"要闻","video":"","type":0,"tags":[],"audioUrl":"http://audio.caixin.com/caixin/624/101317624.mp3","form":null,"summ":"要求各商场、酒店、宾馆、写字楼等地不得承办任何形式的虚拟货币推介宣讲等活动","freeDuration":"0","freeTime":"","channelDesc":"金融频道","time":"2018-08-22 17:38:26","attr":5,"channelId":125,"pict":{"imgs":[{"txt":"","url":"http://img.caixin.com/2018-03-06/1520316582336697_145_97.jpg"}],"num":1},"desc":"北京朝阳区严禁虚拟币推介活动 其余区暂未行动"},{"cate":"100300001;100300177;101317578","comm":{"aid":"100","tid":"101317578"},"edit":{"head":"","link":"","name":"见习记者 胡越","rank":"","desc":""},"link":"http://finance.caixin.com/2018-08-22/101317578.html","nid":101317578,"subDesc":"要闻","video":"","type":0,"tags":[],"audioUrl":"http://audio.caixin.com/caixin/578/101317578.mp3","form":null,"summ":"借款人应保证其提供信用信息、资金用途、还款来源等借款资料的真实性；P2P平台应帮助出借人充分了解借款人和借款项目信息及其风险，必要时可提供途径协助出借人查验相关借款项目的真实性","freeDuration":"0","freeTime":"","channelDesc":"金融频道","time":"2018-08-22 16:08:30","attr":5,"channelId":125,"pict":{"imgs":[{"txt":"","url":"http://img.caixin.com/2018-06-05/1528169880819849_145_97.jpg"}],"num":1},"desc":"剑指恶意骗贷 互金协会要求P2P借款人签信用承诺书"},{"cate":"100300001;100300177;101317509","comm":{"aid":"100","tid":"101317509"},"edit":{"head":"","link":"","name":"记者 彭骎骎","rank":"","desc":""},"link":"http://finance.caixin.com/2018-08-22/101317509.html","nid":101317509,"subDesc":"要闻","video":"","type":0,"tags":[],"audioUrl":"http://audio.caixin.com/caixin/509/101317509.mp3","form":null,"summ":"由中投和高盛联合推进，总共计划募集50亿美元","freeDuration":"0","freeTime":"","channelDesc":"金融频道","time":"2018-08-22 12:43:16","attr":5,"channelId":125,"pict":{"imgs":[{"txt":"","url":"http://img.caixin.com/2018-08-22/1534913391503344_145_97.jpg"}],"num":1},"desc":"中美制造业合作基金首期15亿美元募集完成"},{"cate":"100300001;100300177;101317416","comm":{"aid":"100","tid":"101317416"},"edit":{"head":"","link":"","name":"记者 吴雨俭 见习记者 胡越","rank":"","desc":""},"link":"http://finance.caixin.com/2018-08-22/101317416.html","nid":101317416,"subDesc":"要闻","video":"","type":0,"tags":[],"audioUrl":"http://audio.caixin.com/caixin/416/101317416.mp3","form":null,"summ":"部分自媒体希望通过开发APP来规避监管，“最快一周出产品，让您再也不用担心公众号被封”，但这真能如愿吗？","freeDuration":"0","freeTime":"","channelDesc":"金融频道","time":"2018-08-22 07:16:16","attr":5,"channelId":125,"pict":{"imgs":[{"txt":"","url":"http://img.caixin.com/2018-08-22/1534896574792657_145_97.jpg"}],"num":1},"desc":"独家|币圈自媒体公号被封后 监管风暴将吹向哪里"},{"cate":"100300001;100300177;101317382","comm":{"aid":"100","tid":"101317382"},"edit":{"head":"","link":"","name":"驻香港记者 尉奕阳","rank":"","desc":""},"link":"http://finance.caixin.com/2018-08-21/101317382.html","nid":101317382,"subDesc":"要闻","video":"","type":0,"tags":[],"audioUrl":"","form":null,"summ":"普华永道预计，中国2018年海外并购活动将持续放缓，贸易战对中资海外并购影响有限","freeDuration":"0","freeTime":"","channelDesc":"金融频道","time":"2018-08-21 21:15:49","attr":5,"channelId":125,"pict":{"imgs":[{"txt":"","url":"http://img.caixin.com/2018-08-21/1534857916841533_145_97.jpg"}],"num":1},"desc":"普华永道：中国海外并购额上半年同比下跌25%"},{"cate":"100300001;100300177;101317344","comm":{"aid":"100","tid":"101317344"},"edit":{"head":"","link":"","name":"见习记者 胡越","rank":"","desc":""},"link":"http://finance.caixin.com/2018-08-21/101317344.html","nid":101317344,"subDesc":"要闻","video":"","type":0,"tags":[],"audioUrl":"http://audio.caixin.com/caixin/344/101317344.mp3","form":null,"summ":"虽然有道口保理和道口贷平台的先行垫付，但并非平台兜底的刚性兑付，首批处置投资人可以拿到55.2%的本金；违约企业童创童欣原董事长首度回应质疑，否认个别债权人对其进行公开市场虚假陈述、转移资产、伪造合同等的指控","freeDuration":"0","freeTime":"","channelDesc":"金融频道","time":"2018-08-21 19:21:19","attr":5,"channelId":125,"pict":{"imgs":[{"txt":"","url":"http://img.caixin.com/2018-08-21/1534850865366460_145_97.jpg"}],"num":1},"desc":"“道口贷”逾期处置无刚兑 违约企业否认挪用资金"},{"cate":"100300001;100300177;101317059","comm":{"aid":"100","tid":"101317059"},"edit":{"head":"","link":"","name":"记者 张榆 韩祎","rank":"","desc":""},"link":"http://finance.caixin.com/2018-08-21/101317059.html","nid":101317059,"subDesc":"要闻","video":"","type":0,"tags":[],"audioUrl":"http://audio.caixin.com/caixin/059/101317059.mp3","form":null,"summ":"高收益票据理财平台爆雷，华安基金子公司的一单通道业务代持了平台运营公司股权，因而被平台投资者“迁怒”","freeDuration":"0","freeTime":"","channelDesc":"金融频道","time":"2018-08-21 09:45:56","attr":5,"channelId":125,"pict":{"imgs":[{"txt":"","url":"http://img.caixin.com/2018-08-21/1534818730493919_145_97.jpg"}],"num":1},"desc":"票票喵爆雷 基金子公司通道代持股权受牵连"},{"cate":"100300001;100300177;101317000","comm":{"aid":"100","tid":"101317000"},"edit":{"head":"","link":"","name":"记者 吴雨俭","rank":"","desc":""},"link":"http://finance.caixin.com/2018-08-21/101317000.html","nid":101317000,"subDesc":"要闻","video":"","type":0,"tags":[],"audioUrl":"http://audio.caixin.com/caixin/000/101317000.mp3","form":null,"summ":"网贷会员机构的实际控制人或持股5%以上的股东变更，需在48小时内向公众披露；并在10个工作日内向协会函告新股东出资来源和业务影响等情况","freeDuration":"0","freeTime":"","channelDesc":"金融频道","time":"2018-08-21 07:18:17","attr":5,"channelId":125,"pict":{"imgs":[{"txt":"","url":"http://img.caixin.com/2018-08-21/1534810761836993_145_97.jpg"}],"num":1},"desc":"互金协会：P2P平台实控人变更 重新审查会员资格"},{"cate":"100300001;100300177;101316860","comm":{"aid":"100","tid":"101316860"},"edit":{"head":"","link":"","name":"记者 吴红毓然","rank":"","desc":""},"link":"http://finance.caixin.com/2018-08-20/101316860.html","nid":101316860,"subDesc":"要闻","video":"","type":0,"tags":[],"audioUrl":"http://audio.caixin.com/caixin/860/101316860.mp3","form":null,"summ":"中诚信托、厦门信托、西部信托、长安信托、陕国投信托等被暂停新增地产类业务","freeDuration":"0","freeTime":"","channelDesc":"金融频道","time":"2018-08-20 18:37:56","attr":5,"channelId":125,"pict":{"imgs":[{"txt":"","url":"http://img.caixin.com/2018-06-20/1529468882521213_145_97.jpg"}],"num":1},"desc":"个别信托公司被窗口指导 暂停新增房地产信托业务"},{"cate":"100300001;100300177;101316820","comm":{"aid":"100","tid":"101316820"},"edit":{"head":"","link":"","name":"见习记者 胡越","rank":"","desc":""},"link":"http://finance.caixin.com/2018-08-20/101316820.html","nid":101316820,"subDesc":"要闻","video":"","type":0,"tags":[],"audioUrl":"http://audio.caixin.com/caixin/820/101316820.mp3","form":null,"summ":"截至目前，中融新大尚未有公开发行的债券违约，但近期被曝光至少两起民间借贷纠纷，并因此被冻结存款超过1亿元","freeDuration":"0","freeTime":"","channelDesc":"金融频道","time":"2018-08-20 17:37:06","attr":5,"channelId":125,"pict":{"imgs":[{"txt":"","url":"http://img.caixin.com/2018-08-20/1534758421357588_145_97.jpg"}],"num":1},"desc":"中融新大被冻结亿元存款  已与小贷公司协商展期"},{"cate":"100300001;100300177;101316769","comm":{"aid":"100","tid":"101316769"},"edit":{"head":"","link":"","name":"记者 吴红毓然","rank":"","desc":""},"link":"http://finance.caixin.com/2018-08-20/101316769.html","nid":101316769,"subDesc":"要闻","video":"","type":0,"tags":[],"audioUrl":"http://audio.caixin.com/caixin/769/101316769.mp3","form":null,"summ":"他面临的挑战是，如何带领邮储银行在目前经济金融形势下“稳中求进”，如何承担中国邮政集团的其他诸多业务","freeDuration":"0","freeTime":"","channelDesc":"金融频道","time":"2018-08-20 16:30:34","attr":5,"channelId":125,"pict":{"imgs":[{"txt":"","url":"http://img.caixin.com/2018-08-20/1534754207668095_145_97.jpg"}],"num":1},"desc":"独家|张金良告别光大银行 将出任邮储银行董事长"},{"cate":"100300001;100300177;101316729","comm":{"aid":"100","tid":"101316729"},"edit":{"head":"","link":"","name":"记者 王力为 见习记者 全月","rank":"","desc":""},"link":"http://finance.caixin.com/2018-08-20/101316729.html","nid":101316729,"subDesc":"要闻","video":"","type":0,"tags":[],"audioUrl":"http://audio.caixin.com/caixin/729/101316729.mp3","form":null,"summ":"即退休后的每月通过第三支柱获得收入与退休前一个月的收入相同","freeDuration":"0","freeTime":"","channelDesc":"金融频道","time":"2018-08-20 14:26:49","attr":5,"channelId":125,"pict":{"imgs":[{"txt":"","url":"http://img.caixin.com/2018-08-20/1534747099665134_145_97.jpg"}],"num":1},"desc":"华夏养老基金引入替代率概念"},{"cate":"100300001;100300177;101316313","comm":{"aid":"100","tid":"101316313"},"edit":{"head":"","link":"","name":"记者 黎柳茜","rank":"","desc":""},"link":"http://finance.caixin.com/2018-08-17/101316313.html","nid":101316313,"subDesc":"要闻","video":"","type":0,"tags":[],"audioUrl":"http://audio.caixin.com/caixin/313/101316313.mp3","form":{"txt":"投资","url":"http://finance.caixin.com/investment/"},"summ":"奥马电器此前公告称，实控人赵国栋有意转让5%以上的股份，转让所得将用于帮助钱包金融解决兑付问题","freeDuration":"0","freeTime":"","channelDesc":"金融频道","time":"2018-08-17 20:21:42","attr":5,"channelId":125,"pict":{"imgs":[{"txt":"","url":"http://img.caixin.com/2018-08-17/1534510088402047_145_97.jpg"}],"num":1},"desc":"奥马电器实控人提供担保 为旗下网贷平台灭火"},{"cate":"100300001;100300177;101316306","comm":{"aid":"100","tid":"101316306"},"edit":{"head":"","link":"","name":"驻香港记者 刘雁菲","rank":"","desc":""},"link":"http://finance.caixin.com/2018-08-17/101316306.html","nid":101316306,"subDesc":"要闻","video":"","type":0,"tags":[],"audioUrl":"http://audio.caixin.com/caixin/306/101316306.mp3","form":null,"summ":"目前香港银行体系结余降至926亿港元，分析认为，降至300亿港元为合理水平","freeDuration":"0","freeTime":"","channelDesc":"金融频道","time":"2018-08-17 20:18:27","attr":5,"channelId":125,"pict":{"imgs":[{"txt":"","url":"http://img.caixin.com/2018-08-17/1534508702027115_145_97.jpg"}],"num":1},"desc":"香港金管局第三轮入市 港元料持续疲弱"},{"cate":"100300001;100300177;101316231","comm":{"aid":"100","tid":"101316231"},"edit":{"head":"","link":"","name":"记者 朱亮韬","rank":"","desc":""},"link":"http://finance.caixin.com/2018-08-17/101316231.html","nid":101316231,"subDesc":"要闻","video":"","type":0,"tags":[],"audioUrl":"http://audio.caixin.com/caixin/231/101316231.mp3","form":null,"summ":"业界寄望新国债期货品种进一步丰富利率风险管理工具","freeDuration":"0","freeTime":"","channelDesc":"金融频道","time":"2018-08-17 18:02:23","attr":5,"channelId":125,"pict":{"imgs":[{"txt":"","url":"http://img.caixin.com/2018-08-17/1534500765169965_145_97.jpg"}],"num":1},"desc":"2年期国债期货正式上市 有助完善国债收益率曲线"},{"cate":"100300001;100300177;101316226","comm":{"aid":"100","tid":"101316226"},"edit":{"head":"","link":"","name":"记者 刘彩萍 见习记者 全月","rank":"","desc":""},"link":"http://finance.caixin.com/2018-08-17/101316226.html","nid":101316226,"subDesc":"要闻","video":"","type":0,"tags":[],"audioUrl":"http://audio.caixin.com/caixin/226/101316226.mp3","form":null,"summ":"常德鹏称，证监会调查证券期货案件时，会对调查事件有关的单位和个人采取包括询问在内的必要调查措施；高勇案涉及的14个个人证券账户是否会被自律监管，要等有进展再发布","freeDuration":"0","freeTime":"","channelDesc":"金融频道","time":"2018-08-17 18:02:06","attr":5,"channelId":125,"pict":{"imgs":[{"txt":"","url":"http://img.caixin.com/2018-08-17/1534500714347695_145_97.jpg"}],"num":1},"desc":"证监会:黄晓明未被列为高勇操纵案违法当事人"},{"cate":"100300001;100300177;101316070","comm":{"aid":"100","tid":"101316070"},"edit":{"head":"","link":"","name":"记者 张宇哲 刘彩萍","rank":"","desc":""},"link":"http://finance.caixin.com/2018-08-17/101316070.html","nid":101316070,"subDesc":"要闻","video":"","type":0,"tags":[],"audioUrl":"http://audio.caixin.com/caixin/070/101316070.mp3","form":null,"summ":"交易商协会和证监会联合查明，大公评级在为相关发行人提供信用评级服务的同时，直接向受评企业提供咨询服务，收取高额费用；在调查过程中提供不实材料","freeDuration":"0","freeTime":"","channelDesc":"金融频道","time":"2018-08-17 14:59:50","attr":5,"channelId":125,"pict":{"imgs":[{"txt":"","url":"http://img.caixin.com/2018-08-17/1534489458687093_145_97.jpg"}],"num":1},"desc":"大公评级受严惩  暂停债市评级一年（更新）"},{"cate":"100300001;100300177;101315961","comm":{"aid":"100","tid":"101315961"},"edit":{"head":"","link":"","name":"记者 韩祎","rank":"","desc":""},"link":"http://finance.caixin.com/2018-08-17/101315961.html","nid":101315961,"subDesc":"要闻","video":"","type":0,"tags":[],"audioUrl":"http://audio.caixin.com/caixin/961/101315961.mp3","form":null,"summ":"在新的政策下，境内银行无法通过自贸区同业往来账户向境外存放或拆放人民币，这会收紧离岸人民币流动性，增加在香港离岸市场做空人民币的成本和难度","freeDuration":"0","freeTime":"","channelDesc":"金融频道","time":"2018-08-17 09:27:01","attr":5,"channelId":125,"pict":{"imgs":[{"txt":"","url":"http://img.caixin.com/2018-07-19/1532000578152485_145_97.jpg"}],"num":1},"desc":"央行限制上海自贸区资金流出 提高做空人民币成本"},{"cate":"100300001;100300177;101315856","comm":{"aid":"100","tid":"101315856"},"edit":{"head":"","link":"","name":"记者 吴雨俭","rank":"","desc":""},"link":"http://finance.caixin.com/2018-08-17/101315856.html","nid":101315856,"subDesc":"要闻","video":"","type":0,"tags":[],"audioUrl":"http://audio.caixin.com/caixin/856/101315856.mp3","form":null,"summ":"这意味着P2P平台需依照由中央统一制定的清单标准进行整改；合规检查包括机构自查、行业协会自律检查和地方整治办的行政核查三大部分，计划年底前完成检查","freeDuration":"0","freeTime":"","channelDesc":"金融频道","time":"2018-08-17 08:01:35","attr":5,"channelId":125,"pict":{"imgs":[{"txt":"","url":"http://img.caixin.com/2018-08-17/1534464695433897_145_97.jpg"}],"num":1},"desc":"独家|网贷整治办发布P2P合规标准 问题清单108条全国统一"},{"cate":"100300001;100300177;101315796","comm":{"aid":"100","tid":"101315796"},"edit":{"head":"","link":"","name":"记者 彭骎骎 张宇哲","rank":"","desc":""},"link":"http://finance.caixin.com/2018-08-16/101315796.html","nid":101315796,"subDesc":"要闻","video":"","type":0,"tags":[],"audioUrl":"http://audio.caixin.com/caixin/796/101315796.mp3","form":null,"summ":"此次城投债“17兵团六师SCP001”技术性违约风波，带来市场连锁反应；新疆兵团六师反应迅速，启动问责调查，试图挽回市场信心","freeDuration":"0","freeTime":"","channelDesc":"金融频道","time":"2018-08-16 18:08:44","attr":5,"channelId":125,"pict":{"imgs":[{"txt":"","url":"http://img.caixin.com/2018-08-16/1534414342173856_145_97.jpg"}],"num":1},"desc":"独家|新疆兵团六师回应城投债技术性违约事件：已启动问责调查"},{"cate":"100300001;100300177;101315776","comm":{"aid":"100","tid":"101315776"},"edit":{"head":"","link":"","name":"记者 郑丽纯 韩祎","rank":"","desc":""},"link":"http://finance.caixin.com/2018-08-16/101315776.html","nid":101315776,"subDesc":"要闻","video":"","type":0,"tags":[],"audioUrl":"http://audio.caixin.com/caixin/776/101315776.mp3","form":{"txt":"银行","url":"http://finance.caixin.com/bank/"},"summ":"平安银行称，资管子公司正在申请中，未来架构、细则将仿效公募基金模式。具体设立方案尚待监管部门出台资管子公司管理细则","freeDuration":"0","freeTime":"","channelDesc":"金融频道","time":"2018-08-16 17:48:16","attr":5,"channelId":125,"pict":{"imgs":[{"txt":"","url":"http://img.caixin.com/2018-08-16/1534413141329724_145_97.jpg"}],"num":1},"desc":"平安银行：上半年零售贡献近七成净利"},{"cate":"100300001;100300177;101315678","comm":{"aid":"100","tid":"101315678"},"edit":{"head":"","link":"","name":"记者 吴雨俭","rank":"","desc":""},"link":"http://finance.caixin.com/2018-08-16/101315678.html","nid":101315678,"subDesc":"要闻","video":"","type":0,"tags":[],"audioUrl":"http://audio.caixin.com/caixin/678/101315678.mp3","form":null,"summ":"此次监管希望AMC担当起帮助监管处置好P2P遗留问题的责任，通知四大AMC回去尽早拿出方案","freeDuration":"0","freeTime":"","channelDesc":"金融频道","time":"2018-08-16 15:42:00","attr":5,"channelId":125,"pict":{"imgs":[{"txt":"","url":"http://img.caixin.com/2018-08-16/1534405518033074_145_97.jpg"}],"num":1},"desc":"银保监会召集四大AMC开会 关注P2P风险缓释机制"},{"cate":"100300001;100300177;101315444","comm":{"aid":"100","tid":"101315444"},"edit":{"head":"","link":"","name":"记者 刘彩萍","rank":"","desc":""},"link":"http://finance.caixin.com/2018-08-16/101315444.html","nid":101315444,"subDesc":"要闻","video":"","type":0,"tags":[],"audioUrl":"http://audio.caixin.com/caixin/444/101315444.mp3","form":null,"summ":"允许在我国境内工作的外国人和A股上市公司中在境外工作并参与股权激励的外籍员工两类外国人直接开立A股账户","freeDuration":"48","freeTime":"","channelDesc":"金融频道","time":"2018-08-16 07:25:16","attr":5,"channelId":125,"pict":{"imgs":[{"txt":"","url":"http://img.caixin.com/2018-08-16/1534378478507476_145_97.jpg"}],"num":1},"desc":"A股\"韭菜\"军团即将引入\"外援\""},{"cate":"100300001;100300177;101315223","comm":{"aid":"100","tid":"101315223"},"edit":{"head":"","link":"","name":"驻香港记者 尉奕阳","rank":"","desc":""},"link":"http://finance.caixin.com/2018-08-15/101315223.html","nid":101315223,"subDesc":"要闻","video":"","type":0,"tags":[],"audioUrl":"http://audio.caixin.com/caixin/223/101315223.mp3","form":null,"summ":"摩根资管已在中国成立外商独资企业，筹备开展私募等业务，未来公募平台将更多集中于上投摩根","freeDuration":"0","freeTime":"","channelDesc":"金融频道","time":"2018-08-15 15:34:27","attr":5,"channelId":125,"pict":{"imgs":[{"txt":"","url":"http://img.caixin.com/2018-08-15/1534318895910053_145_97.jpg"}],"num":1},"desc":"摩根大通资管：准备申请在华私募牌照"},{"cate":"100300001;100300177;101315185","comm":{"aid":"100","tid":"101315185"},"edit":{"head":"","link":"","name":"记者 韩祎","rank":"","desc":""},"link":"http://finance.caixin.com/2018-08-15/101315185.html","nid":101315185,"subDesc":"要闻","video":"","type":0,"tags":[],"audioUrl":"http://audio.caixin.com/caixin/185/101315185.mp3","form":null,"summ":"朱一栋与所谓“华北第一操盘手”李卫卫合谋并分工，用很低劣的手段操纵大连电瓷股价。朱一栋6月跑路失联，相关行政处罚一个多月后正式公布","freeDuration":"0","freeTime":"","channelDesc":"金融频道","time":"2018-08-15 13:39:35","attr":5,"channelId":125,"pict":{"imgs":[{"txt":"","url":"http://img.caixin.com/2018-08-15/1534311844933212_145_97.jpg"}],"num":1},"desc":"阜兴系实控人朱一栋遭证监会市场禁入"},{"cate":"100300001;100300177;101315070","comm":{"aid":"100","tid":"101315070"},"edit":{"head":"","link":"","name":"驻香港记者 刘雁菲","rank":"","desc":""},"link":"http://finance.caixin.com/2018-08-15/101315070.html","nid":101315070,"subDesc":"要闻","video":"","type":0,"tags":[],"audioUrl":"http://audio.caixin.com/caixin/070/101315070.mp3","form":null,"summ":"公司董事长兼行政总裁万隆表示，中美贸易战在今年上半年已经对美国公司的生产和经营产生影响","freeDuration":"0","freeTime":"","channelDesc":"金融频道","time":"2018-08-15 09:16:33","attr":5,"channelId":125,"pict":{"imgs":[{"txt":"","url":"http://img.caixin.com/2018-08-15/1534296566133363_145_97.jpg"}],"num":1},"desc":"万洲国际：美国公司对中国出口量上半年减少逾20%"},{"cate":"100300001;100300177;101314995","comm":{"aid":"100","tid":"101314995"},"edit":{"head":"","link":"","name":"记者 张宇哲","rank":"","desc":""},"link":"http://finance.caixin.com/2018-08-14/101314995.html","nid":101314995,"subDesc":"要闻","video":"","type":0,"tags":[],"audioUrl":"http://audio.caixin.com/caixin/995/101314995.mp3","form":null,"summ":"发行人兵团六师国资与当地财政局的往来款逐年增加，财政直接占用企业资金；新疆建设兵团相关城投债的发行和交易已受到影响，预计债市一部分配置力量会从城投债分流到产业债","freeDuration":"0","freeTime":"","channelDesc":"金融频道","time":"2018-08-14 21:02:12","attr":5,"channelId":125,"pict":{"imgs":[{"txt":"","url":"http://img.caixin.com/2018-08-14/1534252223676550_145_97.jpg"}],"num":1},"desc":"城投债首现违约 新疆兵团六师国资评级被降至C"},{"cate":"100300001;100300177;101314964","comm":{"aid":"100","tid":"101314964"},"edit":{"head":"","link":"","name":"记者 彭骎骎","rank":"","desc":""},"link":"http://finance.caixin.com/2018-08-14/101314964.html","nid":101314964,"subDesc":"要闻","video":"","type":0,"tags":[],"audioUrl":"http://audio.caixin.com/caixin/964/101314964.mp3","form":null,"summ":"目前土耳其对人民币的影响是间接的，贬值属于正常的市场波动；重启的20%外汇风险准备金，对企业购汇还没有太大影响","freeDuration":"0","freeTime":"","channelDesc":"金融频道","time":"2018-08-14 19:07:31","attr":5,"channelId":125,"pict":{"imgs":[{"txt":"","url":"http://img.caixin.com/2018-08-14/1534245191475337_145_97.jpg"}],"num":1},"desc":"受土耳其危机牵连 人民币汇率继续走贬"},{"cate":"100300001;100300177;101314909","comm":{"aid":"100","tid":"101314909"},"edit":{"head":"","link":"","name":"记者 张立君","rank":"","desc":""},"link":"http://finance.caixin.com/2018-08-14/101314909.html","nid":101314909,"subDesc":"要闻","video":"","type":0,"tags":[],"audioUrl":"http://audio.caixin.com/caixin/909/101314909.mp3","form":null,"summ":"外资机构已经成为今年以来中国债市增量资金的重要组成部分，对利率债尤其是国债的增持力度明显强于其他机构","freeDuration":"0","freeTime":"","channelDesc":"金融频道","time":"2018-08-14 17:25:26","attr":5,"channelId":125,"pict":{"imgs":[{"txt":"","url":"http://img.caixin.com/2018-08-15/1534301256887612_145_97.jpg"}],"num":1},"desc":"外资持续抄底 今年累计持债量增40%"},{"cate":"100300001;100300177;101314845","comm":{"aid":"100","tid":"101314845"},"edit":{"head":"","link":"","name":"记者 吴雨俭 张宇哲 吴红毓然","rank":"","desc":""},"link":"http://finance.caixin.com/2018-08-14/101314845.html","nid":101314845,"subDesc":"要闻","video":"","type":0,"tags":[],"audioUrl":"http://audio.caixin.com/caixin/845/101314845.mp3","form":null,"summ":"在业内人士看来，朱鹤新有地方为官经历，相对熟悉地方经济金融形势，便于有的放矢地落实中央和地方的金融监管协调","freeDuration":"0","freeTime":"","channelDesc":"金融频道","time":"2018-08-14 15:33:48","attr":5,"channelId":125,"pict":{"imgs":[{"txt":"","url":"http://img.caixin.com/2018-08-14/1534232428668619_145_97.jpg"}],"num":1},"desc":"朱鹤新任副行长 央行“一正六副”领导班子落定"},{"cate":"100300001;100300177;101314597","comm":{"aid":"100","tid":"101314597"},"edit":{"head":"","link":"","name":"记者 彭骎骎","rank":"","desc":""},"link":"http://finance.caixin.com/2018-08-13/101314597.html","nid":101314597,"subDesc":"要闻","video":"","type":0,"tags":[],"audioUrl":"http://audio.caixin.com/caixin/597/101314597.mp3","form":null,"summ":"新增社会融资继续保持低迷，说明实体经济融资需求仍然不足；当前银行间市场流动性总体充裕，下一步还需打通货币政策传导机制","freeDuration":"0","freeTime":"","channelDesc":"金融频道","time":"2018-08-13 22:14:29","attr":5,"channelId":125,"pict":{"imgs":[{"txt":"","url":"http://img.caixin.com/2018-08-13/1534169962341196_145_97.jpg"}],"num":1},"desc":"政策推动起效 7月新增信贷超预期"},{"cate":"100300001;100300177;101314528","comm":{"aid":"100","tid":"101314528"},"edit":{"head":"","link":"","name":"记者 刘彩萍","rank":"","desc":""},"link":"http://finance.caixin.com/2018-08-13/101314528.html","nid":101314528,"subDesc":"要闻","video":"","type":0,"tags":[],"audioUrl":"http://audio.caixin.com/caixin/528/101314528.mp3","form":null,"summ":"高勇利用黄晓明等14个证券个人账户、2个信托计划账户，集中资金优势，以连续封涨停、连续交易等手段操纵市场，获利近9亿元；罚没款18亿元至今未缴，涉及的证券账户均未被冻结","freeDuration":"0","freeTime":"","channelDesc":"金融频道","time":"2018-08-13 19:45:11","attr":5,"channelId":125,"pict":{"imgs":[{"txt":"","url":"http://img.caixin.com/2018-08-14/1534179842276449_145_97.jpg"}],"num":1},"desc":"特稿|高勇股票操纵案卷入明星账户 18亿罚没款谁来出"},{"cate":"100300001;100300177;101314335","comm":{"aid":"100","tid":"101314335"},"edit":{"head":"","link":"","name":"记者 吴红毓然","rank":"","desc":""},"link":"http://finance.caixin.com/2018-08-13/101314335.html","nid":101314335,"subDesc":"要闻","video":"","type":0,"tags":[],"audioUrl":"http://audio.caixin.com/caixin/335/101314335.mp3","form":null,"summ":"无还本续贷支持小微企业的初衷值得肯定，但也可能使小微企业对续贷产生依赖，银行也可能以此作为借口来掩盖不良贷款；通过科技的力量，加强个性化的贷款产品设计，或是出路","freeDuration":"0","freeTime":"","channelDesc":"金融频道","time":"2018-08-13 15:39:23","attr":5,"channelId":125,"pict":{"imgs":[{"txt":"","url":"http://img.caixin.com/2018-04-08/1523173905546362_145_97.jpg"}],"num":1},"desc":"银保监会要求落实无还本续贷 真能解决小微难题吗？"},{"cate":"100300001;100300177;101314135","comm":{"aid":"100","tid":"101314135"},"edit":{"head":"","link":"","name":"驻香港记者 尉奕阳","rank":"","desc":""},"link":"http://finance.caixin.com/2018-08-12/101314135.html","nid":101314135,"subDesc":"要闻","video":"","type":0,"tags":[],"audioUrl":"http://audio.caixin.com/caixin/135/101314135.mp3","form":null,"summ":"“华融系”今年业绩普遍不佳，集团海外投资子公司华融金控此前预告，上半年将录得重大净亏损","freeDuration":"0","freeTime":"","channelDesc":"金融频道","time":"2018-08-12 20:35:46","attr":5,"channelId":125,"pict":{"imgs":[{"txt":"","url":"http://img.caixin.com/2018-08-12/1534077739290086_145_97.jpg"}],"num":1},"desc":"中国华融预告上半年盈利大跌"},{"cate":"100300001;100300177;101314129","comm":{"aid":"100","tid":"101314129"},"edit":{"head":"","link":"","name":"","rank":"","desc":""},"link":"http://finance.caixin.com/2018-08-12/101314129.html","nid":101314129,"subDesc":"要闻","video":"","type":0,"tags":[],"audioUrl":"","form":null,"summ":"依法打击转移资金、跑路等恶性退出行为；监测资金流向，管控高管人员，引导问题机构良性退出","freeDuration":"48","freeTime":"","channelDesc":"金融频道","time":"2018-08-12 19:16:53","attr":5,"channelId":125,"pict":{"imgs":[{"txt":"","url":"http://img.caixin.com/2018-08-12/1534072952573556_145_97.jpg"}],"num":1},"desc":"监管层十项举措应对网贷风险"},{"cate":"100300001;100300177;101313901","comm":{"aid":"100","tid":"101313901"},"edit":{"head":"","link":"","name":"记者 刘彩萍","rank":"","desc":""},"link":"http://finance.caixin.com/2018-08-11/101313901.html","nid":101313901,"subDesc":"要闻","video":"","type":0,"tags":[],"audioUrl":"http://audio.caixin.com/caixin/901/101313901.mp3","form":null,"summ":"继续扩大开放，2018年1-7月境外资金累计净流入A股市场1616亿元","freeDuration":"0","freeTime":"","channelDesc":"金融频道","time":"2018-08-11 08:47:00","attr":5,"channelId":125,"pict":{"imgs":[{"txt":"","url":"http://img.caixin.com/2018-01-12/1515729275331117_145_97.jpg"}],"num":1},"desc":"证监会：A股投资价值显现 外资持续流入"},{"cate":"100300001;100300177;101313849","comm":{"aid":"100","tid":"101313849"},"edit":{"head":"","link":"","name":"记者 张榆","rank":"","desc":""},"link":"http://finance.caixin.com/2018-08-10/101313849.html","nid":101313849,"subDesc":"要闻","video":"","type":0,"tags":[],"audioUrl":"http://audio.caixin.com/caixin/849/101313849.mp3","form":null,"summ":"上市公司往往担心因内幕交易或股价异动导致交易无法顺利达成，仍希望申请长期停牌以规避这些“风险”。处理重大事项审批、并购重组筹划以及公司重大风险处置等耗时较长等问题，仍是交易所工作难题","freeDuration":"0","freeTime":"","channelDesc":"金融频道","time":"2018-08-10 20:17:13","attr":5,"channelId":125,"pict":{"imgs":[{"txt":"","url":"http://img.caixin.com/2018-03-24/1521857689929885_145_97.jpg"}],"num":1},"desc":"上交所纠正停牌乱象 部分重大事项不再办理停牌"},{"cate":"100300001;100300177;101313806","comm":{"aid":"100","tid":"101313806"},"edit":{"head":"","link":"","name":"记者 张欣 韩祎 实习记者 杨瑞","rank":"","desc":""},"link":"http://finance.caixin.com/2018-08-10/101313806.html","nid":101313806,"subDesc":"要闻","video":"","type":0,"tags":[],"audioUrl":"http://audio.caixin.com/caixin/806/101313806.mp3","form":null,"summ":"业内人士表示，抑制炒房、维持楼市稳定是当前房地产政策的基本原则，即便国家释放流动性，也会精准控制","freeDuration":"0","freeTime":"","channelDesc":"金融频道","time":"2018-08-10 19:42:17","attr":5,"channelId":125,"pict":{"imgs":[{"txt":"","url":"http://img.caixin.com/2018-08-10/1533902137259454_145_97.jpg"}],"num":1},"desc":"工行上海分行下调首套房贷利率不成 严控房价政策意味明显"},{"cate":"100300001;100300177;101313740","comm":{"aid":"100","tid":"101313740"},"edit":{"head":"","link":"","name":"记者 刘彩萍 见习记者 全月","rank":"","desc":""},"link":"http://finance.caixin.com/2018-08-10/101313740.html","nid":101313740,"subDesc":"要闻","video":"","type":0,"tags":[],"audioUrl":"http://audio.caixin.com/caixin/740/101313740.mp3","form":null,"summ":"高勇利用伞形信托放大资金杠杆，集中资金优势，以连续封涨停、连续交易等手段操纵市场，共获利8.97亿元","freeDuration":"3","freeTime":"","channelDesc":"金融频道","time":"2018-08-10 17:11:25","attr":5,"channelId":125,"pict":{"imgs":[{"txt":"","url":"http://img.caixin.com/2018-05-04/1525445523195960_145_97.jpg"}],"num":1},"desc":"证监会查处伞形信托市场操控案 开出18亿元罚没大单"},{"cate":"100300001;100300177;101313617","comm":{"aid":"100","tid":"101313617"},"edit":{"head":"","link":"","name":"记者 刘彩萍","rank":"","desc":""},"link":"http://finance.caixin.com/2018-08-10/101313617.html","nid":101313617,"subDesc":"要闻","video":"","type":0,"tags":[],"audioUrl":"http://audio.caixin.com/caixin/617/101313617.mp3","form":null,"summ":"由于逾期支付利息，新华信托要求提前还款，并向法院申请强制执行，并冻结18个账户，法院随即从交通银行募集资金账户直接划扣","freeDuration":"0","freeTime":"","channelDesc":"金融频道","time":"2018-08-10 13:50:36","attr":5,"channelId":125,"pict":{"imgs":[{"txt":"","url":"http://img.caixin.com/2018-08-10/1533880866368134_145_97.jpg"}],"num":1},"desc":"猛狮科技定增资金再被强行划款 执行法院划走220万"},{"cate":"100300001;100300177;101313597","comm":{"aid":"100","tid":"101313597"},"edit":{"head":"","link":"","name":"记者 朱亮韬 实习记者 何治民","rank":"","desc":""},"link":"http://finance.caixin.com/2018-08-10/101313597.html","nid":101313597,"subDesc":"要闻","video":"","type":0,"tags":[],"audioUrl":"http://audio.caixin.com/caixin/597/101313597.mp3","form":null,"summ":"唐汉博案是近期至少第四例公开进入刑事追责程序的资本市场违法案件，显示出公安部门对于资本市场违法行为的打击力度正在加强","freeDuration":"0","freeTime":"","channelDesc":"金融频道","time":"2018-08-10 13:24:03","attr":5,"channelId":125,"pict":{"imgs":[{"txt":"","url":"http://img.caixin.com/2018-08-10/1533879380476147_145_97.jpg"}],"num":1},"desc":"超级“牛散”唐汉博涉市场操纵被捕 曾跨境操纵小商品城"},{"cate":"100300001;100300177;101313589","comm":{"aid":"100","tid":"101313589"},"edit":{"head":"","link":"","name":"","rank":"","desc":""},"link":"http://finance.caixin.com/2018-08-10/101313589.html","nid":101313589,"subDesc":"要闻","video":"","type":0,"tags":[],"audioUrl":"http://audio.caixin.com/caixin/589/101313589.mp3","form":null,"summ":"截至今年6月底，只有幸福人寿一家保险公司开展了相关业务，共有98户家庭139位老人完成承保手续","freeDuration":"48","freeTime":"","channelDesc":"金融频道","time":"2018-08-10 11:47:11","attr":5,"channelId":125,"pict":{"imgs":[{"txt":"","url":"http://img.caixin.com/2018-04-09/1523280251203639_145_97.jpg"}],"num":1},"desc":"银保监会：在全国范围开展老年人住房反向抵押养老保险"},{"cate":"100300001;100300177;101313303","comm":{"aid":"100","tid":"101313303"},"edit":{"head":"","link":"","name":"记者 韩祎 实习记者 苏慧莹","rank":"","desc":""},"link":"http://finance.caixin.com/2018-08-09/101313303.html","nid":101313303,"subDesc":"要闻","video":"","type":0,"tags":[],"audioUrl":"http://audio.caixin.com/caixin/303/101313303.mp3","form":null,"summ":"私募基金、网络借贷、互联网股权众筹等新型民商事纠纷也在即将挂牌的上海金融法院管辖范围之内。阜兴系私募受害投资者期待上海金融法院可推动该案进展","freeDuration":"0","freeTime":"","channelDesc":"金融频道","time":"2018-08-09 16:41:14","attr":5,"channelId":125,"pict":{"imgs":[{"txt":"","url":"http://img.caixin.com/2018-08-09/1533804265746266_145_97.jpg"}],"num":1},"desc":"上海金融法院也管私募基金纠纷"},{"cate":"100300001;100300177;101313218","comm":{"aid":"100","tid":"101313218"},"edit":{"head":"","link":"","name":"记者 刘彩萍","rank":"","desc":""},"link":"http://finance.caixin.com/2018-08-09/101313218.html","nid":101313218,"subDesc":"要闻","video":"","type":0,"tags":[],"audioUrl":"http://audio.caixin.com/caixin/218/101313218.mp3","form":null,"summ":"伴随华融集团整体调整进行，到手工资出现大幅下降，到底是降薪还是调整薪酬结构？","freeDuration":"0","freeTime":"","channelDesc":"金融频道","time":"2018-08-09 13:09:32","attr":5,"channelId":125,"pict":{"imgs":[{"txt":"","url":"http://img.caixin.com/2018-08-09/1533791528445886_145_97.jpg"}],"num":1},"desc":"华融证券大幅降薪 有员工到手工资减半"},{"cate":"100300001;100300177;101313129","comm":{"aid":"100","tid":"101313129"},"edit":{"head":"","link":"","name":"记者 武晓蒙","rank":"","desc":""},"link":"http://finance.caixin.com/2018-08-09/101313129.html","nid":101313129,"subDesc":"要闻","video":"","type":0,"tags":[],"audioUrl":"http://audio.caixin.com/caixin/129/101313129.mp3","form":null,"summ":"设立私募基金子公司推进开展基金类债转股，不仅可以隔离风险，还有利于募集资金和后续退出，缓解资本金压力","freeDuration":"0","freeTime":"","channelDesc":"金融频道","time":"2018-08-09 10:24:11","attr":5,"channelId":125,"pict":{"imgs":[{"txt":"","url":"http://img.caixin.com/2018-08-09/1533781732523759_145_97.jpg"}],"num":1},"desc":"银行AMC试水私募基金子公司 农行率先成立"},{"cate":"100300001;100300177;101313100","comm":{"aid":"100","tid":"101313100"},"edit":{"head":"","link":"","name":"记者 韩祎","rank":"","desc":""},"link":"http://finance.caixin.com/2018-08-09/101313100.html","nid":101313100,"subDesc":"要闻","video":"","type":0,"tags":[],"audioUrl":"http://audio.caixin.com/caixin/100/101313100.mp3","form":null,"summ":"要求各地上报借本次风险事件恶意逃废债的借款人名单；下一步，这些借款人的数据有望被纳入征信系统，对逃废债行为人构成制约","freeDuration":"0","freeTime":"","channelDesc":"金融频道","time":"2018-08-09 09:29:37","attr":5,"channelId":125,"pict":{"imgs":[{"txt":"","url":"http://img.caixin.com/2018-08-09/1533778547733659_145_97.jpg"}],"num":1},"desc":"互金整治办打击逃废债 P2P借款人恶意欠债纳入征信"},{"cate":"100300001;100300177;101313047","comm":{"aid":"100","tid":"101313047"},"edit":{"head":"","link":"","name":"记者 黎柳茜","rank":"","desc":""},"link":"http://finance.caixin.com/2018-08-09/101313047.html","nid":101313047,"subDesc":"要闻","video":"","type":0,"tags":[],"audioUrl":"http://audio.caixin.com/caixin/047/101313047.mp3","form":null,"summ":"自捷安德2015年起接手后，珠海中富盈利能力越来越差。捷安德宣告破产，可能导致珠海中富控股股东和实控人发生变更","freeDuration":"0","freeTime":"","channelDesc":"金融频道","time":"2018-08-09 07:15:44","attr":5,"channelId":125,"pict":{"imgs":[{"txt":"","url":"http://img.caixin.com/2018-08-09/1533773414739051_145_97.jpg"}],"num":1},"desc":"法院裁定珠海中富控股股东破产"},{"cate":"100300001;100300177;101313040","comm":{"aid":"100","tid":"101313040"},"edit":{"head":"","link":"","name":"记者 张榆","rank":"","desc":""},"link":"http://finance.caixin.com/2018-08-09/101313040.html","nid":101313040,"subDesc":"要闻","video":"","type":0,"tags":[],"audioUrl":"http://audio.caixin.com/caixin/040/101313040.mp3","form":null,"summ":"网传的裁员降薪被否认，但国君研究所摸底各研究条线人员编制等信息属实。131家证券公司今年上半年净利润下滑超过40%，下滑通道下如何推进业务转型？","freeDuration":"0","freeTime":"","channelDesc":"金融频道","time":"2018-08-09 07:10:43","attr":5,"channelId":125,"pict":{"imgs":[{"txt":"","url":"http://img.caixin.com/2018-08-09/1533773235175556_145_97.jpg"}],"num":1},"desc":"国君研究所否认裁员降薪 业内自嘲苦日子才刚开始"},{"cate":"100300001;100300177;101313024","comm":{"aid":"100","tid":"101313024"},"edit":{"head":"","link":"","name":"驻香港记者 尉奕阳","rank":"","desc":""},"link":"http://finance.caixin.com/2018-08-09/101313024.html","nid":101313024,"subDesc":"要闻","video":"","type":0,"tags":[],"audioUrl":"http://audio.caixin.com/caixin/024/101313024.mp3","form":null,"summ":"李小加表示，未来需要关注贸易关税问题和利率环境是否会对经济增长与市场流动性造成实质性影响","freeDuration":"0","freeTime":"","channelDesc":"金融频道","time":"2018-08-09 07:02:32","attr":5,"channelId":125,"pict":{"imgs":[{"txt":"","url":"http://img.caixin.com/2018-07-16/1531727901847376_145_97.jpg"}],"num":1},"desc":"李小加：下半年港股市场环境更具挑战性"},{"cate":"100300001;100300177;101313006","comm":{"aid":"100","tid":"101313006"},"edit":{"head":"","link":"","name":"见习记者 胡越","rank":"","desc":""},"link":"http://finance.caixin.com/2018-08-08/101313006.html","nid":101313006,"subDesc":"要闻","video":"","type":0,"tags":[],"audioUrl":"http://audio.caixin.com/caixin/006/101313006.mp3","form":null,"summ":"自2013年以来，美国证券交易委员会已十几次否决了比特币ETF的申请","freeDuration":"0","freeTime":"","channelDesc":"金融频道","time":"2018-08-08 22:12:57","attr":5,"channelId":125,"pict":{"imgs":[{"txt":"","url":"http://img.caixin.com/2017-12-18/1513570294162723_145_97.jpg"}],"num":1},"desc":"比特币ETF为何再遭SEC延期 市值一天缩水90亿美元"},{"cate":"100300001;100300177;101312888","comm":{"aid":"100","tid":"101312888"},"edit":{"head":"","link":"","name":"驻香港记者 刘雁菲","rank":"","desc":""},"link":"http://finance.caixin.com/2018-08-08/101312888.html","nid":101312888,"subDesc":"要闻","video":"","type":0,"tags":[],"audioUrl":"http://audio.caixin.com/caixin/888/101312888.mp3","form":{"txt":"证券基金","url":"http://finance.caixin.com/stock/"},"summ":"分析师认为，对于中国铁塔而言，定价1.26港元算是有“自知之明”，也换得首日不温不火、平平淡淡的市场反应","freeDuration":"0","freeTime":"","channelDesc":"金融频道","time":"2018-08-08 15:23:18","attr":5,"channelId":125,"pict":{"imgs":[{"txt":"","url":"http://img.caixin.com/2018-08-08/1533713280203991_145_97.jpg"}],"num":1},"desc":"中国铁塔上市首日 稳守招股价"},{"cate":"100300001;100300177;101312815","comm":{"aid":"100","tid":"101312815"},"edit":{"head":"","link":"","name":"见习记者 全月","rank":"","desc":""},"link":"http://finance.caixin.com/2018-08-08/101312815.html","nid":101312815,"subDesc":"要闻","video":"","type":0,"tags":[],"audioUrl":"http://audio.caixin.com/caixin/815/101312815.mp3","form":null,"summ":"国家融资担保基金主要目的是要建立一个由国家融资担保基金、省级再担保机构、辖区内融资担保机构等组成的政府担保链条，构成政府主导的担保体系","freeDuration":"12","freeTime":"","channelDesc":"金融频道","time":"2018-08-08 12:23:52","attr":5,"channelId":125,"pict":{"imgs":[{"txt":"","url":"http://img.caixin.com/2018-08-08/1533702520403595_145_97.jpg"}],"num":1},"desc":"国家融资担保基金成立 首期注册资本661亿"},{"cate":"100300001;100300177;101312651","comm":{"aid":"100","tid":"101312651"},"edit":{"head":"","link":"","name":"记者 朱亮韬","rank":"","desc":""},"link":"http://finance.caixin.com/2018-08-07/101312651.html","nid":101312651,"subDesc":"要闻","video":"","type":0,"tags":[],"audioUrl":"http://audio.caixin.com/caixin/651/101312651.mp3","form":null,"summ":"投服中心也表示，针对内幕交易和市场操纵民事赔偿并没有相关司法解释，案例实践也较少。将支持诉讼案件类型拓展至市场操纵领域，有助于进一步丰富司法实践，健全证券市场民事赔偿诉讼制度","freeDuration":"12","freeTime":"","channelDesc":"金融频道","time":"2018-08-07 21:34:48","attr":5,"channelId":125,"pict":{"imgs":[{"txt":"","url":"http://img.caixin.com/2018-08-07/1533649443401364_145_97.jpg"}],"num":1},"desc":"投服中心提起首例证券操纵赔偿诉讼 恒康医疗大股东成被告"},{"cate":"100300001;100300177;101312638","comm":{"aid":"100","tid":"101312638"},"edit":{"head":"","link":"","name":"记者 韩祎","rank":"","desc":""},"link":"http://finance.caixin.com/2018-08-07/101312638.html","nid":101312638,"subDesc":"要闻","video":"","type":0,"tags":[],"audioUrl":"http://audio.caixin.com/caixin/638/101312638.mp3","form":null,"summ":"将扫黑除恶摆到工作全局的突出位置；但银保监会还需要会同公安、市场监管等部门，才能治理好高风险领域","freeDuration":"0","freeTime":"","channelDesc":"金融频道","time":"2018-08-07 20:49:45","attr":5,"channelId":125,"pict":{"imgs":[{"txt":"","url":"http://img.caixin.com/2018-05-04/1525438179772045_145_97.jpg"}],"num":1},"desc":"银保监会成立扫黑除恶专项组 剑指非法集资和暴力催收"},{"cate":"100300001;100300177;101312554","comm":{"aid":"100","tid":"101312554"},"edit":{"head":"","link":"","name":"见习记者 全月","rank":"","desc":""},"link":"http://finance.caixin.com/2018-08-07/101312554.html","nid":101312554,"subDesc":"要闻","video":"","type":0,"tags":[],"audioUrl":"http://audio.caixin.com/caixin/554/101312554.mp3","form":null,"summ":"张洺豪累计质押给兴业证券1.67亿股ST长生股票，占其持股的96%，涉及资金6.3亿元","freeDuration":"12","freeTime":"","channelDesc":"金融频道","time":"2018-08-07 17:44:29","attr":5,"channelId":125,"pict":{"imgs":[{"txt":"","url":"http://img.caixin.com/2018-08-07/1533635400641455_145_97.jpg"}],"num":1},"desc":"6.3亿股权质押爆雷 兴业证券起诉ST长生董事长之子张洺豪"},{"cate":"100300001;100300177;101312449","comm":{"aid":"100","tid":"101312449"},"edit":{"head":"","link":"","name":"记者 张榆","rank":"","desc":""},"link":"http://finance.caixin.com/2018-08-07/101312449.html","nid":101312449,"subDesc":"要闻","video":"","type":0,"tags":[],"audioUrl":"http://audio.caixin.com/caixin/449/101312449.mp3","form":null,"summ":"14家基金公司获批养老目标基金，包括9只目标日期策略基金和5只目标风险策略基金；虽然战略意义重大，但未来发行仍受考验，市场认为税收优惠将是激活养老目标基金的关键","freeDuration":"0","freeTime":"","channelDesc":"金融频道","time":"2018-08-07 15:29:12","attr":5,"channelId":125,"pict":{"imgs":[{"txt":"","url":"http://img.caixin.com/2018-08-07/1533627976912857_145_97.jpg"}],"num":1},"desc":"14只养老目标基金获批 税收优惠何时落地受关注"},{"cate":"100300001;100300177;101312290","comm":{"aid":"100","tid":"101312290"},"edit":{"head":"","link":"","name":"见习记者 全月","rank":"","desc":""},"link":"http://finance.caixin.com/2018-08-07/101312290.html","nid":101312290,"subDesc":"要闻","video":"","type":0,"tags":[],"audioUrl":"http://audio.caixin.com/caixin/290/101312290.mp3","form":null,"summ":"国付宝、联动优势和银盛支付分别被罚没超4600万元、2600万元和2240万元；支付宝处罚金额合计达412万元，这是支付宝领到的首张超百万元罚单","freeDuration":"0","freeTime":"","channelDesc":"金融频道","time":"2018-08-07 12:39:01","attr":5,"channelId":125,"pict":{"imgs":[{"txt":"","url":"http://img.caixin.com/2018-08-07/1533600601476120_145_97.jpg"}],"num":1},"desc":"剑指行业违规现象 央行对支付机构连开千万元罚单（更新）"},{"cate":"100300001;100300177;101312385","comm":{"aid":"100","tid":"101312385"},"edit":{"head":"","link":"","name":"记者 张榆","rank":"","desc":""},"link":"http://finance.caixin.com/2018-08-07/101312385.html","nid":101312385,"subDesc":"要闻","video":"","type":0,"tags":[],"audioUrl":"http://audio.caixin.com/caixin/385/101312385.mp3","form":null,"summ":"上交所将尾盘最后三分钟交易机制由连续竞价更改为集合竞价，由此平抑尾盘集中出现的订单对收盘价格的冲击","freeDuration":"0","freeTime":"","channelDesc":"金融频道","time":"2018-08-07 11:33:45","attr":5,"channelId":125,"pict":{"imgs":[{"txt":"","url":"http://img.caixin.com/2018-08-07/1533612998159012_145_97.jpg"}],"num":1},"desc":"上交所调整收盘交易机制 减小尾盘操纵风险"},{"cate":"100300001;100300177;101312224","comm":{"aid":"100","tid":"101312224"},"edit":{"head":"","link":"","name":"记者 刘彩萍","rank":"","desc":""},"link":"http://finance.caixin.com/2018-08-07/101312224.html","nid":101312224,"subDesc":"要闻","video":"","type":0,"tags":[],"audioUrl":"http://audio.caixin.com/caixin/224/101312224.mp3","form":null,"summ":"罚没款已经如数上缴，却拒不认可证监会的处罚","freeDuration":"0","freeTime":"","channelDesc":"金融频道","time":"2018-08-07 08:00:00","attr":5,"channelId":125,"pict":{"imgs":[{"txt":"","url":"http://img.caixin.com/2018-08-06/1533556338912898_145_97.jpg"}],"num":1},"desc":"东莞首富操纵市场 领1.28亿罚单"},{"cate":"100300001;100300177;101312052","comm":{"aid":"100","tid":"101312052"},"edit":{"head":"","link":"","name":"记者 董兢","rank":"","desc":""},"link":"http://finance.caixin.com/2018-08-06/101312052.html","nid":101312052,"subDesc":"要闻","video":"","type":0,"tags":[],"audioUrl":"http://audio.caixin.com/caixin/052/101312052.mp3","form":null,"summ":"因违反中央八项规定精神，中保基金党委书记、董事长兼总经理任建国被降级退休；中保信党委书记、副董事长、常务副总裁于华接任","freeDuration":"0","freeTime":"","channelDesc":"金融频道","time":"2018-08-06 12:57:54","attr":5,"channelId":125,"pict":{"imgs":[{"txt":"","url":"http://img.caixin.com/2018-08-06/1533532660208727_145_97.jpg"}],"num":1},"desc":"中保基金任建国降级退休 于华接任"},{"cate":"100300001;100300177;101311932","comm":{"aid":"100","tid":"101311932"},"edit":{"head":"","link":"","name":"记者 吴雨俭","rank":"","desc":""},"link":"http://finance.caixin.com/2018-08-06/101311932.html","nid":101311932,"subDesc":"要闻","video":"","type":0,"tags":[],"audioUrl":"http://audio.caixin.com/caixin/932/101311932.mp3","form":null,"summ":"在研究和制定政策时，减少使用“三农”“涉农”等过于宽泛的概念，而多使用贫困农户、普通农户、四类农村经营者等比较准确的概念","freeDuration":"0","freeTime":"","channelDesc":"金融频道","time":"2018-08-06 10:05:35","attr":5,"channelId":125,"pict":{"imgs":[{"txt":"","url":"http://img.caixin.com/2018-08-06/1533521303309353_145_97.jpg"}],"num":1},"desc":"涉农扶贫贷款口径宽泛 刘克崮建议改进统计方法"},{"cate":"100300001;100300177;101311773","comm":{"aid":"100","tid":"101311773"},"edit":{"head":"","link":"","name":"驻香港记者 刘雁菲","rank":"","desc":""},"link":"http://finance.caixin.com/2018-08-04/101311773.html","nid":101311773,"subDesc":"要闻","video":"","type":0,"tags":[],"audioUrl":"http://audio.caixin.com/caixin/773/101311773.mp3","form":null,"summ":"自2015年开始，北青传媒连续多年出现亏损，2017年的净亏损扩大至8525.1万元","freeDuration":"0","freeTime":"","channelDesc":"金融频道","time":"2018-08-04 14:43:27","attr":5,"channelId":125,"pict":{"imgs":[{"txt":"","url":"http://img.caixin.com/2018-08-04/1533365697634551_145_97.jpg"}],"num":1},"desc":"增加减值拨备 北青传媒上半年预亏2.2亿元"},{"cate":"100300001;100300177;101311759","comm":{"aid":"100","tid":"101311759"},"edit":{"head":"","link":"","name":"记者 朱亮韬","rank":"","desc":""},"link":"http://finance.caixin.com/2018-08-04/101311759.html","nid":101311759,"subDesc":"要闻","video":"","type":0,"tags":[],"audioUrl":"http://audio.caixin.com/caixin/759/101311759.mp3","form":null,"summ":"阿里巴巴和苏宁分别认购35亿元和34亿元，占发行后总股本的3.25%和3.15%，分别成为第五和第六大股东。由于近期二级市场行情低迷，华泰证券此次定增募资规模与预期相差较远","freeDuration":"0","freeTime":"","channelDesc":"金融频道","time":"2018-08-04 13:16:25","attr":5,"channelId":125,"pict":{"imgs":[{"txt":"","url":"http://img.caixin.com/2018-08-04/1533360130564014_145_97.jpg"}],"num":1},"desc":"华泰证券142亿定增探路“混改” 阿里苏宁成第五和第六大股东"},{"cate":"100300001;100300177;101311693","comm":{"aid":"100","tid":"101311693"},"edit":{"head":"","link":"","name":"记者 彭骎骎","rank":"","desc":""},"link":"http://finance.caixin.com/2018-08-04/101311693.html","nid":101311693,"subDesc":"要闻","video":"","type":0,"tags":[],"audioUrl":"http://audio.caixin.com/caixin/693/101311693.mp3","form":null,"summ":"主要目的为抑制企业过度购汇行为，缓解急速贬值势头；体现央行更看重跨境资本流动而非汇率波动","freeDuration":"0","freeTime":"","channelDesc":"金融频道","time":"2018-08-04 11:19:21","attr":5,"channelId":125,"pict":{"imgs":[{"txt":"","url":"http://img.caixin.com/2018-08-04/1533353133357223_145_97.jpg"}],"num":1},"desc":"央行重启逆周期调整 市场反应明显"},{"cate":"100300001;100300177;101311677","comm":{"aid":"100","tid":"101311677"},"edit":{"head":"","link":"","name":"见习记者 全月","rank":"","desc":""},"link":"http://finance.caixin.com/2018-08-04/101311677.html","nid":101311677,"subDesc":"要闻","video":"","type":0,"tags":[],"audioUrl":"http://audio.caixin.com/caixin/677/101311677.mp3","form":null,"summ":"做空股数占在外流通股数的比例由4%左右上升至7％左右","freeDuration":"0","freeTime":"","channelDesc":"金融频道","time":"2018-08-04 10:04:36","attr":5,"channelId":125,"pict":{"imgs":[{"txt":"","url":"http://img.caixin.com/2018-08-04/1533348670916378_145_97.jpg"}],"num":1},"desc":"拼多多被做空 借券年息达9%"},{"cate":"100300001;100300177;101311655","comm":{"aid":"100","tid":"101311655"},"edit":{"head":"","link":"","name":"记者 刘彩萍 见习记者全月","rank":"","desc":""},"link":"http://finance.caixin.com/2018-08-04/101311655.html","nid":101311655,"subDesc":"要闻","video":"","type":0,"tags":[],"audioUrl":"http://audio.caixin.com/caixin/655/101311655.mp3","form":null,"summ":"单只基金只选择一家信披媒体披露即可","freeDuration":"0","freeTime":"","channelDesc":"金融频道","time":"2018-08-04 09:11:09","attr":5,"channelId":125,"pict":{"imgs":[{"txt":"","url":"http://img.caixin.com/2018-08-04/1533345363801984_145_97.jpg"}],"num":1},"desc":"公募基金信披精简 强调信息简明易得"},{"cate":"100300001;100300177;101311599","comm":{"aid":"100","tid":"101311599"},"edit":{"head":"","link":"","name":"见习记者 胡越","rank":"","desc":""},"link":"http://finance.caixin.com/2018-08-03/101311599.html","nid":101311599,"subDesc":"要闻","video":"","type":0,"tags":[],"audioUrl":"http://audio.caixin.com/caixin/599/101311599.mp3","form":null,"summ":"此次排查的违法金融类广告内容，包括宣传高收益、高回报、保本保收益，未合理提示或警示风险及承担风险责任等","freeDuration":"12","freeTime":"","channelDesc":"金融频道","time":"2018-08-03 22:08:27","attr":5,"channelId":125,"pict":{"imgs":[{"txt":"","url":"http://img.caixin.com/2018-08-03/1533305851411297_145_97.jpg"}],"num":1},"desc":"天津严查互联网金融广告 新媒体渠道成排查重点"},{"cate":"100300001;100300177;101311582","comm":{"aid":"100","tid":"101311582"},"edit":{"head":"","link":"","name":"记者 彭骎骎","rank":"","desc":""},"link":"http://finance.caixin.com/2018-08-03/101311582.html","nid":101311582,"subDesc":"要闻","video":"","type":0,"tags":[],"audioUrl":"http://audio.caixin.com/caixin/582/101311582.mp3","form":null,"summ":"国务院任命刘国强为央行副行长、宣昌能任外汇局副局长；朱鹤新为央行新党委委员；连续三任央行稳定局局长目前都任外汇局副局长","freeDuration":"0","freeTime":"","channelDesc":"金融频道","time":"2018-08-03 21:34:12","attr":5,"channelId":125,"pict":{"imgs":[{"txt":"","url":"http://img.caixin.com/2018-08-03/1533303990870147_145_97.jpg"}],"num":1},"desc":"央行、外汇局人事变动 刘国强、宣昌能分任"},{"cate":"100300001;100300177;101311540","comm":{"aid":"100","tid":"101311540"},"edit":{"head":"","link":"","name":"记者 吴红毓然","rank":"","desc":""},"link":"http://finance.caixin.com/2018-08-03/101311540.html","nid":101311540,"subDesc":"要闻","video":"","type":0,"tags":[],"audioUrl":"http://audio.caixin.com/caixin/540/101311540.mp3","form":null,"summ":"打通货币政策传导机制面临两大挑战，一是银行的信贷投放意愿如何，二是如果银行积极投放，能否真的如政策预期流向实体经济特别是小微企业","freeDuration":"0","freeTime":"","channelDesc":"金融频道","time":"2018-08-03 20:08:24","attr":5,"channelId":125,"pict":{"imgs":[{"txt":"","url":"http://img.caixin.com/2018-08-03/1533298782850363_145_97.jpg"}],"num":1},"desc":"金融委月内两次开会 修复信贷迫在眉睫"},{"cate":"100300001;100300177;101311510","comm":{"aid":"100","tid":"101311510"},"edit":{"head":"","link":"","name":"记者 刘彩萍","rank":"","desc":""},"link":"http://finance.caixin.com/2018-08-03/101311510.html","nid":101311510,"subDesc":"要闻","video":"","type":0,"tags":[],"audioUrl":"http://audio.caixin.com/caixin/510/101311510.mp3","form":null,"summ":"将于8月17日正式挂牌交易，用来对冲短期利率风险","freeDuration":"0","freeTime":"","channelDesc":"金融频道","time":"2018-08-03 18:58:26","attr":5,"channelId":125,"pict":{"imgs":[{"txt":"","url":"http://img.caixin.com/2018-08-03/1533294112976536_145_97.jpg"}],"num":1},"desc":"2年期国债期货即将上市"},{"cate":"100300001;100300177;101311496","comm":{"aid":"100","tid":"101311496"},"edit":{"head":"","link":"","name":"驻香港记者 尉奕阳","rank":"","desc":""},"link":"http://finance.caixin.com/2018-08-03/101311496.html","nid":101311496,"subDesc":"要闻","video":"","type":0,"tags":[],"audioUrl":"http://audio.caixin.com/caixin/496/101311496.mp3","form":null,"summ":"这是中国啤酒高端化市场争夺战的最新发展","freeDuration":"0","freeTime":"","channelDesc":"金融频道","time":"2018-08-03 18:24:55","attr":5,"channelId":125,"pict":{"imgs":[{"txt":"","url":"http://img.caixin.com/2018-08-03/1533292116903045_145_97.jpg"}],"num":1},"desc":"华润啤酒为何联姻喜力啤酒？"},{"cate":"100300001;100300177;101311489","comm":{"aid":"100","tid":"101311489"},"edit":{"head":"","link":"","name":"记者 彭岩锋 实习记者 周斐","rank":"","desc":""},"link":"http://finance.caixin.com/2018-08-03/101311489.html","nid":101311489,"subDesc":"要闻","video":"","type":0,"tags":[],"audioUrl":"http://audio.caixin.com/caixin/489/101311489.mp3","form":{"txt":"证券基金","url":"http://finance.caixin.com/stock/"},"summ":"知情人士透露，多名离职董事均对重组有不同意见，与控股股东的矛盾难以调和。在唐宏明辞职后，*ST凯迪处于无董事长、无总裁和无董秘的“三无”状态","freeDuration":"0","freeTime":"","channelDesc":"金融频道","time":"2018-08-03 18:14:11","attr":5,"channelId":125,"pict":{"imgs":[{"txt":"","url":"http://img.caixin.com/2018-06-12/1528761213358457_145_97.jpg"}],"num":1},"desc":"*ST凯迪董事会分裂加剧  重组决议涉险通过"},{"cate":"100300001;100300177;101311323","comm":{"aid":"100","tid":"101311323"},"edit":{"head":"","link":"","name":"记者 任蕙兰 实习记者 吴子涵","rank":"","desc":""},"link":"http://finance.caixin.com/2018-08-03/101311323.html","nid":101311323,"subDesc":"要闻","video":"","type":0,"tags":[],"audioUrl":"http://audio.caixin.com/caixin/323/101311323.mp3","form":null,"summ":"一款在境内销售的离岸对冲基金，涉及多个国家、地区的多个主体，整个链条信息严重不对称，缺乏有效监管。投资者赎回半年未果，相关主体各执一词","freeDuration":"3","freeTime":"","channelDesc":"金融频道","time":"2018-08-03 13:33:50","attr":5,"channelId":125,"pict":{"imgs":[{"txt":"","url":"http://img.caixin.com/2018-08-03/1533281463189276_145_97.jpg"}],"num":1},"desc":"钜派代销离岸基金遭遇赎回“踢皮球” 到底谁之过？"},{"cate":"100300001;100300177;101311295","comm":{"aid":"100","tid":"101311295"},"edit":{"head":"","link":"","name":"记者 刘彩萍","rank":"","desc":""},"link":"http://finance.caixin.com/2018-08-03/101311295.html","nid":101311295,"subDesc":"要闻","video":"","type":0,"tags":[],"audioUrl":"http://audio.caixin.com/caixin/295/101311295.mp3","form":null,"summ":"猛狮科技债务缠身，不仅6300万定增款被银行擅自划走，还有定增款账户、保证金专用户、员工持股专用户等一共29个银行账户被冻","freeDuration":"0","freeTime":"","channelDesc":"金融频道","time":"2018-08-03 12:18:21","attr":5,"channelId":125,"pict":{"imgs":[{"txt":"","url":"http://img.caixin.com/2018-08-03/1533270272798885_145_97.jpg"}],"num":1},"desc":"猛狮科技定增款被银行强行划走  29个银行账户被冻结"},{"cate":"100300001;100300177;101311291","comm":{"aid":"100","tid":"101311291"},"edit":{"head":"","link":"","name":"记者 吴雨俭","rank":"","desc":""},"link":"http://finance.caixin.com/2018-08-03/101311291.html","nid":101311291,"subDesc":"要闻","video":"","type":0,"tags":[],"audioUrl":"http://audio.caixin.com/caixin/291/101311291.mp3","form":null,"summ":"7月歇业/清盘、立案等类型的问题平台数量至少有123家，达到2016年9月以来的最高值，涉及待还本金至少在500亿元以上","freeDuration":"0","freeTime":"","channelDesc":"金融频道","time":"2018-08-03 12:15:52","attr":5,"channelId":125,"pict":{"imgs":[{"txt":"","url":"http://img.caixin.com/2018-08-03/1533270034841070_145_97.jpg"}],"num":1},"desc":"沪深公安深夜通报50余P2P案件  问题平台创两年来新高"},{"cate":"100300001;100300177;101311268","comm":{"aid":"100","tid":"101311268"},"edit":{"head":"","link":"","name":"记者 吴雨俭","rank":"","desc":""},"link":"http://finance.caixin.com/2018-08-03/101311268.html","nid":101311268,"subDesc":"要闻","video":"","type":0,"tags":[],"audioUrl":"http://audio.caixin.com/caixin/268/101311268.mp3","form":null,"summ":"连锁便利店邻家突然宣布停业；公司内部录音显示，其大部分资金来自善林金融的关联公司高通盛融，上海浦东经侦曾三次赴京了解情况，要求邻家出示其与善林金融和高通盛融的所有往来网络凭证","freeDuration":"0","freeTime":"","channelDesc":"金融频道","time":"2018-08-03 11:25:40","attr":5,"channelId":125,"pict":{"imgs":[{"txt":"","url":"http://img.caixin.com/2018-08-03/1533266918362722_145_97.jpg"}],"num":1},"desc":"邻家便利店账户4月就因善林金融被冻结 管理层知情"},{"cate":"100300001;100300177;101311241","comm":{"aid":"100","tid":"101311241"},"edit":{"head":"","link":"","name":"实习记者 何治民 记者 韩祎","rank":"","desc":""},"link":"http://finance.caixin.com/2018-08-03/101311241.html","nid":101311241,"subDesc":"要闻","video":"","type":0,"tags":[],"audioUrl":"http://audio.caixin.com/caixin/241/101311241.mp3","form":null,"summ":"除了上海持富金融信息服务有限公司旗下的“贸金所”平台以涉嫌集资诈骗立案，其他43家平台均以涉嫌非法吸收公众存款立案","freeDuration":"0","freeTime":"","channelDesc":"金融频道","time":"2018-08-03 11:03:04","attr":5,"channelId":125,"pict":{"imgs":[{"txt":"","url":"http://img.caixin.com/2018-08-03/1533265726348314_145_97.jpg"}],"num":1},"desc":"上海警方连夜通报 44起P2P“爆雷”已立案侦查"},{"cate":"100300001;100300177;101311223","comm":{"aid":"100","tid":"101311223"},"edit":{"head":"","link":"","name":"记者 刘彩萍","rank":"","desc":""},"link":"http://finance.caixin.com/2018-08-03/101311223.html","nid":101311223,"subDesc":"要闻","video":"","type":0,"tags":[],"audioUrl":"http://audio.caixin.com/caixin/223/101311223.mp3","form":null,"summ":"公示期间全证监系统工作人员可以对其德、能、勤、绩、廉等方面存在的问题向证监会党委组织部反映","freeDuration":"0","freeTime":"","channelDesc":"金融频道","time":"2018-08-03 10:26:35","attr":5,"channelId":125,"pict":{"imgs":[{"txt":"","url":"http://img.caixin.com/2018-08-03/1533264251323973_145_97.jpg"}],"num":1},"desc":"独家| 证监会今日公示  股转公司总经理李明拟任江苏局局长"},{"cate":"100300001;100300177;101311092","comm":{"aid":"100","tid":"101311092"},"edit":{"head":"","link":"","name":"驻香港记者 尉奕阳","rank":"","desc":""},"link":"http://finance.caixin.com/2018-08-02/101311092.html","nid":101311092,"subDesc":"要闻","video":"","type":0,"tags":[],"audioUrl":"http://audio.caixin.com/caixin/092/101311092.mp3","form":null,"summ":"小米股价稳定期于上周结束，公司股价在本周前四个交易日已累计下跌9.34%","freeDuration":"0","freeTime":"","channelDesc":"金融频道","time":"2018-08-02 20:46:52","attr":5,"channelId":125,"pict":{"imgs":[{"txt":"","url":"http://img.caixin.com/2018-08-02/1533214408510315_145_97.jpg"}],"num":1},"desc":"小米盘中再“破发” 沽空金额比例创新高"},{"cate":"100300001;100300177;101311071","comm":{"aid":"100","tid":"101311071"},"edit":{"head":"","link":"","name":"驻香港记者 刘雁菲","rank":"","desc":""},"link":"http://finance.caixin.com/2018-08-02/101311071.html","nid":101311071,"subDesc":"要闻","video":"","type":0,"tags":[],"audioUrl":"http://audio.caixin.com/caixin/071/101311071.mp3","form":null,"summ":"分析人士认为，未来一至两个月港股波动较大，但下半年整体表现向好","freeDuration":"0","freeTime":"","channelDesc":"金融频道","time":"2018-08-02 19:40:58","attr":5,"channelId":125,"pict":{"imgs":[{"txt":"","url":"http://img.caixin.com/2018-08-02/1533210318015469_145_97.jpg"}],"num":1},"desc":"港股大跌 恒指创十个月收市新低"}],"start":500,"count":100,"maxes":1000}