{"datas":[{"cate":"100300005;100300184;101284820","comm":{"aid":"100","tid":"101284820"},"edit":{"head":"","link":"","name":"记者 程思炜","rank":"","desc":""},"link":"http://economy.caixin.com/2018-06-27/101284820.html","nid":101284820,"subDesc":"要闻","video":"","type":0,"tags":[],"audioUrl":"http://audio.caixin.com/caixin/820/101284820.mp3","form":null,"summ":"稿酬、特许权使用费等收入税负上升，不利于知识创新，建议对不同类型的稿酬收入者分类处理，设计更合理的扣除办法，或者延续稿酬税收优惠等","freeDuration":"0","freeTime":"","channelDesc":"经济频道","time":"2018-06-27 10:43:44","attr":5,"channelId":129,"pict":{"imgs":[{"txt":"","url":"http://img.caixin.com/2018-06-27/1530067949745368_145_97.jpg"}],"num":1},"desc":"稿酬等纳入综合所得或致个税变重 专家建议细化设计"},{"cate":"100300005;100300184;101284591","comm":{"aid":"100","tid":"101284591"},"edit":{"head":"","link":"","name":"记者 王力为","rank":"","desc":""},"link":"http://economy.caixin.com/2018-06-26/101284591.html","nid":101284591,"subDesc":"要闻","video":"","type":0,"tags":[],"audioUrl":"http://audio.caixin.com/caixin/591/101284591.mp3","form":null,"summ":"掌舵麦肯锡九年，近年面对科技变局，推动麦肯锡跨界应战；途中发现，将人推离舒适区、发挥人的能动性，对传统企业和科技企业均是“通行证”","freeDuration":"0","freeTime":"","channelDesc":"经济频道","time":"2018-06-26 18:32:59","attr":5,"channelId":129,"pict":{"imgs":[{"txt":"","url":"http://img.caixin.com/2018-06-26/1530009692612161_145_97.jpg"}],"num":1},"desc":"【科技变局下的CEO之一】麦肯锡鲍达民：危机感与求变体悟"},{"cate":"100300005;100300184;101283776","comm":{"aid":"100","tid":"101283776"},"edit":{"head":"","link":"","name":"记者  张娱","rank":"","desc":""},"link":"http://economy.caixin.com/2018-06-24/101283776.html","nid":101283776,"subDesc":"要闻","video":"","type":0,"tags":[],"audioUrl":"http://audio.caixin.com/caixin/776/101283776.mp3","form":null,"summ":"中美贸易摩擦叠加去杠杆背景下的内需放缓，宏观政策基本取向不要轻易变，但要做好预案，改变原有的产业政策，确立竞争政策的基础性地位，打破垄断、放宽准入、鼓励竞争","freeDuration":"0","freeTime":"","channelDesc":"经济频道","time":"2018-06-24 13:08:26","attr":5,"channelId":129,"pict":{"imgs":[{"txt":"","url":"http://img.caixin.com/2018-06-24/1529817109653723_145_97.jpg"}],"num":1},"desc":"王一鸣：下半年经济下行风险加大"},{"cate":"100300005;100300184;101283615","comm":{"aid":"100","tid":"101283615"},"edit":{"head":"","link":"","name":"记者 程思炜","rank":"","desc":""},"link":"http://economy.caixin.com/2018-06-23/101283615.html","nid":101283615,"subDesc":"要闻","video":"","type":0,"tags":[],"audioUrl":"http://audio.caixin.com/caixin/615/101283615.mp3","form":null,"summ":"委员意见集中在提高起征点、降低综合所得最高税率、专项附加扣除增加养老支出等方面，同时希望规范部门授权，真正落实税收法定，并加强对明星和企业家的个税征管","freeDuration":"0","freeTime":"","channelDesc":"经济频道","time":"2018-06-23 11:45:23","attr":5,"channelId":129,"pict":{"imgs":[{"txt":"","url":"http://img.caixin.com/2013-11-18/1384777976681413_145_97.jpg"}],"num":1},"desc":"个税法修订未提交表决 减税实效备受质疑"},{"cate":"100300005;100300184;101282789","comm":{"aid":"100","tid":"101282789"},"edit":{"head":"","link":"","name":"记者 于海荣","rank":"","desc":""},"link":"http://economy.caixin.com/2018-06-22/101282789.html","nid":101282789,"subDesc":"要闻","video":"","type":0,"tags":[],"audioUrl":"","form":null,"summ":"一般转移支付指定用途之后等于是变相的专项转移支付；从事权划分上考虑如何推动专项转移支付改革，弱化项目，突出政策引导","freeDuration":"0","freeTime":"","channelDesc":"经济频道","time":"2018-06-22 13:07:31","attr":5,"channelId":129,"pict":{"imgs":[{"txt":"","url":"http://img.caixin.com/2018-06-22/1529644526415542_145_97.jpg"}],"num":1},"desc":"全国人大常委会委员：想办法降低专项转移支付"},{"cate":"100300005;100300184;101282753","comm":{"aid":"100","tid":"101282753"},"edit":{"head":"","link":"","name":"记者 于海荣","rank":"","desc":""},"link":"http://economy.caixin.com/2018-06-22/101282753.html","nid":101282753,"subDesc":"要闻","video":"","type":0,"tags":[],"audioUrl":"http://audio.caixin.com/caixin/753/101282753.mp3","form":null,"summ":"新预算法实施快四年了，可是预算法实施条例的修订工作还没有完成，“说不过去”","freeDuration":"0","freeTime":"","channelDesc":"经济频道","time":"2018-06-22 12:28:00","attr":5,"channelId":129,"pict":{"imgs":[{"txt":"","url":"http://img.caixin.com/2017-06-29/1498729570388312_145_97.jpg"}],"num":1},"desc":"全国人大常委会委员：预算法实施条例修订年内务必完成"},{"cate":"100300005;100300184;101274573","comm":{"aid":"100","tid":"101274573"},"edit":{"head":"","link":"","name":"记者 王晓霞","rank":"","desc":""},"link":"http://economy.caixin.com/2018-06-21/101274573.html","nid":101274573,"subDesc":"要闻","video":"","type":0,"tags":[],"audioUrl":"http://audio.caixin.com/caixin/573/101274573.mp3","form":null,"summ":"23个中央部门和89家所属单位存在资金管理不规范问题，涉及资金11.25亿元，包括账外存放或通过虚假票据等套取资金、违规理财或出借资金等","freeDuration":"6","freeTime":"","channelDesc":"经济频道","time":"2018-06-21 22:26:28","attr":5,"channelId":129,"pict":{"imgs":[{"txt":"","url":"http://img.caixin.com/2017-09-28/1506557870843614_145_97.jpg"}],"num":1},"desc":"审计署：部分中央部门违规理财或出借资金2.58亿元"},{"cate":"100300005;100300184;101274559","comm":{"aid":"100","tid":"101274559"},"edit":{"head":"","link":"","name":"记者 王晓霞","rank":"","desc":""},"link":"http://economy.caixin.com/2018-06-21/101274559.html","nid":101274559,"subDesc":"要闻","video":"","type":0,"tags":[],"audioUrl":"","form":null,"summ":"6个部门和9家所属单位编报预算时，虚报项目内容或人员；28个部门和64家所属单位的决算草案存在多列支出、少计收入等问题","freeDuration":"6","freeTime":"","channelDesc":"经济频道","time":"2018-06-21 22:13:58","attr":5,"channelId":129,"pict":{"imgs":[{"txt":"","url":"http://img.caixin.com/2018-06-20/1529497940728032_145_97.jpg"}],"num":1},"desc":"审计署：35个中央部门预决算编报有问题涉及金额35.04亿元"},{"cate":"100300005;100300184;101274400","comm":{"aid":"100","tid":"101274400"},"edit":{"head":"","link":"","name":"记者 程思炜","rank":"","desc":""},"link":"http://economy.caixin.com/2018-06-21/101274400.html","nid":101274400,"subDesc":"要闻","video":"","type":0,"tags":[],"audioUrl":"http://audio.caixin.com/caixin/400/101274400.mp3","form":null,"summ":"并非所有相关支出都能税前扣除，专项扣除有条件、有程序、有审查；能否完整、准确地填报相关信息将成为纳税人的一大挑战","freeDuration":"0","freeTime":"","channelDesc":"经济频道","time":"2018-06-21 16:53:27","attr":5,"channelId":129,"pict":{"imgs":[{"txt":"","url":"http://img.caixin.com/2018-06-21/1529572090401641_145_97.jpg"}],"num":1},"desc":"个税拟增专项扣除 减税红包有多大？"},{"cate":"100300005;100300184;101274283","comm":{"aid":"100","tid":"101274283"},"edit":{"head":"","link":"","name":"记者 张娱","rank":"","desc":""},"link":"http://economy.caixin.com/2018-06-21/101274283.html","nid":101274283,"subDesc":"要闻","video":"","type":0,"tags":[{"txt":"中美贸易战","url":"http://tag.caixin.com/tag/%E4%B8%AD%E7%BE%8E%E8%B4%B8%E6%98%93%E6%88%98"}],"audioUrl":"http://audio.caixin.com/caixin/283/101274283.mp3","form":null,"summ":"中美经贸磋商曾一度取得成果，但美方反复无常，挑起贸易战，中方不得不作出强有力的回应","freeDuration":"6","freeTime":"","channelDesc":"经济频道","time":"2018-06-21 14:49:40","attr":5,"channelId":129,"pict":{"imgs":[{"txt":"","url":"http://img.caixin.com/2018-06-21/1529563960014476_145_97.jpg"}],"num":1},"desc":"商务部：综合使用数量型和质量型工具捍卫利益"},{"cate":"100300005;100300184;101272722","comm":{"aid":"100","tid":"101272722"},"edit":{"head":"","link":"","name":"记者 程思炜","rank":"","desc":""},"link":"http://economy.caixin.com/2018-06-19/101272722.html","nid":101272722,"subDesc":"要闻","video":"","type":0,"tags":[],"audioUrl":"http://audio.caixin.com/caixin/722/101272722.mp3","form":{"txt":"宏观数据","url":"http://economy.caixin.com/macro_economy/"},"summ":"中等以下收入群体税负下降明显，稿酬、劳务报酬等收入较高的人群，税负可能出现上升，最高三档税率不变，与市场预期不符","freeDuration":"0","freeTime":"","channelDesc":"经济频道","time":"2018-06-19 15:28:39","attr":5,"channelId":129,"pict":{"imgs":[{"txt":"","url":"http://img.caixin.com/2018-06-19/1529393413393064_145_97.jpg"}],"num":1},"desc":"个税扩大三档低税率级距 最高三档税率不变"},{"cate":"100300005;100300184;101272587","comm":{"aid":"100","tid":"101272587"},"edit":{"head":"","link":"","name":"","rank":"","desc":""},"link":"http://economy.caixin.com/2018-06-19/101272587.html","nid":101272587,"subDesc":"要闻","video":"","type":0,"tags":[],"audioUrl":"http://audio.caixin.com/caixin/587/101272587.mp3","form":null,"summ":"扩大3%、10%、20%三档低税率的级距，缩小25%税率的级距，增加子女教育支出、继续教育支出、大病医疗支出、住房贷款利息和住房租金等与人民群众生活密切相关的专项附加扣除","freeDuration":"6","freeTime":"","channelDesc":"经济频道","time":"2018-06-19 12:28:42","attr":5,"channelId":129,"pict":{"imgs":[{"txt":"","url":"http://img.caixin.com/2018-06-19/1529382933964779_145_97.jpg"}],"num":1},"desc":"个税修正案草案：起征点上调至每月5000元 扩大低税率级距"},{"cate":"100300005;100300184;101272462","comm":{"aid":"100","tid":"101272462"},"edit":{"head":"","link":"","name":"记者 于海荣","rank":"","desc":""},"link":"http://economy.caixin.com/2018-06-19/101272462.html","nid":101272462,"subDesc":"要闻","video":"","type":0,"tags":[],"audioUrl":"http://audio.caixin.com/caixin/462/101272462.mp3","form":{"txt":"政策信息","url":"http://economy.caixin.com/policy/"},"summ":"起征点涵盖的收入范围从此前的工薪所得，扩展至四项劳动性所得；应建立个税起征点定期自动调整机制，根据通胀率和收入水平自动调整","freeDuration":"0","freeTime":"","channelDesc":"经济频道","time":"2018-06-19 10:42:50","attr":5,"channelId":129,"pict":{"imgs":[{"txt":"","url":"http://img.caixin.com/2013-11-18/1384777976681413_145_97.jpg"}],"num":1},"desc":"个税起征点上调至每月5000元 是否合理？"},{"cate":"100300005;100300184;101272105","comm":{"aid":"100","tid":"101272105"},"edit":{"head":"","link":"","name":"记者 张娱","rank":"","desc":""},"link":"http://economy.caixin.com/2018-06-16/101272105.html","nid":101272105,"subDesc":"要闻","video":"","type":0,"tags":[{"txt":"中美贸易战","url":"http://tag.caixin.com/tag/%E4%B8%AD%E7%BE%8E%E8%B4%B8%E6%98%93%E6%88%98"}],"audioUrl":"","form":null,"summ":"中美关系进入新常态，贸易冲突的本质不仅在赤字、汇率，而是包括市场开放、知识产权等游戏规则冲突，不是简单靠谈判就能解决的问题","freeDuration":"0","freeTime":"","channelDesc":"经济频道","time":"2018-06-16 11:11:51","attr":5,"channelId":129,"pict":{"imgs":[{"txt":"","url":"http://img.caixin.com/2018-05-05/1525489233962257_145_97.jpg"}],"num":1},"desc":"瑞银胡一帆：中美贸易摩擦将是持久战"},{"cate":"100300005;100300184;101271657","comm":{"aid":"100","tid":"101271657"},"edit":{"head":"","link":"","name":"记者 程思炜","rank":"","desc":""},"link":"http://economy.caixin.com/2018-06-15/101271657.html","nid":101271657,"subDesc":"要闻","video":"","type":0,"tags":[],"audioUrl":"http://audio.caixin.com/caixin/657/101271657.mp3","form":null,"summ":"按照国地税机构合并的改革部署，6月15日全国省级和计划单列市新税务局统一挂牌，王陆进作为税务总局党组成员、副局长出席有关省市挂牌仪式","freeDuration":"0","freeTime":"","channelDesc":"经济频道","time":"2018-06-15 15:25:16","attr":5,"channelId":129,"pict":{"imgs":[{"txt":"","url":"http://img.caixin.com/2018-06-15/1529047693145666_145_97.jpg"}],"num":1},"desc":"王陆进出任税务总局副局长 此前任总会计师"},{"cate":"100300005;100300184;101270694","comm":{"aid":"100","tid":"101270694"},"edit":{"head":"","link":"","name":"记者 程思炜","rank":"","desc":""},"link":"http://economy.caixin.com/2018-06-14/101270694.html","nid":101270694,"subDesc":"要闻","video":"","type":0,"tags":[],"audioUrl":"http://audio.caixin.com/caixin/694/101270694.mp3","form":{"txt":"宏观数据","url":"http://economy.caixin.com/macro_economy/"},"summ":"基建投资累计同比增长9.4%，回落3个百分点，房地产投资增速高位微降，制造业投资增速小幅回升","freeDuration":"6","freeTime":"","channelDesc":"经济频道","time":"2018-06-14 11:14:05","attr":5,"channelId":129,"pict":{"imgs":[{"txt":"","url":"http://img.caixin.com/2018-06-14/1528946234326217_145_97.jpg"}],"num":1},"desc":"基建投资大幅放缓 拖累投资增速回落至6.1%"},{"cate":"100300005;100300184;101270642","comm":{"aid":"100","tid":"101270642"},"edit":{"head":"","link":"","name":"记者 张娱","rank":"","desc":""},"link":"http://economy.caixin.com/2018-06-14/101270642.html","nid":101270642,"subDesc":"要闻","video":"","type":0,"tags":[],"audioUrl":"http://audio.caixin.com/caixin/642/101270642.mp3","form":null,"summ":"工业生产稳定增长，录得年内次高增速，钢材产量、发电量同比增速均录得2014年3月以来最高","freeDuration":"6","freeTime":"","channelDesc":"经济频道","time":"2018-06-14 10:46:02","attr":5,"channelId":129,"pict":{"imgs":[{"txt":"","url":"http://img.caixin.com/2018-06-14/1528944829995098_145_97.jpg"}],"num":1},"desc":"5月工业增加值同比增长6.8% 小幅回落"},{"cate":"100300005;100300184;101270066","comm":{"aid":"100","tid":"101270066"},"edit":{"head":"","link":"","name":"记者 程思炜","rank":"","desc":""},"link":"http://economy.caixin.com/2018-06-13/101270066.html","nid":101270066,"subDesc":"要闻","video":"","type":0,"tags":[],"audioUrl":"http://audio.caixin.com/caixin/066/101270066.mp3","form":null,"summ":"海关总署网站常规的统计快讯、统计月报数据仍正常发布，暂停的是海关信息网发布的付费数据，这一网站正在改版中","freeDuration":"0","freeTime":"","channelDesc":"经济频道","time":"2018-06-13 15:29:17","attr":5,"channelId":129,"pict":{"imgs":[{"txt":"","url":"http://img.caixin.com/2018-06-13/1528875315979157_145_97.jpg"}],"num":1},"desc":"海关统计数据暂停发布？海关总署数据仍正常披露"},{"cate":"100300005;100300184;101270021","comm":{"aid":"100","tid":"101270021"},"edit":{"head":"","link":"","name":"记者 张娱","rank":"","desc":""},"link":"http://economy.caixin.com/2018-06-13/101270021.html","nid":101270021,"subDesc":"要闻","video":"","type":0,"tags":[],"audioUrl":"http://audio.caixin.com/caixin/021/101270021.mp3","form":null,"summ":"中央调剂金年上解额在4000亿元左右，在省际之间进行资金余缺的调剂，企业和职工个人的缴费和退休人员的个人待遇都不变","freeDuration":"3","freeTime":"","channelDesc":"经济频道","time":"2018-06-13 14:58:35","attr":5,"channelId":129,"pict":{"imgs":[{"txt":"","url":"http://img.caixin.com/2017-06-23/1498196160974073_145_97.jpg"}],"num":1},"desc":"养老金中央调剂制度出炉 局部收不抵支或缓解"},{"cate":"100300005;100300184;101269993","comm":{"aid":"100","tid":"101269993"},"edit":{"head":"","link":"","name":"记者 程思炜","rank":"","desc":""},"link":"http://economy.caixin.com/2018-06-13/101269993.html","nid":101269993,"subDesc":"要闻","video":"","type":0,"tags":[],"audioUrl":"http://audio.caixin.com/caixin/993/101269993.mp3","form":null,"summ":"进度安排上，比部委层面改革稍后一些、比地方机构改革稍前一些；按照成熟一批、划转一批原则，稳妥有序开展社会保险费和非税收入征管职责划转","freeDuration":"3","freeTime":"","channelDesc":"经济频道","time":"2018-06-13 14:18:02","attr":5,"channelId":129,"pict":{"imgs":[{"txt":"","url":"http://img.caixin.com/2018-06-13/1528870904630998_145_97.jpg"}],"num":1},"desc":"国地税合并先省局后市县 社保和非税收入征收职责划入"},{"cate":"100300005;100300184;101267949","comm":{"aid":"100","tid":"101267949"},"edit":{"head":"","link":"","name":"记者 张娱","rank":"","desc":""},"link":"http://economy.caixin.com/2018-06-10/101267949.html","nid":101267949,"subDesc":"要闻","video":"","type":0,"tags":[],"audioUrl":"http://audio.caixin.com/caixin/949/101267949.mp3","form":null,"summ":"未来12个月，全球爆发重大金融风险的可能性较低，但随着美国基数效应消失，美国经济或下滑，2019年下半年或将进入高风险期，需警惕新兴市场、欧洲和拥挤交易反转的风险","freeDuration":"0","freeTime":"","channelDesc":"经济频道","time":"2018-06-10 17:52:01","attr":5,"channelId":129,"pict":{"imgs":[{"txt":"","url":"http://img.caixin.com/2018-06-10/1528624614960487_145_97.jpg"}],"num":1},"desc":"孙明春：2019年下半年或进入全球高风险期"},{"cate":"100300005;100300184;101267632","comm":{"aid":"100","tid":"101267632"},"edit":{"head":"","link":"","name":"记者 张娱","rank":"","desc":""},"link":"http://economy.caixin.com/2018-06-09/101267632.html","nid":101267632,"subDesc":"要闻","video":"","type":0,"tags":[],"audioUrl":"http://audio.caixin.com/caixin/632/101267632.mp3","form":{"txt":"宏观数据","url":"http://economy.caixin.com/macro_economy/"},"summ":"食品价格下降，导致食品价格连续三个月环比下降，医疗保健类价格同比涨幅较大；大宗商品价格上涨推升PPI","freeDuration":"6","freeTime":"","channelDesc":"经济频道","time":"2018-06-09 10:57:12","attr":5,"channelId":129,"pict":{"imgs":[{"txt":"","url":"http://img.caixin.com/2018-06-09/1528513459253859_145_97.jpg"}],"num":1},"desc":"5月CPI同比增长持平于1.8% PPI重回4%以上"},{"cate":"100300005;100300184;101267463","comm":{"aid":"100","tid":"101267463"},"edit":{"head":"","link":"","name":"记者 陈梦凡 实习记者 文思敏","rank":"","desc":""},"link":"http://economy.caixin.com/2018-06-08/101267463.html","nid":101267463,"subDesc":"要闻","video":"","type":0,"tags":[{"txt":"财新峰会香港场","url":"http://tag.caixin.com/tag/%E8%B4%A2%E6%96%B0%E5%B3%B0%E4%BC%9A%E9%A6%99%E6%B8%AF%E5%9C%BA"}],"audioUrl":"http://audio.caixin.com/caixin/463/101267463.mp3","form":null,"summ":"广东、海南、深圳三地专家在财新峰会上热议自贸区发展。改善营商环境、服务贸易一体化，哪个更重要？粤港澳大湾区和海南，未来如何竞合？","freeDuration":"3","freeTime":"","channelDesc":"经济频道","time":"2018-06-08 20:38:36","attr":5,"channelId":129,"pict":{"imgs":[{"txt":"","url":"http://img.caixin.com/2018-06-08/1528467803504393_145_97.jpg"}],"num":1},"desc":"大湾区和海南，谁会走在前面？"},{"cate":"100300005;100300184;101267195","comm":{"aid":"100","tid":"101267195"},"edit":{"head":"","link":"","name":"记者 张娱","rank":"","desc":""},"link":"http://economy.caixin.com/2018-06-08/101267195.html","nid":101267195,"subDesc":"要闻","video":"","type":0,"tags":[],"audioUrl":"http://audio.caixin.com/caixin/195/101267195.mp3","form":{"txt":"宏观数据","url":"http://economy.caixin.com/macro_economy/"},"summ":"在融资收紧、地方债严监管的背景下，多省份重大项目投资中基建项目明显减少，更加依赖产业类项目","freeDuration":"0","freeTime":"","channelDesc":"经济频道","time":"2018-06-08 16:57:14","attr":5,"channelId":129,"pict":{"imgs":[{"txt":"","url":"http://img.caixin.com/2018-06-08/1528448665647449_145_97.jpg"}],"num":1},"desc":"各地重大项目投向调整  基建降产业类项目增"},{"cate":"100300005;100300184;101266965","comm":{"aid":"100","tid":"101266965"},"edit":{"head":"","link":"","name":"记者 郑丽纯","rank":"","desc":""},"link":"http://economy.caixin.com/2018-06-08/101266965.html","nid":101266965,"subDesc":"要闻","video":"","type":0,"tags":[{"txt":"财新峰会香港场","url":"http://tag.caixin.com/tag/%E8%B4%A2%E6%96%B0%E5%B3%B0%E4%BC%9A%E9%A6%99%E6%B8%AF%E5%9C%BA"}],"audioUrl":"http://audio.caixin.com/caixin/965/101266965.mp3","form":null,"summ":"方星海称，经济全球化过程中，精英分子受益匪浅，中下层民众却在问：为什么要支持科技创新？对我有什么好处？为什么要开放市场，加入国际竞争？这给现有国际秩序造成冲击","freeDuration":"3","freeTime":"","channelDesc":"经济频道","time":"2018-06-08 14:01:32","attr":5,"channelId":129,"pict":{"imgs":[{"txt":"","url":"http://image1.caixin.com/2018-06-08/1528432950966913_145_97.jpg"}],"num":1},"desc":"方星海：现代化共识消失致部分国家迷失方向"},{"cate":"100300005;100300184;101266940","comm":{"aid":"100","tid":"101266940"},"edit":{"head":"","link":"","name":"记者 张娱","rank":"","desc":""},"link":"http://economy.caixin.com/2018-06-08/101266940.html","nid":101266940,"subDesc":"要闻","video":"","type":0,"tags":[],"audioUrl":"http://audio.caixin.com/caixin/940/101266940.mp3","form":null,"summ":"出口维持在高位，或受规避贸易战可能导致的高关税提前出口的影响；5月中国对美贸易顺差245.8亿美元，比4月增加23.9亿美元","freeDuration":"6","freeTime":"","channelDesc":"经济频道","time":"2018-06-08 13:12:48","attr":5,"channelId":129,"pict":{"imgs":[{"txt":"","url":"http://img.caixin.com/2018-06-08/1528435305254412_145_97.jpg"}],"num":1},"desc":"5月出口同比增长12.6% 对美贸易顺差仍在增加"},{"cate":"100300005;100300184;101266933","comm":{"aid":"100","tid":"101266933"},"edit":{"head":"","link":"","name":"驻香港记者 尉奕阳","rank":"","desc":""},"link":"http://economy.caixin.com/2018-06-08/101266933.html","nid":101266933,"subDesc":"要闻","video":"","type":0,"tags":[{"txt":"财新峰会香港场","url":"http://tag.caixin.com/tag/%E8%B4%A2%E6%96%B0%E5%B3%B0%E4%BC%9A%E9%A6%99%E6%B8%AF%E5%9C%BA"}],"audioUrl":"http://audio.caixin.com/caixin/933/101266933.mp3","form":null,"summ":"梁锦松表示，香港坐拥一国两制、法制完善和市场自由等优势，低税收和优质的医疗条件也有助于吸引人才","freeDuration":"3","freeTime":"","channelDesc":"经济频道","time":"2018-06-08 12:50:20","attr":5,"channelId":129,"pict":{"imgs":[{"txt":"","url":"http://img.caixin.com/2018-06-08/1528433553362094_145_97.jpg"}],"num":1},"desc":"梁锦松：香港应为大湾区“聚才”"},{"cate":"100300005;100300184;101266912","comm":{"aid":"100","tid":"101266912"},"edit":{"head":"","link":"","name":"驻香港记者 刘雁菲","rank":"","desc":""},"link":"http://economy.caixin.com/2018-06-08/101266912.html","nid":101266912,"subDesc":"要闻","video":"","type":0,"tags":[{"txt":"财新峰会香港场","url":"http://tag.caixin.com/tag/%E8%B4%A2%E6%96%B0%E5%B3%B0%E4%BC%9A%E9%A6%99%E6%B8%AF%E5%9C%BA"}],"audioUrl":"http://audio.caixin.com/caixin/912/101266912.mp3","form":null,"summ":"林郑月娥强调，香港融入国家发展大局，新机遇中也有危机，特区政府要积极应变，推进管理新风格、政府新角色、理财新哲学","freeDuration":"3","freeTime":"","channelDesc":"经济频道","time":"2018-06-08 12:09:49","attr":5,"channelId":129,"pict":{"imgs":[{"txt":"","url":"http://img.caixin.com/2018-06-08/1528431163944049_145_97.jpg"}],"num":1},"desc":"林郑月娥：香港凭借国家改革开放转型成功"},{"cate":"100300005;100300184;101266805","comm":{"aid":"100","tid":"101266805"},"edit":{"head":"","link":"","name":"驻香港记者 尉奕阳","rank":"","desc":""},"link":"http://economy.caixin.com/2018-06-08/101266805.html","nid":101266805,"subDesc":"要闻","video":"","type":0,"tags":[{"txt":"财新峰会香港场","url":"http://tag.caixin.com/tag/%E8%B4%A2%E6%96%B0%E5%B3%B0%E4%BC%9A%E9%A6%99%E6%B8%AF%E5%9C%BA"}],"audioUrl":"http://audio.caixin.com/caixin/805/101266805.mp3","form":null,"summ":"胡舒立表示，中国是全球化最大的受益者之一，理应维护、完善全球多边贸易体系与货币金融体系","freeDuration":"3","freeTime":"","channelDesc":"经济频道","time":"2018-06-08 10:02:16","attr":5,"channelId":129,"pict":{"imgs":[{"txt":"","url":"http://img.caixin.com/2018-06-08/1528425427207810_145_97.jpg"}],"num":1},"desc":"胡舒立：扩大开放是中国首要任务"},{"cate":"100300005;100300184;101264904","comm":{"aid":"100","tid":"101264904"},"edit":{"head":"","link":"","name":"记者 张娱","rank":"","desc":""},"link":"http://economy.caixin.com/2018-06-06/101264904.html","nid":101264904,"subDesc":"要闻","video":"","type":0,"tags":[],"audioUrl":"http://audio.caixin.com/caixin/904/101264904.mp3","form":null,"summ":"审计地方化解隐性债务、整改违规举债过程中出现的新情况和新问题；配合人大预算监督重点的转变，审计重点聚焦于支出预算、重点支出与重大投资项目、财政转移支付和政府债务等","freeDuration":"9","freeTime":"","channelDesc":"经济频道","time":"2018-06-06 21:38:48","attr":5,"channelId":129,"pict":{"imgs":[{"txt":"","url":"http://img.caixin.com/2016-11-04/1478228043906188_145_97.jpg"}],"num":1},"desc":"审计机关需掌握本级政府隐性债务规模和结构"},{"cate":"100300005;100300184;101264350","comm":{"aid":"100","tid":"101264350"},"edit":{"head":"","link":"","name":"记者 程思炜","rank":"","desc":""},"link":"http://economy.caixin.com/2018-06-06/101264350.html","nid":101264350,"subDesc":"要闻","video":"","type":0,"tags":[],"audioUrl":"http://audio.caixin.com/caixin/350/101264350.mp3","form":null,"summ":"工薪所得在个税收入中的占比四年上升5.6个百分点，对不同类型收入的个税征管方式和力度相差甚大，不仅造成大量税款流失，而且显失公平，与发挥调节收入分配的功能相悖","freeDuration":"0","freeTime":"","channelDesc":"经济频道","time":"2018-06-06 12:43:26","attr":5,"channelId":129,"pict":{"imgs":[{"txt":"","url":"http://img.caixin.com/2018-06-06/1528261026268869_145_97.jpg"}],"num":1},"desc":"工薪所得占比近七成 个税能否告别工薪税？"},{"cate":"100300005;100300184;101262708","comm":{"aid":"100","tid":"101262708"},"edit":{"head":"","link":"","name":"记者 于海荣","rank":"","desc":""},"link":"http://economy.caixin.com/2018-06-05/101262708.html","nid":101262708,"subDesc":"要闻","video":"","type":0,"tags":[],"audioUrl":"http://audio.caixin.com/caixin/704/101262704.mp3","form":null,"summ":"5月仍将延续需求弱、生产强的局面，新出口订单指数连续两月处于收缩区间，出口形势严峻，下半年经济面临更大的下行压力","freeDuration":"0","freeTime":"","channelDesc":"经济频道","time":"2018-06-05 09:45:00","attr":5,"channelId":129,"pict":{"imgs":[{"txt":"","url":"http://img.caixin.com/2018-06-05/1528162857317747_145_97.jpg"}],"num":1},"desc":"财新PMI分析|经济平稳扩张 出口或有隐忧"},{"cate":"100300005;100300184;101262702","comm":{"aid":"100","tid":"101262702"},"edit":{"head":"","link":"","name":"记者 张娱","rank":"","desc":""},"link":"http://economy.caixin.com/2018-06-05/101262702.html","nid":101262702,"subDesc":"要闻","video":"","type":0,"tags":[],"audioUrl":"http://audio.caixin.com/caixin/689/101262689.mp3","form":null,"summ":"服务业新业务增速放缓，用工增速创下四个月最高；财新中国综合PMI录得52.3，也与上月持平，显示经济依然较为平稳，仍需留意信用收缩对小型企业经营状态的影响","freeDuration":"48","freeTime":"","channelDesc":"经济频道","time":"2018-06-05 09:45:00","attr":5,"channelId":129,"pict":{"imgs":[{"txt":"","url":"http://img.caixin.com/2018-06-05/1528162857317747_145_97.jpg"}],"num":1},"desc":"5月财新中国服务业PMI录得52.9 与上月持平"},{"cate":"100300005;100300184;101262116","comm":{"aid":"100","tid":"101262116"},"edit":{"head":"","link":"","name":"记者 程思炜 于海荣","rank":"","desc":""},"link":"http://economy.caixin.com/2018-06-04/101262116.html","nid":101262116,"subDesc":"要闻","video":"","type":0,"tags":[],"audioUrl":"http://audio.caixin.com/caixin/116/101262116.mp3","form":null,"summ":"以个人名义签约需按次缴纳较高的个税；以明星工作室的名义签约，个税往往采用核定征收的方式，征收率通常低于工薪所得的最低税率，避税效果明显；成立影视公司可以享受企业所得税、增值税等优惠政策","freeDuration":"0","freeTime":"","channelDesc":"经济频道","time":"2018-06-04 09:51:08","attr":5,"channelId":129,"pict":{"imgs":[{"txt":"","url":"http://img.caixin.com/2018-04-27/1524815912941954_145_97.jpg"}],"num":1},"desc":"影视明星如何做到挣钱多纳税少？税率最低不到3%"},{"cate":"100300005;100300184;101261259","comm":{"aid":"100","tid":"101261259"},"edit":{"head":"","link":"","name":"记者 程思炜","rank":"","desc":""},"link":"http://economy.caixin.com/2018-06-01/101261259.html","nid":101261259,"subDesc":"要闻","video":"","type":0,"tags":[],"audioUrl":"http://audio.caixin.com/caixin/259/101261259.mp3","form":null,"summ":"2016年企业整体税负有下降趋势，但仍高于2012年税负水平；流转税为主的税制，导致企业税收负担与盈利水平变动并不密切，近年来制造业盈利能力下滑加剧企业税负感","freeDuration":"0","freeTime":"","channelDesc":"经济频道","time":"2018-06-01 16:54:25","attr":5,"channelId":129,"pict":{"imgs":[{"txt":"","url":"http://img.caixin.com/2018-06-01/1527843430105513_145_97.jpg"}],"num":1},"desc":"减税效果如何？民营企业主观税负感重"},{"cate":"100300005;100300184;101260856","comm":{"aid":"100","tid":"101260856"},"edit":{"head":"","link":"","name":"记者 程思炜","rank":"","desc":""},"link":"http://economy.caixin.com/2018-06-01/101260856.html","nid":101260856,"subDesc":"要闻","video":"","type":0,"tags":[],"audioUrl":"http://audio.caixin.com/caixin/856/101260856.mp3","form":null,"summ":"CEPA框架下的双向对等开放未达到预期效果，未来重点是打破要素流动限制，向港澳居民放开房地产市场，鼓励其到内地工作居住，加强教育、医疗合作，个税方面探索“港人港税、澳人澳税”","freeDuration":"0","freeTime":"","channelDesc":"经济频道","time":"2018-06-01 10:35:25","attr":5,"channelId":129,"pict":{"imgs":[{"txt":"","url":"http://img.caixin.com/2018-06-01/1527820743159991_145_97.jpg"}],"num":1},"desc":"大湾区拟单向给优惠 探索施行不同税制一地两检"},{"cate":"100300005;100300184;101260719","comm":{"aid":"100","tid":"101260719"},"edit":{"head":"","link":"","name":"记者 张娱","rank":"","desc":""},"link":"http://economy.caixin.com/2018-06-01/101260719.html","nid":101260719,"subDesc":"要闻","video":"","type":0,"tags":[],"audioUrl":"http://audio.caixin.com/caixin/715/101260715.mp3","form":null,"summ":"产出指数和新订单指数小幅上升，新出口订单指数仍在收缩区间，出口形势依然严峻；业界乐观度有所回升，但仍低于长期均值","freeDuration":"48","freeTime":"","channelDesc":"经济频道","time":"2018-06-01 09:45:00","attr":5,"channelId":129,"pict":{"imgs":[{"txt":"","url":"http://img.caixin.com/2018-06-01/1527812867655155_145_97.jpg"}],"num":1},"desc":"5月财新中国制造业PMI录得51.1 与上月持平"},{"cate":"100300005;100300184;101260724","comm":{"aid":"100","tid":"101260724"},"edit":{"head":"","link":"","name":"记者 于海荣","rank":"","desc":""},"link":"http://economy.caixin.com/2018-06-01/101260724.html","nid":101260724,"subDesc":"要闻","video":"","type":0,"tags":[],"audioUrl":"http://audio.caixin.com/caixin/721/101260721.mp3","form":null,"summ":"5月仍将延续需求弱、生产强的局面，新出口订单指数连续两月处于收缩区间，出口形势严峻，下半年经济面临更大的下行压力","freeDuration":"0","freeTime":"","channelDesc":"经济频道","time":"2018-06-01 09:45:00","attr":5,"channelId":129,"pict":null,"desc":"财新PMI分析|制造业轻微扩张 出口形势仍不乐观"},{"cate":"100300005;100300184;101259978","comm":{"aid":"100","tid":"101259978"},"edit":{"head":"","link":"","name":"记者 张娱","rank":"","desc":""},"link":"http://economy.caixin.com/2018-05-31/101259978.html","nid":101259978,"subDesc":"要闻","video":"","type":0,"tags":[],"audioUrl":"http://audio.caixin.com/caixin/978/101259978.mp3","form":null,"summ":"制造业超预期回升，非制造业继续扩张，经济活动扩张步伐有所加快","freeDuration":"6","freeTime":"","channelDesc":"经济频道","time":"2018-05-31 09:54:18","attr":5,"channelId":129,"pict":{"imgs":[{"txt":"","url":"http://img.caixin.com/2018-05-31/1527732649276115_145_97.jpg"}],"num":1},"desc":"5月统计局制造业PMI录得51.9 为去年10月以来新高"},{"cate":"100300005;100300184;101259020","comm":{"aid":"100","tid":"101259020"},"edit":{"head":"","link":"","name":"记者 张娱","rank":"","desc":""},"link":"http://economy.caixin.com/2018-05-29/101259020.html","nid":101259020,"subDesc":"要闻","video":"","type":0,"tags":[],"audioUrl":"http://audio.caixin.com/caixin/020/101259020.mp3","form":null,"summ":"食品类、母婴产品类商品，消费者最关注安全方面；消费者对进口商品需求强劲，但流通企业对增加供给相对谨慎","freeDuration":"0","freeTime":"","channelDesc":"经济频道","time":"2018-05-29 22:16:05","attr":5,"channelId":129,"pict":{"imgs":[{"txt":"","url":"http://img.caixin.com/2018-05-29/1527603675574031_145_97.jpg"}],"num":1},"desc":"扩大进口进什么？化妆品、母婴用品、钟表眼镜需求高"},{"cate":"100300005;100300184;101258594","comm":{"aid":"100","tid":"101258594"},"edit":{"head":"","link":"","name":"记者 王力为","rank":"","desc":""},"link":"http://economy.caixin.com/2018-05-29/101258594.html","nid":101258594,"subDesc":"要闻","video":"","type":0,"tags":[],"audioUrl":"","form":null,"summ":"对新技术带来的新业态变化，给予更多的宽容，政府须在顺应大势的同时，主动应对，尽可能控制、缓释其带来的负面影响","freeDuration":"0","freeTime":"","channelDesc":"经济频道","time":"2018-05-29 12:08:15","attr":5,"channelId":129,"pict":{"imgs":[{"txt":"","url":"http://img.caixin.com/2018-04-16/1523845313884269_145_97.jpg"}],"num":1},"desc":"财长、新开行行长谈技术挑战：顺应大势 主动作为"},{"cate":"100300005;100300184;101258548","comm":{"aid":"100","tid":"101258548"},"edit":{"head":"","link":"","name":"记者 于海荣","rank":"","desc":""},"link":"http://economy.caixin.com/2018-05-29/101258548.html","nid":101258548,"subDesc":"要闻","video":"","type":0,"tags":[],"audioUrl":"http://audio.caixin.com/caixin/548/101258548.mp3","form":null,"summ":"东方园林中标的PPP项目中，确实没有退库项目，但有20个项目在财政部PPP项目管理库和储备清单中查询不到；对于这些项目，政府或无法在预算中列出支出责任，项目融资也会受影响","freeDuration":"0","freeTime":"","channelDesc":"经济频道","time":"2018-05-29 11:36:16","attr":5,"channelId":129,"pict":{"imgs":[{"txt":"","url":"http://img.caixin.com/2017-11-30/1512031528573987_145_97.jpg"}],"num":1},"desc":"PPP明星股发债遇冷 东方园林风险几何？"},{"cate":"100300005;100300184;101257424","comm":{"aid":"100","tid":"101257424"},"edit":{"head":"","link":"","name":"记者 程思炜","rank":"","desc":""},"link":"http://economy.caixin.com/2018-05-27/101257424.html","nid":101257424,"subDesc":"要闻","video":"","type":0,"tags":[],"audioUrl":"http://audio.caixin.com/caixin/424/101257424.mp3","form":null,"summ":"工业生产销售增长加快、PPI价格回升、去年同期基数较低等因素，共同推高4月工业企业利润增速","freeDuration":"6","freeTime":"","channelDesc":"经济频道","time":"2018-05-27 10:30:21","attr":5,"channelId":129,"pict":{"imgs":[{"txt":"","url":"http://img.caixin.com/2018-05-27/1527388386587650_145_97.jpg"}],"num":1},"desc":"4月工业企业利润同比增长21.9%  回升18.8个百分点"},{"cate":"100300005;100300184;101257412","comm":{"aid":"100","tid":"101257412"},"edit":{"head":"","link":"","name":"记者 程思炜","rank":"","desc":""},"link":"http://economy.caixin.com/2018-05-27/101257412.html","nid":101257412,"subDesc":"要闻","video":"","type":0,"tags":[{"txt":"中美贸易龃龉","url":"http://tag.caixin.com/tag/%E4%B8%AD%E7%BE%8E%E8%B4%B8%E6%98%93%E9%BE%83%E9%BE%89"}],"audioUrl":"http://audio.caixin.com/caixin/412/101257412.mp3","form":null,"summ":"目前未涉及产业政策、高科技产品、对华出口限制等核心议题，双方都不愿先让步，预计将长期反复磋商，中国要抓住时机加快研发核心技术","freeDuration":"0","freeTime":"","channelDesc":"经济频道","time":"2018-05-27 10:09:21","attr":5,"channelId":129,"pict":{"imgs":[{"txt":"","url":"http://img.caixin.com/2018-05-27/1527387054003641_145_97.jpg"}],"num":1},"desc":"ING：中美经贸磋商尚未触及核心问题"},{"cate":"100300005;100300184;101256386","comm":{"aid":"100","tid":"101256386"},"edit":{"head":"","link":"","name":"记者 程思炜","rank":"","desc":""},"link":"http://economy.caixin.com/2018-05-25/101256386.html","nid":101256386,"subDesc":"要闻","video":"","type":0,"tags":[],"audioUrl":"http://audio.caixin.com/caixin/386/101256386.mp3","form":null,"summ":"在地方债务管理持续收紧的背景下，多省份基础设施投资增速大幅下滑，有的甚至出现负增长，广东、上海等则受冲击较小，未来基建增速区域分化将加剧","freeDuration":"0","freeTime":"","channelDesc":"经济频道","time":"2018-05-25 10:57:36","attr":5,"channelId":129,"pict":{"imgs":[{"txt":"","url":"http://img.caixin.com/2018-05-25/1527217318210426_145_97.jpg"}],"num":1},"desc":"湘津宁京晋基建投资负增长 未来分化或加剧"},{"cate":"100300005;100300184;101254912","comm":{"aid":"100","tid":"101254912"},"edit":{"head":"","link":"","name":"记者 王晓霞","rank":"","desc":""},"link":"http://economy.caixin.com/2018-05-23/101254912.html","nid":101254912,"subDesc":"要闻","video":"","type":0,"tags":[],"audioUrl":"http://audio.caixin.com/caixin/912/101254912.mp3","form":null,"summ":"预算改革的核心是一般公共预算之外的三本预算规范化和公开透明；通过直接税改革将个人缴纳的流转税等隐含税收显性化，撬动公众对政府预算的关注，倒逼预算改革","freeDuration":"0","freeTime":"","channelDesc":"经济频道","time":"2018-05-23 16:29:30","attr":5,"channelId":129,"pict":{"imgs":[{"txt":"","url":"http://img.caixin.com/2018-03-13/1520926068045998_145_97.jpg"}],"num":1},"desc":"高培勇：四本预算管理标准差异大 需实质统一"},{"cate":"100300005;100300184;101254881","comm":{"aid":"100","tid":"101254881"},"edit":{"head":"","link":"","name":"记者 王晓霞","rank":"","desc":""},"link":"http://economy.caixin.com/2018-05-23/101254881.html","nid":101254881,"subDesc":"要闻","video":"","type":0,"tags":[],"audioUrl":"http://audio.caixin.com/caixin/881/101254881.mp3","form":null,"summ":"按12%的消费税率计算，即使关税税率下调，进口环节税收仍高达12.38万元，减少3.16万元；再加上国内环节的税收、各种成本及合理利润，市场指导价自然大幅高于到岸价","freeDuration":"0","freeTime":"","channelDesc":"经济频道","time":"2018-05-23 15:52:41","attr":5,"channelId":129,"pict":{"imgs":[{"txt":"","url":"http://img.caixin.com/2018-05-23/1527063996622326_145_97.jpg"}],"num":1},"desc":"到岸价24万的汽车 市场指导价为何变成90万？"},{"cate":"100300005;100300184;101253611","comm":{"aid":"100","tid":"101253611"},"edit":{"head":"","link":"","name":"见习记者 张娱","rank":"","desc":""},"link":"http://economy.caixin.com/2018-05-21/101253611.html","nid":101253611,"subDesc":"要闻","video":"","type":0,"tags":[],"audioUrl":"http://audio.caixin.com/caixin/611/101253611.mp3","form":null,"summ":"与上一轮企业内生性现金流枯竭导致违约不同，近期的违约主要是信用紧缩期与严监管叠加造成的外部现金流断裂，企业经营性现金流并未恶化","freeDuration":"0","freeTime":"","channelDesc":"经济频道","time":"2018-05-21 16:01:32","attr":5,"channelId":129,"pict":{"imgs":[{"txt":"","url":"http://img.caixin.com/2018-04-26/1524712965540170_145_97.jpg"}],"num":1},"desc":"市场人士：近期债务违约潮风险小于2016年"},{"cate":"100300005;100300184;101251949","comm":{"aid":"100","tid":"101251949"},"edit":{"head":"","link":"","name":"见习记者 程思炜","rank":"","desc":""},"link":"http://economy.caixin.com/2018-05-18/101251949.html","nid":101251949,"subDesc":"要闻","video":"","type":0,"tags":[],"audioUrl":"","form":null,"summ":"本科生不超过40周岁，硕士不超过45周岁，博士不受年龄限制，可直接落户，无需在天津工作；去年多个城市人才新政均有降低落户门槛的措施","freeDuration":"3","freeTime":"","channelDesc":"经济频道","time":"2018-05-18 08:49:49","attr":5,"channelId":129,"pict":{"imgs":[{"txt":"","url":"http://img.caixin.com/2018-05-18/1526604760860536_145_97.jpg"}],"num":1},"desc":"天津加入抢人大战 一天内吸引30万人申请落户"},{"cate":"100300005;100300184;101251914","comm":{"aid":"100","tid":"101251914"},"edit":{"head":"","link":"","name":"记者 杜珂","rank":"","desc":""},"link":"http://economy.caixin.com/2018-05-18/101251914.html","nid":101251914,"subDesc":"要闻","video":"","type":0,"tags":[],"audioUrl":"http://audio.caixin.com/caixin/914/101251914.mp3","form":null,"summ":"提高全要素生产率的主体是企业和投资者，政府如果希望做有益的事情，就是营造创造性破坏的环境，即扩大和均等化公共教育投入，增加研发投入并合理配置，允许企业进入退出、生存和死亡，疏通要素自由流动的通道，加强面向脆弱人群的社会保护","freeDuration":"0","freeTime":"","channelDesc":"经济频道","time":"2018-05-18 08:20:51","attr":5,"channelId":129,"pict":{"imgs":[{"txt":"","url":"http://img.caixin.com/2018-05-18/1526603563579086_145_97.jpg"}],"num":1},"desc":"蔡昉：提高全要素生产率政府应营造创造性破坏的环境"},{"cate":"100300005;100300184;101251759","comm":{"aid":"100","tid":"101251759"},"edit":{"head":"","link":"","name":"记者 于海荣","rank":"","desc":""},"link":"http://economy.caixin.com/2018-05-17/101251759.html","nid":101251759,"subDesc":"要闻","video":"","type":0,"tags":[],"audioUrl":"http://audio.caixin.com/caixin/759/101251759.mp3","form":null,"summ":"中国税制以间接税为主，对经济的调控是顺周期的，社会再分配功能相当弱；房地产税不是万能的，但应该建立的税收制度迟迟不建立是万万不能的","freeDuration":"0","freeTime":"","channelDesc":"经济频道","time":"2018-05-17 21:14:02","attr":5,"channelId":129,"pict":{"imgs":[{"txt":"","url":"http://img.caixin.com/2017-12-01/1512120976515485_145_97.jpg"}],"num":1},"desc":"贾康：中国税制再分配功能弱 需推进直接税改革"},{"cate":"100300005;100300184;101251642","comm":{"aid":"100","tid":"101251642"},"edit":{"head":"","link":"","name":"记者 杜珂","rank":"","desc":""},"link":"http://economy.caixin.com/2018-05-17/101251642.html","nid":101251642,"subDesc":"要闻","video":"","type":0,"tags":[],"audioUrl":"http://audio.caixin.com/caixin/642/101251642.mp3","form":null,"summ":"现在的乡村振兴建议和方案没有考虑效率提高之后，农民到底往哪里去的问题，不能把农民抛弃在现代化之外","freeDuration":"0","freeTime":"","channelDesc":"经济频道","time":"2018-05-17 17:58:17","attr":5,"channelId":129,"pict":{"imgs":[{"txt":"","url":"http://img.caixin.com/2018-05-17/1526551668247213_145_97.jpg"}],"num":1},"desc":"陈锡文：不能把农民抛弃在现代化之外"},{"cate":"100300005;100300184;101251555","comm":{"aid":"100","tid":"101251555"},"edit":{"head":"","link":"","name":"记者 于海荣","rank":"","desc":""},"link":"http://economy.caixin.com/2018-05-17/101251555.html","nid":101251555,"subDesc":"要闻","video":"","type":0,"tags":[],"audioUrl":"http://audio.caixin.com/caixin/555/101251555.mp3","form":null,"summ":"当前改革的三大关键领域是建立现代产权制度，加强产权保护；建立统一开放、竞争有序的市场体系；更好的发挥政府的作用，从产业政策转向竞争政策","freeDuration":"0","freeTime":"","channelDesc":"经济频道","time":"2018-05-17 15:38:51","attr":5,"channelId":129,"pict":{"imgs":[{"txt":"","url":"http://img.caixin.com/2018-05-17/1526542894307255_145_97.jpg"}],"num":1},"desc":"吴敬琏：提高全要素生产率归根结底要靠改革"},{"cate":"100300005;100300184;101251513","comm":{"aid":"100","tid":"101251513"},"edit":{"head":"","link":"","name":"记者 于海荣","rank":"","desc":""},"link":"http://economy.caixin.com/2018-05-17/101251513.html","nid":101251513,"subDesc":"要闻","video":"","type":0,"tags":[],"audioUrl":"http://audio.caixin.com/caixin/513/101251513.mp3","form":null,"summ":"一些难啃的硬骨头改革到2020年完成非常难，一些重要改革被推迟，甚至还未被提出","freeDuration":"0","freeTime":"","channelDesc":"经济频道","time":"2018-05-17 14:48:56","attr":5,"channelId":129,"pict":{"imgs":[{"txt":"","url":"http://img.caixin.com/2018-05-17/1526539974945828_145_97.jpg"}],"num":1},"desc":"张卓元：担忧改革进展 国资国企改革是最难环节"},{"cate":"100300005;100300184;101251407","comm":{"aid":"100","tid":"101251407"},"edit":{"head":"","link":"","name":"记者 于海荣","rank":"","desc":""},"link":"http://economy.caixin.com/2018-05-17/101251407.html","nid":101251407,"subDesc":"要闻","video":"","type":0,"tags":[],"audioUrl":"http://audio.caixin.com/caixin/407/101251407.mp3","form":{"txt":"宏观数据","url":"http://economy.caixin.com/macro_economy/"},"summ":"改革开放过程中做了很多正确的体制和政策选择，也有一些不太正确的做法或者过渡性做法，是丰富的教科书，值得深入研究","freeDuration":"0","freeTime":"","channelDesc":"经济频道","time":"2018-05-17 11:19:19","attr":5,"channelId":129,"pict":{"imgs":[{"txt":"","url":"http://img.caixin.com/2018-05-17/1526527337468954_145_97.jpg"}],"num":1},"desc":"周小川：全球化进入新平台 贸易理论受挑战"},{"cate":"100300005;100300184;101251003","comm":{"aid":"100","tid":"101251003"},"edit":{"head":"","link":"","name":"见习记者 程思炜","rank":"","desc":""},"link":"http://economy.caixin.com/2018-05-16/101251003.html","nid":101251003,"subDesc":"要闻","video":"","type":0,"tags":[],"audioUrl":"http://audio.caixin.com/caixin/003/101251003.mp3","form":{"txt":"政策信息","url":"http://economy.caixin.com/policy/"},"summ":"创投企业和天使投资人投资初创科技企业，符合一定条件，可按投资额的70%抵扣企业所得税或个人所得税应纳税额，相关政策已在部分地区试点一年","freeDuration":"0","freeTime":"","channelDesc":"经济频道","time":"2018-05-16 18:48:20","attr":5,"channelId":129,"pict":{"imgs":[{"txt":"","url":"http://img.caixin.com/2018-04-27/1524815912941954_145_97.jpg"}],"num":1},"desc":"创投税收优惠推广至全国 按投资额70%抵扣应税所得额"},{"cate":"100300005;100300184;101250195","comm":{"aid":"100","tid":"101250195"},"edit":{"head":"","link":"","name":"见习记者 程思炜","rank":"","desc":""},"link":"http://economy.caixin.com/2018-05-15/101250195.html","nid":101250195,"subDesc":"要闻","video":"","type":0,"tags":[],"audioUrl":"http://audio.caixin.com/caixin/195/101250195.mp3","form":null,"summ":"原因是民间投资和净出口复苏较强；政策并未进入放松轨道，只是对国内信用紧缩和去杠杆的预调微调；主要风险仍是中美贸易摩擦","freeDuration":"0","freeTime":"","channelDesc":"经济频道","time":"2018-05-15 18:52:33","attr":5,"channelId":129,"pict":{"imgs":[{"txt":"","url":"http://img.caixin.com/2017-10-17/1508212095932794_145_97.jpg"}],"num":1},"desc":"大摩：上调中国2018年GDP预测增速至6.6%"},{"cate":"100300005;100300184;101249818","comm":{"aid":"100","tid":"101249818"},"edit":{"head":"","link":"","name":"见习记者 张娱","rank":"","desc":""},"link":"http://economy.caixin.com/2018-05-15/101249818.html","nid":101249818,"subDesc":"要闻","video":"","type":0,"tags":[],"audioUrl":"http://audio.caixin.com/caixin/818/101249818.mp3","form":null,"summ":"基建投资增速继续以较快速度回落，房地产投资先行指标表现不佳，民间投资增速由升转降","freeDuration":"3","freeTime":"","channelDesc":"经济频道","time":"2018-05-15 11:17:58","attr":5,"channelId":129,"pict":{"imgs":[{"txt":"","url":"http://img.caixin.com/2018-05-15/1526354627958987_145_97.jpg"}],"num":1},"desc":"1-4月固定资产投资同比增长7% 房地产投资仍处高位"},{"cate":"100300005;100300184;101249799","comm":{"aid":"100","tid":"101249799"},"edit":{"head":"","link":"","name":"见习记者 程思炜","rank":"","desc":""},"link":"http://economy.caixin.com/2018-05-15/101249799.html","nid":101249799,"subDesc":"要闻","video":"","type":0,"tags":[],"audioUrl":"","form":null,"summ":"大幅反弹1个百分点，环比增速录得去年下半年以来最高，出口交货值仍低位徘徊","freeDuration":"3","freeTime":"","channelDesc":"经济频道","time":"2018-05-15 10:49:03","attr":5,"channelId":129,"pict":{"imgs":[{"txt":"","url":"http://img.caixin.com/2018-05-15/1526352886223260_145_97.jpg"}],"num":1},"desc":"4月工业增速回升至7%  超预期回升"},{"cate":"100300005;100300184;101249491","comm":{"aid":"100","tid":"101249491"},"edit":{"head":"","link":"","name":"记者 王晓霞","rank":"","desc":""},"link":"http://economy.caixin.com/2018-05-14/101249491.html","nid":101249491,"subDesc":"要闻","video":"","type":0,"tags":[],"audioUrl":"http://audio.caixin.com/caixin/491/101249491.mp3","form":null,"summ":"延续去年年中以来税收收入高增长、非税收入下降的趋势；既有经济稳中向好、企业效益和居民收入持续改善等因素拉动，也受到税收缴库时间节点的影响","freeDuration":"3","freeTime":"","channelDesc":"经济频道","time":"2018-05-14 19:55:18","attr":5,"channelId":129,"pict":{"imgs":[{"txt":"","url":"http://img.caixin.com/2017-09-14/1505359082259574_145_97.jpg"}],"num":1},"desc":"4月财政收入增长11% 高增长何来？（更新）"},{"cate":"100300005;100300184;101249098","comm":{"aid":"100","tid":"101249098"},"edit":{"head":"","link":"","name":"见习记者 程思炜","rank":"","desc":""},"link":"http://economy.caixin.com/2018-05-14/101249098.html","nid":101249098,"subDesc":"要闻","video":"","type":0,"tags":[],"audioUrl":"","form":null,"summ":"建立以财务约束为主线、有效的国有资本委托代理体制，可设定为管理、监督、运营三个层级，并严格区分","freeDuration":"0","freeTime":"","channelDesc":"经济频道","time":"2018-05-14 11:29:54","attr":5,"channelId":129,"pict":{"imgs":[{"txt":"","url":"http://img.caixin.com/2018-05-14/1526268797890230_145_97.jpg"}],"num":1},"desc":"陈清泰：管资本为主须改革既有国有资本管理体制"},{"cate":"100300005;100300184;101248592","comm":{"aid":"100","tid":"101248592"},"edit":{"head":"","link":"","name":"见习记者 张娱","rank":"","desc":""},"link":"http://economy.caixin.com/2018-05-12/101248592.html","nid":101248592,"subDesc":"要闻","video":"","type":0,"tags":[],"audioUrl":"http://audio.caixin.com/caixin/592/101248592.mp3","form":null,"summ":"中国扩大金融开放的思路早于中美贸易摩擦爆发，在扩大金融开放的同时，一定要加大金融监管力度，对内外资一视同仁","freeDuration":"0","freeTime":"","channelDesc":"经济频道","time":"2018-05-12 17:35:52","attr":5,"channelId":129,"pict":{"imgs":[{"txt":"","url":"http://img.caixin.com/2018-04-19/1524098601147530_145_97.jpg"}],"num":1},"desc":"杨凯生：扩大金融开放不等于不设防不监管"},{"cate":"100300005;100300184;101246986","comm":{"aid":"100","tid":"101246986"},"edit":{"head":"","link":"","name":"见习记者 程思炜","rank":"","desc":""},"link":"http://economy.caixin.com/2018-05-10/101246986.html","nid":101246986,"subDesc":"要闻","video":"","type":0,"tags":[],"audioUrl":"http://audio.caixin.com/caixin/986/101246986.mp3","form":null,"summ":"新纳入试点的九省份一季度申报水资源税额，较改革前水资源费收入增长21.6%，主要来自超采地区地下用水等税额标准提高，费改税后征管加强","freeDuration":"0","freeTime":"","channelDesc":"经济频道","time":"2018-05-10 14:07:20","attr":5,"channelId":129,"pict":{"imgs":[{"txt":"","url":"http://img.caixin.com/2017-11-28/1511861798558587_145_97.jpg"}],"num":1},"desc":"水资源税调节作用初显 试点省份地下水用量下降"},{"cate":"100300005;100300184;101246795","comm":{"aid":"100","tid":"101246795"},"edit":{"head":"","link":"","name":"见习记者 程思炜","rank":"","desc":""},"link":"http://economy.caixin.com/2018-05-10/101246795.html","nid":101246795,"subDesc":"要闻","video":"","type":0,"tags":[],"audioUrl":"http://audio.caixin.com/caixin/795/101246795.mp3","form":{"txt":"宏观数据","url":"http://economy.caixin.com/macro_economy/"},"summ":"猪肉价格下降拉低CPI同比涨幅约0.43个百分点；PPI同比上涨3.4%，比上月提高0.3个百分点，环比仍然下降","freeDuration":"6","freeTime":"","channelDesc":"经济频道","time":"2018-05-10 10:18:33","attr":5,"channelId":129,"pict":{"imgs":[{"txt":"","url":"http://img.caixin.com/2018-05-10/1525918861131296_145_97.jpg"}],"num":1},"desc":"4月CPI涨幅回落至1.8% 环比连降两月"},{"cate":"100300005;100300184;101245885","comm":{"aid":"100","tid":"101245885"},"edit":{"head":"","link":"","name":"记者 王晓霞","rank":"","desc":""},"link":"http://economy.caixin.com/2018-05-08/101245885.html","nid":101245885,"subDesc":"要闻","video":"","type":0,"tags":[],"audioUrl":"http://audio.caixin.com/caixin/885/101245885.mp3","form":null,"summ":"7年期及以上债券发行规模，不得超过全年公开发行同类债券总规模的60%；严禁采用非市场化方式干预地方债发行定价","freeDuration":"0","freeTime":"","channelDesc":"经济频道","time":"2018-05-08 22:19:08","attr":5,"channelId":129,"pict":{"imgs":[{"txt":"","url":"http://img.caixin.com/2017-06-12/1497275594840841_145_97.jpg"}],"num":1},"desc":"地方政府债券增加15年和20年长期限品种"},{"cate":"100300005;100300184;101245838","comm":{"aid":"100","tid":"101245838"},"edit":{"head":"","link":"","name":"见习记者 程思炜","rank":"","desc":""},"link":"http://economy.caixin.com/2018-05-08/101245838.html","nid":101245838,"subDesc":"要闻","video":"","type":0,"tags":[{"txt":"中美贸易龃龉","url":"http://tag.caixin.com/tag/%E4%B8%AD%E7%BE%8E%E8%B4%B8%E6%98%93%E9%BE%83%E9%BE%89"}],"audioUrl":"http://audio.caixin.com/caixin/838/101245838.mp3","form":null,"summ":"中美贸易战有两条战线：一条战线是短期贸易战，可能通过谈判达成协议；另一条战线是与中国战略性的长期对抗，涉及市场开放等战略性问题，谈判难度更大","freeDuration":"0","freeTime":"","channelDesc":"经济频道","time":"2018-05-08 20:05:45","attr":5,"channelId":129,"pict":{"imgs":[{"txt":"","url":"http://img.caixin.com/2018-05-08/1525781820978178_145_97.jpg"}],"num":1},"desc":"Vanguard王黔：中美或有一两轮贸易摩擦 战略性问题谈判更难"},{"cate":"100300005;100300184;101245814","comm":{"aid":"100","tid":"101245814"},"edit":{"head":"","link":"","name":"记者 王晓霞","rank":"","desc":""},"link":"http://economy.caixin.com/2018-05-08/101245814.html","nid":101245814,"subDesc":"要闻","video":"","type":0,"tags":[],"audioUrl":"http://audio.caixin.com/caixin/814/101245814.mp3","form":null,"summ":"相当于此前四个半月退库个数的46%，投资额的一半；2017年11月16日至2018年4月23日，共清退管理库项目1695个、涉及投资额1.8万亿元","freeDuration":"3","freeTime":"","channelDesc":"经济频道","time":"2018-05-08 19:10:51","attr":5,"channelId":129,"pict":{"imgs":[{"txt":"","url":"http://img.caixin.com/2018-04-05/1522890005415399_145_97.jpg"}],"num":1},"desc":"PPP清库继续 4月前23天清退535个项目"},{"cate":"100300005;100300184;101245490","comm":{"aid":"100","tid":"101245490"},"edit":{"head":"","link":"","name":"见习记者 张娱","rank":"","desc":""},"link":"http://economy.caixin.com/2018-05-08/101245490.html","nid":101245490,"subDesc":"要闻","video":"","type":0,"tags":[],"audioUrl":"http://audio.caixin.com/caixin/490/101245490.mp3","form":null,"summ":"对主要国家出口增速全面回升，对美国出口增长9.7%，低于总体增速；当月实现顺差287.8亿美元","freeDuration":"0","freeTime":"","channelDesc":"经济频道","time":"2018-05-08 12:43:21","attr":5,"channelId":129,"pict":{"imgs":[{"txt":"","url":"http://img.caixin.com/2018-05-08/1525754712895628_145_97.jpg"}],"num":1},"desc":"4月出口同比增长12.9% 由负转正"},{"cate":"100300005;100300184;101245136","comm":{"aid":"100","tid":"101245136"},"edit":{"head":"","link":"","name":"记者 王晓霞","rank":"","desc":""},"link":"http://economy.caixin.com/2018-05-07/101245136.html","nid":101245136,"subDesc":"要闻","video":"","type":0,"tags":[],"audioUrl":"http://audio.caixin.com/caixin/136/101245136.mp3","form":null,"summ":"担任副部长近11年半，一个月前被免职，此前中央巡视组发现了相关线索","freeDuration":"0","freeTime":"","channelDesc":"经济频道","time":"2018-05-07 21:06:31","attr":5,"channelId":129,"pict":{"imgs":[{"txt":"","url":"http://img.caixin.com/2018-05-07/1525698876001146_145_97.jpg"}],"num":1},"desc":"财政部副部长张少春被查 系中央巡视组发现问题"},{"cate":"100300005;100300184;101245090","comm":{"aid":"100","tid":"101245090"},"edit":{"head":"","link":"","name":"见习记者 张娱","rank":"","desc":""},"link":"http://economy.caixin.com/2018-05-07/101245090.html","nid":101245090,"subDesc":"要闻","video":"","type":0,"tags":[],"audioUrl":"http://audio.caixin.com/caixin/090/101245090.mp3","form":null,"summ":"包括66亿美元MSCI涵盖股票被动配置资金、主动配置资金将是被动配置资金的5倍；未来MSCI还将纳入更多海外上市的中国公司","freeDuration":"3","freeTime":"","channelDesc":"经济频道","time":"2018-05-07 19:55:53","attr":5,"channelId":129,"pict":{"imgs":[{"txt":"","url":"http://img.caixin.com/2018-05-07/1525694619039323_145_97.jpg"}],"num":1},"desc":"摩根大通：A股纳入MSCI带来400亿美元资金流入"},{"cate":"100300005;100300184;101244849","comm":{"aid":"100","tid":"101244849"},"edit":{"head":"","link":"","name":"见习记者 程思炜","rank":"","desc":""},"link":"http://economy.caixin.com/2018-05-07/101244849.html","nid":101244849,"subDesc":"要闻","video":"","type":0,"tags":[],"audioUrl":"http://audio.caixin.com/caixin/849/101244849.mp3","form":null,"summ":"税延养老保险产品以固定收益和保底收益为主，除了终身领取方式，还可提供不少于15年的长期领取方式","freeDuration":"0","freeTime":"","channelDesc":"经济频道","time":"2018-05-07 13:51:07","attr":5,"channelId":129,"pict":{"imgs":[{"txt":"","url":"http://img.caixin.com/2018-05-07/1525672861847914_145_97.jpg"}],"num":1},"desc":"税延养老保险“活到老领到老” 不能提前支取"},{"cate":"100300005;100300184;101243959","comm":{"aid":"100","tid":"101243959"},"edit":{"head":"","link":"","name":"见习记者 程思炜","rank":"","desc":""},"link":"http://economy.caixin.com/2018-05-04/101243959.html","nid":101243959,"subDesc":"要闻","video":"","type":0,"tags":[],"audioUrl":"http://audio.caixin.com/caixin/959/101243959.mp3","form":null,"summ":"外汇局称，主要受季节性因素及货物进口增长较快影响，全年经常账户收支仍将保持在合理区间","freeDuration":"0","freeTime":"","channelDesc":"经济频道","time":"2018-05-04 21:28:36","attr":5,"channelId":129,"pict":{"imgs":[{"txt":"","url":"http://img.caixin.com/2018-05-04/1525440837849531_145_97.jpg"}],"num":1},"desc":"一季度中国经常账户逆差282亿美元 近17年来首次"},{"cate":"100300005;100300184;101243905","comm":{"aid":"100","tid":"101243905"},"edit":{"head":"","link":"","name":"记者 王晓霞","rank":"","desc":""},"link":"http://economy.caixin.com/2018-05-04/101243905.html","nid":101243905,"subDesc":"要闻","video":"","type":0,"tags":[],"audioUrl":"http://audio.caixin.com/caixin/905/101243905.mp3","form":null,"summ":"1046个项目无财政承受能力报告或报告信息不完整，纳入统计的6400个PPP项目2015-2045年间支出责任总额为9.9万亿元，年均支出3194亿元","freeDuration":"3","freeTime":"","channelDesc":"经济频道","time":"2018-05-04 19:55:33","attr":5,"channelId":129,"pict":{"imgs":[{"txt":"","url":"http://img.caixin.com/2018-05-04/1525435255213397_145_97.jpg"}],"num":1},"desc":"财政部：川湘豫蒙贵等省份逾百市县PPP支出占比超限"},{"cate":"100300005;100300184;101243311","comm":{"aid":"100","tid":"101243311"},"edit":{"head":"","link":"","name":"记者 于海荣","rank":"","desc":""},"link":"http://economy.caixin.com/2018-05-04/101243311.html","nid":101243311,"subDesc":"要闻","video":"","type":0,"tags":[],"audioUrl":"http://audio.caixin.com/caixin/307/101243307.mp3","form":null,"summ":"新出口订单指数下滑反映出口形势恶化，经济增长对内需的依赖度显著上升，但并非回到此前刺激基建、货币大幅宽松的传统路径上","freeDuration":"0","freeTime":"","channelDesc":"经济频道","time":"2018-05-04 09:45:00","attr":5,"channelId":129,"pict":{"imgs":[{"txt":"","url":"http://img.caixin.com/2018-05-04/1525393380397739_145_97.jpg"}],"num":1},"desc":"财新PMI分析|经济景气度尚好 需关注出口走势"},{"cate":"100300005;100300184;101243297","comm":{"aid":"100","tid":"101243297"},"edit":{"head":"","link":"","name":"见习记者 张娱","rank":"","desc":""},"link":"http://economy.caixin.com/2018-05-04/101243297.html","nid":101243297,"subDesc":"要闻","video":"","type":0,"tags":[],"audioUrl":"http://audio.caixin.com/caixin/297/101243297.mp3","form":null,"summ":"服务业新业务增速、就业指数均出现回升；财新中国综合PMI继上月大幅回落后回升至52.3，显示经济依然较为平稳","freeDuration":"48","freeTime":"","channelDesc":"经济频道","time":"2018-05-04 09:45:00","attr":5,"channelId":129,"pict":{"imgs":[{"txt":"","url":"http://img.caixin.com/2018-05-04/1525393380397739_145_97.jpg"}],"num":1},"desc":"4月财新中国服务业PMI回升至52.9"},{"cate":"100300005;100300184;101243119","comm":{"aid":"100","tid":"101243119"},"edit":{"head":"","link":"","name":"记者 王晓霞","rank":"","desc":""},"link":"http://economy.caixin.com/2018-05-03/101243119.html","nid":101243119,"subDesc":"要闻","video":"","type":0,"tags":[],"audioUrl":"http://audio.caixin.com/caixin/119/101243119.mp3","form":{"txt":"宏观数据","url":"http://economy.caixin.com/macro_economy/"},"summ":"抓紧细化落实年初未分配到部门和下级财政的预算；重申盘活结转、结余资金及加强地方政府债券发行与库款统筹协调相关规定","freeDuration":"0","freeTime":"","channelDesc":"经济频道","time":"2018-05-03 19:15:09","attr":5,"channelId":129,"pict":{"imgs":[{"txt":"","url":"http://img.caixin.com/2018-05-03/1525346742248067_145_97.jpg"}],"num":1},"desc":"财政部：加快支出进度 扶贫等资金尽快拨付到位"},{"cate":"100300005;100300184;101242056","comm":{"aid":"100","tid":"101242056"},"edit":{"head":"","link":"","name":"见习记者 程思炜","rank":"","desc":""},"link":"http://economy.caixin.com/2018-05-02/101242056.html","nid":101242056,"subDesc":"要闻","video":"","type":0,"tags":[],"audioUrl":"http://audio.caixin.com/caixin/056/101242056.mp3","form":null,"summ":"iPhone、成品油等价格下降幅度与增值税税率下降基本匹配，不含税价格并未调整；商品是否降价，还要看市场竞争环境和产品定位等其他因素","freeDuration":"0","freeTime":"","channelDesc":"经济频道","time":"2018-05-02 10:43:28","attr":5,"channelId":129,"pict":{"imgs":[{"txt":"","url":"http://img.caixin.com/2018-05-02/1525229564871047_145_97.jpg"}],"num":1},"desc":"增值税率下调iPhone降价 其他商品会跟随吗？"},{"cate":"100300005;100300184;101241900","comm":{"aid":"100","tid":"101241900"},"edit":{"head":"","link":"","name":"见习记者 张娱","rank":"","desc":""},"link":"http://economy.caixin.com/2018-05-02/101241900.html","nid":101241900,"subDesc":"要闻","video":"","type":0,"tags":[],"audioUrl":"","form":null,"summ":"产出增速小幅上升；受出口销售疲软影响，新业务总量增速放缓；部分厂商对未来市场和出口前景表示担忧，业界乐观度降至四个月低点","freeDuration":"48","freeTime":"","channelDesc":"经济频道","time":"2018-05-02 09:45:00","attr":5,"channelId":129,"pict":{"imgs":[{"txt":"","url":"http://img.caixin.com/2018-05-02/1525220275916954_145_97.jpg"}],"num":1},"desc":"4月财新中国制造业PMI微升0.1个百分点至51.1"},{"cate":"100300005;100300184;101241904","comm":{"aid":"100","tid":"101241904"},"edit":{"head":"","link":"","name":"记者 于海荣","rank":"","desc":""},"link":"http://economy.caixin.com/2018-05-02/101241904.html","nid":101241904,"subDesc":"要闻","video":"","type":0,"tags":[],"audioUrl":"http://audio.caixin.com/caixin/901/101241901.mp3","form":null,"summ":"新出口订单指数下滑反映出口形势恶化，经济增长对内需的依赖度显著上升，但并非回到此前刺激基建、货币大幅宽松的传统路径上","freeDuration":"0","freeTime":"","channelDesc":"经济频道","time":"2018-05-02 09:45:00","attr":5,"channelId":129,"pict":{"imgs":[{"txt":"","url":"http://img.caixin.com/2018-05-03/1525312894809022_145_97.jpg"}],"num":1},"desc":"财新PMI分析|制造业景气微升 需关注出口走势"},{"cate":"100300005;100300184;101241529","comm":{"aid":"100","tid":"101241529"},"edit":{"head":"","link":"","name":"见习记者 程思炜","rank":"","desc":""},"link":"http://economy.caixin.com/2018-04-30/101241529.html","nid":101241529,"subDesc":"要闻","video":"","type":0,"tags":[],"audioUrl":"http://audio.caixin.com/caixin/529/101241529.mp3","form":null,"summ":"制造业保持稳步增长态势，非制造业扩张步伐有所加快，对经济增长的拉动作用进一步增强","freeDuration":"6","freeTime":"","channelDesc":"经济频道","time":"2018-04-30 10:28:39","attr":5,"channelId":129,"pict":{"imgs":[{"txt":"","url":"http://img.caixin.com/2018-04-30/1525055514596783_145_97.jpg"}],"num":1},"desc":"4月统计局制造业PMI微降0.1个百分点至51.4"},{"cate":"100300005;100300184;101241226","comm":{"aid":"100","tid":"101241226"},"edit":{"head":"","link":"","name":"记者 王晓霞","rank":"","desc":""},"link":"http://economy.caixin.com/2018-04-28/101241226.html","nid":101241226,"subDesc":"要闻","video":"","type":0,"tags":[],"audioUrl":"http://audio.caixin.com/caixin/226/101241226.mp3","form":null,"summ":"地方政府融资平台代表政府不能作为PPP合同签约主体，其仍可以以政府方出资代表身份参与PPP项目；完成市场化转型以退出银监会融资平台名单为准","freeDuration":"0","freeTime":"","channelDesc":"经济频道","time":"2018-04-28 19:16:18","attr":5,"channelId":129,"pict":{"imgs":[{"txt":"","url":"http://img.caixin.com/2017-11-30/1512031528573987_145_97.jpg"}],"num":1},"desc":"融资平台不得参与PPP？市场化转型成功可以作社会资本方"},{"cate":"100300005;100300184;101241206","comm":{"aid":"100","tid":"101241206"},"edit":{"head":"","link":"","name":"记者 王晓霞","rank":"","desc":""},"link":"http://economy.caixin.com/2018-04-28/101241206.html","nid":101241206,"subDesc":"要闻","video":"","type":0,"tags":[],"audioUrl":"http://audio.caixin.com/caixin/206/101241206.mp3","form":null,"summ":"新疆、山东（含青岛）、内蒙古退库数量最多，市政工程、交通运输、城镇综合开发领域是退库重灾区；从付费机制看，使用者付费类项目个数减少，政府付费类项目不降反增","freeDuration":"0","freeTime":"","channelDesc":"经济频道","time":"2018-04-28 18:51:03","attr":5,"channelId":129,"pict":{"imgs":[{"txt":"","url":"http://img.caixin.com/2018-04-28/1524912939684637_145_97.jpg"}],"num":1},"desc":"1160个项目退出财政部PPP管理库 投资额1.2万亿元"},{"cate":"100300005;100300184;101241040","comm":{"aid":"100","tid":"101241040"},"edit":{"head":"","link":"","name":"记者 张兰太","rank":"","desc":""},"link":"http://economy.caixin.com/2018-04-28/101241040.html","nid":101241040,"subDesc":"要闻","video":"","type":0,"tags":[],"audioUrl":"http://audio.caixin.com/caixin/040/101241040.mp3","form":null,"summ":"改革开放实际上是通过各种方式，发展混合所有制经济，未来需要找到一种公有制和市场经济相结合的方式；对一些具有行政垄断、自然垄断和市场垄断的领域，要分门别类改革","freeDuration":"0","freeTime":"","channelDesc":"经济频道","time":"2018-04-28 15:08:46","attr":5,"channelId":129,"pict":{"imgs":[{"txt":"","url":"http://img.caixin.com/2018-04-28/1524899522258371_145_97.jpg"}],"num":1},"desc":"孔泾源：混合所有制经济是社会主义市场经济的基本形态"},{"cate":"100300005;100300184;101240818","comm":{"aid":"100","tid":"101240818"},"edit":{"head":"","link":"","name":"记者 王晓霞","rank":"","desc":""},"link":"http://economy.caixin.com/2018-04-28/101240818.html","nid":101240818,"subDesc":"要闻","video":"","type":0,"tags":[],"audioUrl":"http://audio.caixin.com/caixin/818/101240818.mp3","form":{"txt":"宏观数据","url":"http://economy.caixin.com/macro_economy/"},"summ":"更新农业转基因生物目录，实行转基因产品标识制度，给消费者选择权；国产大豆要发挥非转基因特色，加强新品种培育，提高单产水平","freeDuration":"0","freeTime":"","channelDesc":"经济频道","time":"2018-04-28 12:52:09","attr":5,"channelId":129,"pict":{"imgs":[{"txt":"","url":"http://img.caixin.com/2018-04-28/1524891336858284_145_97.jpg"}],"num":1},"desc":"杜鹰：建立对进口大豆转作食品用途的监管机制"},{"cate":"100300005;100300184;101240812","comm":{"aid":"100","tid":"101240812"},"edit":{"head":"","link":"","name":"见习记者 程思炜","rank":"","desc":""},"link":"http://economy.caixin.com/2018-04-28/101240812.html","nid":101240812,"subDesc":"要闻","video":"","type":0,"tags":[],"audioUrl":"http://audio.caixin.com/caixin/812/101240812.mp3","form":null,"summ":"2011年个税提高起征点后，纳税人数下降，建议本轮个税改革扩面，同时保持高档税率不动，调低中低档税率","freeDuration":"0","freeTime":"","channelDesc":"经济频道","time":"2018-04-28 12:31:50","attr":5,"channelId":129,"pict":{"imgs":[{"txt":"","url":"http://img.caixin.com/2018-04-28/1524890321713138_145_97.jpg"}],"num":1},"desc":"刘克崮：个税改革应扩大覆盖面 调低中低档税率"},{"cate":"100300005;100300184;101240789","comm":{"aid":"100","tid":"101240789"},"edit":{"head":"","link":"","name":"记者 周东旭","rank":"","desc":""},"link":"http://economy.caixin.com/2018-04-28/101240789.html","nid":101240789,"subDesc":"要闻","video":"","type":0,"tags":[],"audioUrl":"http://audio.caixin.com/caixin/789/101240789.mp3","form":null,"summ":"打破服务业领域的行政垄断、行政管制和行政壁垒，全面放开竞争性领域非基本公共服务领域的价格管制，成为当前市场化改革的重头任务","freeDuration":"0","freeTime":"","channelDesc":"经济频道","time":"2018-04-28 11:46:54","attr":5,"channelId":129,"pict":{"imgs":[{"txt":"","url":"http://img.caixin.com/2018-04-28/1524887408963495_145_97.jpg"}],"num":1},"desc":"迟福林：海南或成为中国第一个服务贸易新高点"},{"cate":"100300005;100300184;101240738","comm":{"aid":"100","tid":"101240738"},"edit":{"head":"","link":"","name":"记者 于海荣","rank":"","desc":""},"link":"http://economy.caixin.com/2018-04-28/101240738.html","nid":101240738,"subDesc":"要闻","video":"","type":0,"tags":[],"audioUrl":"http://audio.caixin.com/caixin/738/101240738.mp3","form":null,"summ":"动力和活力是基础，创新力是关键，最后要体现到竞争力，还要有执行力，当前中国需要不断提高创新力","freeDuration":"0","freeTime":"","channelDesc":"经济频道","time":"2018-04-28 10:35:28","attr":5,"channelId":129,"pict":{"imgs":[{"txt":"","url":"http://img.caixin.com/2018-04-28/1524883120036645_145_97.jpg"}],"num":1},"desc":"高尚全：建设创新型国家需要五力并举"},{"cate":"100300005;100300184;101240514","comm":{"aid":"100","tid":"101240514"},"edit":{"head":"","link":"","name":"见习记者 程思炜","rank":"","desc":""},"link":"http://economy.caixin.com/2018-04-27/101240514.html","nid":101240514,"subDesc":"要闻","video":"","type":0,"tags":[],"audioUrl":"http://audio.caixin.com/caixin/514/101240514.mp3","form":{"txt":"政策信息","url":"http://economy.caixin.com/policy/"},"summ":"有关方面抓紧调研和起草工作，视情在2018年或以后安排审议；耕地占用税法、车辆购置税法、资源税法、税收征管法修订和外商投资法今年将初次审议","freeDuration":"0","freeTime":"","channelDesc":"经济频道","time":"2018-04-27 21:51:48","attr":5,"channelId":129,"pict":{"imgs":[{"txt":"","url":"http://img.caixin.com/2017-06-13/1497347787392869_145_97.jpg"}],"num":1},"desc":"个税、房地产税纳入全国人大立法预备审议项目"},{"cate":"100300005;100300184;101240152","comm":{"aid":"100","tid":"101240152"},"edit":{"head":"","link":"","name":"见习记者 程思炜","rank":"","desc":""},"link":"http://economy.caixin.com/2018-04-27/101240152.html","nid":101240152,"subDesc":"要闻","video":"","type":0,"tags":[],"audioUrl":"http://audio.caixin.com/caixin/152/101240152.mp3","form":null,"summ":"减轻先进制造业、现代服务业企业资金压力，也为今后建立制度化留抵退税机制积累经验","freeDuration":"3","freeTime":"","channelDesc":"经济频道","time":"2018-04-27 15:55:57","attr":5,"channelId":129,"pict":{"imgs":[{"txt":"","url":"http://img.caixin.com/2018-04-27/1524815912941954_145_97.jpg"}],"num":1},"desc":"税务总局：加快增值税留抵退税改革落地"},{"cate":"100300005;100300184;101240031","comm":{"aid":"100","tid":"101240031"},"edit":{"head":"","link":"","name":"记者  王晓霞","rank":"","desc":""},"link":"http://economy.caixin.com/2018-04-27/101240031.html","nid":101240031,"subDesc":"要闻","video":"","type":0,"tags":[],"audioUrl":"http://audio.caixin.com/caixin/031/101240031.mp3","form":null,"summ":"国有企业或地方政府融资平台公司不得代表政府方签署PPP项目合同，地方政府融资平台公司不得作为社会资本方","freeDuration":"0","freeTime":"","channelDesc":"经济频道","time":"2018-04-27 14:23:14","attr":5,"channelId":129,"pict":{"imgs":[{"txt":"","url":"http://img.caixin.com/2018-04-27/1524810488463654_145_97.jpg"}],"num":1},"desc":"173个PPP示范项目分类整改 项目库清库结果将公布"},{"cate":"100300005;100300184;101239933","comm":{"aid":"100","tid":"101239933"},"edit":{"head":"","link":"","name":"见习记者 张娱","rank":"","desc":""},"link":"http://economy.caixin.com/2018-04-27/101239933.html","nid":101239933,"subDesc":"要闻","video":"","type":0,"tags":[],"audioUrl":"http://audio.caixin.com/caixin/933/101239933.mp3","form":null,"summ":"统计局称，主要受春节延后、工业产品价格涨幅回落、财务费用等影响；资产负债率为56.4%，同比降低0.8个百分点","freeDuration":"0","freeTime":"","channelDesc":"经济频道","time":"2018-04-27 10:13:51","attr":5,"channelId":129,"pict":{"imgs":[{"txt":"","url":"http://img.caixin.com/2018-04-27/1524795420640622_145_97.jpg"}],"num":1},"desc":"3月工业企业利润增速大降至3.1%  为2017以来最低"},{"cate":"100300005;100300184;101239753","comm":{"aid":"100","tid":"101239753"},"edit":{"head":"","link":"","name":"见习记者 程思炜","rank":"","desc":""},"link":"http://economy.caixin.com/2018-04-26/101239753.html","nid":101239753,"subDesc":"要闻","video":"","type":0,"tags":[],"audioUrl":"http://audio.caixin.com/caixin/753/101239753.mp3","form":{"txt":"政策信息","url":"http://economy.caixin.com/policy/"},"summ":"今后将选择部分地级市试点不动产登记信息管理基础平台和金税三期系统的对接工作，推进房地产相关税收的全链条管理","freeDuration":"0","freeTime":"","channelDesc":"经济频道","time":"2018-04-26 19:47:47","attr":5,"channelId":129,"pict":{"imgs":[{"txt":"","url":"http://img.caixin.com/2012-12-26/1356514960497282_145_97.jpg"}],"num":1},"desc":"不动产登记和税收信息联通 税收管理将加强"},{"cate":"100300005;100300184;101238957","comm":{"aid":"100","tid":"101238957"},"edit":{"head":"","link":"","name":"记者 王晓霞","rank":"","desc":""},"link":"http://economy.caixin.com/2018-04-25/101238957.html","nid":101238957,"subDesc":"要闻","video":"","type":0,"tags":[],"audioUrl":"http://audio.caixin.com/caixin/957/101238957.mp3","form":{"txt":"宏观数据","url":"http://economy.caixin.com/macro_economy/"},"summ":"市本级停缓调撤项目投资193.6亿元，减少可能的新增债务220亿元以上；2017年7月14日以后举债建设的项目，一律停建；业务技术用房，一律停建；已经在建的项目，一律不得超概算","freeDuration":"3","freeTime":"","channelDesc":"经济频道","time":"2018-04-25 11:46:58","attr":5,"channelId":129,"pict":{"imgs":[{"txt":"","url":"http://img.caixin.com/2018-04-25/1524628807123066_145_97.jpg"}],"num":1},"desc":"遇审计红牌 湖南邵阳称已停撤项目投资200亿元"},{"cate":"100300005;100300184;101238671","comm":{"aid":"100","tid":"101238671"},"edit":{"head":"","link":"","name":"见习记者 程思炜","rank":"","desc":""},"link":"http://economy.caixin.com/2018-04-24/101238671.html","nid":101238671,"subDesc":"要闻","video":"","type":0,"tags":[],"audioUrl":"http://audio.caixin.com/caixin/671/101238671.mp3","form":null,"summ":"在财政、货币政策稳中趋紧，对地方政府融资监管趋严的背景下，地方政府及城投流动性中期内保持偏紧，但系统性风险暴露概率低","freeDuration":"0","freeTime":"","channelDesc":"经济频道","time":"2018-04-24 20:04:20","attr":5,"channelId":129,"pict":{"imgs":[{"txt":"","url":"http://img.caixin.com/2017-06-10/1497075219973168_145_97.jpg"}],"num":1},"desc":"惠誉:2018年城投债违约风险上升 将有分化"},{"cate":"100300005;100300184;101238294","comm":{"aid":"100","tid":"101238294"},"edit":{"head":"","link":"","name":"记者 于海荣","rank":"","desc":""},"link":"http://economy.caixin.com/2018-04-24/101238294.html","nid":101238294,"subDesc":"要闻","video":"","type":0,"tags":[],"audioUrl":"http://audio.caixin.com/caixin/294/101238294.mp3","form":null,"summ":"三大攻坚战仍居首位，政策短期微调应对各种不确定性风险，不会回到刺激基建、大幅宽松的传统路径上","freeDuration":"0","freeTime":"","channelDesc":"经济频道","time":"2018-04-24 10:54:36","attr":5,"channelId":129,"pict":{"imgs":[{"txt":"","url":"http://img.caixin.com/2018-04-04/1522827579548149_145_97.jpg"}],"num":1},"desc":"政治局会议解读：微调应对不确定性而非巨变"},{"cate":"100300005;100300184;101238088","comm":{"aid":"100","tid":"101238088"},"edit":{"head":"","link":"","name":"记者 王晓霞","rank":"","desc":""},"link":"http://economy.caixin.com/2018-04-23/101238088.html","nid":101238088,"subDesc":"要闻","video":"","type":0,"tags":[],"audioUrl":"","form":null,"summ":"除安宫牛黄丸等中国特产药品、部分生物碱类药品等少数品种，绝大多数进口药品特别是有实际进口的抗癌药，均将实现零关税","freeDuration":"6","freeTime":"","channelDesc":"经济频道","time":"2018-04-23 19:35:25","attr":5,"channelId":129,"pict":{"imgs":[{"txt":"","url":"http://img.caixin.com/2017-10-09/1507543170663996_145_97.jpg"}],"num":1},"desc":"5月1日起抗癌药物等28项进口药物关税降为零"},{"cate":"100300005;100300184;101237817","comm":{"aid":"100","tid":"101237817"},"edit":{"head":"","link":"","name":"见习记者 张娱","rank":"","desc":""},"link":"http://economy.caixin.com/2018-04-23/101237817.html","nid":101237817,"subDesc":"要闻","video":"","type":0,"tags":[],"audioUrl":"http://audio.caixin.com/caixin/817/101237817.mp3","form":{"txt":"政策信息","url":"http://economy.caixin.com/policy/"},"summ":"优先解决留抵退税问题，通过降低个税最高边际税率、社保缴费率来降低企业劳动力成本，同时扩大大型企业集团集中纳税制度范围、加速折旧等","freeDuration":"0","freeTime":"","channelDesc":"经济频道","time":"2018-04-23 11:14:15","attr":5,"channelId":129,"pict":{"imgs":[{"txt":"","url":"http://img.caixin.com/2018-04-23/1524453703671330_145_97.jpg"}],"num":1},"desc":"许善达：营改增后中国应加大减税力度"},{"cate":"100300005;100300184;101237556","comm":{"aid":"100","tid":"101237556"},"edit":{"head":"","link":"","name":"记者 彭岩锋 实习记者 刘艺","rank":"","desc":""},"link":"http://economy.caixin.com/2018-04-21/101237556.html","nid":101237556,"subDesc":"要闻","video":"","type":0,"tags":[{"txt":"聚焦海南发展新定位：机遇与挑战","url":"http://tag.caixin.com/tag/%E8%81%9A%E7%84%A6%E6%B5%B7%E5%8D%97%E5%8F%91%E5%B1%95%E6%96%B0%E5%AE%9A%E4%BD%8D%EF%BC%9A%E6%9C%BA%E9%81%87%E4%B8%8E%E6%8C%91%E6%88%98"}],"audioUrl":"http://audio.caixin.com/caixin/556/101237556.mp3","form":null,"summ":"中国南海研究院院长吴士存认为，海南至今依然没有走出房地产偏好，尤为值得警惕","freeDuration":"0","freeTime":"","channelDesc":"经济频道","time":"2018-04-21 21:07:15","attr":5,"channelId":129,"pict":{"imgs":[{"txt":"","url":"http://img.caixin.com/2018-04-21/1524316577701984_145_97.jpg"}],"num":1},"desc":"吴士存：海南应警惕投机资本"},{"cate":"100300005;100300184;101237357","comm":{"aid":"100","tid":"101237357"},"edit":{"head":"","link":"","name":"记者 王晓霞","rank":"","desc":""},"link":"http://economy.caixin.com/2018-04-21/101237357.html","nid":101237357,"subDesc":"要闻","video":"","type":0,"tags":[],"audioUrl":"http://audio.caixin.com/caixin/357/101237357.mp3","form":null,"summ":"财政事权的划分，需要遵循外部性、信息处理的复杂性和激励相容原则；建议在宪法中明确事权划分原则","freeDuration":"0","freeTime":"","channelDesc":"经济频道","time":"2018-04-21 08:42:15","attr":5,"channelId":129,"pict":{"imgs":[{"txt":"","url":"http://img.caixin.com/2018-04-21/1524271989168618_145_97.jpg"}],"num":1},"desc":"楼继伟谈事权改革：大题小做了 应在更高层面看"},{"cate":"100300005;100300184;101236346","comm":{"aid":"100","tid":"101236346"},"edit":{"head":"","link":"","name":"见习记者 程思炜","rank":"","desc":""},"link":"http://economy.caixin.com/2018-04-19/101236346.html","nid":101236346,"subDesc":"要闻","video":"","type":0,"tags":[],"audioUrl":"http://audio.caixin.com/caixin/346/101236346.mp3","form":null,"summ":"去年四季度跟踪审计发现，部分地方存在虚增财政收入问题，一些地区违规使用扶贫资金，个别银行不良贷款统计存在风险隐患","freeDuration":"3","freeTime":"","channelDesc":"经济频道","time":"2018-04-19 08:34:17","attr":5,"channelId":129,"pict":{"imgs":[{"txt":"","url":"http://img.caixin.com/2018-04-19/1524098601147530_145_97.jpg"}],"num":1},"desc":"审计署:蒙湘陇等地六市县违规举债154亿元"}],"start":500,"count":100,"maxes":1000}