{"datas":[{"tags":[],"comm":{"tid":"101360992","aid":"100"},"cate":"100300002;100000091;100324037;100531251;101360992","desc":"美国正在打造避税天堂","form":null,"channelId":126,"nid":101360992,"link":"http://opinion.caixin.com/2018-12-19/101360992.html","edit":{"rank":"专栏作家 ","desc":"财新网“竞争与垄断”专栏作家，北京大成（上海）律师事务所高级合伙人，中国及美国纽约州律师，香港国际仲裁中心仲裁员，著有《商业贿赂风险管理》一书。","name":"陈立彤","link":"http://opinion.caixin.com/chenlitong_mjxx/index.html","head":"http://www.caixin.com/upload/zhuanlan/100531251_48_48.jpg"},"attr":0,"freeDuration":"48","type":1,"subDesc":"陈立彤","channelDesc":"观点频道","pict":{"imgs":[{"url":"http://img.caixin.com/2018-12-19/1545206438233158_145_97.jpg","txt":""}],"num":1},"audioUrl":"http://audio.caixin.com/caixin/992/101360992.mp3","time":"2018-12-19 15:33:16","freeTime":"2018-12-21 15:21:03","video":"","summ":"美国在FATCA背景下推出一种新投资模式，让资本利得享受前所未有的税收优惠"},{"tags":[],"comm":{"tid":"101360982","aid":"100"},"cate":"100300002;100300201;101360982","desc":"中国收入分配制度改革40年","form":null,"channelId":126,"nid":101360982,"link":"http://opinion.caixin.com/2018-12-19/101360982.html","edit":{"rank":"","desc":"","name":"文|李实","link":"","head":""},"attr":5,"freeDuration":"0","type":1,"subDesc":"聚焦","channelDesc":"观点频道","pict":{"imgs":[{"url":"http://img.caixin.com/2018-12-19/1545205982908495_145_97.jpg","txt":""}],"num":1},"audioUrl":"http://audio.caixin.com/caixin/982/101360982.mp3","time":"2018-12-19 15:19:07","freeTime":"","video":"","summ":"虽然中国收入差距扩大的趋势得到了初步遏制，但是收入差距的水平仍是偏高的，仍需在缩小收入差距上继续努力，更为重要的是，仍需解决收入分配不公问题。而缩小收入差距和消除收入分配不公仍需要推动收入分配制度改革"},{"tags":[],"comm":{"tid":"101360936","aid":"100"},"cate":"100300002;100000091;100324037;100949515;101360936","desc":"对冲之年：2019","form":null,"channelId":126,"nid":101360936,"link":"http://opinion.caixin.com/2018-12-19/101360936.html","edit":{"rank":"专栏作家 ","desc":"伍戈，经济学博士，研究员。长江证券首席经济学家，曾长期供职央行货币政策部门，并任国际货币基金组织经济学家。中国经济学最高奖——孙冶方经济科学奖得主","name":"伍戈","link":"http://opinion.caixin.com/wuge_mjxx/index.html","head":"http://www.caixin.com/upload/zhuanlan/100949515_48_48.jpg"},"attr":0,"freeDuration":"48","type":1,"subDesc":"伍戈","channelDesc":"观点频道","pict":{"imgs":[{"url":"http://img.caixin.com/2018-11-28/1543371866074655_145_97.jpg","txt":""}],"num":1},"audioUrl":"http://audio.caixin.com/caixin/936/101360936.mp3","time":"2018-12-19 14:16:17","freeTime":"2018-12-21 14:02:36","video":"","summ":"2019年中国宏观经济或将呈现先抑后稳格局，可能在三四季度见底"},{"tags":[],"comm":{"tid":"101360934","aid":"100"},"cate":"100300002;100000091;100324037;101360912;101360934","desc":"正在枯竭的汽车主机厂“护城河”","form":null,"channelId":126,"nid":101360934,"link":"http://opinion.caixin.com/2018-12-19/101360934.html","edit":{"rank":"专栏作家 ","desc":"安永大中华区战略及运营咨询合伙人，汽车行业分析师","name":"叶亮","link":"http://opinion.caixin.com/yeliang_mjxx/index.html","head":"http://www.caixin.com/upload/zhuanlan/101360912_48_48.jpg"},"attr":0,"freeDuration":"48","type":1,"subDesc":"叶亮","channelDesc":"观点频道","pict":{"imgs":[{"url":"http://img.caixin.com/2018-12-19/1545197804417735_145_97.jpg","txt":""}],"num":1},"audioUrl":"http://audio.caixin.com/caixin/934/101360934.mp3","time":"2018-12-19 13:34:06","freeTime":"2018-12-21 13:32:41","video":"","summ":"未来如何在保持自身大规模制造量、价、质掌控能力的基础上，应对小批量、多样化、定制化的消费市场特点，是摆在传统主机厂面前需要思考的问题"},{"tags":[],"comm":{"tid":"101360901","aid":"100"},"cate":"100300002;100000091;100324037;101315655;101360901","desc":"日本股市40年","form":null,"channelId":126,"nid":101360901,"link":"http://opinion.caixin.com/2018-12-19/101360901.html","edit":{"rank":"专栏作家 ","desc":"川财证券研究所所长、董事总经理。","name":"陈雳","link":"http://opinion.caixin.com/chenli_mjxx/index.html","head":"http://www.caixin.com/upload/zhuanlan/101315655_48_48.jpg"},"attr":0,"freeDuration":"48","type":1,"subDesc":"陈雳","channelDesc":"观点频道","pict":{"imgs":[{"url":"http://img.caixin.com/2018-12-19/1545189574098348_145_97.jpg","txt":""}],"num":1},"audioUrl":"http://audio.caixin.com/caixin/901/101360901.mp3","time":"2018-12-19 11:10:33","freeTime":"2018-12-21 11:01:11","video":"","summ":"从稳定增长时期、泡沫经济时期、经济低迷时期再到“安倍经济学”时期，近40年日本股市一共经历了六轮熊市和六轮牛市"},{"tags":[],"comm":{"tid":"101360898","aid":"100"},"cate":"100300002;100000091;100324037;101327788;101360898","desc":"速度与激情过后：去杠杆与资本寒冬","form":null,"channelId":126,"nid":101360898,"link":"http://opinion.caixin.com/2018-12-19/101360898.html","edit":{"rank":"专栏作家 ","desc":"Alpha JWC Ventures投资合伙人，出身于华尔街交易台，曾任职于德意志银行贷款敞口管理小组","name":"谢一铭","link":"http://opinion.caixin.com/xieyiming_mjxx/index.html","head":"http://www.caixin.com/upload/zhuanlan/101327788_48_48.jpg"},"attr":0,"freeDuration":"48","type":1,"subDesc":"谢一铭","channelDesc":"观点频道","pict":{"imgs":[{"url":"http://img.caixin.com/2018-12-19/1545189293303046_145_97.jpg","txt":""}],"num":1},"audioUrl":"http://audio.caixin.com/caixin/898/101360898.mp3","time":"2018-12-19 11:03:23","freeTime":"2018-12-21 10:58:40","video":"","summ":"目前看来，去杠杆会坚持下去，其要在时机得宜，资本寒冬则远不止债务危机的问题"},{"tags":[],"comm":{"tid":"101360880","aid":"100"},"cate":"100300002;100000091;100324037;100820002;101360880","desc":"张斌：财政政策“开前门”","form":null,"channelId":126,"nid":101360880,"link":"http://opinion.caixin.com/2018-12-19/101360880.html","edit":{"rank":"专栏作家 ","desc":"中国社会科学院世界经济与政治研究所研究员","name":"张斌","link":"http://opinion.caixin.com/zhangbin_mjxx/index.html","head":"http://www.caixin.com/upload/zhuanlan/100820002_48_48.jpg"},"attr":0,"freeDuration":"48","type":1,"subDesc":"张斌","channelDesc":"观点频道","pict":{"imgs":[{"url":"http://img.caixin.com/2018-12-19/1545189192730026_145_97.jpg","txt":""}],"num":1},"audioUrl":"http://audio.caixin.com/caixin/880/101360880.mp3","time":"2018-12-19 10:58:13","freeTime":"2018-12-21 10:43:26","video":"","summ":"目前的财政预算中对于基建的资金支出安排远低于现实中的合理需求，财政政策需要扩大赤字率，积极“开前门”"},{"tags":[],"comm":{"tid":"101360863","aid":"100"},"cate":"100300002;100000091;100324037;100994410;101360863","desc":"白彦锋：减税改革要多关注中低收入群体","form":null,"channelId":126,"nid":101360863,"link":"http://opinion.caixin.com/2018-12-19/101360863.html","edit":{"rank":"专栏作家 ","desc":"中国发展研究基金会是国务院发展研究中心发起成立的全国性公募基金会，成立于1997年","name":"中国发展研究基金会","link":"http://opinion.caixin.com/cdrf_mjxx/index.html","head":"http://www.caixin.com/upload/zhuanlan/100994410_48_48.jpg"},"attr":0,"freeDuration":"48","type":1,"subDesc":"中国发展研究基金会","channelDesc":"观点频道","pict":{"imgs":[{"url":"http://img.caixin.com/2018-12-19/1545186853158743_145_97.jpg","txt":""}],"num":1},"audioUrl":"http://audio.caixin.com/caixin/863/101360863.mp3","time":"2018-12-19 10:24:37","freeTime":"2018-12-21 10:22:41","video":"","summ":"减税改革更要关注两大类：中低收入群体和小微企业减税"},{"tags":[],"comm":{"tid":"101360861","aid":"100"},"cate":"100300002;100300201;101360861","desc":"孟晚舟应当获得立即释放的法律理由","form":null,"channelId":126,"nid":101360861,"link":"http://opinion.caixin.com/2018-12-19/101360861.html","edit":{"rank":"","desc":"","name":"文|胡光","link":"","head":""},"attr":5,"freeDuration":"0","type":1,"subDesc":"聚焦","channelDesc":"观点频道","pict":{"imgs":[{"url":"http://img.caixin.com/2018-12-19/1545186329397372_145_97.jpg","txt":""}],"num":1},"audioUrl":"http://audio.caixin.com/caixin/861/101360861.mp3","time":"2018-12-19 10:23:22","freeTime":"","video":"","summ":"这样的拘押不仅超出了绝大多数人的想象，也凸显了美国法律的“域外长臂管辖”、《加美引渡条约》自身存在的严重法律缺陷以及对正常国际贸易和商业所形成的严重冲击"},{"tags":[],"comm":{"tid":"101360860","aid":"100"},"cate":"100300002;100000091;100324037;100994410;101360860","desc":"尚鸣：降费比减税更重要","form":null,"channelId":126,"nid":101360860,"link":"http://opinion.caixin.com/2018-12-19/101360860.html","edit":{"rank":"专栏作家 ","desc":"中国发展研究基金会是国务院发展研究中心发起成立的全国性公募基金会，成立于1997年","name":"中国发展研究基金会","link":"http://opinion.caixin.com/cdrf_mjxx/index.html","head":"http://www.caixin.com/upload/zhuanlan/100994410_48_48.jpg"},"attr":0,"freeDuration":"48","type":1,"subDesc":"中国发展研究基金会","channelDesc":"观点频道","pict":{"imgs":[{"url":"http://img.caixin.com/2018-12-19/1545186571646588_145_97.jpg","txt":""}],"num":1},"audioUrl":"http://audio.caixin.com/caixin/860/101360860.mp3","time":"2018-12-19 10:22:26","freeTime":"2018-12-21 10:17:22","video":"","summ":"削减行政事业性收费比减税更为重要,一些行政事业性收费,现在应该是下决心砍掉其“尾巴”，终结其作用的时候了"},{"tags":[],"comm":{"tid":"101360597","aid":"100"},"cate":"100300002;100300201;101360597","desc":"魏尚进：中美贸易争端的互惠解决方法","form":null,"channelId":126,"nid":101360597,"link":"http://opinion.caixin.com/2018-12-18/101360597.html","edit":{"rank":"","desc":"","name":"文|魏尚进","link":"","head":""},"attr":5,"freeDuration":"0","type":1,"subDesc":"聚焦","channelDesc":"观点频道","pict":{"imgs":[{"url":"http://img.caixin.com/2018-12-18/1545122183040815_145_97.jpg","txt":""}],"num":1},"audioUrl":"http://audio.caixin.com/caixin/597/101360597.mp3","time":"2018-12-18 16:17:29","freeTime":"","video":"","summ":"一份平衡互惠的方案将有助于缓解跨境贸易和投资的紧张"},{"tags":[],"comm":{"tid":"101360581","aid":"100"},"cate":"100300002;100000091;100324039;100536259;101360581","desc":"2019年经济展望","form":null,"channelId":126,"nid":101360581,"link":"http://opinion.caixin.com/2018-12-18/101360581.html","edit":{"rank":"专栏作家 ","desc":"瑞银财富管理投资总监办公室（CIO）亚太区投资总监及首席中国经济学家","name":"胡一帆","link":"http://opinion.caixin.com/huyifan_zssc/index.html","head":"http://www.caixin.com/upload/zhuanlan/100536259_48_48.jpg"},"attr":0,"freeDuration":"48","type":1,"subDesc":"胡一帆","channelDesc":"观点频道","pict":{"imgs":[{"url":"http://img.caixin.com/2018-12-18/1545121705864724_145_97.jpg","txt":""}],"num":1},"audioUrl":"http://audio.caixin.com/caixin/581/101360581.mp3","time":"2018-12-18 16:10:45","freeTime":"2018-12-20 16:06:34","video":"","summ":"预计出口放缓将导致2019年亚洲GDP增长下降0.4个百分点至5.8%。全球GDP增速也将放缓，因利率升高将抑制需求。中国可望在2019年上半年进一步宽松政策，以提振需求，而其他亚洲央行应该会停止政策紧缩"},{"tags":[],"comm":{"tid":"101360578","aid":"100"},"cate":"100300002;100000091;100324037;101306801;101360578","desc":"高尚全：改革开放要坚持四个不动摇","form":null,"channelId":126,"nid":101360578,"link":"http://opinion.caixin.com/2018-12-18/101360578.html","edit":{"rank":"专栏作家 ","desc":"著名经济学家/原体改委副主任","name":"高尚全","link":"http://opinion.caixin.com/gaoshangquan_mjxx/index.html","head":"http://www.caixin.com/upload/zhuanlan/101306801_48_48.jpg"},"attr":0,"freeDuration":"48","type":1,"subDesc":"高尚全","channelDesc":"观点频道","pict":{"imgs":[{"url":"http://img.caixin.com/2018-12-18/1545121121977556_145_97.jpg","txt":""}],"num":1},"audioUrl":"http://audio.caixin.com/caixin/578/101360578.mp3","time":"2018-12-18 16:04:25","freeTime":"2018-12-20 15:58:09","video":"","summ":"下一步的改革要再出发，还应该把“两个中性”——“竞争中性”、“所有制中性”作为原则，所有的市场主体要真正做到平等竞争、一视同仁"},{"tags":[],"comm":{"tid":"101360559","aid":"100"},"cate":"100300002;100000091;100324037;101360406;101360559","desc":"货币政策与宏观审慎能很好协调吗","form":null,"channelId":126,"nid":101360559,"link":"http://opinion.caixin.com/2018-12-18/101360559.html","edit":{"rank":"专栏作家 ","desc":"马新彬，中国人民大学经济学博士","name":"马新彬","link":"http://opinion.caixin.com/maxinbin_mjxx/index.html","head":"http://www.caixin.com/upload/zhuanlan/101360406_48_48.jpg"},"attr":0,"freeDuration":"48","type":1,"subDesc":"马新彬","channelDesc":"观点频道","pict":{"imgs":[{"url":"http://img.caixin.com/2018-12-18/1545117270267383_145_97.jpg","txt":""}],"num":1},"audioUrl":"http://audio.caixin.com/caixin/559/101360559.mp3","time":"2018-12-18 15:06:44","freeTime":"2018-12-20 15:02:02","video":"","summ":"未来，无论是传统货币政策框架的转型，还是宏观审慎政策框架的建立，乃至二者的协调与区分，本质上均指向同一个命题，即宏观经济政策框架的“破”“立”之争"},{"tags":[],"comm":{"tid":"101360541","aid":"100"},"cate":"100300002;100000091;100324037;100994410;101360541","desc":"肖立晟：减税措施需增强针对性","form":null,"channelId":126,"nid":101360541,"link":"http://opinion.caixin.com/2018-12-18/101360541.html","edit":{"rank":"专栏作家 ","desc":"中国发展研究基金会是国务院发展研究中心发起成立的全国性公募基金会，成立于1997年","name":"中国发展研究基金会","link":"http://opinion.caixin.com/cdrf_mjxx/index.html","head":"http://www.caixin.com/upload/zhuanlan/100994410_48_48.jpg"},"attr":0,"freeDuration":"48","type":1,"subDesc":"中国发展研究基金会","channelDesc":"观点频道","pict":{"imgs":[{"url":"http://img.caixin.com/2018-09-18/1537235469080551_145_97.jpg","txt":""}],"num":1},"audioUrl":"http://audio.caixin.com/caixin/541/101360541.mp3","time":"2018-12-18 14:44:02","freeTime":"2018-12-20 14:41:55","video":"","summ":"从调研来看，大小企业普遍反映实质性减税的获得感不强"},{"tags":[],"comm":{"tid":"101360518","aid":"100"},"cate":"100300002;100300201;101360518","desc":"劳动力市场报告：要不要开征“机器人使用税”","form":null,"channelId":126,"nid":101360518,"link":"http://opinion.caixin.com/2018-12-18/101360518.html","edit":{"rank":"","desc":"","name":"记者 张兰太","link":"","head":""},"attr":5,"freeDuration":"6","type":1,"subDesc":"聚焦","channelDesc":"观点频道","pict":{"imgs":[{"url":"http://img.caixin.com/2018-12-18/1545113968225615_145_97.jpg","txt":""}],"num":1},"audioUrl":"","time":"2018-12-18 14:14:05","freeTime":"","video":"","summ":"目前中国劳动力市场特殊的结构，以及相关教育培训的不足，法律缺乏对灵活就业的保障等问题，使得劳动力市场难以充分应对未来人工智能的挑战"},{"tags":[],"comm":{"tid":"101360491","aid":"100"},"cate":"100300002;100300201;101360491","desc":"追问基因编辑胚胎：正义和个人责任","form":null,"channelId":126,"nid":101360491,"link":"http://opinion.caixin.com/2018-12-18/101360491.html","edit":{"rank":"","desc":"","name":"文| 贾斯珀·鲍文博格（Jasper A. Bovenberg） 巴尔沙·诺佩尔斯 （Bartha M. Knoppers）","link":"","head":""},"attr":5,"freeDuration":"0","type":1,"subDesc":"聚焦","channelDesc":"观点频道","pict":{"imgs":[{"url":"http://img.caixin.com/2018-11-30/1543558977186176_145_97.jpg","txt":""}],"num":1},"audioUrl":"http://audio.caixin.com/caixin/491/101360491.mp3","time":"2018-12-18 11:50:48","freeTime":"","video":"","summ":"目前，在生命的创造、修改和终止问题上，尚未达到基本的正义标准，包括正当程序、公众介入和个人问责等"},{"tags":[],"comm":{"tid":"101360477","aid":"100"},"cate":"100300002;100000091;100324037;101098754;101360477","desc":"欧盟拟要求银行披露ESG风险并纳入监管","form":null,"channelId":126,"nid":101360477,"link":"http://opinion.caixin.com/2018-12-18/101360477.html","edit":{"rank":"专栏作家 ","desc":"清华大学管理学博士，商道纵横共同创办人、总经理，商道融绿董事长，商道学堂校长，系企业社会责任、绿色金融及责任投资知名专家","name":"郭沛源","link":"http://opinion.caixin.com/guopeiyuan_mjxx/index.html","head":"http://www.caixin.com/upload/zhuanlan/101098754_48_48.jpg"},"attr":0,"freeDuration":"48","type":1,"subDesc":"郭沛源","channelDesc":"观点频道","pict":{"imgs":[{"url":"http://img.caixin.com/2018-12-18/1545104825017975_145_97.jpg","txt":""}],"num":1},"audioUrl":"http://audio.caixin.com/caixin/477/101360477.mp3","time":"2018-12-18 11:31:54","freeTime":"2018-12-20 11:29:53","video":"","summ":"此举或会对银行业乃至整个金融业的绿色发展带来深远影响"},{"tags":[],"comm":{"tid":"101360429","aid":"100"},"cate":"100300002;100000091;100324037;100734333;101360429","desc":"美国的经济制裁：次级制裁及合规要点","form":null,"channelId":126,"nid":101360429,"link":"http://opinion.caixin.com/2018-12-18/101360429.html","edit":{"rank":"专栏作家 ","desc":"环球律师事务所合伙人，曾供职于国家商务部条约法律司。","name":"任清","link":"http://opinion.caixin.com/renqing/index.html","head":"http://www.caixin.com/upload/zhuanlan/100734333_48_48.jpg"},"attr":0,"freeDuration":"48","type":1,"subDesc":"任清","channelDesc":"观点频道","pict":{"imgs":[{"url":"http://img.caixin.com/2018-12-18/1545099602303682_145_97.jpg","txt":""}],"num":1},"audioUrl":"http://audio.caixin.com/caixin/429/101360429.mp3","time":"2018-12-18 10:16:01","freeTime":"2018-12-20 10:14:10","video":"","summ":"美国的次级制裁在某种程度上具有“一人违法、全家受罚”的特点。如果集团内的某一个实体A从事了违反美国次级制裁规定的交易，则除了A自身外，其他实体也可能受到制裁"},{"tags":[],"comm":{"tid":"101360424","aid":"100"},"cate":"100300002;100000091;100324037;100994410;101360424","desc":"钟正生：赤字率间接影响减税降费空间","form":null,"channelId":126,"nid":101360424,"link":"http://opinion.caixin.com/2018-12-18/101360424.html","edit":{"rank":"专栏作家 ","desc":"中国发展研究基金会是国务院发展研究中心发起成立的全国性公募基金会，成立于1997年","name":"中国发展研究基金会","link":"http://opinion.caixin.com/cdrf_mjxx/index.html","head":"http://www.caixin.com/upload/zhuanlan/100994410_48_48.jpg"},"attr":0,"freeDuration":"48","type":1,"subDesc":"中国发展研究基金会","channelDesc":"观点频道","pict":null,"audioUrl":"http://audio.caixin.com/caixin/424/101360424.mp3","time":"2018-12-18 10:13:11","freeTime":"2018-12-20 10:10:48","video":"","summ":"关于减税降费的工作一直在推进，但在获得感不强的情况下，资本市场并不买账。要做引导预期的减税降费，背后还有很多大帐要算清楚，至少要给社会公众有大体的交代"},{"tags":[],"comm":{"tid":"101360376","aid":"100"},"cate":"100300002;100000091;100324037;100994410;101360376","desc":"刘尚希：减税与预期引导","form":null,"channelId":126,"nid":101360376,"link":"http://opinion.caixin.com/2018-12-18/101360376.html","edit":{"rank":"专栏作家 ","desc":"中国发展研究基金会是国务院发展研究中心发起成立的全国性公募基金会，成立于1997年","name":"中国发展研究基金会","link":"http://opinion.caixin.com/cdrf_mjxx/index.html","head":"http://www.caixin.com/upload/zhuanlan/100994410_48_48.jpg"},"attr":0,"freeDuration":"48","type":1,"subDesc":"中国发展研究基金会","channelDesc":"观点频道","pict":{"imgs":[{"url":"http://img.caixin.com/2016-12-27/1482845479724072_145_97.jpg","txt":""}],"num":1},"audioUrl":"http://audio.caixin.com/caixin/376/101360376.mp3","time":"2018-12-18 08:39:53","freeTime":"2018-12-20 08:33:22","video":"","summ":"当前的形势不能仅仅满足于扩内需和降成本的减税。现在应当转到引导预期的减税，然而引导预期的减税操作上更为复杂"},{"tags":[],"comm":{"tid":"101360363","aid":"100"},"cate":"100300002;100000091;100324039;100751110;101360363","desc":"经济动能放缓 美联储将转鸽派","form":null,"channelId":126,"nid":101360363,"link":"http://opinion.caixin.com/2018-12-18/101360363.html","edit":{"rank":"专栏作家 ","desc":"中金公司研究部负责人、首席经济学家","name":"梁红","link":"http://opinion.caixin.com/lianghong/index.html","head":"http://www.caixin.com/upload/zhuanlan/100751110_48_48.jpg"},"attr":0,"freeDuration":"48","type":1,"subDesc":"梁红","channelDesc":"观点频道","pict":{"imgs":[{"url":"http://img.caixin.com/2018-08-02/1533168460760083_145_97.jpg","txt":""}],"num":1},"audioUrl":"http://audio.caixin.com/caixin/363/101360363.mp3","time":"2018-12-18 08:24:55","freeTime":"2018-12-20 08:21:29","video":"","summ":"12月加息基本无悬念，预计美联储将利用此次会议向市场传递其立场向鸽派调整信号"},{"tags":[],"comm":{"tid":"101360362","aid":"100"},"cate":"100300002;100000091;100324037;101342980;101360362","desc":"刘忆如：明天美联储会继续加息吗","form":null,"channelId":126,"nid":101360362,"link":"http://opinion.caixin.com/2018-12-18/101360362.html","edit":{"rank":"专栏作家 ","desc":"香港北威国际集团董事总经理、美国亚洲协会国际事务委员会委员、台湾大学财务金融系兼任教授","name":"刘忆如","link":"http://opinion.caixin.com/liuyiru_mjxx/index.html","head":"http://www.caixin.com/upload/zhuanlan/101342980_48_48.jpg"},"attr":0,"freeDuration":"48","type":1,"subDesc":"刘忆如","channelDesc":"观点频道","pict":{"imgs":[{"url":"http://img.caixin.com/2018-12-18/1545092813592888_145_97.jpg","txt":""}],"num":1},"audioUrl":"http://audio.caixin.com/caixin/362/101360362.mp3","time":"2018-12-18 08:18:58","freeTime":"2018-12-20 08:17:09","video":"","summ":"美联储明天加息的机率应该还是较高。但如果结果最后美联储决定不加息，则表示美联储对长期经济发展也不看好，这将是负面讯息"},{"tags":[],"comm":{"tid":"101360121","aid":"100"},"cate":"100300002;100000091;100324037;100994410;101360121","desc":"高培勇：我们可以选择什么样的减税降费","form":null,"channelId":126,"nid":101360121,"link":"http://opinion.caixin.com/2018-12-17/101360121.html","edit":{"rank":"专栏作家 ","desc":"中国发展研究基金会是国务院发展研究中心发起成立的全国性公募基金会，成立于1997年","name":"中国发展研究基金会","link":"http://opinion.caixin.com/cdrf_mjxx/index.html","head":"http://www.caixin.com/upload/zhuanlan/100994410_48_48.jpg"},"attr":5,"freeDuration":"48","type":1,"subDesc":"中国发展研究基金会","channelDesc":"观点频道","pict":{"imgs":[{"url":"http://img.caixin.com/2018-12-17/1545035533029882_145_97.jpg","txt":""}],"num":1},"audioUrl":"","time":"2018-12-17 16:23:02","freeTime":"","video":"","summ":"现在宏观环境发生变化，考察减税降费的维度从单一变为双元。因此，需要在不同的话语体系、不同的平台上讨论减税降费的问题"},{"tags":[],"comm":{"tid":"101360119","aid":"100"},"cate":"100300002;100000091;100324037;100994410;101360119","desc":"杨志勇：减税降费应全面进行","form":null,"channelId":126,"nid":101360119,"link":"http://opinion.caixin.com/2018-12-17/101360119.html","edit":{"rank":"专栏作家 ","desc":"中国发展研究基金会是国务院发展研究中心发起成立的全国性公募基金会，成立于1997年","name":"中国发展研究基金会","link":"http://opinion.caixin.com/cdrf_mjxx/index.html","head":"http://www.caixin.com/upload/zhuanlan/100994410_48_48.jpg"},"attr":5,"freeDuration":"48","type":1,"subDesc":"中国发展研究基金会","channelDesc":"观点频道","pict":{"imgs":[{"url":"http://img.caixin.com/2018-12-17/1545035038248342_145_97.jpg","txt":""}],"num":1},"audioUrl":"http://audio.caixin.com/caixin/119/101360119.mp3","time":"2018-12-17 16:18:51","freeTime":"","video":"","summ":"特别需要注意的是，在谈减税的时候如果出台了某个征税措施就可能抵消掉所有的减税效应"},{"tags":[],"comm":{"tid":"101360024","aid":"100"},"cate":"100300002;100300201;101360024","desc":"街头涂鸦被控寻衅滋事罪 为何引争议","form":null,"channelId":126,"nid":101360024,"link":"http://opinion.caixin.com/2018-12-17/101360024.html","edit":{"rank":"","desc":"","name":"文|周浩","link":"","head":""},"attr":5,"freeDuration":"3","type":1,"subDesc":"聚焦","channelDesc":"观点频道","pict":{"imgs":[{"url":"http://img.caixin.com/2018-12-17/1545027955296110_145_97.jpg","txt":""}],"num":1},"audioUrl":"http://audio.caixin.com/caixin/024/101360024.mp3","time":"2018-12-17 14:20:25","freeTime":"","video":"","summ":"寻衅滋事罪，在某种程度上虽有益于惩治危害社会秩序的行为，维护社会稳定，但寻衅滋事罪的种种矛盾与弊端同时充斥于内"},{"tags":[],"comm":{"tid":"101359994","aid":"100"},"cate":"100300002;100300201;101359994","desc":"孟晚舟事件启示：师美长技 建立中国域外法律适用体系","form":null,"channelId":126,"nid":101359994,"link":"http://opinion.caixin.com/2018-12-17/101359994.html","edit":{"rank":"","desc":"","name":"文丨徐永前","link":"","head":""},"attr":5,"freeDuration":"0","type":1,"subDesc":"聚焦","channelDesc":"观点频道","pict":{"imgs":[{"url":"http://img.caixin.com/2016-12-20/1482220390941625_145_97.jpg","txt":""}],"num":1},"audioUrl":"http://audio.caixin.com/caixin/994/101359994.mp3","time":"2018-12-17 13:13:33","freeTime":"","video":"","summ":"通过长臂管辖，美国主导的“规”无处不在，导致企业面对的都是事后的诉讼救济问题，我们必须正视它，亡羊补牢。全球化新时代，合规风险管理将最终走向法律风险管理，中国应合理管控合规风险，加快参与、主导全球化新时代规则体系的构建"},{"tags":[],"comm":{"tid":"101359936","aid":"100"},"cate":"100300002;100000091;100324037;101198731;101359936","desc":"纳斯达克制度设计对中国“科创板”的启示","form":null,"channelId":126,"nid":101359936,"link":"http://opinion.caixin.com/2018-12-17/101359936.html","edit":{"rank":"专栏作家 ","desc":"望华资本（Merger China Group）创始人及总裁，前中金公司（CICC）投资银行部董事总经理","name":"戚克栴","link":"http://opinion.caixin.com/qikezhan_mjxx/index.html","head":"http://www.caixin.com/upload/zhuanlan/101198731_48_48.jpg"},"attr":5,"freeDuration":"48","type":1,"subDesc":"戚克栴","channelDesc":"观点频道","pict":{"imgs":[{"url":"http://img.caixin.com/2018-12-17/1545019926628616_145_97.jpg","txt":""}],"num":1},"audioUrl":"http://audio.caixin.com/caixin/936/101359936.mp3","time":"2018-12-17 12:06:33","freeTime":"","video":"","summ":"纳斯达克可供科创板借鉴的地方很多。无论科创板的监管者还是服务机构，能否提供投资方与融资方所需要的最市场化、最快捷、最优秀、最专业的服务，才是考验一个股权交易市场，能否生生不息、越办越好的根本标准"},{"tags":[],"comm":{"tid":"101359933","aid":"100"},"cate":"100300002;100000091;100324039;100435356;101359933","desc":"投资者是否掌握着气候变化问题的关键","form":null,"channelId":126,"nid":101359933,"link":"http://opinion.caixin.com/2018-12-17/101359933.html","edit":{"rank":"专栏作家 ","desc":"","name":"富兰克林邓普顿投资","link":"http://opinion.caixin.com/franklin_resources_inc_zssc/index.html","head":"http://www.caixin.com/upload/zhuanlan/100435356_48_48.jpg"},"attr":5,"freeDuration":"48","type":1,"subDesc":"富兰克林邓普顿投资","channelDesc":"观点频道","pict":{"imgs":[{"url":"http://img.caixin.com/2018-12-17/1545019130056121_145_97.jpg","txt":""}],"num":1},"audioUrl":"http://audio.caixin.com/caixin/933/101359933.mp3","time":"2018-12-17 11:57:10","freeTime":"","video":"","summ":"越来越多的科学研究表明，人类需要大规模减少碳排放，以避免造成严峻的经济和社会后果，投资者有能力推动这些变革"},{"tags":[],"comm":{"tid":"101359886","aid":"100"},"cate":"100300002;100000091;100324037;101332941;101359886","desc":"家庭资产指数报告：金融资产不断缩水","form":null,"channelId":126,"nid":101359886,"link":"http://opinion.caixin.com/2018-12-17/101359886.html","edit":{"rank":"专栏作家 ","desc":"西南财经大学经济与管理研究院院长","name":"甘犁","link":"http://opinion.caixin.com/ganli_mjxx/index.html","head":"http://www.caixin.com/upload/zhuanlan/101332941_48_48.jpg"},"attr":5,"freeDuration":"48","type":1,"subDesc":"甘犁","channelDesc":"观点频道","pict":{"imgs":[{"url":"http://img.caixin.com/2018-12-17/1545017744004996_145_97.jpg","txt":""}],"num":1},"audioUrl":"http://audio.caixin.com/caixin/886/101359886.mp3","time":"2018-12-17 11:25:26","freeTime":"","video":"","summ":"家庭金融资产在不断缩水，低资产组金融资产缩水严重，股票波动是导致家庭金融资产缩水的原因之一"},{"tags":[],"comm":{"tid":"101359868","aid":"100"},"cate":"100300002;100000091;100324037;101341284;101359868","desc":"中国比特币挖矿，路在何方？","form":null,"channelId":126,"nid":101359868,"link":"http://opinion.caixin.com/2018-12-17/101359868.html","edit":{"rank":"专栏作家 ","desc":"中国信息通信研究院区块链主管","name":"卿苏德","link":"http://opinion.caixin.com/qingsude_mjxx/index.html","head":"http://www.caixin.com/upload/zhuanlan/101341284_48_48.jpg"},"attr":5,"freeDuration":"48","type":1,"subDesc":"卿苏德","channelDesc":"观点频道","pict":{"imgs":[{"url":"http://img.caixin.com/2018-11-23/1542939532081859_145_97.jpg","txt":""}],"num":1},"audioUrl":"http://audio.caixin.com/caixin/868/101359868.mp3","time":"2018-12-17 10:44:58","freeTime":"","video":"","summ":"从2018年1月至今，很多加密数字货币的价格跌了70%-90%，通过挖矿得到的收益已经微乎其微。同时，每个矿池还要抽取1%-2%的“佣金”，矿场与矿场之间还有臭名昭著的网络黑客攻击（DDoS）等，面临左右掣肘的生存环境"},{"tags":[],"comm":{"tid":"101359860","aid":"100"},"cate":"100300002;100300204;101359860","desc":"社论|对地方违规举债要问责更要根治","form":null,"channelId":126,"nid":101359860,"link":"http://opinion.caixin.com/2018-12-17/101359860.html","edit":{"rank":"","desc":"","name":"","link":"","head":""},"attr":5,"freeDuration":"0","type":1,"subDesc":"社评","channelDesc":"观点频道","pict":null,"audioUrl":"http://audio.caixin.com/caixin/501/101359501.mp3","time":"2018-12-17 10:05:51","freeTime":"","video":"","summ":"地方违规举债问题是政治、经济、社会等多个领域改革未能协调推进的结果"},{"tags":[],"comm":{"tid":"101359796","aid":"100"},"cate":"100300002;100000091;100324037;100836694;101359796","desc":"BigTech规制下的“零钱通”","form":null,"channelId":126,"nid":101359796,"link":"http://opinion.caixin.com/2018-12-16/101359796.html","edit":{"rank":"专栏作家 ","desc":"","name":"尹振涛","link":"http://opinion.caixin.com/yinzhentao_mjxx/index.html","head":"http://www.caixin.com/upload/zhuanlan/100836694_48_48.jpg"},"attr":5,"freeDuration":"48","type":1,"subDesc":"尹振涛","channelDesc":"观点频道","pict":null,"audioUrl":"http://audio.caixin.com/caixin/796/101359796.mp3","time":"2018-12-16 16:46:21","freeTime":"","video":"","summ":"下一步不管是零钱通还是余额宝，都应该进一步发挥其科技能力，实现从互联网金融到金融科技，再到数字科技赋能金融实现共赢的转变，助力和提升金融机构服务实体经济的能力，实现普惠金融战略发展的目标"},{"tags":[],"comm":{"tid":"101359765","aid":"100"},"cate":"100300002;100000091;100324037;101180653;101359765","desc":"如厕之变：民生视角中的改革开放40年","form":null,"channelId":126,"nid":101359765,"link":"http://opinion.caixin.com/2018-12-16/101359765.html","edit":{"rank":"专栏作家 ","desc":"中美绿色基金董事长，国家发改委原财政金融司、规划司司长，城市发展中心主任","name":"徐林","link":"http://opinion.caixin.com/xulin_mjxx/index.html","head":"http://www.caixin.com/upload/zhuanlan/101180653_48_48.jpg"},"attr":5,"freeDuration":"48","type":1,"subDesc":"徐林","channelDesc":"观点频道","pict":null,"audioUrl":"http://audio.caixin.com/caixin/765/101359765.mp3","time":"2018-12-16 10:20:16","freeTime":"","video":"","summ":"如厕内涵和行为模式的变化，充分展示了国家在发展导向、制度体制、技术服务、行为方式等多方面的进步，但这一进步在城乡之间、地区之间、群体之间还很不平衡，还有很大的改善空间"},{"tags":[],"comm":{"tid":"101359751","aid":"100"},"cate":"100300002;100300201;101359751","desc":"北大学者建言：勿问“国、民”  支持“中国企业”毫不动摇","form":null,"channelId":126,"nid":101359751,"link":"http://opinion.caixin.com/2018-12-16/101359751.html","edit":{"rank":"","desc":"","name":"记者 张兰太","link":"","head":""},"attr":5,"freeDuration":"6","type":1,"subDesc":"聚焦","channelDesc":"观点频道","pict":{"imgs":[{"url":"http://img.caixin.com/2018-12-16/1544925127367611_145_97.jpg","txt":""}],"num":1},"audioUrl":"","time":"2018-12-16 09:03:57","freeTime":"","video":"","summ":"“毫不动摇地支持中国企业的成长、创新和发展”，而无须分别对国有企业怎么支持、对民营企业怎么支持"},{"tags":[],"comm":{"tid":"101359747","aid":"100"},"cate":"100300002;100300201;101359747","desc":"林毅夫：中国2030年前维持5%以上增长没问题","form":null,"channelId":126,"nid":101359747,"link":"http://opinion.caixin.com/2018-12-16/101359747.html","edit":{"rank":"","desc":"","name":"记者 张兰太","link":"","head":""},"attr":5,"freeDuration":"0","type":1,"subDesc":"聚焦","channelDesc":"观点频道","pict":{"imgs":[{"url":"http://img.caixin.com/2018-12-16/1544925372041289_145_97.jpg","txt":""}],"num":1},"audioUrl":"http://audio.caixin.com/caixin/747/101359747.mp3","time":"2018-12-16 08:38:15","freeTime":"","video":"","summ":"中国应该保持定力，一方面要继续支持全球化，继续寻求贸易的开放，支持全球贸易；另一方面要继续深化改革，把渐进双轨改革遗留下来的问题消除掉，这样“中国经济效率会更好”"},{"tags":[],"comm":{"tid":"101359678","aid":"100"},"cate":"100300002;100000091;100324040;100959589;101359678","desc":"被无限放大了的一块屏","form":null,"channelId":126,"nid":101359678,"link":"http://opinion.caixin.com/2018-12-15/101359678.html","edit":{"rank":"专栏作家 ","desc":"中国教育在线总编辑","name":"陈志文","link":"http://opinion.caixin.com/chenzhiwen_shwx/index.html","head":"http://www.caixin.com/upload/zhuanlan/100959589_48_48.jpg"},"attr":5,"freeDuration":"48","type":1,"subDesc":"陈志文","channelDesc":"观点频道","pict":{"imgs":[{"url":"http://img.caixin.com/2018-12-15/1544857127244274_145_97.jpg","txt":""}],"num":1},"audioUrl":"http://audio.caixin.com/caixin/678/101359678.mp3","time":"2018-12-15 14:44:03","freeTime":"","video":"","summ":"不能把教育结果的不均衡简单放大到这一张屏，一个名师身上。如果基础教育的公平与质量这么简单，选出全国最优秀的中小学老师直播上课不就解决了吗"},{"tags":[],"comm":{"tid":"101359514","aid":"100"},"cate":"100300002;100000091;100000152;101359514","desc":"经济活动继续走弱 宽松政策加码","form":null,"channelId":126,"nid":101359514,"link":"http://opinion.caixin.com/2018-12-15/101359514.html","edit":{"rank":"专栏作家 ","desc":"瑞银亚洲经济研究主管、首席中国经济学家、董事总经理","name":"汪涛","link":"http://opinion.caixin.com/wangtao/index.html","head":"http://www.caixin.com/upload/zhuanlan/100000152_48_48.jpg"},"attr":5,"freeDuration":"48","type":1,"subDesc":"汪涛","channelDesc":"观点频道","pict":{"imgs":[{"url":"http://img.caixin.com/2018-12-15/1544833635115679_145_97.jpg","txt":""}],"num":1},"audioUrl":"http://audio.caixin.com/caixin/514/101359514.mp3","time":"2018-12-15 08:20:17","freeTime":"","video":"","summ":"鉴于结构性改革不仅是长期政策目标、也是中美贸易谈判的议题之一，我们认为政策重心可能微调、更重视加码市场化改革和开放的力度"},{"tags":[],"comm":{"tid":"101359423","aid":"100"},"cate":"100300002;100300201;101359423","desc":"杰弗里·萨克斯：反华为战争","form":null,"channelId":126,"nid":101359423,"link":"http://opinion.caixin.com/2018-12-14/101359423.html","edit":{"rank":"","desc":"","name":"文|Jeffrey D. Sachs","link":"","head":""},"attr":5,"freeDuration":"0","type":1,"subDesc":"聚焦","channelDesc":"观点频道","pict":{"imgs":[{"url":"http://img.caixin.com/2018-12-14/1544786874624441_145_97.jpg","txt":""}],"num":1},"audioUrl":"http://audio.caixin.com/caixin/423/101359423.mp3","time":"2018-12-14 19:17:55","freeTime":"","video":"","summ":"孟晚舟的被捕堪称是实际操作上一个令人震惊的突破。我们当然要让CEO或CFO负责，但要首先从本国着手以免将虚伪自利伪装成某种崇高原则，以及煽动新的全球冲突"},{"tags":[],"comm":{"tid":"101359206","aid":"100"},"cate":"100300002;100000091;100324039;100324366;101359206","desc":"如何应对经济下行风险","form":null,"channelId":126,"nid":101359206,"link":"http://opinion.caixin.com/2018-12-14/101359206.html","edit":{"rank":"专栏作家 ","desc":"京东数字科技副总裁、首席经济学家，复旦大学泛海国际金融学院客座教授","name":"沈建光","link":"http://opinion.caixin.com/shenjianguang_zssc/index.html","head":"http://www.caixin.com/upload/zhuanlan/100324366_48_48.jpg"},"attr":5,"freeDuration":"48","type":1,"subDesc":"沈建光","channelDesc":"观点频道","pict":{"imgs":[{"url":"http://img.caixin.com/2018-12-14/1544769182847213_145_97.jpg","txt":""}],"num":1},"audioUrl":"http://audio.caixin.com/caixin/206/101359206.mp3","time":"2018-12-14 14:27:29","freeTime":"","video":"","summ":"虽然近期政策面有所回暖，但考虑到国内政策回暖对于经济的提振尚有时滞，预计2019年上半年是中国经济运行比较困难的时刻"},{"tags":[],"comm":{"tid":"101359144","aid":"100"},"cate":"100300002;100000091;100324037;100734333;101359144","desc":"美国的经济制裁：一级制裁及合规要点","form":null,"channelId":126,"nid":101359144,"link":"http://opinion.caixin.com/2018-12-14/101359144.html","edit":{"rank":"专栏作家 ","desc":"环球律师事务所合伙人，曾供职于国家商务部条约法律司。","name":"任清","link":"http://opinion.caixin.com/renqing/index.html","head":"http://www.caixin.com/upload/zhuanlan/100734333_48_48.jpg"},"attr":5,"freeDuration":"48","type":1,"subDesc":"任清","channelDesc":"观点频道","pict":{"imgs":[{"url":"http://img.caixin.com/2018-12-14/1544761860041234_145_97.jpg","txt":""}],"num":1},"audioUrl":"http://audio.caixin.com/caixin/144/101359144.mp3","time":"2018-12-14 12:14:56","freeTime":"","video":"","summ":"并不具有“美国人”主体资格的第三国企业（含中国企业）所从事的交易如果具有以下三种美国因素之一，仍将受到OFAC管辖：美国人士，美国金融系统，或者美国原产货物、科技及服务"},{"tags":[],"comm":{"tid":"101359059","aid":"100"},"cate":"100300002;100300201;101359059","desc":"一块屏幕改变命运？不能夸大在线教育的公平促进作用","form":null,"channelId":126,"nid":101359059,"link":"http://opinion.caixin.com/2018-12-14/101359059.html","edit":{"rank":"","desc":"","name":"文︱熊丙奇","link":"","head":""},"attr":5,"freeDuration":"6","type":1,"subDesc":"聚焦","channelDesc":"观点频道","pict":{"imgs":[{"url":"http://img.caixin.com/2018-12-14/1544754002778214_145_97.jpg","txt":""}],"num":1},"audioUrl":"http://audio.caixin.com/caixin/059/101359059.mp3","time":"2018-12-14 10:09:18","freeTime":"","video":"","summ":"要分析在线教育的成效，应该看2012年实施国家扶贫定向招生计划之前上网课的贫困地区学校与没有上网课的学生考上北大清华的情况，否则，难以得出理性的判断"},{"tags":[],"comm":{"tid":"101359001","aid":"100"},"cate":"100300002;100000091;100324040;100959589;101359001","desc":"对话百岁教育宗师潘懋元：什么是教育公平","form":null,"channelId":126,"nid":101359001,"link":"http://opinion.caixin.com/2018-12-14/101359001.html","edit":{"rank":"专栏作家 ","desc":"中国教育在线总编辑","name":"陈志文","link":"http://opinion.caixin.com/chenzhiwen_shwx/index.html","head":"http://www.caixin.com/upload/zhuanlan/100959589_48_48.jpg"},"attr":5,"freeDuration":"48","type":1,"subDesc":"陈志文","channelDesc":"观点频道","pict":{"imgs":[{"url":"http://img.caixin.com/2018-01-30/1517309742877451_145_97.jpg","txt":""}],"num":1},"audioUrl":"http://audio.caixin.com/caixin/001/101359001.mp3","time":"2018-12-14 07:58:10","freeTime":"","video":"","summ":"教育是社会公平的基础，但如果教育公平是假公平的话，怎能作为社会公平的基础？我更主张过程公平、机会公平，而不是以分数为基准的结果公平"},{"tags":[],"comm":{"tid":"101358999","aid":"100"},"cate":"100300002;100000091;100324039;100324366;101358999","desc":"政治局会议传递2019政策取向","form":null,"channelId":126,"nid":101358999,"link":"http://opinion.caixin.com/2018-12-14/101358999.html","edit":{"rank":"专栏作家 ","desc":"京东数字科技副总裁、首席经济学家，复旦大学泛海国际金融学院客座教授","name":"沈建光","link":"http://opinion.caixin.com/shenjianguang_zssc/index.html","head":"http://www.caixin.com/upload/zhuanlan/100324366_48_48.jpg"},"attr":5,"freeDuration":"48","type":1,"subDesc":"沈建光","channelDesc":"观点频道","pict":{"imgs":[{"url":"http://img.caixin.com/2018-11-20/1542675833718920_145_97.jpg","txt":""}],"num":1},"audioUrl":"http://audio.caixin.com/caixin/999/101358999.mp3","time":"2018-12-14 07:42:54","freeTime":"","video":"","summ":"考虑到2019年是建国70周年，今年又恰逢改革开放四十周年，在这样的关键时点，预计保持宏观经济平稳运行是重中之重"},{"tags":[],"comm":{"tid":"101358925","aid":"100"},"cate":"100300002;100000091;100324040;101128012;101358925","desc":"学生家长反对弑母男孩返校，这不是歧视","form":null,"channelId":126,"nid":101358925,"link":"http://opinion.caixin.com/2018-12-13/101358925.html","edit":{"rank":"专栏作家 ","desc":"邓学平律师，京衡律师上海事务所副主任、高级合伙人。","name":"邓学平","link":"http://opinion.caixin.com/dengxueping_shwx/index.html","head":"http://www.caixin.com/upload/zhuanlan/101128012_48_48.jpg"},"attr":5,"freeDuration":"48","type":1,"subDesc":"邓学平","channelDesc":"观点频道","pict":{"imgs":[{"url":"http://img.caixin.com/2018-12-13/1544701330883388_145_97.jpg","txt":""}],"num":1},"audioUrl":"http://audio.caixin.com/caixin/925/101358925.mp3","time":"2018-12-13 19:33:31","freeTime":"","video":"","summ":"问题的关键是，政府部门要切实担负起责任。不能对这枚隐形炸弹撒手不管，不加约束地放任他去继续威胁社会。“我们也没办法”不应该是当地警方的应对态度"},{"tags":[],"comm":{"tid":"101358796","aid":"100"},"cate":"100300002;100000091;100324039;100546053;101358796","desc":"看多房地产声音又出现，背后逻辑能自洽吗","form":null,"channelId":126,"nid":101358796,"link":"http://opinion.caixin.com/2018-12-13/101358796.html","edit":{"rank":"专栏作家 ","desc":"高熵资本董事长","name":"邓浩","link":"http://opinion.caixin.com/denghao_zssc/index.html","head":"http://www.caixin.com/upload/zhuanlan/100546053_48_48.jpg"},"attr":5,"freeDuration":"48","type":1,"subDesc":"邓浩","channelDesc":"观点频道","pict":{"imgs":[{"url":"http://img.caixin.com/2018-02-16/1518742501675090_145_97.jpg","txt":""}],"num":1},"audioUrl":"http://audio.caixin.com/caixin/796/101358796.mp3","time":"2018-12-13 15:10:10","freeTime":"","video":"","summ":"房地产是巨量资产，体量越大的资产越难以静止，既不想让其涨又不想让其跌是个梦"},{"tags":[],"comm":{"tid":"101358778","aid":"100"},"cate":"100300002;100000091;100324040;101128012;101358778","desc":"初中生殴打同学时猝死，追责莫再偏离法律轨道","form":null,"channelId":126,"nid":101358778,"link":"http://opinion.caixin.com/2018-12-13/101358778.html","edit":{"rank":"专栏作家 ","desc":"邓学平律师，京衡律师上海事务所副主任、高级合伙人。","name":"邓学平","link":"http://opinion.caixin.com/dengxueping_shwx/index.html","head":"http://www.caixin.com/upload/zhuanlan/101128012_48_48.jpg"},"attr":5,"freeDuration":"48","type":1,"subDesc":"邓学平","channelDesc":"观点频道","pict":{"imgs":[{"url":"http://img.caixin.com/2018-12-13/1544683441652365_145_97.jpg","txt":""}],"num":1},"audioUrl":"http://audio.caixin.com/caixin/778/101358778.mp3","time":"2018-12-13 14:28:02","freeTime":"","video":"","summ":"相信司法机关会根据调查结果，严格依法处理此案。不能因为家属的一些维权行为，就脱离法律轨道去和稀泥，去搞责任分摊"},{"tags":[],"comm":{"tid":"101358758","aid":"100"},"cate":"100300002;100000091;100324037;101188188;101358758","desc":"世纪之争：新兴关键矿产","form":null,"channelId":126,"nid":101358758,"link":"http://opinion.caixin.com/2018-12-13/101358758.html","edit":{"rank":"专栏作家 ","desc":"教授级高级工程师，四川地质调查院副总工程师/综合研究室主任。","name":"付小方","link":"http://opinion.caixin.com/fuxiaofang_mjxx/index.html","head":"http://www.caixin.com/upload/zhuanlan/101188188_48_48.jpg"},"attr":5,"freeDuration":"48","type":1,"subDesc":"付小方","channelDesc":"观点频道","pict":{"imgs":[{"url":"http://img.caixin.com/2018-12-13/1544679057909576_145_97.jpg","txt":""}],"num":1},"audioUrl":"http://audio.caixin.com/caixin/758/101358758.mp3","time":"2018-12-13 13:26:16","freeTime":"","video":"","summ":"中国一方面是急缺关键矿产资源分布不清、潜力不明,另一方面稀土、锂、钨、锡、铟等虽然具有优势,但尚未获得应有重视,集中度不高,掌控能力有限；有的开发利用程度低，对外依存度高"},{"tags":[],"comm":{"tid":"101358755","aid":"100"},"cate":"100300002;100300201;101358755","desc":"报告：2018年各地调控405次，楼市总体降温","form":null,"channelId":126,"nid":101358755,"link":"http://opinion.caixin.com/2018-12-13/101358755.html","edit":{"rank":"","desc":"","name":"记者 张兰太","link":"","head":""},"attr":5,"freeDuration":"6","type":1,"subDesc":"聚焦","channelDesc":"观点频道","pict":{"imgs":[{"url":"http://img.caixin.com/2018-12-13/1544678733761522_145_97.jpg","txt":""}],"num":1},"audioUrl":"http://audio.caixin.com/caixin/755/101358755.mp3","time":"2018-12-13 13:22:11","freeTime":"","video":"","summ":"中国楼市2018年经历了春暖、夏热、秋凉、冬冷的“四季转换”，2019年有可能平稳调整和再度分化"},{"tags":[],"comm":{"tid":"101358752","aid":"100"},"cate":"100300002;100000091;100324039;100751110;101358752","desc":"中国地产周期下行，宏观影响几何","form":null,"channelId":126,"nid":101358752,"link":"http://opinion.caixin.com/2018-12-13/101358752.html","edit":{"rank":"专栏作家 ","desc":"中金公司研究部负责人、首席经济学家","name":"梁红","link":"http://opinion.caixin.com/lianghong/index.html","head":"http://www.caixin.com/upload/zhuanlan/100751110_48_48.jpg"},"attr":5,"freeDuration":"48","type":1,"subDesc":"梁红","channelDesc":"观点频道","pict":{"imgs":[{"url":"http://img.caixin.com/2018-12-13/1544678353640224_145_97.jpg","txt":""}],"num":1},"audioUrl":"http://audio.caixin.com/caixin/752/101358752.mp3","time":"2018-12-13 13:18:02","freeTime":"","video":"","summ":"经历两年高于预期的增长后，预计2019年房地产投资同比增速可能降至-5%至-10%之间。当前地产需求及开发商融资的相关政策亟需调整，且政策调整宜早不宜迟"},{"tags":[],"comm":{"tid":"101358705","aid":"100"},"cate":"100300002;100239120;100239138;100242412;101358705","desc":"税收征管力度调整 凸显2019财政增收难","form":null,"channelId":126,"nid":101358705,"link":"http://opinion.caixin.com/2018-12-13/101358705.html","edit":{"rank":"火线记者 ","desc":"","name":"于海荣","link":"http://opinion.caixin.com/yuhairong/index.html","head":"http://www.caixin.com/upload/huoxian/huoxian/100242412.jpg"},"attr":5,"freeDuration":"0","type":1,"subDesc":"于海荣","channelDesc":"观点频道","pict":{"imgs":[{"url":"http://img.caixin.com/2018-12-13/1544673201360971_145_97.jpg","txt":""}],"num":1},"audioUrl":"http://audio.caixin.com/caixin/701/101358701.mp3","time":"2018-12-13 11:46:08","freeTime":"","video":"","summ":"影视圈查税、部分个体工商户改为查账征收等，一定程度上都可视为未来财政减收的对冲手段；经济下行压力加大，逆周期调节下减税降费继续推进，2019年财政减收增支矛盾扩大"},{"tags":[],"comm":{"tid":"101358695","aid":"100"},"cate":"100300002;100000091;100324037;100531251;101358695","desc":"CRS让美国成为逃税天堂？","form":null,"channelId":126,"nid":101358695,"link":"http://opinion.caixin.com/2018-12-13/101358695.html","edit":{"rank":"专栏作家 ","desc":"财新网“竞争与垄断”专栏作家，北京大成（上海）律师事务所高级合伙人，中国及美国纽约州律师，香港国际仲裁中心仲裁员，著有《商业贿赂风险管理》一书。","name":"陈立彤","link":"http://opinion.caixin.com/chenlitong_mjxx/index.html","head":"http://www.caixin.com/upload/zhuanlan/100531251_48_48.jpg"},"attr":5,"freeDuration":"48","type":1,"subDesc":"陈立彤","channelDesc":"观点频道","pict":{"imgs":[{"url":"http://img.caixin.com/2018-12-13/1544672816851225_145_97.jpg","txt":""}],"num":1},"audioUrl":"http://audio.caixin.com/caixin/695/101358695.mp3","time":"2018-12-13 11:41:56","freeTime":"","video":"","summ":"为增加税收收入，打击美国纳税人利用海外账户偷逃税行为，美国国会早在2010年3月18日就通过了《海外账户税收遵从法案》（FATCA法案），旨在防止未报告、存在非美国账户有关收入的美国人（个人或实体）逃避税务"},{"tags":[],"comm":{"tid":"101358694","aid":"100"},"cate":"100300002;100000091;100324037;101313538;101358694","desc":"压降规模是头部P2P平台的生死大考","form":null,"channelId":126,"nid":101358694,"link":"http://opinion.caixin.com/2018-12-13/101358694.html","edit":{"rank":"专栏作家 ","desc":"百舸新金融智库创始人，北京大学新金融和创业投资中心研究员","name":"陈文","link":"http://opinion.caixin.com/chenwen_mjxx/index.html","head":"http://www.caixin.com/upload/zhuanlan/101313538_48_48.jpg"},"attr":5,"freeDuration":"48","type":1,"subDesc":"陈文","channelDesc":"观点频道","pict":{"imgs":[{"url":"http://img.caixin.com/2018-12-13/1544672479907096_145_97.jpg","txt":""}],"num":1},"audioUrl":"http://audio.caixin.com/caixin/694/101358694.mp3","time":"2018-12-13 11:37:08","freeTime":"","video":"","summ":"事实上，主动为之还算是被动为之，降低规模都将是短期之内P2P合规发展的必由之路"},{"tags":[],"comm":{"tid":"101358681","aid":"100"},"cate":"100300002;100000091;100324039;100353593;101358681","desc":"2019：经济之困，政策之变","form":null,"channelId":126,"nid":101358681,"link":"http://opinion.caixin.com/2018-12-13/101358681.html","edit":{"rank":"专栏作家 ","desc":"野村中国区首席经济学家","name":"陆挺","link":"http://opinion.caixin.com/luting_zssc/index.html","head":"http://www.caixin.com/upload/zhuanlan/100353593_48_48.jpg"},"attr":5,"freeDuration":"48","type":1,"subDesc":"陆挺","channelDesc":"观点频道","pict":{"imgs":[{"url":"http://img.caixin.com/2018-12-13/1544671466624182_145_97.jpg","txt":""}],"num":1},"audioUrl":"http://audio.caixin.com/caixin/681/101358681.mp3","time":"2018-12-13 11:09:42","freeTime":"","video":"","summ":"2019年二季度经济增速将显著放缓，预计政府将出台减税、人民币贬值、放松大城市房地产调控等措施，推动经济增速在下半年出现回升"},{"tags":[],"comm":{"tid":"101358623","aid":"100"},"cate":"100300002;100300200;101358623","desc":"郑春荣：地方违规举债屡禁不止，症结何在","form":null,"channelId":126,"nid":101358623,"link":"http://opinion.caixin.com/2018-12-13/101358623.html","edit":{"rank":"","desc":"","name":"记者 张兰太","link":"","head":""},"attr":5,"freeDuration":"3","type":1,"subDesc":"意见领袖","channelDesc":"观点频道","pict":{"imgs":[{"url":"http://img.caixin.com/2018-12-13/1544664626673465_145_97.jpg","txt":""}],"num":1},"audioUrl":"http://audio.caixin.com/caixin/623/101358623.mp3","time":"2018-12-13 09:22:33","freeTime":"","video":"","summ":"目前地方违规举债主要是灰色融资，更多地通过信托融资、PPP、承诺回购等方式，更加隐蔽；地方违规举债的历史很长，彻底治理整顿还需要一段时间"},{"tags":[],"comm":{"tid":"101358608","aid":"100"},"cate":"100300002;100000091;100324039;100751110;101358608","desc":"“积极财政政策”面临的挑战","form":null,"channelId":126,"nid":101358608,"link":"http://opinion.caixin.com/2018-12-13/101358608.html","edit":{"rank":"专栏作家 ","desc":"中金公司研究部负责人、首席经济学家","name":"梁红","link":"http://opinion.caixin.com/lianghong/index.html","head":"http://www.caixin.com/upload/zhuanlan/100751110_48_48.jpg"},"attr":5,"freeDuration":"48","type":1,"subDesc":"梁红","channelDesc":"观点频道","pict":{"imgs":[{"url":"http://img.caixin.com/2018-12-13/1544661830704180_145_97.jpg","txt":""}],"num":1},"audioUrl":"http://audio.caixin.com/caixin/608/101358608.mp3","time":"2018-12-13 08:41:56","freeTime":"","video":"","summ":"减税可能只是2019年财政扩张中体量较小的一部分，更多的扩张可能来自较为“被动”的减收"},{"tags":[],"comm":{"tid":"101358458","aid":"100"},"cate":"100300002;100000091;100324037;100777156;101358458","desc":"稳增长的政策需求仍在聚集","form":null,"channelId":126,"nid":101358458,"link":"http://opinion.caixin.com/2018-12-12/101358458.html","edit":{"rank":"专栏作家 ","desc":"财新网“简容论经”专栏作家，经济学博士，现任职中国建设银行金融市场部，本专栏观点与所属单位无关。","name":"张涛","link":"http://opinion.caixin.com/zhangtao_mjxx/index.html","head":"http://www.caixin.com/upload/zhuanlan/100777156_48_48.jpg"},"attr":5,"freeDuration":"48","type":1,"subDesc":"张涛","channelDesc":"观点频道","pict":{"imgs":[{"url":"http://img.caixin.com/2018-12-12/1544607140619375_145_97.jpg","txt":""}],"num":1},"audioUrl":"http://audio.caixin.com/caixin/458/101358458.mp3","time":"2018-12-12 17:26:45","freeTime":"","video":"","summ":"11月份社融和货币供给等金融数据的经济信号，除了“社会融资离衰退性收敛趋势越来越近”的局面还在延续之外，迫使政策层下决心打破现有政策中性平衡的经济条件也在聚集"},{"tags":[],"comm":{"tid":"101358422","aid":"100"},"cate":"100300002;100300201;101358422","desc":"用“竞争中性”规制国企与民企","form":null,"channelId":126,"nid":101358422,"link":"http://opinion.caixin.com/2018-12-12/101358422.html","edit":{"rank":"","desc":"","name":"文︱熊焰","link":"","head":""},"attr":5,"freeDuration":"3","type":1,"subDesc":"聚焦","channelDesc":"观点频道","pict":{"imgs":[{"url":"http://img.caixin.com/2018-12-12/1544601078975868_145_97.jpg","txt":""}],"num":1},"audioUrl":"http://audio.caixin.com/caixin/422/101358422.mp3","time":"2018-12-12 15:41:12","freeTime":"","video":"","summ":"如果没有全体系的变化，“竞争中性”还是难免流于形式。“实质大于形式”，一个判例胜过一沓文件"},{"tags":[],"comm":{"tid":"101358403","aid":"100"},"cate":"100300002;100300201;101358403","desc":"英国的第二次机会","form":null,"channelId":126,"nid":101358403,"link":"http://opinion.caixin.com/2018-12-12/101358403.html","edit":{"rank":"","desc":"","name":"文|Ian Buruma","link":"","head":""},"attr":5,"freeDuration":"0","type":1,"subDesc":"聚焦","channelDesc":"观点频道","pict":{"imgs":[{"url":"http://img.caixin.com/2018-12-12/1544598853700944_145_97.jpg","txt":""}],"num":1},"audioUrl":"http://audio.caixin.com/caixin/403/101358403.mp3","time":"2018-12-12 15:08:04","freeTime":"","video":"","summ":"既然现在英国脱欧的潜在灾难已经如此明显，那些普通民众为什么不能有第二次机会投票来试图避免它"},{"tags":[],"comm":{"tid":"101358345","aid":"100"},"cate":"100300002;100000091;100324037;100906380;101358345","desc":"带量采购之后，哪些医药企业值得投资","form":null,"channelId":126,"nid":101358345,"link":"http://opinion.caixin.com/2018-12-12/101358345.html","edit":{"rank":"专栏作家 ","desc":"现任北京宝慈资产管理有限公司执行董事投研总监，毕业于中国人民银行研究生部（现为清华大学五道口金融学院）；2005年-2014年任职于全国社会保障基金理事会，负责投资研究工作。","name":"陈瑛","link":"http://opinion.caixin.com/chenying_mjxx/index.html","head":"http://www.caixin.com/upload/zhuanlan/100906380_48_48.jpg"},"attr":5,"freeDuration":"48","type":1,"subDesc":"陈瑛","channelDesc":"观点频道","pict":{"imgs":[{"url":"http://img.caixin.com/2018-07-29/1532831447457928_145_97.jpg","txt":""}],"num":1},"audioUrl":"http://audio.caixin.com/caixin/345/101358345.mp3","time":"2018-12-12 11:25:05","freeTime":"","video":"","summ":"对于中国医药企业，大幅降价也许对旧有品种带来冲击，但是也为新品种的上市和快速放量腾挪出了市场空间"},{"tags":[],"comm":{"tid":"101358327","aid":"100"},"cate":"100300002;100000091;100324039;100324366;101358327","desc":"中央经济工作会议前瞻：聚焦减税与开放","form":null,"channelId":126,"nid":101358327,"link":"http://opinion.caixin.com/2018-12-12/101358327.html","edit":{"rank":"专栏作家 ","desc":"京东数字科技副总裁、首席经济学家，复旦大学泛海国际金融学院客座教授","name":"沈建光","link":"http://opinion.caixin.com/shenjianguang_zssc/index.html","head":"http://www.caixin.com/upload/zhuanlan/100324366_48_48.jpg"},"attr":5,"freeDuration":"48","type":1,"subDesc":"沈建光","channelDesc":"观点频道","pict":{"imgs":[{"url":"http://img.caixin.com/2018-12-12/1544583158590854_145_97.jpg","txt":""}],"num":1},"audioUrl":"http://audio.caixin.com/caixin/327/101358327.mp3","time":"2018-12-12 10:47:24","freeTime":"","video":"","summ":"今年中央经济工作会议或将容许明年经济增速的进一步下调，宏观政策也会更加宽松，特别是减税势在必行。与此同时，积极促成与美国的贸易休战，加大改革开放和结构性调整仍是明年经济工作的重中之重"},{"tags":[],"comm":{"tid":"101358323","aid":"100"},"cate":"100300002;100000091;100324039;100536259;101358323","desc":"中美关系：进入战略竞争新时代","form":null,"channelId":126,"nid":101358323,"link":"http://opinion.caixin.com/2018-12-12/101358323.html","edit":{"rank":"专栏作家 ","desc":"瑞银财富管理投资总监办公室（CIO）亚太区投资总监及首席中国经济学家","name":"胡一帆","link":"http://opinion.caixin.com/huyifan_zssc/index.html","head":"http://www.caixin.com/upload/zhuanlan/100536259_48_48.jpg"},"attr":5,"freeDuration":"48","type":1,"subDesc":"胡一帆","channelDesc":"观点频道","pict":{"imgs":[{"url":"http://img.caixin.com/2018-12-12/1544582578849975_145_97.jpg","txt":""}],"num":1},"audioUrl":"http://audio.caixin.com/caixin/323/101358323.mp3","time":"2018-12-12 10:38:32","freeTime":"","video":"","summ":"中美关系已进入战略竞争新时期，涉及范围远不止贸易和投资，还延伸至游戏规则、价值观、治理模式等诸多领域的分歧，但爆发全球贸易战的可能性依然很低"},{"tags":[],"comm":{"tid":"101358294","aid":"100"},"cate":"100300002;100000091;100324037;100994488;101358294","desc":"基础设施的中印差异","form":null,"channelId":126,"nid":101358294,"link":"http://opinion.caixin.com/2018-12-12/101358294.html","edit":{"rank":"专栏作家 ","desc":"商品和能源市场的信息和基准价格的重要独立提供机构","name":"标普全球普氏","link":"http://opinion.caixin.com/bpqqps_mjxx/index.html","head":"http://www.caixin.com/upload/zhuanlan/100994488_48_48.jpg"},"attr":5,"freeDuration":"48","type":1,"subDesc":"标普全球普氏","channelDesc":"观点频道","pict":{"imgs":[{"url":"http://img.caixin.com/2018-12-12/1544578021332757_145_97.jpg","txt":""}],"num":1},"audioUrl":"http://audio.caixin.com/caixin/294/101358294.mp3","time":"2018-12-12 09:21:35","freeTime":"","video":"","summ":"印度面临的问题是如何为基础设施项目提供资金。未来几年内的基建投资缺口预计将达到30%左右。在中国，为基础设施项目找到资金并不是问题"},{"tags":[],"comm":{"tid":"101358283","aid":"100"},"cate":"100300002;100000091;100324039;100751110;101358283","desc":"货币信贷数据凸显政策协调有待改善","form":null,"channelId":126,"nid":101358283,"link":"http://opinion.caixin.com/2018-12-12/101358283.html","edit":{"rank":"专栏作家 ","desc":"中金公司研究部负责人、首席经济学家","name":"梁红","link":"http://opinion.caixin.com/lianghong/index.html","head":"http://www.caixin.com/upload/zhuanlan/100751110_48_48.jpg"},"attr":5,"freeDuration":"48","type":1,"subDesc":"梁红","channelDesc":"观点频道","pict":{"imgs":[{"url":"http://img.caixin.com/2018-12-03/1543814878533967_145_97.jpg","txt":""}],"num":1},"audioUrl":"http://audio.caixin.com/caixin/283/101358283.mp3","time":"2018-12-12 09:12:58","freeTime":"","video":"","summ":"财政和地产相关政策亟需调整，以促进广义信贷扩张、进而提振总需求"},{"tags":[],"comm":{"tid":"101358033","aid":"100"},"cate":"100300002;100000091;100000156;101358033","desc":"2019：不确定性中的确定性","form":null,"channelId":126,"nid":101358033,"link":"http://opinion.caixin.com/2018-12-11/101358033.html","edit":{"rank":"专栏作家 ","desc":"广发证券首席经济学家","name":"沈明高","link":"http://opinion.caixin.com/shenminggao/index.html","head":"http://www.caixin.com/upload/zhuanlan/100000156_48_48.jpg"},"attr":5,"freeDuration":"48","type":1,"subDesc":"沈明高","channelDesc":"观点频道","pict":{"imgs":[{"url":"http://img.caixin.com/2017-06-27/1498567319172626_145_97.jpg","txt":""}],"num":1},"audioUrl":"http://audio.caixin.com/caixin/033/101358033.mp3","time":"2018-12-11 16:34:23","freeTime":"","video":"","summ":"如果2019年财政政策优先，股市机会较大，债市也有机会；如果2019年货币政策优先，则将利好债市和房地产市场"},{"tags":[],"comm":{"tid":"101358024","aid":"100"},"cate":"100300002;100300201;101358024","desc":"英国全国医保制度面临的挑战","form":null,"channelId":126,"nid":101358024,"link":"http://opinion.caixin.com/2018-12-11/101358024.html","edit":{"rank":"","desc":"","name":"文|玛丽安娜•马祖卡托（Mariana Mazzucato）","link":"","head":""},"attr":5,"freeDuration":"6","type":1,"subDesc":"聚焦","channelDesc":"观点频道","pict":{"imgs":[{"url":"http://img.caixin.com/2018-12-11/1544516946328733_145_97.jpg","txt":""}],"num":1},"audioUrl":"http://audio.caixin.com/caixin/024/101358024.mp3","time":"2018-12-11 16:18:15","freeTime":"","video":"","summ":"在确保患者得到有效医药、遏制医保支出膨胀和鼓励创新等目标之间实现平衡变得越来越困难"},{"tags":[],"comm":{"tid":"101357984","aid":"100"},"cate":"100300002;100000091;100324037;101180653;101357984","desc":"徐林：警惕政府产业投资引导基金的功能异化","form":null,"channelId":126,"nid":101357984,"link":"http://opinion.caixin.com/2018-12-11/101357984.html","edit":{"rank":"专栏作家 ","desc":"中美绿色基金董事长，国家发改委原财政金融司、规划司司长，城市发展中心主任","name":"徐林","link":"http://opinion.caixin.com/xulin_mjxx/index.html","head":"http://www.caixin.com/upload/zhuanlan/101180653_48_48.jpg"},"attr":5,"freeDuration":"48","type":1,"subDesc":"徐林","channelDesc":"观点频道","pict":{"imgs":[{"url":"http://img.caixin.com/2018-12-11/1544513287819511_145_97.jpg","txt":""}],"num":1},"audioUrl":"","time":"2018-12-11 15:22:18","freeTime":"","video":"","summ":"在资管新规出台后股权基金募资难度加大背景下，政府引导基金的崛起，有利于弥补资管新规导致的负面影响。但是，设立越来越广泛的政府产业投资引导基金也有负面作用，规模大、数量多、范围广以后，实际上会使政府产业投资引导基金的功能发生异化"},{"tags":[],"comm":{"tid":"101357945","aid":"100"},"cate":"100300002;100000091;100324037;100861497;101357945","desc":"中国的房地产是否到了“历史大顶”","form":null,"channelId":126,"nid":101357945,"link":"http://opinion.caixin.com/2018-12-11/101357945.html","edit":{"rank":"专栏作家 ","desc":"招商银行金融市场部高级分析师","name":"万钊","link":"http://opinion.caixin.com/wanzhao_mjxx/index.html","head":"http://www.caixin.com/upload/zhuanlan/100861497_48_48.jpg"},"attr":5,"freeDuration":"48","type":1,"subDesc":"万钊","channelDesc":"观点频道","pict":{"imgs":[{"url":"http://img.caixin.com/2018-12-11/1544505474071813_145_97.jpg","txt":""}],"num":1},"audioUrl":"http://audio.caixin.com/caixin/945/101357945.mp3","time":"2018-12-11 13:01:30","freeTime":"","video":"","summ":"房地产的大周期，取决于经济的大周期。2019年，甚至未来一段时间，中国既没有能力、也没有空间刺激房地产，如果强行刺激，后果可能不太乐观"},{"tags":[],"comm":{"tid":"101357929","aid":"100"},"cate":"100300002;100300201;101357929","desc":"陈志武：没必要担忧年轻人借钱消费","form":null,"channelId":126,"nid":101357929,"link":"http://opinion.caixin.com/2018-12-11/101357929.html","edit":{"rank":"","desc":"","name":"文 | 陈志武","link":"","head":""},"attr":5,"freeDuration":"6","type":1,"subDesc":"聚焦","channelDesc":"观点频道","pict":{"imgs":[{"url":"http://img.caixin.com/2018-12-11/1544500039007434_145_97.jpg","txt":""}],"num":1},"audioUrl":"http://audio.caixin.com/caixin/929/101357929.mp3","time":"2018-12-11 11:39:25","freeTime":"","video":"","summ":"现在消费金融总量还很小，尽管有些风险，但还是在可控范围。在中国，金融创新并不是过头了，而是远远不够"},{"tags":[],"comm":{"tid":"101357904","aid":"100"},"cate":"100300002;100000091;100324037;100757375;101357904","desc":"应对中美芬太尼挑战  毒品法律政策当适时调整","form":null,"channelId":126,"nid":101357904,"link":"http://opinion.caixin.com/2018-12-11/101357904.html","edit":{"rank":"专栏作家 ","desc":"非营利智库公共卫生治理项目的创立者和负责人","name":"贾平","link":"http://opinion.caixin.com/jiaping_mjxx/index.html","head":"http://www.caixin.com/upload/zhuanlan/100757375_48_48.jpg"},"attr":5,"freeDuration":"48","type":1,"subDesc":"贾平","channelDesc":"观点频道","pict":{"imgs":[{"url":"http://img.caixin.com/2018-12-11/1544498285868972_145_97.jpg","txt":""}],"num":1},"audioUrl":"http://audio.caixin.com/caixin/904/101357904.mp3","time":"2018-12-11 11:12:39","freeTime":"","video":"","summ":"进一步解决中美共同面临的全球新型毒品挑战，化解中美芬太尼争议，需要我们从更广阔的视角和更深的层面，去研判这一问题"},{"tags":[],"comm":{"tid":"101357875","aid":"100"},"cate":"100300002;100000091;100324039;100933362;101357875","desc":"2019年财政赤字率会不会突破3％？减税将在多大规模？","form":null,"channelId":126,"nid":101357875,"link":"http://opinion.caixin.com/2018-12-11/101357875.html","edit":{"rank":"专栏作家 ","desc":"专注于国内消费金融、贸易金融、互联网金融和产业金融等研究领域的专业研究机构","name":"金融观察","link":"http://opinion.caixin.com/snjr/index.html","head":"http://www.caixin.com/upload/zhuanlan/100933362_48_48.jpg"},"attr":5,"freeDuration":"48","type":1,"subDesc":"金融观察","channelDesc":"观点频道","pict":{"imgs":[{"url":"http://img.caixin.com/2018-12-11/1544495673497722_145_97.jpg","txt":""}],"num":1},"audioUrl":"http://audio.caixin.com/caixin/875/101357875.mp3","time":"2018-12-11 10:26:18","freeTime":"","video":"","summ":"虽然财政赤字率突破3%的可能性和必要性都不大，但为了应对内外经济环境压力， 2019年财政赤字率设定在3%的可能性仍然值得期待，减税规模大约为1.64万亿元"},{"tags":[],"comm":{"tid":"101357872","aid":"100"},"cate":"100300002;100000091;100324037;101336180;101357872","desc":"商业地产新动态：内资高喊活下去  外资闷声来捡漏","form":null,"channelId":126,"nid":101357872,"link":"http://opinion.caixin.com/2018-12-11/101357872.html","edit":{"rank":"专栏作家 ","desc":"景城置业总裁","name":"戴俊凯","link":"http://opinion.caixin.com/daijunkai_mjxx/index.html","head":"http://www.caixin.com/upload/zhuanlan/101336180_48_48.jpg"},"attr":5,"freeDuration":"48","type":1,"subDesc":"戴俊凯","channelDesc":"观点频道","pict":{"imgs":[{"url":"http://img.caixin.com/2018-12-11/1544495194972040_145_97.jpg","txt":""}],"num":1},"audioUrl":"http://audio.caixin.com/caixin/872/101357872.mp3","time":"2018-12-11 10:18:34","freeTime":"","video":"","summ":"2019年中国商业地产将出现外资和内资企业齐头并进、优胜劣汰、头部效应更为突出的格局。对于国内地产业的参与者——无论是开发商、融资方，还是运营方，外资机构的一些方法和策略，都值得学习"},{"tags":[],"comm":{"tid":"101357716","aid":"100"},"cate":"100300002;100000091;100000152;101357716","desc":"深析对美出口：加征关税并非整体贸易走弱主因","form":null,"channelId":126,"nid":101357716,"link":"http://opinion.caixin.com/2018-12-10/101357716.html","edit":{"rank":"专栏作家 ","desc":"瑞银亚洲经济研究主管、首席中国经济学家、董事总经理","name":"汪涛","link":"http://opinion.caixin.com/wangtao/index.html","head":"http://www.caixin.com/upload/zhuanlan/100000152_48_48.jpg"},"attr":5,"freeDuration":"48","type":1,"subDesc":"汪涛","channelDesc":"观点频道","pict":{"imgs":[{"url":"http://img.caixin.com/2018-12-10/1544438581153346_145_97.jpg","txt":""}],"num":1},"audioUrl":"http://audio.caixin.com/caixin/716/101357716.mp3","time":"2018-12-10 18:38:24","freeTime":"","video":"","summ":"部分出口活动已被提前，美国对被加征关税产品进口的审核可能收紧，且关税被进一步上调的风险犹存，这意味着未来对美出口或面临更大的下行压力。预计2019年出口将大幅放缓，成为拖累经济增长的最主要因素"},{"tags":[],"comm":{"tid":"101357666","aid":"100"},"cate":"100300002;100000091;100324037;101189584;101357666","desc":"变局与重构：2019债市策略","form":null,"channelId":126,"nid":101357666,"link":"http://opinion.caixin.com/2018-12-10/101357666.html","edit":{"rank":"专栏作家 ","desc":"国海证券研究所固定收益研究团队负责人。","name":"靳毅","link":"http://opinion.caixin.com/jinyi_mjxx/index.html","head":"http://www.caixin.com/upload/zhuanlan/101189584_48_48.jpg"},"attr":5,"freeDuration":"48","type":1,"subDesc":"靳毅","channelDesc":"观点频道","pict":{"imgs":[{"url":"http://img.caixin.com/2018-12-10/1544434788690893_145_97.jpg","txt":""}],"num":1},"audioUrl":"http://audio.caixin.com/caixin/666/101357666.mp3","time":"2018-12-10 17:31:01","freeTime":"","video":"","summ":"以中美贸易战为代表的海外因素，以社融增速持续走低所表征的信用收缩，以及以资管新规及相关细则落地为代表的金融监管，成为了影响2018年债券市场的三个关键要点。在2017年、2018年中影响债券市场的关键要素，也依旧是下阶段影响市场的关键要点"},{"tags":[],"comm":{"tid":"101357607","aid":"100"},"cate":"100300002;100300201;101357607","desc":"北京人口蓝皮书：外来人口集中在四环到六环区域","form":null,"channelId":126,"nid":101357607,"link":"http://opinion.caixin.com/2018-12-10/101357607.html","edit":{"rank":"","desc":"","name":"记者 周东旭","link":"","head":""},"attr":5,"freeDuration":"6","type":1,"subDesc":"聚焦","channelDesc":"观点频道","pict":{"imgs":[{"url":"http://img.caixin.com/2018-12-10/1544431500646173_145_97.jpg","txt":""}],"num":1},"audioUrl":"http://audio.caixin.com/caixin/607/101357607.mp3","time":"2018-12-10 16:17:45","freeTime":"","video":"","summ":"大都市有关城乡接合部治理、城中村改造以及流动人口聚居区管理的政策制定，需着眼于城乡接合部社区的功能修复，而不是功能破坏"},{"tags":[],"comm":{"tid":"101357600","aid":"100"},"cate":"100300002;100000091;100324037;101329956;101357600","desc":"2019：房地产市场何去何从","form":null,"channelId":126,"nid":101357600,"link":"http://opinion.caixin.com/2018-12-10/101357600.html","edit":{"rank":"专栏作家 ","desc":"某大型房地产公司融资中心负责人","name":"汪杰","link":"http://opinion.caixin.com/wangjie_mjxx/index.html","head":"http://www.caixin.com/upload/zhuanlan/101329956_48_48.jpg"},"attr":5,"freeDuration":"48","type":1,"subDesc":"汪杰","channelDesc":"观点频道","pict":{"imgs":[{"url":"http://img.caixin.com/2018-12-10/1544430492159968_145_97.jpg","txt":""}],"num":1},"audioUrl":"http://audio.caixin.com/caixin/600/101357600.mp3","time":"2018-12-10 16:03:13","freeTime":"","video":"","summ":"2019年中国内地房地产市场，虽然充满诸多变数，但是毫无疑问，房地产行业整体阶段性下行的趋势依然确立"},{"tags":[],"comm":{"tid":"101357538","aid":"100"},"cate":"100300002;100000091;100324037;101342560;101357538","desc":"北上广深能容得下一亿人吗","form":null,"channelId":126,"nid":101357538,"link":"http://opinion.caixin.com/2018-12-10/101357538.html","edit":{"rank":"专栏作家 ","desc":"王骥跃，前某券商资深保荐代表人","name":"王骥跃","link":"http://opinion.caixin.com/wangjiyue_mjxx/index.html","head":"http://www.caixin.com/upload/zhuanlan/101342560_48_48.jpg"},"attr":5,"freeDuration":"48","type":1,"subDesc":"王骥跃","channelDesc":"观点频道","pict":{"imgs":[{"url":"http://img.caixin.com/2018-12-10/1544423101441478_145_97.jpg","txt":""}],"num":1},"audioUrl":"http://audio.caixin.com/caixin/538/101357538.mp3","time":"2018-12-10 14:03:34","freeTime":"","video":"","summ":"市场会产生就业机会，也会产生成本约束，在科学规划的基础上充分发挥市场之手的调节能力，才能体现“城市让生活更美好”"},{"tags":[],"comm":{"tid":"101357489","aid":"100"},"cate":"100300002;100300201;101357489","desc":"张思平：解决民企融资难岀路何在","form":null,"channelId":126,"nid":101357489,"link":"http://opinion.caixin.com/2018-12-10/101357489.html","edit":{"rank":"","desc":"","name":"文︱张思平","link":"","head":""},"attr":5,"freeDuration":"6","type":1,"subDesc":"聚焦","channelDesc":"观点频道","pict":{"imgs":[{"url":"http://img.caixin.com/2018-12-10/1544413990137672_145_97.jpg","txt":""}],"num":1},"audioUrl":"http://audio.caixin.com/caixin/489/101357489.mp3","time":"2018-12-10 11:43:08","freeTime":"","video":"","summ":"民营企业融资难一直没有得到很好解决，不完全是银行本身认识问题，更不是业务和技术问题，最根本的原因，应该是国家经济发展过程中的体制、机制甚至制度的原因造成的"},{"tags":[],"comm":{"tid":"101357482","aid":"100"},"cate":"100300002;100000091;100324037;100777156;101357482","desc":"利率倒挂之后，小心长期利率来个“回马枪”","form":null,"channelId":126,"nid":101357482,"link":"http://opinion.caixin.com/2018-12-10/101357482.html","edit":{"rank":"专栏作家 ","desc":"财新网“简容论经”专栏作家，经济学博士，现任职中国建设银行金融市场部，本专栏观点与所属单位无关。","name":"张涛","link":"http://opinion.caixin.com/zhangtao_mjxx/index.html","head":"http://www.caixin.com/upload/zhuanlan/100777156_48_48.jpg"},"attr":5,"freeDuration":"48","type":1,"subDesc":"张涛","channelDesc":"观点频道","pict":{"imgs":[{"url":"http://img.caixin.com/2018-12-10/1544413812305383_145_97.jpg","txt":""}],"num":1},"audioUrl":"http://audio.caixin.com/caixin/482/101357482.mp3","time":"2018-12-10 11:39:42","freeTime":"","video":"","summ":"一旦某些不确定性明朗、悲观情绪修复，长期利率会以出其不意的速度回升，并带动全球长期利率中枢也会随之回升，相应地，必然带来全球金融市场的剧烈波动，市场需要高度警惕"},{"tags":[],"comm":{"tid":"101357480","aid":"100"},"cate":"100300002;100000091;100324040;100959589;101357480","desc":"尴尬的教育“减负”","form":null,"channelId":126,"nid":101357480,"link":"http://opinion.caixin.com/2018-12-10/101357480.html","edit":{"rank":"专栏作家 ","desc":"中国教育在线总编辑","name":"陈志文","link":"http://opinion.caixin.com/chenzhiwen_shwx/index.html","head":"http://www.caixin.com/upload/zhuanlan/100959589_48_48.jpg"},"attr":5,"freeDuration":"48","type":1,"subDesc":"陈志文","channelDesc":"观点频道","pict":{"imgs":[{"url":"http://img.caixin.com/2018-12-10/1544413284844220_145_97.jpg","txt":""}],"num":1},"audioUrl":"http://audio.caixin.com/caixin/480/101357480.mp3","time":"2018-12-10 11:32:13","freeTime":"","video":"","summ":"减负减到今天，的确非常尴尬，政府殚精竭虑把校内压下去，顽强的家长又在校外拉起来了"},{"tags":[],"comm":{"tid":"101357470","aid":"100"},"cate":"100300002;100000091;100324037;101319678;101357470","desc":"长租公寓的异化路径及其治理","form":null,"channelId":126,"nid":101357470,"link":"http://opinion.caixin.com/2018-12-10/101357470.html","edit":{"rank":"专栏作家 ","desc":"中国农业银行网络金融部高级经理，北京市网络法学研究会理事，北京市金融消保工作顾问暨争议解决专家","name":"车宁","link":"http://opinion.caixin.com/chening_mjxx/index.html","head":"http://www.caixin.com/upload/zhuanlan/101319678_48_48.jpg"},"attr":5,"freeDuration":"48","type":1,"subDesc":"车宁","channelDesc":"观点频道","pict":{"imgs":[{"url":"http://img.caixin.com/2018-12-10/1544411650429624_145_97.jpg","txt":""}],"num":1},"audioUrl":"","time":"2018-12-10 11:09:14","freeTime":"","video":"","summ":"关于长租公寓，其风险核心不外乎两点，一是市场变异，从设想的高大洋气一路螺旋向下，二则机构变异，长租公寓运营主体由租赁中介转为贷款中介"},{"tags":[],"comm":{"tid":"101357466","aid":"100"},"cate":"100300002;100000091;100324037;100414320;101357466","desc":"为什么美国总能强词夺理却还振振有辞","form":null,"channelId":126,"nid":101357466,"link":"http://opinion.caixin.com/2018-12-10/101357466.html","edit":{"rank":"专栏作家 ","desc":"Guggenheim Investments基金经理","name":"吴谦立","link":"http://opinion.caixin.com/wuqianli_mjxx/index.html","head":"http://www.caixin.com/upload/zhuanlan/100414320_48_48.jpg"},"attr":5,"freeDuration":"48","type":1,"subDesc":"吴谦立","channelDesc":"观点频道","pict":{"imgs":[{"url":"http://img.caixin.com/2018-12-10/1544409194268456_145_97.jpg","txt":""}],"num":1},"audioUrl":"http://audio.caixin.com/caixin/466/101357466.mp3","time":"2018-12-10 10:28:53","freeTime":"","video":"","summ":"我们必须学会以法律作为护身符，让自己的正义得到充分伸张"},{"tags":[],"comm":{"tid":"101357459","aid":"100"},"cate":"100300002;100300204;101357459","desc":"社论|公平竞争审查不应囿于政府自查","form":null,"channelId":126,"nid":101357459,"link":"http://opinion.caixin.com/2018-12-10/101357459.html","edit":{"rank":"","desc":"","name":"","link":"","head":""},"attr":5,"freeDuration":"0","type":1,"subDesc":"社评","channelDesc":"观点频道","pict":null,"audioUrl":"http://audio.caixin.com/caixin/130/101357130.mp3","time":"2018-12-10 10:19:42","freeTime":"","video":"","summ":"应借反垄断法修订之机将公平竞争审查制度入法"},{"tags":[],"comm":{"tid":"101357401","aid":"100"},"cate":"100300002;100300201;101357401","desc":"刘胜军：否定民营经济就是否定改革开放","form":null,"channelId":126,"nid":101357401,"link":"http://opinion.caixin.com/2018-12-09/101357401.html","edit":{"rank":"","desc":"","name":"记者 彭岩锋","link":"","head":""},"attr":5,"freeDuration":"0","type":1,"subDesc":"聚焦","channelDesc":"观点频道","pict":{"imgs":[{"url":"http://img.caixin.com/2018-12-09/1544364625637261_145_97.jpg","txt":""}],"num":1},"audioUrl":"http://audio.caixin.com/caixin/401/101357401.mp3","time":"2018-12-09 22:04:34","freeTime":"","video":"","summ":"刘胜军认为，没有民营经济，就没有改革开放。他同时指出，近年，国企改革存在趋势逆转现象"},{"tags":[],"comm":{"tid":"101357245","aid":"100"},"cate":"100300002;100300201;101357245","desc":"公司演化史：法人、公司面纱与人造怪兽","form":null,"channelId":126,"nid":101357245,"link":"http://opinion.caixin.com/2018-12-08/101357245.html","edit":{"rank":"","desc":"","name":"文｜彼得·迪根 (Peter Deegan)","link":"","head":""},"attr":5,"freeDuration":"24","type":1,"subDesc":"聚焦","channelDesc":"观点频道","pict":{"imgs":[{"url":"http://img.caixin.com/2018-12-08/1544247127809120_145_97.jpg","txt":""}],"num":1},"audioUrl":"http://audio.caixin.com/caixin/245/101357245.mp3","time":"2018-12-08 13:26:23","freeTime":"","video":"","summ":"正如弗兰肯斯坦一样，法律失去了对其创造物的控制。现代公司达到了金钱集权的巅峰，比弗兰肯斯坦创造的怪物更加可怕"},{"tags":[],"comm":{"tid":"101357170","aid":"100"},"cate":"100300002;100300201;101357170","desc":"成长与反思：我与会计业的故事｜纪念改革开放40周年","form":null,"channelId":126,"nid":101357170,"link":"http://opinion.caixin.com/2018-12-08/101357170.html","edit":{"rank":"","desc":"","name":"文｜吴卫军","link":"","head":""},"attr":5,"freeDuration":"24","type":1,"subDesc":"聚焦","channelDesc":"观点频道","pict":{"imgs":[{"url":"http://img.caixin.com/2018-12-08/1544241648409585_145_97.jpg","txt":""}],"num":1},"audioUrl":"http://audio.caixin.com/caixin/170/101357170.mp3","time":"2018-12-08 11:45:08","freeTime":"","video":"","summ":"作为一名专业人士，我时常在想：自信源于什么？我能够做到的就是提供一张干干净净的资产负债表，让我们国家的经济发展有底气、有后劲。真实的会计信息是最美丽的"},{"tags":[],"comm":{"tid":"101356832","aid":"100"},"cate":"100300002;100300201;101356832","desc":"法国：“黄背心”会抵制“棕衫队”吗","form":null,"channelId":126,"nid":101356832,"link":"http://opinion.caixin.com/2018-12-07/101356832.html","edit":{"rank":"","desc":"","name":"文|Bernard-Henri Lévy","link":"","head":""},"attr":5,"freeDuration":"0","type":1,"subDesc":"聚焦","channelDesc":"观点频道","pict":{"imgs":[{"url":"http://img.caixin.com/2018-12-07/1544173159813612_145_97.jpg","txt":""}],"num":1},"audioUrl":"http://audio.caixin.com/caixin/832/101356832.mp3","time":"2018-12-07 16:56:47","freeTime":"","video":"","summ":"“黄背心”们必须在民主再造或国家社会主义联盟升级版之间作出选择；两者之间的差异在于修复的愿望抑或毁灭的冲动"},{"tags":[],"comm":{"tid":"101356775","aid":"100"},"cate":"100300002;100000091;100324037;100759749;101356775","desc":"中国养老金制度十大改革 近5年完成度如何","form":null,"channelId":126,"nid":101356775,"link":"http://opinion.caixin.com/2018-12-07/101356775.html","edit":{"rank":"专栏作家 ","desc":"武汉科技大学金融证券研究所所长","name":"董登新","link":"http://opinion.caixin.com/dongdengxin_mjxx/index.html","head":"http://www.caixin.com/upload/zhuanlan/100759749_48_48.jpg"},"attr":5,"freeDuration":"48","type":1,"subDesc":"董登新","channelDesc":"观点频道","pict":{"imgs":[{"url":"http://img.caixin.com/2018-12-07/1544169432939724_145_97.jpg","txt":""}],"num":1},"audioUrl":"http://audio.caixin.com/caixin/775/101356775.mp3","time":"2018-12-07 15:52:56","freeTime":"","video":"","summ":"建议将住房公积金、企业年金、职业年金“三金合一”、全员覆盖、强制推行；中国延迟退休改革的最佳方案，首先是将男女法定退休年龄统一为60岁"},{"tags":[],"comm":{"tid":"101356608","aid":"100"},"cate":"100300002;100000091;100324039;100751110;101356608","desc":"如何理解美债收益率曲线平坦化","form":null,"channelId":126,"nid":101356608,"link":"http://opinion.caixin.com/2018-12-07/101356608.html","edit":{"rank":"专栏作家 ","desc":"中金公司研究部负责人、首席经济学家","name":"梁红","link":"http://opinion.caixin.com/lianghong/index.html","head":"http://www.caixin.com/upload/zhuanlan/100751110_48_48.jpg"},"attr":5,"freeDuration":"48","type":1,"subDesc":"梁红","channelDesc":"观点频道","pict":{"imgs":[{"url":"http://img.caixin.com/2018-12-07/1544154980507848_145_97.jpg","txt":""}],"num":1},"audioUrl":"http://audio.caixin.com/caixin/608/101356608.mp3","time":"2018-12-07 11:47:23","freeTime":"","video":"","summ":"美债收益率曲线平坦下行，主要原因是美国经济周期动能放缓。预计2019年下半年，美债收益率曲线出现“倒挂”"},{"tags":[],"comm":{"tid":"101356573","aid":"100"},"cate":"100300002;100000091;100324037;101342560;101356573","desc":"全体个体工商户查账征税可否缓行","form":null,"channelId":126,"nid":101356573,"link":"http://opinion.caixin.com/2018-12-07/101356573.html","edit":{"rank":"专栏作家 ","desc":"王骥跃，前某券商资深保荐代表人","name":"王骥跃","link":"http://opinion.caixin.com/wangjiyue_mjxx/index.html","head":"http://www.caixin.com/upload/zhuanlan/101342560_48_48.jpg"},"attr":5,"freeDuration":"48","type":1,"subDesc":"王骥跃","channelDesc":"观点频道","pict":{"imgs":[{"url":"http://img.caixin.com/2018-10-23/1540263505772941_145_97.jpg","txt":""}],"num":1},"audioUrl":"http://audio.caixin.com/caixin/573/101356573.mp3","time":"2018-12-07 11:07:36","freeTime":"","video":"","summ":"在国家各级政府大力推动落实民营企业减税政策支持民营企业发展的当下，改变部分个体工商户的征税方式是否可以缓行？"},{"tags":[],"comm":{"tid":"101356563","aid":"100"},"cate":"100300002;100000091;100324037;101350163;101356563","desc":"G20峰会观察","form":null,"channelId":126,"nid":101356563,"link":"http://opinion.caixin.com/2018-12-07/101356563.html","edit":{"rank":"专栏作家 ","desc":"香港财政司司长","name":"陈茂波","link":"http://opinion.caixin.com/chenmaobo_mjxx/index.html","head":"http://www.caixin.com/upload/zhuanlan/101350163_48_48.jpg"},"attr":5,"freeDuration":"48","type":1,"subDesc":"陈茂波","channelDesc":"观点频道","pict":{"imgs":[{"url":"http://img.caixin.com/2018-12-07/1544150941874255_145_97.jpg","txt":""}],"num":1},"audioUrl":"http://audio.caixin.com/caixin/563/101356563.mp3","time":"2018-12-07 10:44:50","freeTime":"","video":"","summ":"贸易磨擦只是中美矛盾表象，还有更深层次结构性矛盾不容易迅速解决，但观乎今次两国领导人会晤后得出的大原则，谈判的大方向和结果仍值得期待，但同时应做好审慎准备，防范风险"},{"tags":[],"comm":{"tid":"101356368","aid":"100"},"cate":"100300002;100000091;100324037;101066352;101356368","desc":"2019革故鼎新：政策底、经济底和市场底的关系","form":null,"channelId":126,"nid":101356368,"link":"http://opinion.caixin.com/2018-12-06/101356368.html","edit":{"rank":"专栏作家 ","desc":"兴业银行首席策略分析师。原国泰君安首席策略分析师，策略研究团队负责人。","name":"乔永远","link":"http://opinion.caixin.com/qiaoyongyuan_mjxx/index.html","head":"http://www.caixin.com/upload/zhuanlan/101066352_48_48.jpg"},"attr":5,"freeDuration":"48","type":1,"subDesc":"乔永远","channelDesc":"观点频道","pict":{"imgs":[{"url":"http://img.caixin.com/2018-12-06/1544097237036074_145_97.jpg","txt":""}],"num":1},"audioUrl":"http://audio.caixin.com/caixin/368/101356368.mp3","time":"2018-12-06 19:36:30","freeTime":"","video":"","summ":"稳杠杆不是通过降息扩表，而应该是扩表但不降息，减税才是良方"},{"tags":[],"comm":{"tid":"101356328","aid":"100"},"cate":"100300002;100000091;100324037;100531251;101356328","desc":"美国屡爆华人商业间谍案 圆梦海归亟需合规管理","form":null,"channelId":126,"nid":101356328,"link":"http://opinion.caixin.com/2018-12-06/101356328.html","edit":{"rank":"专栏作家 ","desc":"财新网“竞争与垄断”专栏作家，北京大成（上海）律师事务所高级合伙人，中国及美国纽约州律师，香港国际仲裁中心仲裁员，著有《商业贿赂风险管理》一书。","name":"陈立彤","link":"http://opinion.caixin.com/chenlitong_mjxx/index.html","head":"http://www.caixin.com/upload/zhuanlan/100531251_48_48.jpg"},"attr":5,"freeDuration":"48","type":1,"subDesc":"陈立彤","channelDesc":"观点频道","pict":{"imgs":[{"url":"http://img.caixin.com/2018-12-06/1544092677656289_145_97.jpg","txt":""}],"num":1},"audioUrl":"http://audio.caixin.com/caixin/328/101356328.mp3","time":"2018-12-06 18:23:32","freeTime":"","video":"","summ":"合规不是幌子，用英文说就是合规不是Window dressing。在这方面的例子数不胜数！教训不谓不深刻！"},{"tags":[],"comm":{"tid":"101356110","aid":"100"},"cate":"100300002;100000091;100324037;100888637;101356110","desc":"从中国“做对了什么”到“还需要做什么”","form":null,"channelId":126,"nid":101356110,"link":"http://opinion.caixin.com/2018-12-06/101356110.html","edit":{"rank":"专栏作家 ","desc":"复旦大学经济学院教授，博士生导师，复旦大学经济学博士，耶鲁大学博士后","name":"王永钦","link":"http://opinion.caixin.com/wangyongqin_mjxx/index.html","head":"http://www.caixin.com/upload/zhuanlan/100888637_48_48.jpg"},"attr":5,"freeDuration":"48","type":1,"subDesc":"王永钦","channelDesc":"观点频道","pict":{"imgs":[{"url":"http://img.caixin.com/2018-12-06/1544064793486016_145_97.jpg","txt":""}],"num":1},"audioUrl":"http://audio.caixin.com/caixin/110/101356110.mp3","time":"2018-12-06 10:43:04","freeTime":"","video":"","summ":"随着市场的越来越完备，在从“将价格做错”转变到“将价格做对”的关键历史时刻，前期最优的治理结构和发展策略也应该不失时机地加以调整，这可能是下一阶段改革所面临的最大任务和挑战"},{"tags":[],"comm":{"tid":"101356101","aid":"100"},"cate":"100300002;100000091;100324037;100991989;101356101","desc":"城市化与土地制度改革","form":null,"channelId":126,"nid":101356101,"link":"http://opinion.caixin.com/2018-12-06/101356101.html","edit":{"rank":"专栏作家 ","desc":"经济学博士，国民经济研究所副所长、研究员，中国经济体制改革研究会常务理事","name":"王小鲁","link":"http://opinion.caixin.com/wangxiaolu_mjxx/index.html","head":"http://www.caixin.com/upload/zhuanlan/100991989_48_48.jpg"},"attr":5,"freeDuration":"48","type":1,"subDesc":"王小鲁","channelDesc":"观点频道","pict":{"imgs":[{"url":"http://img.caixin.com/2018-12-06/1544063947794351_145_97.jpg","txt":""}],"num":1},"audioUrl":"","time":"2018-12-06 10:31:19","freeTime":"","video":"","summ":"必须建设规范的土地交易市场，保证交易合法合规，公开透明，杜绝欺诈作弊，杜绝政府任意干预，特别要保护农民的合法权益不受侵犯。城市化并不意味着一定占用大量的耕地，也并不意味着农村必然凋敝"},{"tags":[],"comm":{"tid":"101356091","aid":"100"},"cate":"100300002;100000091;100324037;101064085;101356091","desc":"美股覆巢之下的完卵","form":null,"channelId":126,"nid":101356091,"link":"http://opinion.caixin.com/2018-12-06/101356091.html","edit":{"rank":"专栏作家 ","desc":"工银国际研究部主管，首席经济学家","name":"程实","link":"http://opinion.caixin.com/chengshi_mjxx/index.html","head":"http://www.caixin.com/upload/zhuanlan/101064085_48_48.jpg"},"attr":5,"freeDuration":"48","type":1,"subDesc":"程实","channelDesc":"观点频道","pict":{"imgs":[{"url":"http://img.caixin.com/2018-12-06/1544063357723064_145_97.jpg","txt":""}],"num":1},"audioUrl":"http://audio.caixin.com/caixin/091/101356091.mp3","time":"2018-12-06 10:22:15","freeTime":"","video":"","summ":"短期来看，美股的间歇性调整还将整体延续，下行空间相对较大；长期而言，美股涨跌牵一发而动全身，宜提前布局调整期的资产配置"},{"tags":[],"comm":{"tid":"101355865","aid":"100"},"cate":"100300002;100000091;100324039;100742170;101355865","desc":"中国的就业新常态与新挑战","form":null,"channelId":126,"nid":101355865,"link":"http://opinion.caixin.com/2018-12-05/101355865.html","edit":{"rank":"专栏作家 ","desc":"财新智库莫尼塔研究董事长兼首席经济学家","name":"钟正生","link":"http://opinion.caixin.com/zhongzhengsheng/index.html","head":"http://www.caixin.com/upload/zhuanlan/100742170_48_48.jpg"},"attr":5,"freeDuration":"48","type":1,"subDesc":"钟正生","channelDesc":"观点频道","pict":{"imgs":[{"url":"http://img.caixin.com/2018-12-05/1544002168367083_145_97.jpg","txt":""}],"num":1},"audioUrl":"http://audio.caixin.com/caixin/865/101355865.mp3","time":"2018-12-05 17:11:39","freeTime":"","video":"","summ":"随着中国经济的进一步减速，中美角逐的进一步细化，以及一些沿革至今的结构性失衡的进一步凸显，有可能会发生滞后的甚至意想不到的“失业潮”。对此，需要有清醒的认识，也需要有前瞻的准备"},{"tags":[],"comm":{"tid":"101355828","aid":"100"},"cate":"100300002;100000091;100324037;100752154;101355828","desc":"王永利：金融杠杆的魔力与有效把控","form":null,"channelId":126,"nid":101355828,"link":"http://opinion.caixin.com/2018-12-05/101355828.html","edit":{"rank":"专栏作家 ","desc":"中国国际期货公司总裁","name":"王永利","link":"http://opinion.caixin.com/2014/wangyongli_mjxx/index.html","head":"http://www.caixin.com/upload/zhuanlan/100752154_48_48.jpg"},"attr":5,"freeDuration":"48","type":1,"subDesc":"王永利","channelDesc":"观点频道","pict":{"imgs":[{"url":"http://img.caixin.com/2017-12-21/1513828501672322_145_97.jpg","txt":""}],"num":1},"audioUrl":"http://audio.caixin.com/caixin/828/101355828.mp3","time":"2018-12-05 16:21:34","freeTime":"","video":"","summ":"中国正处于经济增长换挡转型调整的关键时期，在经济下行压力很大的情况下，合理的选择应该是“稳杠杆”，避免急于求成而出现行政化、运动式、“一刀切”的去杠杆运动和政策的“合成谬误”"},{"tags":[],"comm":{"tid":"101355789","aid":"100"},"cate":"100300002;100300201;101355789","desc":"我们该告诉孩子性别是多元的吗？","form":null,"channelId":126,"nid":101355789,"link":"http://opinion.caixin.com/2018-12-05/101355789.html","edit":{"rank":"","desc":"","name":"文|刘艺、黄曼昕、林小雅","link":"","head":""},"attr":5,"freeDuration":"6","type":1,"subDesc":"聚焦","channelDesc":"观点频道","pict":{"imgs":[{"url":"http://img.caixin.com/2018-12-05/1543996325837482_145_97.jpg","txt":""}],"num":1},"audioUrl":"http://audio.caixin.com/caixin/789/101355789.mp3","time":"2018-12-05 15:47:00","freeTime":"","video":"","summ":"关于“同志教育”，人们究竟在争议、纠结些什么？支持者和反对者，究竟怎么看？"},{"tags":[],"comm":{"tid":"101355784","aid":"100"},"cate":"100300002;100300201;101355784","desc":"企业减负，公积金缴存比率该不该降","form":null,"channelId":126,"nid":101355784,"link":"http://opinion.caixin.com/2018-12-05/101355784.html","edit":{"rank":"","desc":"","name":"文|张思思","link":"","head":""},"attr":5,"freeDuration":"6","type":1,"subDesc":"聚焦","channelDesc":"观点频道","pict":{"imgs":[{"url":"http://img.caixin.com/2018-12-05/1543995580150065_145_97.jpg","txt":""}],"num":1},"audioUrl":"http://audio.caixin.com/caixin/784/101355784.mp3","time":"2018-12-05 15:36:27","freeTime":"","video":"","summ":"“五险”与“一金”在制度设计、覆盖范围、缴存刚性、资金权属、资金运营等方面具有根本差异，不可一概而论"}],"maxes":1000,"count":100,"start":0}