{"datas":[{"cate":"100300005;100300184;101336517","comm":{"aid":"100","tid":"101336517"},"edit":{"head":"","link":"","name":"记者 程思炜","rank":"","desc":""},"link":"http://economy.caixin.com/2018-10-18/101336517.html","nid":101336517,"subDesc":"要闻","video":"","type":0,"tags":[],"audioUrl":"http://audio.caixin.com/caixin/517/101336517.mp3","form":null,"summ":"增值税税率降低和留抵退税拉低增值税收入，个税、消费税等保持较快增速，财政部预计，全年财政收入增速将低于现价计算的GDP增速，但能够完成年初的预算目标","freeDuration":"3","freeTime":"","channelDesc":"经济频道","time":"2018-10-18 20:17:29","attr":5,"channelId":129,"pict":{"imgs":[{"txt":"","url":"http://img.caixin.com/2018-04-28/1524910269858589_145_97.jpg"}],"num":1},"desc":"9月财政收入仅增2% 增值税现负增长"},{"cate":"100300005;101283975;101336454","comm":{"aid":"100","tid":"101336454"},"edit":{"head":"","link":"","name":"","rank":"","desc":""},"link":"http://economy.caixin.com/2018-10-18/101336454.html","nid":101336454,"subDesc":"要闻","video":"","type":0,"tags":[],"audioUrl":"http://audio.caixin.com/caixin/454/101336454.mp3","form":null,"summ":"","freeDuration":"0","freeTime":"","channelDesc":"经济频道","time":"2018-10-18 18:22:43","attr":0,"channelId":129,"pict":null,"desc":"财新数据|前九月我国实际利用外资同比增长6.4%"},{"cate":"100300005;101283975;101336302","comm":{"aid":"100","tid":"101336302"},"edit":{"head":"","link":"","name":"","rank":"","desc":""},"link":"http://economy.caixin.com/2018-10-18/101336302.html","nid":101336302,"subDesc":"要闻","video":"","type":0,"tags":[],"audioUrl":"http://audio.caixin.com/caixin/302/101336302.mp3","form":null,"summ":"","freeDuration":"0","freeTime":"","channelDesc":"经济频道","time":"2018-10-18 13:36:33","attr":0,"channelId":129,"pict":null,"desc":"财新数据|澳大利亚失业率降至六年多以来最低水平"},{"cate":"100300005;101283975;101336212","comm":{"aid":"100","tid":"101336212"},"edit":{"head":"","link":"","name":"","rank":"","desc":""},"link":"http://economy.caixin.com/2018-10-18/101336212.html","nid":101336212,"subDesc":"要闻","video":"","type":0,"tags":[],"audioUrl":"http://audio.caixin.com/caixin/212/101336212.mp3","form":null,"summ":"","freeDuration":"0","freeTime":"","channelDesc":"经济频道","time":"2018-10-18 10:38:43","attr":0,"channelId":129,"pict":null,"desc":"财新数据|前九月对外非金融类直接投资同比增长5.1%"},{"cate":"100300005;101283975;101336207","comm":{"aid":"100","tid":"101336207"},"edit":{"head":"","link":"","name":"","rank":"","desc":""},"link":"http://economy.caixin.com/2018-10-18/101336207.html","nid":101336207,"subDesc":"要闻","video":"","type":0,"tags":[],"audioUrl":"http://audio.caixin.com/caixin/207/101336207.mp3","form":null,"summ":"","freeDuration":"0","freeTime":"","channelDesc":"经济频道","time":"2018-10-18 10:36:11","attr":0,"channelId":129,"pict":null,"desc":"财新数据|两市融资余额连续第六天下降"},{"cate":"100300005;101283975;101335980","comm":{"aid":"100","tid":"101335980"},"edit":{"head":"","link":"","name":"苏雪妮","rank":"","desc":""},"link":"http://economy.caixin.com/2018-10-17/101335980.html","nid":101335980,"subDesc":"要闻","video":"","type":0,"tags":[],"audioUrl":"http://audio.caixin.com/caixin/980/101335980.mp3","form":null,"summ":"","freeDuration":"0","freeTime":"","channelDesc":"经济频道","time":"2018-10-17 17:54:01","attr":0,"channelId":129,"pict":null,"desc":"财新数据|三季度中国地方政府债务余额爆发式增长"},{"cate":"100300005;100300184;101335947","comm":{"aid":"100","tid":"101335947"},"edit":{"head":"","link":"","name":"记者 张娱","rank":"","desc":""},"link":"http://economy.caixin.com/2018-10-17/101335947.html","nid":101335947,"subDesc":"要闻","video":"","type":0,"tags":[],"audioUrl":"http://audio.caixin.com/caixin/947/101335947.mp3","form":null,"summ":"河北、安徽、宁夏等多省份均强调加快投资项目实施进度，在地方债严监管的背景下，稳投资更多起到托底作用，而非拉动经济快速增长","freeDuration":"0","freeTime":"","channelDesc":"经济频道","time":"2018-10-17 16:51:00","attr":5,"channelId":129,"pict":{"imgs":[{"txt":"","url":"http://img.caixin.com/2018-10-17/1539766565318342_145_97.jpg"}],"num":1},"desc":"多地出手稳投资 部分重大项目提前开工"},{"cate":"100300005;101283975;101335922","comm":{"aid":"100","tid":"101335922"},"edit":{"head":"","link":"","name":"","rank":"","desc":""},"link":"http://economy.caixin.com/2018-10-17/101335922.html","nid":101335922,"subDesc":"要闻","video":"","type":0,"tags":[],"audioUrl":"http://audio.caixin.com/caixin/922/101335922.mp3","form":null,"summ":"","freeDuration":"0","freeTime":"","channelDesc":"经济频道","time":"2018-10-17 15:36:35","attr":0,"channelId":129,"pict":null,"desc":"财新数据|前九月中国机电产品出口同比增长13.5%"},{"cate":"100300005;100300184;101335858","comm":{"aid":"100","tid":"101335858"},"edit":{"head":"","link":"","name":"记者 王婧","rank":"","desc":""},"link":"http://economy.caixin.com/2018-10-17/101335858.html","nid":101335858,"subDesc":"要闻","video":"","type":0,"tags":[],"audioUrl":"http://audio.caixin.com/caixin/858/101335858.mp3","form":{"txt":"贸易投资","url":"http://economy.caixin.com/trade_investment/"},"summ":"来自美国的订单减少，但另一方面，全球汇率变动加剧，企业更愿意接短单，而这挤压了企业的利润空间","freeDuration":"0","freeTime":"","channelDesc":"经济频道","time":"2018-10-17 12:14:53","attr":5,"channelId":129,"pict":{"imgs":[{"txt":"","url":"http://img.caixin.com/2018-10-17/1539750143686335_145_97.jpg"}],"num":1},"desc":"贸易战令机电产品出口承压 企业另寻新市场"},{"cate":"100300005;100300184;101335793","comm":{"aid":"100","tid":"101335793"},"edit":{"head":"","link":"","name":"记者 于海荣","rank":"","desc":""},"link":"http://economy.caixin.com/2018-10-17/101335793.html","nid":101335793,"subDesc":"要闻","video":"","type":0,"tags":[],"audioUrl":"http://audio.caixin.com/caixin/793/101335793.mp3","form":null,"summ":"拟要求专项债券项目实施单位开立独立于日常经营账户的债券资金管理专用账户，每年一季度向财政部门和项目主管部门报告上年度专户资金收支和结余情况","freeDuration":"0","freeTime":"","channelDesc":"经济频道","time":"2018-10-17 10:34:14","attr":5,"channelId":129,"pict":{"imgs":[{"txt":"","url":"http://img.caixin.com/2018-07-19/1532000578152485_145_97.jpg"}],"num":1},"desc":"深圳拟规范专项债券资金管理 专户管理定期披露信息"},{"cate":"100300005;101283975;101335444","comm":{"aid":"100","tid":"101335444"},"edit":{"head":"","link":"","name":"","rank":"","desc":""},"link":"http://economy.caixin.com/2018-10-16/101335444.html","nid":101335444,"subDesc":"要闻","video":"","type":0,"tags":[],"audioUrl":"http://audio.caixin.com/caixin/444/101335444.mp3","form":null,"summ":"","freeDuration":"0","freeTime":"","channelDesc":"经济频道","time":"2018-10-16 15:53:51","attr":0,"channelId":129,"pict":null,"desc":"财新数据|前九月邮政行业业务收入同比增长20.9%"},{"cate":"100300005;100300184;101335313","comm":{"aid":"100","tid":"101335313"},"edit":{"head":"","link":"","name":"记者 程思炜","rank":"","desc":""},"link":"http://economy.caixin.com/2018-10-16/101335313.html","nid":101335313,"subDesc":"要闻","video":"","type":0,"tags":[],"audioUrl":"http://audio.caixin.com/caixin/313/101335313.mp3","form":null,"summ":"受季节因素和极端天气影响，鲜菜、鲜果、鸡蛋等价格上涨，推动CPI环比高位持平，受去年同期高基数的影响，PPI同比涨幅回落","freeDuration":"6","freeTime":"","channelDesc":"经济频道","time":"2018-10-16 11:47:16","attr":5,"channelId":129,"pict":{"imgs":[{"txt":"","url":"http://img.caixin.com/2018-10-16/1539674087493010_145_97.jpg"}],"num":1},"desc":"CPI同比连涨四月 食品价格上涨明显"},{"cate":"100300005;101283975;101335268","comm":{"aid":"100","tid":"101335268"},"edit":{"head":"","link":"","name":"","rank":"","desc":""},"link":"http://economy.caixin.com/2018-10-16/101335268.html","nid":101335268,"subDesc":"要闻","video":"","type":0,"tags":[],"audioUrl":"http://audio.caixin.com/caixin/268/101335268.mp3","form":null,"summ":"","freeDuration":"0","freeTime":"","channelDesc":"经济频道","time":"2018-10-16 10:38:21","attr":0,"channelId":129,"pict":null,"desc":"财新数据|9月手机出货量同比下降11.7%"},{"cate":"100300005;100300184;101335261","comm":{"aid":"100","tid":"101335261"},"edit":{"head":"","link":"","name":"记者 张娱","rank":"","desc":""},"link":"http://economy.caixin.com/2018-10-16/101335261.html","nid":101335261,"subDesc":"要闻","video":"","type":0,"tags":[],"audioUrl":"http://audio.caixin.com/caixin/261/101335261.mp3","form":null,"summ":"城镇化的重中之重是解决农业转移人口在城市享受基本公共服务的问题，这需要推进户籍制度、土地制度、城市化融资机制创新等改革","freeDuration":"0","freeTime":"","channelDesc":"经济频道","time":"2018-10-16 10:31:32","attr":5,"channelId":129,"pict":{"imgs":[{"txt":"","url":"http://img.caixin.com/2018-10-16/1539657256179224_145_97.jpg"}],"num":1},"desc":"研究：城镇化效率偏低 需转向以人为中心"},{"cate":"100300005;100300184;101335236","comm":{"aid":"100","tid":"101335236"},"edit":{"head":"","link":"","name":"记者 程思炜","rank":"","desc":""},"link":"http://economy.caixin.com/2018-10-16/101335236.html","nid":101335236,"subDesc":"要闻","video":"","type":0,"tags":[],"audioUrl":"http://audio.caixin.com/caixin/236/101335236.mp3","form":null,"summ":"湾区优惠政策应避免引发避税和盲目发展，只针对高新技术等特定产业；税收方面首要探索区域内自由贸易港政策和港澳人士个税优惠安排","freeDuration":"0","freeTime":"","channelDesc":"经济频道","time":"2018-10-16 09:47:38","attr":5,"channelId":129,"pict":{"imgs":[{"txt":"","url":"http://img.caixin.com/2018-10-16/1539654667735352_145_97.jpg"}],"num":1},"desc":"专家：粤港澳大湾区不应成为内地避税港"},{"cate":"100300005;101283975;101335231","comm":{"aid":"100","tid":"101335231"},"edit":{"head":"","link":"","name":"","rank":"","desc":""},"link":"http://economy.caixin.com/2018-10-16/101335231.html","nid":101335231,"subDesc":"要闻","video":"","type":0,"tags":[],"audioUrl":"http://audio.caixin.com/caixin/231/101335231.mp3","form":null,"summ":"","freeDuration":"0","freeTime":"","channelDesc":"经济频道","time":"2018-10-16 09:46:32","attr":0,"channelId":129,"pict":null,"desc":"财新数据|9月CPI同比上涨2.5% 创7个月新高"},{"cate":"100300005;100300184;101335144","comm":{"aid":"100","tid":"101335144"},"edit":{"head":"","link":"","name":"记者 王婧","rank":"","desc":""},"link":"http://economy.caixin.com/2018-10-16/101335144.html","nid":101335144,"subDesc":"要闻","video":"","type":0,"tags":[],"audioUrl":"http://audio.caixin.com/caixin/144/101335144.mp3","form":{"txt":"贸易投资","url":"http://economy.caixin.com/trade_investment/"},"summ":"商务部国际贸易经济合作研究院调研认为，贸易战对中国的贸易总额影响不大、对GDP影响总体有限，但是对新增就业有一定影响","freeDuration":"0","freeTime":"","channelDesc":"经济频道","time":"2018-10-16 07:14:58","attr":5,"channelId":129,"pict":{"imgs":[{"txt":"","url":"http://img.caixin.com/2018-10-16/1539647844556774_145_97.jpg"}],"num":1},"desc":"商务部专家：今年进出口总额有望超4.7万亿美元"},{"cate":"100300005;101283975;101334965","comm":{"aid":"100","tid":"101334965"},"edit":{"head":"","link":"","name":"","rank":"","desc":""},"link":"http://economy.caixin.com/2018-10-15/101334965.html","nid":101334965,"subDesc":"要闻","video":"","type":0,"tags":[],"audioUrl":"http://audio.caixin.com/caixin/965/101334965.mp3","form":null,"summ":"","freeDuration":"0","freeTime":"","channelDesc":"经济频道","time":"2018-10-15 16:08:37","attr":0,"channelId":129,"pict":null,"desc":"财新数据|股市下跌是否会影响消费？"},{"cate":"100300005;100300184;101334822","comm":{"aid":"100","tid":"101334822"},"edit":{"head":"","link":"","name":"特派印尼努沙杜瓦记者 彭骎骎 李增新","rank":"","desc":""},"link":"http://economy.caixin.com/2018-10-15/101334822.html","nid":101334822,"subDesc":"要闻","video":"","type":0,"tags":[],"audioUrl":"http://audio.caixin.com/caixin/822/101334822.mp3","form":null,"summ":"中国央行行长强调，贸易争端对全球不利，中国不追求贸易顺差且将加大开放，谈判中支持以规则为基础的多边体系","freeDuration":"0","freeTime":"","channelDesc":"经济频道","time":"2018-10-15 11:01:18","attr":5,"channelId":129,"pict":{"imgs":[{"txt":"","url":"http://img.caixin.com/2018-10-15/1539572900693643_145_97.jpg"}],"num":1},"desc":"专访易纲之二：希望以建设性方案解决中美贸易摩擦"},{"cate":"100300005;100300184;101334818","comm":{"aid":"100","tid":"101334818"},"edit":{"head":"","link":"","name":"特派印尼努沙杜瓦记者 彭骎骎","rank":"","desc":""},"link":"http://economy.caixin.com/2018-10-15/101334818.html","nid":101334818,"subDesc":"要闻","video":"","type":0,"tags":[],"audioUrl":"","form":null,"summ":"中国人民银行行长易纲表示，防范金融风险初见成效，年初预定的增长目标可以实现。中国目前的利率水平适宜，货币政策主要考虑国内情况","freeDuration":"0","freeTime":"","channelDesc":"经济频道","time":"2018-10-15 10:57:25","attr":5,"channelId":129,"pict":{"imgs":[{"txt":"","url":"http://img.caixin.com/2018-10-11/1539237430998017_145_97.jpg"}],"num":1},"desc":"专访易纲之一：宏观经济杠杆率已稳"},{"cate":"100300005;101283975;101334799","comm":{"aid":"100","tid":"101334799"},"edit":{"head":"","link":"","name":"","rank":"","desc":""},"link":"http://economy.caixin.com/2018-10-15/101334799.html","nid":101334799,"subDesc":"要闻","video":"","type":0,"tags":[],"audioUrl":"http://audio.caixin.com/caixin/799/101334799.mp3","form":null,"summ":"","freeDuration":"0","freeTime":"","channelDesc":"经济频道","time":"2018-10-15 10:21:34","attr":0,"channelId":129,"pict":null,"desc":"财新数据|两市融资余额跌破8000亿元"},{"cate":"100300005;100300184;101334771","comm":{"aid":"100","tid":"101334771"},"edit":{"head":"","link":"","name":"记者 程思炜","rank":"","desc":""},"link":"http://economy.caixin.com/2018-10-15/101334771.html","nid":101334771,"subDesc":"要闻","video":"","type":0,"tags":[],"audioUrl":"http://audio.caixin.com/caixin/771/101334771.mp3","form":null,"summ":"出台若干零碎的税基减税政策，不如在降低名义税率上做文章。未来减税要从特惠式、税基减税，转向普惠式、名义税率减税，增值税、企业所得税是减税重点","freeDuration":"0","freeTime":"","channelDesc":"经济频道","time":"2018-10-15 08:49:12","attr":5,"channelId":129,"pict":{"imgs":[{"txt":"","url":"http://img.caixin.com/2018-07-14/1531570719466939_145_97.jpg"}],"num":1},"desc":"刘尚希：怎样才是能有效引导预期的减税？"},{"cate":"100300005;101283975;101334236","comm":{"aid":"100","tid":"101334236"},"edit":{"head":"","link":"","name":"","rank":"","desc":""},"link":"http://economy.caixin.com/2018-10-12/101334236.html","nid":101334236,"subDesc":"要闻","video":"","type":0,"tags":[],"audioUrl":"http://audio.caixin.com/caixin/236/101334236.mp3","form":null,"summ":"","freeDuration":"0","freeTime":"","channelDesc":"经济频道","time":"2018-10-12 15:10:52","attr":0,"channelId":129,"pict":null,"desc":"财新数据|中国9月乘用车销量同比大幅下滑12% 连续三个月下降"},{"cate":"100300005;101283975;101334198","comm":{"aid":"100","tid":"101334198"},"edit":{"head":"","link":"","name":"","rank":"","desc":""},"link":"http://economy.caixin.com/2018-10-12/101334198.html","nid":101334198,"subDesc":"要闻","video":"","type":0,"tags":[],"audioUrl":"http://audio.caixin.com/caixin/198/101334198.mp3","form":null,"summ":"","freeDuration":"0","freeTime":"","channelDesc":"经济频道","time":"2018-10-12 14:30:49","attr":0,"channelId":129,"pict":null,"desc":"财新数据|中国9月对美贸易顺差341亿美元 创历史新高"},{"cate":"100300005;100300184;101334187","comm":{"aid":"100","tid":"101334187"},"edit":{"head":"","link":"","name":"记者 程思炜","rank":"","desc":""},"link":"http://economy.caixin.com/2018-10-12/101334187.html","nid":101334187,"subDesc":"要闻","video":"","type":0,"tags":[],"audioUrl":"http://audio.caixin.com/caixin/187/101334187.mp3","form":null,"summ":"海关总署称，中美经贸摩擦的直接影响和间接影响总体可控，受外需放缓和基数影响，今年四季度进出口增速可能放缓","freeDuration":"6","freeTime":"","channelDesc":"经济频道","time":"2018-10-12 14:19:34","attr":5,"channelId":129,"pict":{"imgs":[{"txt":"","url":"http://img.caixin.com/2018-10-12/1539325341440540_145_97.jpg"}],"num":1},"desc":"9月出口同比增长14.5% 对美顺差创新高"},{"cate":"100300005;100300184;101334132","comm":{"aid":"100","tid":"101334132"},"edit":{"head":"","link":"","name":"记者 张娱","rank":"","desc":""},"link":"http://economy.caixin.com/2018-10-12/101334132.html","nid":101334132,"subDesc":"要闻","video":"","type":0,"tags":[],"audioUrl":"http://audio.caixin.com/caixin/132/101334132.mp3","form":null,"summ":"中美贸易摩擦升温，可能将进一步压减中国对美投资；中资企业更多转向欧洲市场，但未来也将受到欧洲收紧投资审核的影响","freeDuration":"0","freeTime":"","channelDesc":"经济频道","time":"2018-10-12 11:35:58","attr":5,"channelId":129,"pict":{"imgs":[{"txt":"","url":"http://img.caixin.com/2018-01-23/1516666462357146_145_97.jpg"}],"num":1},"desc":"富而德：中国对美并购持续低迷 对欧并购限制恐增加"},{"cate":"100300005;101283975;101334072","comm":{"aid":"100","tid":"101334072"},"edit":{"head":"","link":"","name":"","rank":"","desc":""},"link":"http://economy.caixin.com/2018-10-12/101334072.html","nid":101334072,"subDesc":"要闻","video":"","type":0,"tags":[],"audioUrl":"http://audio.caixin.com/caixin/072/101334072.mp3","form":null,"summ":"","freeDuration":"0","freeTime":"","channelDesc":"经济频道","time":"2018-10-12 10:42:37","attr":0,"channelId":129,"pict":null,"desc":"财新数据|两市融资余额降140亿元"},{"cate":"100300005;101283975;101333835","comm":{"aid":"100","tid":"101333835"},"edit":{"head":"","link":"","name":"","rank":"","desc":""},"link":"http://economy.caixin.com/2018-10-11/101333835.html","nid":101333835,"subDesc":"要闻","video":"","type":0,"tags":[],"audioUrl":"http://audio.caixin.com/caixin/835/101333835.mp3","form":null,"summ":"","freeDuration":"0","freeTime":"","channelDesc":"经济频道","time":"2018-10-11 17:16:28","attr":0,"channelId":129,"pict":null,"desc":"财新数据|两市成交额放量突破3500亿元"},{"cate":"100300005;101283975;101333830","comm":{"aid":"100","tid":"101333830"},"edit":{"head":"","link":"","name":"","rank":"","desc":""},"link":"http://economy.caixin.com/2018-10-11/101333830.html","nid":101333830,"subDesc":"要闻","video":"","type":0,"tags":[],"audioUrl":"http://audio.caixin.com/caixin/830/101333830.mp3","form":null,"summ":"","freeDuration":"0","freeTime":"","channelDesc":"经济频道","time":"2018-10-11 16:59:46","attr":0,"channelId":129,"pict":null,"desc":"财新数据|9月上汽集团汽车销量两年余来首次同比下滑"},{"cate":"100300005;101283975;101333785","comm":{"aid":"100","tid":"101333785"},"edit":{"head":"","link":"","name":"","rank":"","desc":""},"link":"http://economy.caixin.com/2018-10-11/101333785.html","nid":101333785,"subDesc":"要闻","video":"","type":0,"tags":[],"audioUrl":"http://audio.caixin.com/caixin/785/101333785.mp3","form":null,"summ":"","freeDuration":"0","freeTime":"","channelDesc":"经济频道","time":"2018-10-11 15:50:48","attr":0,"channelId":129,"pict":null,"desc":"财新数据|北上资金四日净流出179亿元"},{"cate":"100300005;101283975;101333493","comm":{"aid":"100","tid":"101333493"},"edit":{"head":"","link":"","name":"","rank":"","desc":""},"link":"http://economy.caixin.com/2018-10-10/101333493.html","nid":101333493,"subDesc":"要闻","video":"","type":0,"tags":[],"audioUrl":"http://audio.caixin.com/caixin/493/101333493.mp3","form":null,"summ":"","freeDuration":"48","freeTime":"","channelDesc":"经济频道","time":"2018-10-10 19:21:40","attr":5,"channelId":129,"pict":null,"desc":"财新数据|中国地方政府债券托管量升至近18万亿元"},{"cate":"100300005;101283975;101333370","comm":{"aid":"100","tid":"101333370"},"edit":{"head":"","link":"","name":"","rank":"","desc":""},"link":"http://economy.caixin.com/2018-10-10/101333370.html","nid":101333370,"subDesc":"要闻","video":"","type":0,"tags":[],"audioUrl":"","form":null,"summ":"","freeDuration":"0","freeTime":"","channelDesc":"经济频道","time":"2018-10-10 14:52:18","attr":0,"channelId":129,"pict":null,"desc":"财新数据|中国城镇人均居住建筑面积37平方米"},{"cate":"100300005;101283975;101333315","comm":{"aid":"100","tid":"101333315"},"edit":{"head":"","link":"","name":"","rank":"","desc":""},"link":"http://economy.caixin.com/2018-10-10/101333315.html","nid":101333315,"subDesc":"要闻","video":"","type":0,"tags":[],"audioUrl":"http://audio.caixin.com/caixin/315/101333315.mp3","form":null,"summ":"","freeDuration":"0","freeTime":"","channelDesc":"经济频道","time":"2018-10-10 13:16:57","attr":0,"channelId":129,"pict":null,"desc":"财新数据|BATJ总市值较年初高点蒸发超4000亿美元"},{"cate":"100300005;100300184;101333068","comm":{"aid":"100","tid":"101333068"},"edit":{"head":"","link":"","name":"记者 张娱","rank":"","desc":""},"link":"http://economy.caixin.com/2018-10-09/101333068.html","nid":101333068,"subDesc":"要闻","video":"","type":0,"tags":[],"audioUrl":"http://audio.caixin.com/caixin/068/101333068.mp3","form":null,"summ":"一个半月内两次提高出口退税率，尽量确保商品以零增值税出口，避免双向征税，维护公平竞争；大部分出口商品已经实现全额退税，后续出口退税率提高的空间并不大","freeDuration":"0","freeTime":"","channelDesc":"经济频道","time":"2018-10-09 17:51:14","attr":5,"channelId":129,"pict":{"imgs":[{"txt":"","url":"http://img.caixin.com/2018-10-09/1539079219093481_145_97.jpg"}],"num":1},"desc":"出口退税率年内第二次上调 尽量确保全额退税"},{"cate":"100300005;101283975;101333028","comm":{"aid":"100","tid":"101333028"},"edit":{"head":"","link":"","name":"","rank":"","desc":""},"link":"http://economy.caixin.com/2018-10-09/101333028.html","nid":101333028,"subDesc":"要闻","video":"","type":0,"tags":[],"audioUrl":"http://audio.caixin.com/caixin/028/101333028.mp3","form":null,"summ":"","freeDuration":"0","freeTime":"","channelDesc":"经济频道","time":"2018-10-09 17:00:15","attr":0,"channelId":129,"pict":null,"desc":"财新数据|2017年中国研发投入超1.76万亿"},{"cate":"100300005;101283975;101332843","comm":{"aid":"100","tid":"101332843"},"edit":{"head":"","link":"","name":"陈萌","rank":"","desc":""},"link":"http://economy.caixin.com/2018-10-09/101332843.html","nid":101332843,"subDesc":"要闻","video":"","type":0,"tags":[],"audioUrl":"http://audio.caixin.com/caixin/843/101332843.mp3","form":null,"summ":"","freeDuration":"0","freeTime":"","channelDesc":"经济频道","time":"2018-10-09 10:19:33","attr":0,"channelId":129,"pict":null,"desc":"财新数据|9月末中期借贷便利余额为53830亿元"},{"cate":"100300005;101283975;101332837","comm":{"aid":"100","tid":"101332837"},"edit":{"head":"","link":"","name":"陈萌","rank":"","desc":""},"link":"http://economy.caixin.com/2018-10-09/101332837.html","nid":101332837,"subDesc":"要闻","video":"","type":0,"tags":[],"audioUrl":"http://audio.caixin.com/caixin/837/101332837.mp3","form":null,"summ":"","freeDuration":"0","freeTime":"","channelDesc":"经济频道","time":"2018-10-09 10:17:28","attr":0,"channelId":129,"pict":null,"desc":"财新数据|9月末抵押补充贷款余额为32371亿元"},{"cate":"100300005;100300184;101332793","comm":{"aid":"100","tid":"101332793"},"edit":{"head":"","link":"","name":"记者 程思炜","rank":"","desc":""},"link":"http://economy.caixin.com/2018-10-09/101332793.html","nid":101332793,"subDesc":"要闻","video":"","type":0,"tags":[],"audioUrl":"http://audio.caixin.com/caixin/793/101332793.mp3","form":null,"summ":"约三分之一为影视公司，及大批创投、股权投资和互联网公司撤离；当地监管部门称，系企业自主行为，部分公司存在一址多照问题，地方税收优惠清理或为重要考量","freeDuration":"0","freeTime":"","channelDesc":"经济频道","time":"2018-10-09 08:32:09","attr":5,"channelId":129,"pict":{"imgs":[{"txt":"","url":"http://img.caixin.com/2018-10-09/1539045669988047_145_97.jpg"}],"num":1},"desc":"霍尔果斯公司扎堆申请注销 涉影视创投互联网等行业"},{"cate":"100300005;101283975;101332731","comm":{"aid":"100","tid":"101332731"},"edit":{"head":"","link":"","name":"","rank":"","desc":""},"link":"http://economy.caixin.com/2018-10-08/101332731.html","nid":101332731,"subDesc":"要闻","video":"","type":0,"tags":[],"audioUrl":"http://audio.caixin.com/caixin/731/101332731.mp3","form":null,"summ":"","freeDuration":"0","freeTime":"","channelDesc":"经济频道","time":"2018-10-08 20:04:38","attr":0,"channelId":129,"pict":null,"desc":"财新数据|人民币官方收盘价创19个月新低"},{"cate":"100300005;101283975;101332597","comm":{"aid":"100","tid":"101332597"},"edit":{"head":"","link":"","name":"","rank":"","desc":""},"link":"http://economy.caixin.com/2018-10-08/101332597.html","nid":101332597,"subDesc":"要闻","video":"","type":0,"tags":[],"audioUrl":"http://audio.caixin.com/caixin/597/101332597.mp3","form":null,"summ":"","freeDuration":"0","freeTime":"","channelDesc":"经济频道","time":"2018-10-08 15:19:09","attr":0,"channelId":129,"pict":null,"desc":"财新数据|北上资金净流出近百亿元"},{"cate":"100300005;101283975;101332492","comm":{"aid":"100","tid":"101332492"},"edit":{"head":"","link":"","name":"苏雪妮","rank":"","desc":""},"link":"http://economy.caixin.com/2018-10-08/101332492.html","nid":101332492,"subDesc":"要闻","video":"","type":0,"tags":[],"audioUrl":"http://audio.caixin.com/caixin/492/101332492.mp3","form":null,"summ":"","freeDuration":"0","freeTime":"","channelDesc":"经济频道","time":"2018-10-08 11:53:12","attr":0,"channelId":129,"pict":null,"desc":"财新数据|中国大型银行存款准备金率将下调至14.5%"},{"cate":"100300005;101283975;101332462","comm":{"aid":"100","tid":"101332462"},"edit":{"head":"","link":"","name":"","rank":"","desc":""},"link":"http://economy.caixin.com/2018-10-08/101332462.html","nid":101332462,"subDesc":"要闻","video":"","type":0,"tags":[],"audioUrl":"http://audio.caixin.com/caixin/462/101332462.mp3","form":null,"summ":"","freeDuration":"0","freeTime":"","channelDesc":"经济频道","time":"2018-10-08 11:07:39","attr":0,"channelId":129,"pict":null,"desc":"财新数据|9月财新中国服务业PMI创三个月新高"},{"cate":"100300005;100300184;101332427","comm":{"aid":"100","tid":"101332427"},"edit":{"head":"","link":"","name":"","rank":"","desc":""},"link":"http://economy.caixin.com/2018-10-08/101332427.html","nid":101332427,"subDesc":"要闻","video":"","type":0,"tags":[],"audioUrl":"http://audio.caixin.com/caixin/427/101332427.mp3","form":null,"summ":"刘昆表示，积极的财政政策更加积极，绝不是要搞“大水漫灌”式的强刺激，而是要提高政策的前瞻性、灵活性、有效性，在扩大内需和结构调整上发挥更大作用，推动经济高质量发展","freeDuration":"48","freeTime":"","channelDesc":"经济频道","time":"2018-10-08 10:08:10","attr":5,"channelId":129,"pict":{"imgs":[{"txt":"","url":"http://img.caixin.com/2018-10-08/1538965575839286_145_97.jpg"}],"num":1},"desc":"财政部部长刘昆:以更积极的财政政策护航中国经济"},{"cate":"100300005;100300184;101332365","comm":{"aid":"100","tid":"101332365"},"edit":{"head":"","link":"","name":"记者 于海荣","rank":"","desc":""},"link":"http://economy.caixin.com/2018-10-08/101332365.html","nid":101332365,"subDesc":"要闻","video":"","type":0,"tags":[],"audioUrl":"http://audio.caixin.com/caixin/362/101332362.mp3","form":null,"summ":"财新中国制造业PMI结束连续15个月的扩张态势，但在服务业的支撑下，综合PMI微升；但需求对生产的拖累开始显现，就业状况明显恶化，通过改革提振民企信心刻不容缓","freeDuration":"0","freeTime":"","channelDesc":"经济频道","time":"2018-10-08 09:45:00","attr":5,"channelId":129,"pict":null,"desc":"财新PMI分析|服务业支撑经济景气 就业状况值得关注"},{"cate":"100300005;100300184;101332341","comm":{"aid":"100","tid":"101332341"},"edit":{"head":"","link":"","name":"记者 张娱","rank":"","desc":""},"link":"http://economy.caixin.com/2018-10-08/101332341.html","nid":101332341,"subDesc":"要闻","video":"","type":0,"tags":[],"audioUrl":"http://audio.caixin.com/caixin/338/101332338.mp3","form":null,"summ":"服务业扩张加速带动9月财新中国综合PMI微升0.1个百分点，但服务业用工规模两年内首现收缩，就业形势先行恶化将考验政策促转型的定力","freeDuration":"0","freeTime":"","channelDesc":"经济频道","time":"2018-10-08 09:45:00","attr":0,"channelId":129,"pict":{"imgs":[{"txt":"","url":"http://img.caixin.com/2018-10-08/1538958731046930_145_97.jpg"}],"num":1},"desc":"9月财新中国服务业PMI升至53.1 创三个月新高"},{"cate":"100300005;101283975;101332330","comm":{"aid":"100","tid":"101332330"},"edit":{"head":"","link":"","name":"陈萌","rank":"","desc":""},"link":"http://economy.caixin.com/2018-10-07/101332330.html","nid":101332330,"subDesc":"要闻","video":"","type":0,"tags":[],"audioUrl":"http://audio.caixin.com/caixin/330/101332330.mp3","form":null,"summ":"","freeDuration":"0","freeTime":"","channelDesc":"经济频道","time":"2018-10-07 18:04:20","attr":0,"channelId":129,"pict":null,"desc":"财新数据|中国9月外储下降226.9亿美元"},{"cate":"100300005;101283975;101332184","comm":{"aid":"100","tid":"101332184"},"edit":{"head":"","link":"","name":"","rank":"","desc":""},"link":"http://economy.caixin.com/2018-10-05/101332184.html","nid":101332184,"subDesc":"要闻","video":"","type":0,"tags":[],"audioUrl":"","form":null,"summ":"","freeDuration":"0","freeTime":"","channelDesc":"经济频道","time":"2018-10-05 22:17:45","attr":0,"channelId":129,"pict":null,"desc":"财新数据|美国对中国贸易逆差创新高"},{"cate":"100300005;101283975;101332177","comm":{"aid":"100","tid":"101332177"},"edit":{"head":"","link":"","name":"","rank":"","desc":""},"link":"http://economy.caixin.com/2018-10-05/101332177.html","nid":101332177,"subDesc":"要闻","video":"","type":0,"tags":[],"audioUrl":"http://audio.caixin.com/caixin/177/101332177.mp3","form":null,"summ":"","freeDuration":"0","freeTime":"","channelDesc":"经济频道","time":"2018-10-05 21:39:07","attr":0,"channelId":129,"pict":null,"desc":"财新数据|美国9月非农就业新增13.4万人 远低于预期"},{"cate":"100300005;101283975;101331944","comm":{"aid":"100","tid":"101331944"},"edit":{"head":"","link":"","name":"","rank":"","desc":""},"link":"http://economy.caixin.com/2018-10-02/101331944.html","nid":101331944,"subDesc":"要闻","video":"","type":0,"tags":[],"audioUrl":"http://audio.caixin.com/caixin/944/101331944.mp3","form":null,"summ":"","freeDuration":"0","freeTime":"","channelDesc":"经济频道","time":"2018-10-02 20:29:55","attr":0,"channelId":129,"pict":null,"desc":"财新数据|9月万事达卡财新BBD中国新经济指数升至31.3"},{"cate":"100300005;101283975;101331797","comm":{"aid":"100","tid":"101331797"},"edit":{"head":"","link":"","name":"","rank":"","desc":""},"link":"http://economy.caixin.com/2018-10-01/101331797.html","nid":101331797,"subDesc":"要闻","video":"","type":0,"tags":[],"audioUrl":"http://audio.caixin.com/caixin/797/101331797.mp3","form":null,"summ":"","freeDuration":"0","freeTime":"","channelDesc":"经济频道","time":"2018-10-01 11:11:58","attr":0,"channelId":129,"pict":null,"desc":"财新数据|9月广东省制造业PMI重回荣枯线之上"},{"cate":"100300005;100300184;101331739","comm":{"aid":"100","tid":"101331739"},"edit":{"head":"","link":"","name":"记者 王力为","rank":"","desc":""},"link":"http://economy.caixin.com/2018-09-30/101331739.html","nid":101331739,"subDesc":"要闻","video":"","type":0,"tags":[],"audioUrl":"http://audio.caixin.com/caixin/739/101331739.mp3","form":null,"summ":"经历癌症，一位“机器”人向死而生；于一片热望与不安中，呼唤人类在造富、争胜的同时，携手应对即将到来的失业、不均危机","freeDuration":"0","freeTime":"","channelDesc":"经济频道","time":"2018-09-30 16:10:34","attr":5,"channelId":129,"pict":{"imgs":[{"txt":"","url":"http://img.caixin.com/2018-09-30/1538295411995274_145_97.jpg"}],"num":1},"desc":"科技变局下的CEO系列四|李开复：AI强国中与美 谁的“赢面”大？"},{"cate":"100300005;101283975;101331723","comm":{"aid":"100","tid":"101331723"},"edit":{"head":"","link":"","name":"","rank":"","desc":""},"link":"http://economy.caixin.com/2018-09-30/101331723.html","nid":101331723,"subDesc":"要闻","video":"","type":0,"tags":[],"audioUrl":"http://audio.caixin.com/caixin/723/101331723.mp3","form":null,"summ":"","freeDuration":"0","freeTime":"","channelDesc":"经济频道","time":"2018-09-30 15:58:24","attr":0,"channelId":129,"pict":null,"desc":"财新数据|8月天然气进口增速升至37%"},{"cate":"100300005;101283975;101331563","comm":{"aid":"100","tid":"101331563"},"edit":{"head":"","link":"","name":"","rank":"","desc":""},"link":"http://economy.caixin.com/2018-09-30/101331563.html","nid":101331563,"subDesc":"要闻","video":"","type":0,"tags":[],"audioUrl":"http://audio.caixin.com/caixin/563/101331563.mp3","form":null,"summ":"","freeDuration":"0","freeTime":"","channelDesc":"经济频道","time":"2018-09-30 10:14:01","attr":0,"channelId":129,"pict":null,"desc":"财新数据|9月财新中国制造业PMI降至50 连续第4个月下降"},{"cate":"100300005;101283975;101331557","comm":{"aid":"100","tid":"101331557"},"edit":{"head":"","link":"","name":"","rank":"","desc":""},"link":"http://economy.caixin.com/2018-09-30/101331557.html","nid":101331557,"subDesc":"要闻","video":"","type":0,"tags":[],"audioUrl":"http://audio.caixin.com/caixin/557/101331557.mp3","form":null,"summ":"","freeDuration":"0","freeTime":"","channelDesc":"经济频道","time":"2018-09-30 10:11:11","attr":0,"channelId":129,"pict":null,"desc":"财新数据|中国9月官方制造业PMI降至50.8"},{"cate":"100300005;100300184;101331551","comm":{"aid":"100","tid":"101331551"},"edit":{"head":"","link":"","name":"记者 张娱","rank":"","desc":""},"link":"http://economy.caixin.com/2018-09-30/101331551.html","nid":101331551,"subDesc":"要闻","video":"","type":0,"tags":[],"audioUrl":"http://audio.caixin.com/caixin/551/101331551.mp3","form":null,"summ":"制造业供需双双走弱，新出口订单指数在收缩区间持续下降，但在非制造业PMI回升的带动下，综合PMI高于8月","freeDuration":"3","freeTime":"","channelDesc":"经济频道","time":"2018-09-30 10:09:21","attr":5,"channelId":129,"pict":{"imgs":[{"txt":"","url":"http://img.caixin.com/2018-09-30/1538275251240169_145_97.jpg"}],"num":1},"desc":"9月统计局制造业PMI降至50.8  综合PMI继续攀升"},{"cate":"100300005;100300184;101331549","comm":{"aid":"100","tid":"101331549"},"edit":{"head":"","link":"","name":"记者 于海荣","rank":"","desc":""},"link":"http://economy.caixin.com/2018-09-30/101331549.html","nid":101331549,"subDesc":"要闻","video":"","type":0,"tags":[],"audioUrl":"http://audio.caixin.com/caixin/549/101331549.mp3","form":null,"summ":"财新中国制造业PMI结束连续15个月的扩张态势，需求对生产的拖累开始显现，四季度开始下行压力逐渐兑现，通过改革提振民企信心刻不容缓","freeDuration":"0","freeTime":"","channelDesc":"经济频道","time":"2018-09-30 10:02:59","attr":5,"channelId":129,"pict":{"imgs":[{"txt":"","url":"http://img.caixin.com/2018-09-30/1538274669191520_145_97.jpg"}],"num":1},"desc":"财新PMI分析|制造业景气续降 下行压力开始兑现"},{"cate":"100300005;100300184;101331600","comm":{"aid":"100","tid":"101331600"},"edit":{"head":"","link":"","name":"记者 张娱","rank":"","desc":""},"link":"http://economy.caixin.com/2018-09-30/101331600.html","nid":101331600,"subDesc":"要闻","video":"","type":0,"tags":[],"audioUrl":"http://audio.caixin.com/caixin/543/101331543.mp3","form":null,"summ":"制造业需求进一步转弱，新出口订单指数创2016年2月以来最低，需求对生产的拖累开始显现，企业对经营前景的信心度降至9个月最低","freeDuration":"48","freeTime":"","channelDesc":"经济频道","time":"2018-09-30 09:45:59","attr":5,"channelId":129,"pict":{"imgs":[{"txt":"","url":"http://img.caixin.com/2018-09-30/1538274669191520_145_97.jpg"}],"num":1},"desc":"9月财新中国制造业PMI录得50 结束连续15个月扩张"},{"cate":"100300005;101283975;101331394","comm":{"aid":"100","tid":"101331394"},"edit":{"head":"","link":"","name":"","rank":"","desc":""},"link":"http://economy.caixin.com/2018-09-29/101331394.html","nid":101331394,"subDesc":"要闻","video":"","type":0,"tags":[],"audioUrl":"http://audio.caixin.com/caixin/394/101331394.mp3","form":null,"summ":"","freeDuration":"0","freeTime":"","channelDesc":"经济频道","time":"2018-09-29 16:49:31","attr":0,"channelId":129,"pict":null,"desc":"财新数据|8月全国铁路完成货运量3.37亿吨"},{"cate":"100300005;101283975;101331373","comm":{"aid":"100","tid":"101331373"},"edit":{"head":"","link":"","name":"","rank":"","desc":""},"link":"http://economy.caixin.com/2018-09-29/101331373.html","nid":101331373,"subDesc":"要闻","video":"","type":0,"tags":[],"audioUrl":"http://audio.caixin.com/caixin/373/101331373.mp3","form":null,"summ":"","freeDuration":"0","freeTime":"","channelDesc":"经济频道","time":"2018-09-29 16:23:48","attr":0,"channelId":129,"pict":null,"desc":"财新数据|土耳其上半年外债总额达4570亿美元"},{"cate":"100300005;101283975;101331332","comm":{"aid":"100","tid":"101331332"},"edit":{"head":"","link":"","name":"","rank":"","desc":""},"link":"http://economy.caixin.com/2018-09-29/101331332.html","nid":101331332,"subDesc":"要闻","video":"","type":0,"tags":[],"audioUrl":"http://audio.caixin.com/caixin/332/101331332.mp3","form":null,"summ":"","freeDuration":"0","freeTime":"","channelDesc":"经济频道","time":"2018-09-29 14:27:14","attr":0,"channelId":129,"pict":null,"desc":"财新数据|9月北上资金净流入223.68亿元"},{"cate":"100300005;101283975;101331298","comm":{"aid":"100","tid":"101331298"},"edit":{"head":"","link":"","name":"","rank":"","desc":""},"link":"http://economy.caixin.com/2018-09-29/101331298.html","nid":101331298,"subDesc":"要闻","video":"","type":0,"tags":[],"audioUrl":"http://audio.caixin.com/caixin/298/101331298.mp3","form":null,"summ":"","freeDuration":"0","freeTime":"","channelDesc":"经济频道","time":"2018-09-29 11:23:33","attr":0,"channelId":129,"pict":null,"desc":"财新数据|中国2017年对外直接投资首次下降"},{"cate":"100300005;101283975;101331276","comm":{"aid":"100","tid":"101331276"},"edit":{"head":"","link":"","name":"","rank":"","desc":""},"link":"http://economy.caixin.com/2018-09-29/101331276.html","nid":101331276,"subDesc":"要闻","video":"","type":0,"tags":[],"audioUrl":"http://audio.caixin.com/caixin/276/101331276.mp3","form":null,"summ":"","freeDuration":"0","freeTime":"","channelDesc":"经济频道","time":"2018-09-29 10:57:45","attr":0,"channelId":129,"pict":null,"desc":"财新数据|2017年末银行理财规模29.54万亿元 增长放缓"},{"cate":"100300005;101283975;101331256","comm":{"aid":"100","tid":"101331256"},"edit":{"head":"","link":"","name":"","rank":"","desc":""},"link":"http://economy.caixin.com/2018-09-29/101331256.html","nid":101331256,"subDesc":"要闻","video":"","type":0,"tags":[],"audioUrl":"http://audio.caixin.com/caixin/256/101331256.mp3","form":null,"summ":"","freeDuration":"0","freeTime":"","channelDesc":"经济频道","time":"2018-09-29 10:03:43","attr":0,"channelId":129,"pict":null,"desc":"财新数据|外管局：二季度证券投资净流入610亿美元 创季度历史新高"},{"cate":"100300005;101283975;101331238","comm":{"aid":"100","tid":"101331238"},"edit":{"head":"","link":"","name":"","rank":"","desc":""},"link":"http://economy.caixin.com/2018-09-29/101331238.html","nid":101331238,"subDesc":"要闻","video":"","type":0,"tags":[],"audioUrl":"http://audio.caixin.com/caixin/238/101331238.mp3","form":null,"summ":"","freeDuration":"0","freeTime":"","channelDesc":"经济频道","time":"2018-09-29 09:33:41","attr":0,"channelId":129,"pict":null,"desc":"财新数据|二季度末中国外债规模升至1.87万亿美元"},{"cate":"100300005;100300184;101331091","comm":{"aid":"100","tid":"101331091"},"edit":{"head":"","link":"","name":"记者 张娱","rank":"","desc":""},"link":"http://economy.caixin.com/2018-09-28/101331091.html","nid":101331091,"subDesc":"要闻","video":"","type":0,"tags":[],"audioUrl":"http://audio.caixin.com/caixin/091/101331091.mp3","form":null,"summ":"主要受2016年底开始四部委对对外投资开展真实性、合规性调查影响；八成对外投资流向租赁和商务服务业、制造业、批发零售业、金融业，房地产业对外投资同比下降55.1%","freeDuration":"3","freeTime":"","channelDesc":"经济频道","time":"2018-09-28 19:41:49","attr":5,"channelId":129,"pict":{"imgs":[{"txt":"","url":"http://img.caixin.com/2018-09-28/1538135095502540_145_97.jpg"}],"num":1},"desc":"2017年中国对外投资首现负增长 对美投资大降62.1%"},{"cate":"100300005;101283975;101330915","comm":{"aid":"100","tid":"101330915"},"edit":{"head":"","link":"","name":"","rank":"","desc":""},"link":"http://economy.caixin.com/2018-09-28/101330915.html","nid":101330915,"subDesc":"要闻","video":"","type":0,"tags":[],"audioUrl":"http://audio.caixin.com/caixin/915/101330915.mp3","form":null,"summ":"","freeDuration":"0","freeTime":"","channelDesc":"经济频道","time":"2018-09-28 15:06:52","attr":0,"channelId":129,"pict":null,"desc":"财新数据|日本股市创27年新高"},{"cate":"100300005;101283975;101330890","comm":{"aid":"100","tid":"101330890"},"edit":{"head":"","link":"","name":"","rank":"","desc":""},"link":"http://economy.caixin.com/2018-09-28/101330890.html","nid":101330890,"subDesc":"要闻","video":"","type":0,"tags":[],"audioUrl":"http://audio.caixin.com/caixin/890/101330890.mp3","form":null,"summ":"","freeDuration":"0","freeTime":"","channelDesc":"经济频道","time":"2018-09-28 14:11:42","attr":0,"channelId":129,"pict":null,"desc":"财新数据|育龄妇女的二胎生育率提高至1.45%"},{"cate":"100300005;101283975;101330882","comm":{"aid":"100","tid":"101330882"},"edit":{"head":"","link":"","name":"","rank":"","desc":""},"link":"http://economy.caixin.com/2018-09-28/101330882.html","nid":101330882,"subDesc":"要闻","video":"","type":0,"tags":[],"audioUrl":"http://audio.caixin.com/caixin/882/101330882.mp3","form":null,"summ":"","freeDuration":"0","freeTime":"","channelDesc":"经济频道","time":"2018-09-28 14:04:39","attr":0,"channelId":129,"pict":null,"desc":"财新数据|美国抵押贷款利率升至逾七年来最高水平"},{"cate":"100300005;100300184;101330854","comm":{"aid":"100","tid":"101330854"},"edit":{"head":"","link":"","name":"记者 于海荣","rank":"","desc":""},"link":"http://economy.caixin.com/2018-09-28/101330854.html","nid":101330854,"subDesc":"要闻","video":"","type":0,"tags":[],"audioUrl":"http://audio.caixin.com/caixin/854/101330854.mp3","form":null,"summ":"第一轮统计数据截至2018年8月底，涵盖各级党政机关、事业单位、国有企业的举债融资、资产情况及政府中长期支出事项情况，旨在摸清隐性债务底数","freeDuration":"0","freeTime":"","channelDesc":"经济频道","time":"2018-09-28 11:43:09","attr":5,"channelId":129,"pict":{"imgs":[{"txt":"","url":"http://img.caixin.com/2018-09-28/1538106535113376_145_97.jpg"}],"num":1},"desc":"财政部监测全口径债务 按月持续统计"},{"cate":"100300005;101283975;101330839","comm":{"aid":"100","tid":"101330839"},"edit":{"head":"","link":"","name":"","rank":"","desc":""},"link":"http://economy.caixin.com/2018-09-28/101330839.html","nid":101330839,"subDesc":"要闻","video":"","type":0,"tags":[],"audioUrl":"http://audio.caixin.com/caixin/839/101330839.mp3","form":null,"summ":"","freeDuration":"0","freeTime":"","channelDesc":"经济频道","time":"2018-09-28 11:22:48","attr":0,"channelId":129,"pict":null,"desc":"财新数据|中国私募基金规模8月升至12.8万亿元 环比增长100亿元"},{"cate":"100300005;101283975;101330834","comm":{"aid":"100","tid":"101330834"},"edit":{"head":"","link":"","name":"","rank":"","desc":""},"link":"http://economy.caixin.com/2018-09-28/101330834.html","nid":101330834,"subDesc":"要闻","video":"","type":0,"tags":[],"audioUrl":"http://audio.caixin.com/caixin/834/101330834.mp3","form":null,"summ":"","freeDuration":"0","freeTime":"","channelDesc":"经济频道","time":"2018-09-28 11:06:34","attr":0,"channelId":129,"pict":null,"desc":"财新数据|香港8月出口同比增长13.1%"},{"cate":"100300005;101283975;101330811","comm":{"aid":"100","tid":"101330811"},"edit":{"head":"","link":"","name":"苏雪妮","rank":"","desc":""},"link":"http://economy.caixin.com/2018-09-28/101330811.html","nid":101330811,"subDesc":"要闻","video":"","type":0,"tags":[],"audioUrl":"http://audio.caixin.com/caixin/811/101330811.mp3","form":null,"summ":"","freeDuration":"0","freeTime":"","channelDesc":"经济频道","time":"2018-09-28 10:33:13","attr":0,"channelId":129,"pict":null,"desc":"财新数据|8月美国商品贸易逆差接近历史最高纪录"},{"cate":"100300005;101283975;101330805","comm":{"aid":"100","tid":"101330805"},"edit":{"head":"","link":"","name":"","rank":"","desc":""},"link":"http://economy.caixin.com/2018-09-28/101330805.html","nid":101330805,"subDesc":"要闻","video":"","type":0,"tags":[],"audioUrl":"http://audio.caixin.com/caixin/805/101330805.mp3","form":null,"summ":"","freeDuration":"0","freeTime":"","channelDesc":"经济频道","time":"2018-09-28 10:25:07","attr":0,"channelId":129,"pict":null,"desc":"财新数据|二季度外商对美直接投资四年来首次转为净流出"},{"cate":"100300005;101283975;101330565","comm":{"aid":"100","tid":"101330565"},"edit":{"head":"","link":"","name":"陈萌","rank":"","desc":""},"link":"http://economy.caixin.com/2018-09-27/101330565.html","nid":101330565,"subDesc":"要闻","video":"","type":0,"tags":[],"audioUrl":"http://audio.caixin.com/caixin/565/101330565.mp3","form":null,"summ":"","freeDuration":"0","freeTime":"","channelDesc":"经济频道","time":"2018-09-27 17:39:44","attr":0,"channelId":129,"pict":null,"desc":"财新数据|8月全国快递业收入同比增长20.9%"},{"cate":"100300005;101283975;101330514","comm":{"aid":"100","tid":"101330514"},"edit":{"head":"","link":"","name":"","rank":"","desc":""},"link":"http://economy.caixin.com/2018-09-27/101330514.html","nid":101330514,"subDesc":"要闻","video":"","type":0,"tags":[],"audioUrl":"http://audio.caixin.com/caixin/514/101330514.mp3","form":null,"summ":"","freeDuration":"0","freeTime":"","channelDesc":"经济频道","time":"2018-09-27 16:05:44","attr":0,"channelId":129,"pict":null,"desc":"财新数据|香港银行系统总结余降至764亿港元"},{"cate":"100300005;101283975;101330493","comm":{"aid":"100","tid":"101330493"},"edit":{"head":"","link":"","name":"","rank":"","desc":""},"link":"http://economy.caixin.com/2018-09-27/101330493.html","nid":101330493,"subDesc":"要闻","video":"","type":0,"tags":[],"audioUrl":"http://audio.caixin.com/caixin/493/101330493.mp3","form":null,"summ":"","freeDuration":"0","freeTime":"","channelDesc":"经济频道","time":"2018-09-27 15:49:18","attr":0,"channelId":129,"pict":null,"desc":"财新数据|工业机器人产量增速跌破20%"},{"cate":"100300005;100300184;101330396","comm":{"aid":"100","tid":"101330396"},"edit":{"head":"","link":"","name":"记者 程思炜","rank":"","desc":""},"link":"http://economy.caixin.com/2018-09-27/101330396.html","nid":101330396,"subDesc":"要闻","video":"","type":0,"tags":[],"audioUrl":"http://audio.caixin.com/caixin/396/101330396.mp3","form":null,"summ":"主要受企业收入增速和价格涨幅双回落影响；利润仍集中在上游行业和国有企业，也呈回落态势","freeDuration":"3","freeTime":"","channelDesc":"经济频道","time":"2018-09-27 10:31:23","attr":5,"channelId":129,"pict":{"imgs":[{"txt":"","url":"http://img.caixin.com/2018-09-27/1538015661613821_145_97.jpg"}],"num":1},"desc":"8月工业企业利润增速降至9.2% 连降四个月"},{"cate":"100300005;101283975;101330383","comm":{"aid":"100","tid":"101330383"},"edit":{"head":"","link":"","name":"","rank":"","desc":""},"link":"http://economy.caixin.com/2018-09-27/101330383.html","nid":101330383,"subDesc":"要闻","video":"","type":0,"tags":[],"audioUrl":"http://audio.caixin.com/caixin/383/101330383.mp3","form":null,"summ":"","freeDuration":"0","freeTime":"","channelDesc":"经济频道","time":"2018-09-27 10:19:28","attr":0,"channelId":129,"pict":null,"desc":"财新数据|中国8月工业企业利润同比增速大幅放缓"},{"cate":"100300005;101283975;101330371","comm":{"aid":"100","tid":"101330371"},"edit":{"head":"","link":"","name":"","rank":"","desc":""},"link":"http://economy.caixin.com/2018-09-27/101330371.html","nid":101330371,"subDesc":"要闻","video":"","type":0,"tags":[],"audioUrl":"http://audio.caixin.com/caixin/371/101330371.mp3","form":null,"summ":"","freeDuration":"0","freeTime":"","channelDesc":"经济频道","time":"2018-09-27 09:52:01","attr":0,"channelId":129,"pict":null,"desc":"财新数据|美联储年内第三次加息"},{"cate":"100300005;101283975;101330186","comm":{"aid":"100","tid":"101330186"},"edit":{"head":"","link":"","name":"","rank":"","desc":""},"link":"http://economy.caixin.com/2018-09-26/101330186.html","nid":101330186,"subDesc":"要闻","video":"","type":0,"tags":[],"audioUrl":"http://audio.caixin.com/caixin/186/101330186.mp3","form":null,"summ":"","freeDuration":"0","freeTime":"","channelDesc":"经济频道","time":"2018-09-26 17:51:36","attr":0,"channelId":129,"pict":null,"desc":"财新数据|中国8月服务贸易逆差创14个月新高"},{"cate":"100300005;101283975;101330181","comm":{"aid":"100","tid":"101330181"},"edit":{"head":"","link":"","name":"","rank":"","desc":""},"link":"http://economy.caixin.com/2018-09-26/101330181.html","nid":101330181,"subDesc":"要闻","video":"","type":0,"tags":[],"audioUrl":"http://audio.caixin.com/caixin/181/101330181.mp3","form":null,"summ":"","freeDuration":"0","freeTime":"","channelDesc":"经济频道","time":"2018-09-26 17:48:46","attr":0,"channelId":129,"pict":null,"desc":"财新数据|中国6月末银行业对外净负债较3月末降17%"},{"cate":"100300005;101283975;101330154","comm":{"aid":"100","tid":"101330154"},"edit":{"head":"","link":"","name":"","rank":"","desc":""},"link":"http://economy.caixin.com/2018-09-26/101330154.html","nid":101330154,"subDesc":"要闻","video":"","type":0,"tags":[],"audioUrl":"http://audio.caixin.com/caixin/154/101330154.mp3","form":null,"summ":"","freeDuration":"0","freeTime":"","channelDesc":"经济频道","time":"2018-09-26 17:11:20","attr":0,"channelId":129,"pict":null,"desc":"财新数据|香港贸发局出口指数创12年来最大跌幅"},{"cate":"100300005;100300184;101330149","comm":{"aid":"100","tid":"101330149"},"edit":{"head":"","link":"","name":"记者 程思炜","rank":"","desc":""},"link":"http://economy.caixin.com/2018-09-26/101330149.html","nid":101330149,"subDesc":"要闻","video":"","type":0,"tags":[],"audioUrl":"http://audio.caixin.com/caixin/149/101330149.mp3","form":null,"summ":"近期拟分批次与省级担保再担保机构开展再担保合作，下一步选择优质省级担保再担保机构开展股权投资试点，旨在通过政策性融资担保体系，引导更多金融资源流向小微企业、“三农”等普惠领域","freeDuration":"3","freeTime":"","channelDesc":"经济频道","time":"2018-09-26 17:06:13","attr":5,"channelId":129,"pict":{"imgs":[{"txt":"","url":"http://img.caixin.com/2018-09-26/1537953189463198_145_97.jpg"}],"num":1},"desc":"融担基金首批业务签约 与八家省级担保机构合作"},{"cate":"100300005;101283975;101330113","comm":{"aid":"100","tid":"101330113"},"edit":{"head":"","link":"","name":"","rank":"","desc":""},"link":"http://economy.caixin.com/2018-09-26/101330113.html","nid":101330113,"subDesc":"要闻","video":"","type":0,"tags":[],"audioUrl":"http://audio.caixin.com/caixin/113/101330113.mp3","form":null,"summ":"","freeDuration":"0","freeTime":"","channelDesc":"经济频道","time":"2018-09-26 15:45:02","attr":0,"channelId":129,"pict":null,"desc":"财新数据|前八月国企利润总额23031.9亿元 同比增长20.7%"},{"cate":"100300005;100300184;101330046","comm":{"aid":"100","tid":"101330046"},"edit":{"head":"","link":"","name":"记者 程思炜","rank":"","desc":""},"link":"http://economy.caixin.com/2018-09-26/101330046.html","nid":101330046,"subDesc":"要闻","video":"","type":0,"tags":[],"audioUrl":"http://audio.caixin.com/caixin/046/101330046.mp3","form":null,"summ":"力争用三到五年时间基本建成全方位、全过程、全覆盖的预算绩效管理体系，四本预算全部纳入绩效管理，绩效评价结果将与预算安排和政策调整挂钩","freeDuration":"0","freeTime":"","channelDesc":"经济频道","time":"2018-09-26 13:35:32","attr":5,"channelId":129,"pict":{"imgs":[{"txt":"","url":"http://img.caixin.com/2018-09-12/1536755402305097_145_97.jpg"}],"num":1},"desc":"预算绩效管理全面实施 政府花钱将问绩效"},{"cate":"100300005;101283975;101330012","comm":{"aid":"100","tid":"101330012"},"edit":{"head":"","link":"","name":"","rank":"","desc":""},"link":"http://economy.caixin.com/2018-09-26/101330012.html","nid":101330012,"subDesc":"要闻","video":"","type":0,"tags":[],"audioUrl":"http://audio.caixin.com/caixin/012/101330012.mp3","form":null,"summ":"","freeDuration":"0","freeTime":"","channelDesc":"经济频道","time":"2018-09-26 11:23:39","attr":0,"channelId":129,"pict":null,"desc":"财新数据|中国环境污染治理投资总额为9220亿元"},{"cate":"100300005;101283975;101329977","comm":{"aid":"100","tid":"101329977"},"edit":{"head":"","link":"","name":"","rank":"","desc":""},"link":"http://economy.caixin.com/2018-09-26/101329977.html","nid":101329977,"subDesc":"要闻","video":"","type":0,"tags":[],"audioUrl":"http://audio.caixin.com/caixin/977/101329977.mp3","form":null,"summ":"","freeDuration":"0","freeTime":"","channelDesc":"经济频道","time":"2018-09-26 10:23:34","attr":0,"channelId":129,"pict":null,"desc":"财新数据|美国9月消费者信心触及18年高点"},{"cate":"100300005;100300184;101329917","comm":{"aid":"100","tid":"101329917"},"edit":{"head":"","link":"","name":"记者 于海荣","rank":"","desc":""},"link":"http://economy.caixin.com/2018-09-26/101329917.html","nid":101329917,"subDesc":"要闻","video":"","type":0,"tags":[],"audioUrl":"http://audio.caixin.com/caixin/917/101329917.mp3","form":null,"summ":"通过政府购买服务、通过下属企业借款等方式违规举债；6省份11个市县（区）虚增财政收入48.33亿元；吉林6市县挪用财政资金48.3亿元，用于拆迁补偿、偿还债务等支出","freeDuration":"3","freeTime":"","channelDesc":"经济频道","time":"2018-09-26 08:54:04","attr":5,"channelId":129,"pict":{"imgs":[{"txt":"","url":"http://img.caixin.com/2018-07-29/1532829270171358_145_97.jpg"}],"num":1},"desc":"审计署：六省份九市县违规举债89亿元"},{"cate":"100300005;100300184;101329852","comm":{"aid":"100","tid":"101329852"},"edit":{"head":"","link":"","name":"记者 屈慧","rank":"","desc":""},"link":"http://economy.caixin.com/2018-09-25/101329852.html","nid":101329852,"subDesc":"要闻","video":"","type":0,"tags":[],"audioUrl":"http://audio.caixin.com/caixin/852/101329852.mp3","form":null,"summ":"专家认为，一座城市是否需要升级成直辖市，要看中央政府的整体布局。过往设立直辖市，中央都考虑了经济、社会、人口、区域影响力等多方面因素","freeDuration":"0","freeTime":"","channelDesc":"经济频道","time":"2018-09-25 20:10:13","attr":5,"channelId":129,"pict":{"imgs":[{"txt":"","url":"http://img.caixin.com/2018-09-25/1537877945241349_145_97.jpg"}],"num":1},"desc":"深圳辟谣直辖传闻 谣言“活力”来自何处？"},{"cate":"100300005;101283975;101329831","comm":{"aid":"100","tid":"101329831"},"edit":{"head":"","link":"","name":"","rank":"","desc":""},"link":"http://economy.caixin.com/2018-09-25/101329831.html","nid":101329831,"subDesc":"要闻","video":"","type":0,"tags":[],"audioUrl":"http://audio.caixin.com/caixin/831/101329831.mp3","form":null,"summ":"","freeDuration":"0","freeTime":"","channelDesc":"经济频道","time":"2018-09-25 18:49:13","attr":0,"channelId":129,"pict":null,"desc":"财新数据|东北粮食产量占全国五分之一"},{"cate":"100300005;101283975;101329794","comm":{"aid":"100","tid":"101329794"},"edit":{"head":"","link":"","name":"","rank":"","desc":""},"link":"http://economy.caixin.com/2018-09-25/101329794.html","nid":101329794,"subDesc":"要闻","video":"","type":0,"tags":[],"audioUrl":"http://audio.caixin.com/caixin/794/101329794.mp3","form":null,"summ":"","freeDuration":"0","freeTime":"","channelDesc":"经济频道","time":"2018-09-25 17:39:45","attr":0,"channelId":129,"pict":null,"desc":"财新数据|图解中国关于中美经贸摩擦白皮书"},{"cate":"100300005;101283975;101329777","comm":{"aid":"100","tid":"101329777"},"edit":{"head":"","link":"","name":"","rank":"","desc":""},"link":"http://economy.caixin.com/2018-09-25/101329777.html","nid":101329777,"subDesc":"要闻","video":"","type":0,"tags":[],"audioUrl":"http://audio.caixin.com/caixin/777/101329777.mp3","form":null,"summ":"","freeDuration":"0","freeTime":"","channelDesc":"经济频道","time":"2018-09-25 17:28:58","attr":0,"channelId":129,"pict":null,"desc":"财新数据|中国前八月个税收入突破1万亿 超2016年全年"},{"cate":"100300005;101283975;101329641","comm":{"aid":"100","tid":"101329641"},"edit":{"head":"","link":"","name":"","rank":"","desc":""},"link":"http://economy.caixin.com/2018-09-25/101329641.html","nid":101329641,"subDesc":"要闻","video":"","type":0,"tags":[],"audioUrl":"http://audio.caixin.com/caixin/641/101329641.mp3","form":null,"summ":"","freeDuration":"0","freeTime":"","channelDesc":"经济频道","time":"2018-09-25 11:25:58","attr":0,"channelId":129,"pict":null,"desc":"财新数据|沪指周涨4.3% 两市融资余额七连降跌破8300亿元"},{"cate":"100300005;101283975;101329616","comm":{"aid":"100","tid":"101329616"},"edit":{"head":"","link":"","name":"陈萌","rank":"","desc":""},"link":"http://economy.caixin.com/2018-09-25/101329616.html","nid":101329616,"subDesc":"要闻","video":"","type":0,"tags":[],"audioUrl":"http://audio.caixin.com/caixin/616/101329616.mp3","form":null,"summ":"","freeDuration":"0","freeTime":"","channelDesc":"经济频道","time":"2018-09-25 11:05:06","attr":0,"channelId":129,"pict":null,"desc":"财新数据|前八月中国与朝鲜总贸易额同比跌57.8%"},{"cate":"100300005;101283975;101328964","comm":{"aid":"100","tid":"101328964"},"edit":{"head":"","link":"","name":"","rank":"","desc":""},"link":"http://economy.caixin.com/2018-09-21/101328964.html","nid":101328964,"subDesc":"要闻","video":"","type":0,"tags":[],"audioUrl":"http://audio.caixin.com/caixin/964/101328964.mp3","form":null,"summ":"","freeDuration":"0","freeTime":"","channelDesc":"经济频道","time":"2018-09-21 14:33:56","attr":0,"channelId":129,"pict":null,"desc":"财新数据|第三产业占GDP比重上升至51.6%"},{"cate":"100300005;101283975;101328948","comm":{"aid":"100","tid":"101328948"},"edit":{"head":"","link":"","name":"","rank":"","desc":""},"link":"http://economy.caixin.com/2018-09-21/101328948.html","nid":101328948,"subDesc":"要闻","video":"","type":0,"tags":[],"audioUrl":"http://audio.caixin.com/caixin/948/101328948.mp3","form":null,"summ":"","freeDuration":"0","freeTime":"","channelDesc":"经济频道","time":"2018-09-21 14:01:05","attr":0,"channelId":129,"pict":null,"desc":"财新数据|东北三省养老金余额占全国比重显著下滑"},{"cate":"100300005;101283975;101328891","comm":{"aid":"100","tid":"101328891"},"edit":{"head":"","link":"","name":"","rank":"","desc":""},"link":"http://economy.caixin.com/2018-09-21/101328891.html","nid":101328891,"subDesc":"要闻","video":"","type":0,"tags":[],"audioUrl":"http://audio.caixin.com/caixin/891/101328891.mp3","form":null,"summ":"","freeDuration":"0","freeTime":"","channelDesc":"经济频道","time":"2018-09-21 12:30:38","attr":0,"channelId":129,"pict":null,"desc":"财新数据|安倍晋三治下日本：人口持续下滑 央行资产负债表疯狂扩张"},{"cate":"100300005;101283975;101328873","comm":{"aid":"100","tid":"101328873"},"edit":{"head":"","link":"","name":"苏雪妮","rank":"","desc":""},"link":"http://economy.caixin.com/2018-09-21/101328873.html","nid":101328873,"subDesc":"要闻","video":"","type":0,"tags":[],"audioUrl":"http://audio.caixin.com/caixin/873/101328873.mp3","form":null,"summ":"","freeDuration":"0","freeTime":"","channelDesc":"经济频道","time":"2018-09-21 11:58:58","attr":0,"channelId":129,"pict":null,"desc":"财新数据|中国2017年恩格尔系数低于30% 进入最富裕国家行列"},{"cate":"100300005;101283975;101328828","comm":{"aid":"100","tid":"101328828"},"edit":{"head":"","link":"","name":"","rank":"","desc":""},"link":"http://economy.caixin.com/2018-09-21/101328828.html","nid":101328828,"subDesc":"要闻","video":"","type":0,"tags":[],"audioUrl":"http://audio.caixin.com/caixin/828/101328828.mp3","form":null,"summ":"","freeDuration":"0","freeTime":"","channelDesc":"经济频道","time":"2018-09-21 10:34:14","attr":0,"channelId":129,"pict":null,"desc":"财新数据|8月银行结售汇逆差149亿美元 创2017年7月以来最大"},{"cate":"100300005;100300184;101328612","comm":{"aid":"100","tid":"101328612"},"edit":{"head":"","link":"","name":"记者 张娱","rank":"","desc":""},"link":"http://economy.caixin.com/2018-09-20/101328612.html","nid":101328612,"subDesc":"要闻","video":"","type":0,"tags":[],"audioUrl":"http://audio.caixin.com/caixin/612/101328612.mp3","form":null,"summ":"中方正在评估美国对2000亿美元输美商品加征关税的影响，适时公布针对性措施，重申不会将人民币汇率作为应对贸易摩擦的工具","freeDuration":"6","freeTime":"","channelDesc":"经济频道","time":"2018-09-20 17:42:11","attr":5,"channelId":129,"pict":{"imgs":[{"txt":"","url":"http://img.caixin.com/2018-09-20/1537436872056542_145_97.jpg"}],"num":1},"desc":"商务部：正在研究针对性措施应对关税挑战"}],"start":200,"count":100,"maxes":1000}