{"datas":[{"cate":"100300005;100300184;101209444","comm":{"aid":"100","tid":"101209444"},"edit":{"head":"","link":"","name":"实习记者 张娱","rank":"","desc":""},"link":"http://economy.caixin.com/2018-02-09/101209444.html","nid":101209444,"subDesc":"要闻","video":"","type":0,"tags":[],"audioUrl":"http://audio.caixin.com/caixin/444/101209444.mp3","form":null,"summ":"CPI同比增速录得六个月来最低，已连续12个月低于2%；PPI同比增速为14个月来最低","freeDuration":"48","freeTime":"","channelDesc":"经济频道","time":"2018-02-09 10:45:08","attr":5,"channelId":129,"pict":{"imgs":[{"txt":"","url":"http://img.caixin.com/2017-06-21/1498007360046599_145_97.jpg"}],"num":1},"desc":"1月CPI、PPI同比涨幅双双收窄"},{"cate":"100300005;100300184;101209164","comm":{"aid":"100","tid":"101209164"},"edit":{"head":"","link":"","name":"记者 王晓霞","rank":"","desc":""},"link":"http://economy.caixin.com/2018-02-08/101209164.html","nid":101209164,"subDesc":"要闻","video":"","type":0,"tags":[],"audioUrl":"http://audio.caixin.com/caixin/164/101209164.mp3","form":null,"summ":"涉及义务教育、基本养老保险、基本医疗保障、基本卫生计生、基本住房保障等八大类公共服务，规范相关保障标准和分担比例，促进基本公共服务均等化水平的提高","freeDuration":"24","freeTime":"","channelDesc":"经济频道","time":"2018-02-08 17:12:02","attr":5,"channelId":129,"pict":{"imgs":[{"txt":"","url":"http://img.caixin.com/2018-02-08/1518081714926755_145_97.jpg"}],"num":1},"desc":"央地财政事权重磅调整 基本公共服务力求均等化"},{"cate":"100300005;100300184;101209076","comm":{"aid":"100","tid":"101209076"},"edit":{"head":"","link":"","name":"实习记者 张娱","rank":"","desc":""},"link":"http://economy.caixin.com/2018-02-08/101209076.html","nid":101209076,"subDesc":"要闻","video":"","type":0,"tags":[],"audioUrl":"http://audio.caixin.com/caixin/076/101209076.mp3","form":{"txt":"宏观数据","url":"http://economy.caixin.com/macro_economy/"},"summ":"或与年末年初存在错位现象以及春节因素有关，贸易改善的可持续性仍有待观察","freeDuration":"48","freeTime":"","channelDesc":"经济频道","time":"2018-02-08 15:25:00","attr":5,"channelId":129,"pict":{"imgs":[{"txt":"","url":"http://img.caixin.com/2018-02-08/1518075027468791_145_97.jpg"}],"num":1},"desc":"1月进口增速反弹超出口 贸易顺差大幅收窄"},{"cate":"100300005;100300184;101208161","comm":{"aid":"100","tid":"101208161"},"edit":{"head":"","link":"","name":"记者 王晓霞","rank":"","desc":""},"link":"http://economy.caixin.com/2018-02-06/101208161.html","nid":101208161,"subDesc":"要闻","video":"","type":0,"tags":[],"audioUrl":"http://audio.caixin.com/caixin/161/101208161.mp3","form":null,"summ":"积极推动示范项目与中国政企合作投资基金、民营企业合作对接；中央财政将在安排PPP项目以奖代补资金时，对民营企业参与的项目给予优先支持","freeDuration":"24","freeTime":"","channelDesc":"经济频道","time":"2018-02-06 19:49:02","attr":5,"channelId":129,"pict":{"imgs":[{"txt":"","url":"http://img.caixin.com/2018-02-06/1517917993875357_145_97.jpg"}],"num":1},"desc":"财政部第四批PPP示范项目共396个 优先支持民企参与项目"},{"cate":"100300005;100300184;101207749","comm":{"aid":"100","tid":"101207749"},"edit":{"head":"","link":"","name":"记者 王晓霞","rank":"","desc":""},"link":"http://economy.caixin.com/2018-02-06/101207749.html","nid":101207749,"subDesc":"要闻","video":"","type":0,"tags":[],"audioUrl":"http://audio.caixin.com/caixin/749/101207749.mp3","form":null,"summ":"经济终端需求可能在2018年上半年会有小幅回升，今后三年GDP年均增速达到6.3%，就可以实现2020年全面建成小康社会的目标","freeDuration":"9","freeTime":"","channelDesc":"经济频道","time":"2018-02-06 10:17:41","attr":5,"channelId":129,"pict":{"imgs":[{"txt":"","url":"http://img.caixin.com/2018-02-06/1517883692944487_145_97.jpg"}],"num":1},"desc":"刘世锦：做优做实中国经济要防风险、挤泡沫、稳利润"},{"cate":"100300005;100300184;101207551","comm":{"aid":"100","tid":"101207551"},"edit":{"head":"","link":"","name":"记者  王晓霞","rank":"","desc":""},"link":"http://economy.caixin.com/2018-02-05/101207551.html","nid":101207551,"subDesc":"要闻","video":"","type":0,"tags":[],"audioUrl":"http://audio.caixin.com/caixin/551/101207551.mp3","form":null,"summ":"分歧的关键是适用文件不同，“原则上比照”与财税文件规定并不一致；对每次交易的所得征税，且转让所得盈利时要交税，亏损时不能抵扣，相关政策需要进一步完善","freeDuration":"0","freeTime":"","channelDesc":"经济频道","time":"2018-02-05 18:04:39","attr":5,"channelId":129,"pict":{"imgs":[{"txt":"","url":"http://img.caixin.com/2017-12-23/1514002169831932_145_97.jpg"}],"num":1},"desc":"新三板股权转让所得需缴个税？财税部门正在沟通"},{"cate":"100300005;100300184;101207294","comm":{"aid":"100","tid":"101207294"},"edit":{"head":"","link":"","name":"实习记者 张娱","rank":"","desc":""},"link":"http://economy.caixin.com/2018-02-05/101207294.html","nid":101207294,"subDesc":"要闻","video":"","type":0,"tags":[],"audioUrl":"http://audio.caixin.com/caixin/294/101207294.mp3","form":null,"summ":"新业务快速增长使服务业经营活动增速加快，服务业平均投入成本加速上扬，但成本上升未完全传导至产成品端；财新中国PMI升至53.7，创七年来新高","freeDuration":"0","freeTime":"","channelDesc":"经济频道","time":"2018-02-05 09:45:00","attr":0,"channelId":129,"pict":{"imgs":[{"txt":"","url":"http://img.caixin.com/2018-02-05/1517792151953248_145_97.jpg"}],"num":1},"desc":"1月财新中国服务业PMI录得54.7 为2012年5月以来最高"},{"cate":"100300005;100300184;101207295","comm":{"aid":"100","tid":"101207295"},"edit":{"head":"","link":"","name":"记者 于海荣","rank":"","desc":""},"link":"http://economy.caixin.com/2018-02-05/101207295.html","nid":101207295,"subDesc":"要闻","video":"","type":0,"tags":[],"audioUrl":"http://audio.caixin.com/caixin/295/101207295.mp3","form":null,"summ":"制造业、服务业景气度高企，但在防控风险的政策基调下，需继续关注需求端的稳定性","freeDuration":"0","freeTime":"","channelDesc":"经济频道","time":"2018-02-05 09:45:00","attr":5,"channelId":129,"pict":{"imgs":[{"txt":"","url":"http://img.caixin.com/2018-02-05/1517792151953248_145_97.jpg"}],"num":1},"desc":"财新PMI分析|经济开局良好 需求扩张仍将承压"},{"cate":"100300005;100300184;101206116","comm":{"aid":"100","tid":"101206116"},"edit":{"head":"","link":"","name":"记者 王晓霞","rank":"","desc":""},"link":"http://economy.caixin.com/2018-02-01/101206116.html","nid":101206116,"subDesc":"要闻","video":"","type":0,"tags":[],"audioUrl":"http://audio.caixin.com/caixin/116/101206116.mp3","form":null,"summ":"融资平台违规将公益性资产作抵押发行企业债，中兴华会计师事务关注到这一情况，仍为其发行企业债出具标准无保留审计意见","freeDuration":"6","freeTime":"","channelDesc":"经济频道","time":"2018-02-01 17:23:52","attr":5,"channelId":129,"pict":{"imgs":[{"txt":"","url":"http://img.caixin.com/2018-01-13/1515815741019097_145_97.jpg"}],"num":1},"desc":"地方违法违规举债问责扩围 四名会计师被行政警告"},{"cate":"100300005;100300184;101205847","comm":{"aid":"100","tid":"101205847"},"edit":{"head":"","link":"","name":"记者 于海荣","rank":"","desc":""},"link":"http://economy.caixin.com/2018-02-01/101205847.html","nid":101205847,"subDesc":"要闻","video":"","type":0,"tags":[],"audioUrl":"http://audio.caixin.com/caixin/847/101205847.mp3","form":null,"summ":"2018年制造业开局良好，但在防控风险的政策基调下，需继续关注需求端的稳定性","freeDuration":"0","freeTime":"","channelDesc":"经济频道","time":"2018-02-01 09:45:00","attr":5,"channelId":129,"pict":null,"desc":"财新PMI分析|制造业维持高景气 需求扩张仍将承压"},{"cate":"100300005;100300184;101205823","comm":{"aid":"100","tid":"101205823"},"edit":{"head":"","link":"","name":"实习记者 张娱","rank":"","desc":""},"link":"http://economy.caixin.com/2018-02-01/101205823.html","nid":101205823,"subDesc":"要闻","video":"","type":0,"tags":[],"audioUrl":"http://audio.caixin.com/caixin/823/101205823.mp3","form":null,"summ":"产出指数增速创13个月来最高，订单扩张速度略有放缓，用工继续收缩，原材料和出厂价格涨幅收窄","freeDuration":"0","freeTime":"","channelDesc":"经济频道","time":"2018-02-01 09:45:00","attr":0,"channelId":129,"pict":null,"desc":"1月财新中国制造业PMI录得51.5 与上月持平"},{"cate":"100300005;100300184;101205273","comm":{"aid":"100","tid":"101205273"},"edit":{"head":"","link":"","name":"实习记者 张娱","rank":"","desc":""},"link":"http://economy.caixin.com/2018-01-31/101205273.html","nid":101205273,"subDesc":"要闻","video":"","type":0,"tags":[],"audioUrl":"http://audio.caixin.com/caixin/273/101205273.mp3","form":null,"summ":"制造业PMI下降0.3个百分点至51.3，非制造业PMI稳中有升，录得55.3，非制造业扩张速度快于制造业","freeDuration":"48","freeTime":"","channelDesc":"经济频道","time":"2018-01-31 09:57:57","attr":5,"channelId":129,"pict":{"imgs":[{"txt":"","url":"http://img.caixin.com/2018-01-31/1517364118765755_145_97.jpg"}],"num":1},"desc":"国家统计局首次发布综合PMI 1月录得54.6"},{"cate":"100300005;100300184;101204955","comm":{"aid":"100","tid":"101204955"},"edit":{"head":"","link":"","name":"记者 王晓霞","rank":"","desc":""},"link":"http://economy.caixin.com/2018-01-30/101204955.html","nid":101204955,"subDesc":"要闻","video":"","type":0,"tags":[{"txt":"中美贸易龃龉","url":"http://tag.caixin.com/tag/%E4%B8%AD%E7%BE%8E%E8%B4%B8%E6%98%93%E9%BE%83%E9%BE%89"}],"audioUrl":"http://audio.caixin.com/caixin/955/101204955.mp3","form":null,"summ":"特朗普政府更为强势鹰派的对华贸易政策调整布局已大体完成，2018年中美贸易摩擦风险上升","freeDuration":"9","freeTime":"","channelDesc":"经济频道","time":"2018-01-30 15:58:03","attr":5,"channelId":129,"pict":{"imgs":[{"txt":"","url":"http://img.caixin.com/2018-01-30/1517299631534556_145_97.jpg"}],"num":1},"desc":"中美贸易战势不可免 北大教授建议加快改革"},{"cate":"100300005;100300184;101204742","comm":{"aid":"100","tid":"101204742"},"edit":{"head":"","link":"","name":"记者 王晓霞","rank":"","desc":""},"link":"http://economy.caixin.com/2018-01-30/101204742.html","nid":101204742,"subDesc":"要闻","video":"","type":0,"tags":[{"txt":"中美贸易龃龉","url":"http://tag.caixin.com/tag/%E4%B8%AD%E7%BE%8E%E8%B4%B8%E6%98%93%E9%BE%83%E9%BE%89"}],"audioUrl":"http://audio.caixin.com/caixin/742/101204742.mp3","form":{"txt":"国际经济","url":"http://economy.caixin.com/global_economy/"},"summ":"美国大众普遍超前消费，国内需求大于供给，必然导致需要大量从国外进口产品；中国对美国的贸易顺差中，相当大一部分是其他东亚国家和地区对美贸易顺差的反映","freeDuration":"48","freeTime":"","channelDesc":"经济频道","time":"2018-01-30 09:13:39","attr":5,"channelId":129,"pict":{"imgs":[{"txt":"","url":"http://img.caixin.com/2018-01-30/1517275026431132_145_97.jpg"}],"num":1},"desc":"林毅夫：美国贸易逆差扩大的根源在其国内|观点精选"},{"cate":"100300005;100300184;101204697","comm":{"aid":"100","tid":"101204697"},"edit":{"head":"","link":"","name":"记者 于海荣","rank":"","desc":""},"link":"http://economy.caixin.com/2018-01-30/101204697.html","nid":101204697,"subDesc":"要闻","video":"","type":0,"tags":[],"audioUrl":"http://audio.caixin.com/caixin/697/101204697.mp3","form":null,"summ":"过度的混业造成一系列金融乱象，风险传染的渠道极不透明，加拿大的监管模式值得借鉴","freeDuration":"48","freeTime":"","channelDesc":"经济频道","time":"2018-01-30 07:03:02","attr":5,"channelId":129,"pict":{"imgs":[{"txt":"","url":"http://img.caixin.com/2017-04-21/1492782070962750_145_97.jpg"}],"num":1},"desc":"楼继伟：金融乱象风险大 不能犯颠覆性错误|观点精选"},{"cate":"100300005;100300184;101204691","comm":{"aid":"100","tid":"101204691"},"edit":{"head":"","link":"","name":"记者 于海荣","rank":"","desc":""},"link":"http://economy.caixin.com/2018-01-30/101204691.html","nid":101204691,"subDesc":"要闻","video":"","type":0,"tags":[],"audioUrl":"http://audio.caixin.com/caixin/691/101204691.mp3","form":null,"summ":"供给侧改革应重点关注推动要素自由流动、简政减税降费、加大民间投资保护力度、继续扩大对外开放、防范和化解金融风险等方面","freeDuration":"6","freeTime":"","channelDesc":"经济频道","time":"2018-01-30 07:00:02","attr":5,"channelId":129,"pict":{"imgs":[{"txt":"","url":"http://img.caixin.com/2018-01-30/1517271650671678_145_97.jpg"}],"num":1},"desc":"楼继伟：财政和货币总量政策空间不大"},{"cate":"100300005;100300184;101204515","comm":{"aid":"100","tid":"101204515"},"edit":{"head":"","link":"","name":"驻香港见习记者 刘雁菲","rank":"","desc":""},"link":"http://economy.caixin.com/2018-01-29/101204515.html","nid":101204515,"subDesc":"要闻","video":"","type":0,"tags":[],"audioUrl":"http://audio.caixin.com/caixin/515/101204515.mp3","form":null,"summ":"广东省官员近期表示，《粤港澳大湾区发展规划纲要》已顺利完成，有望近期获得批准实施","freeDuration":"6","freeTime":"","channelDesc":"经济频道","time":"2018-01-29 17:49:34","attr":5,"channelId":129,"pict":{"imgs":[{"txt":"","url":"http://img.caixin.com/2018-01-29/1517219613163491_145_97.jpg"}],"num":1},"desc":"陈茂波：粤港澳大湾区有潜力超越世界其他湾区"},{"cate":"100300005;100300184;101204096","comm":{"aid":"100","tid":"101204096"},"edit":{"head":"","link":"","name":"记者 王晓霞","rank":"","desc":""},"link":"http://economy.caixin.com/2018-01-28/101204096.html","nid":101204096,"subDesc":"要闻","video":"","type":0,"tags":[],"audioUrl":"http://audio.caixin.com/caixin/096/101204096.mp3","form":{"txt":"宏观数据","url":"http://economy.caixin.com/macro_economy/"},"summ":"PPP管理库中，内蒙古、甘肃、辽宁、海南、陕西2017年12月末项目数低于9月末；使用者付费类项目占比仍在下降","freeDuration":"6","freeTime":"","channelDesc":"经济频道","time":"2018-01-28 13:33:52","attr":5,"channelId":129,"pict":{"imgs":[{"txt":"","url":"http://img.caixin.com/2018-01-28/1517118217277465_145_97.jpg"}],"num":1},"desc":"去年四季度PPP入库速度放缓 五省份项目个数下降"},{"cate":"100300005;100300184;101204013","comm":{"aid":"100","tid":"101204013"},"edit":{"head":"","link":"","name":"实习记者 张娱","rank":"","desc":""},"link":"http://economy.caixin.com/2018-01-27/101204013.html","nid":101204013,"subDesc":"要闻","video":"","type":0,"tags":[],"audioUrl":"http://audio.caixin.com/caixin/013/101204013.mp3","form":null,"summ":"天津增长目标下调3个百分点，山西是惟一调高增长目标的省份，18个省份目标基本保持稳定","freeDuration":"0","freeTime":"","channelDesc":"经济频道","time":"2018-01-27 17:24:09","attr":5,"channelId":129,"pict":{"imgs":[{"txt":"","url":"http://img.caixin.com/2017-12-20/1513761965370528_145_97.jpg"}],"num":1},"desc":"12省份下调2018年经济增长目标"},{"cate":"100300005;100300184;101203932","comm":{"aid":"100","tid":"101203932"},"edit":{"head":"","link":"","name":"记者 王晓霞","rank":"","desc":""},"link":"http://economy.caixin.com/2018-01-27/101203932.html","nid":101203932,"subDesc":"要闻","video":"","type":0,"tags":[],"audioUrl":"http://audio.caixin.com/caixin/932/101203932.mp3","form":null,"summ":"应设立集投融资一体的资本预算，统筹考虑政府各部门的投融资活动；下一步政府债务可能更多会来自养老金缺口","freeDuration":"0","freeTime":"","channelDesc":"经济频道","time":"2018-01-27 11:04:50","attr":5,"channelId":129,"pict":{"imgs":[{"txt":"","url":"http://img.caixin.com/2017-05-09/1494309378565496_145_97.jpg"}],"num":1},"desc":"刘尚希：地方债乱象的根源是预算约束缺位"},{"cate":"100300005;100300184;101203916","comm":{"aid":"100","tid":"101203916"},"edit":{"head":"","link":"","name":"记者 王晓霞","rank":"","desc":""},"link":"http://economy.caixin.com/2018-01-27/101203916.html","nid":101203916,"subDesc":"要闻","video":"","type":0,"tags":[],"audioUrl":"http://audio.caixin.com/caixin/916/101203916.mp3","form":null,"summ":"即使考虑财政补贴，融资平台的投资回报率已不够支付利息；政府投资并未对整体经济效率提升产生外溢性效益，相反推高了劳动力成本","freeDuration":"0","freeTime":"","channelDesc":"经济频道","time":"2018-01-27 10:36:39","attr":5,"channelId":129,"pict":{"imgs":[{"txt":"","url":"http://img.caixin.com/2017-09-30/1506740869382712_145_97.jpg"}],"num":1},"desc":"白重恩：融资平台存在付息压力"},{"cate":"100300005;100300184;101203288","comm":{"aid":"100","tid":"101203288"},"edit":{"head":"","link":"","name":"实习记者 张娱","rank":"","desc":""},"link":"http://economy.caixin.com/2018-01-26/101203288.html","nid":101203288,"subDesc":"要闻","video":"","type":0,"tags":[],"audioUrl":"http://audio.caixin.com/caixin/288/101203288.mp3","form":null,"summ":"主要得益于供给侧结构性改革的深入推进，去产能、降成本等政策措施有效落实，新动能加快成长，结构调整、转型升级步伐加快，企业生产经营环境得到明显改善","freeDuration":"24","freeTime":"","channelDesc":"经济频道","time":"2018-01-26 10:50:47","attr":5,"channelId":129,"pict":{"imgs":[{"txt":"","url":"http://img.caixin.com/2018-01-26/1516935321993340_145_97.jpg"}],"num":1},"desc":"2017年工业企业利润增长21%  为2012年以来最高"},{"cate":"100300005;100300184;101203036","comm":{"aid":"100","tid":"101203036"},"edit":{"head":"","link":"","name":"记者 董兢","rank":"","desc":""},"link":"http://economy.caixin.com/2018-01-25/101203036.html","nid":101203036,"subDesc":"要闻","video":"","type":0,"tags":[],"audioUrl":"http://audio.caixin.com/caixin/036/101203036.mp3","form":null,"summ":"境内投资主体应定期向有关部门报送对外投资关键环节信息；各部门根据汇总信息开展监测报告、分析预警、有效干预等工作","freeDuration":"48","freeTime":"","channelDesc":"经济频道","time":"2018-01-25 21:19:50","attr":5,"channelId":129,"pict":{"imgs":[{"txt":"","url":"http://img.caixin.com/2018-01-25/1516886661278647_145_97.jpg"}],"num":1},"desc":"中国完善对外投资备案报告制度 旨在实现全流程管理"},{"cate":"100300005;100300184;101203010","comm":{"aid":"100","tid":"101203010"},"edit":{"head":"","link":"","name":"记者 王晓霞","rank":"","desc":""},"link":"http://economy.caixin.com/2018-01-25/101203010.html","nid":101203010,"subDesc":"要闻","video":"","type":0,"tags":[],"audioUrl":"http://audio.caixin.com/caixin/010/101203010.mp3","form":{"txt":"宏观数据","url":"http://economy.caixin.com/macro_economy/"},"summ":"供给侧结构性改革等政策效应持续显现、国内外需求回暖等多重因素共同作用的结果；土地使用权出让收入大增40.7%","freeDuration":"48","freeTime":"","channelDesc":"经济频道","time":"2018-01-25 20:00:14","attr":5,"channelId":129,"pict":{"imgs":[{"txt":"","url":"http://img.caixin.com/2017-12-22/1513931954699025_145_97.jpg"}],"num":1},"desc":"2017年财政收入同比增长7.4% 超额完成目标"},{"cate":"100300005;100300184;101202535","comm":{"aid":"100","tid":"101202535"},"edit":{"head":"","link":"","name":"实习记者 张娱","rank":"","desc":""},"link":"http://economy.caixin.com/2018-01-25/101202535.html","nid":101202535,"subDesc":"要闻","video":"","type":0,"tags":[],"audioUrl":"http://audio.caixin.com/caixin/535/101202535.mp3","form":null,"summ":"传统产业结构转型升级缓慢、企业对市场和政策反应不灵敏、资源环境约束趋紧等都是影响因素","freeDuration":"6","freeTime":"","channelDesc":"经济频道","time":"2018-01-25 07:56:09","attr":5,"channelId":129,"pict":{"imgs":[{"txt":"","url":"http://img.caixin.com/2018-01-25/1516839880570422_145_97.jpg"}],"num":1},"desc":"津甘蒙经济增速大滑坡 降至4%及以下"},{"cate":"100300005;100300184;101202006","comm":{"aid":"100","tid":"101202006"},"edit":{"head":"","link":"","name":"实习记者 张娱","rank":"","desc":""},"link":"http://economy.caixin.com/2018-01-24/101202006.html","nid":101202006,"subDesc":"要闻","video":"","type":0,"tags":[],"audioUrl":"http://audio.caixin.com/caixin/006/101202006.mp3","form":null,"summ":"亚洲发展中经济体重新成为全球最大的FDI流入地，预计2018年全球FDI将回升至2016年的水平","freeDuration":"48","freeTime":"","channelDesc":"经济频道","time":"2018-01-24 10:34:09","attr":5,"channelId":129,"pict":{"imgs":[{"txt":"","url":"http://img.caixin.com/2018-01-24/1516761534053626_145_97.jpg"}],"num":1},"desc":"全球外国直接投资下滑 中国逆势创新高"},{"cate":"100300005;100300184;101200370","comm":{"aid":"100","tid":"101200370"},"edit":{"head":"","link":"","name":"记者 董兢","rank":"","desc":""},"link":"http://economy.caixin.com/2018-01-20/101200370.html","nid":101200370,"subDesc":"要闻","video":"","type":0,"tags":[],"audioUrl":"http://audio.caixin.com/caixin/370/101200370.mp3","form":null,"summ":"由东北特钢违约案带来的“投资不过山海关”的压力，正在被东北特钢市场化重组的进程所改写；东北虽然存在困境，但其经济基础和营商环境并非全国垫底；振兴东北，关键还是要让市场机制在资源配置中占主导地位","freeDuration":"0","freeTime":"","channelDesc":"经济频道","time":"2018-01-20 09:00:00","attr":5,"channelId":129,"pict":{"imgs":[{"txt":"","url":"http://img.caixin.com/2018-01-19/1516368274659695_145_97.jpg"}],"num":1},"desc":"如何破解“投资不过山海关”？"},{"cate":"100300005;100300184;101200135","comm":{"aid":"100","tid":"101200135"},"edit":{"head":"","link":"","name":"记者 于海荣","rank":"","desc":""},"link":"http://economy.caixin.com/2018-01-19/101200135.html","nid":101200135,"subDesc":"要闻","video":"","type":0,"tags":[],"audioUrl":"","form":null,"summ":"按注册口径统计核算是为了全面反映区域内改革开放成果，其它区县按在地口径；注册口径不符合国家统计局相关要求","freeDuration":"3","freeTime":"","channelDesc":"经济频道","time":"2018-01-19 16:48:06","attr":5,"channelId":129,"pict":{"imgs":[{"txt":"","url":"http://img.caixin.com/2018-01-19/1516351955815224_145_97.jpg"}],"num":1},"desc":"天津统计局：滨海新区统计口径变化不影响全市GDP数据"},{"cate":"100300005;100300184;101199941","comm":{"aid":"100","tid":"101199941"},"edit":{"head":"","link":"","name":"记者 于海荣","rank":"","desc":""},"link":"http://economy.caixin.com/2018-01-19/101199941.html","nid":101199941,"subDesc":"要闻","video":"","type":0,"tags":[],"audioUrl":"http://audio.caixin.com/caixin/941/101199941.mp3","form":{"txt":"宏观数据","url":"http://economy.caixin.com/macro_economy/"},"summ":"判断地方数据“挤水分”对全国数据的影响，首先要厘清地方数据虚高的原因，不同的造假方式，对全国数据真实可靠性的影响并不相同","freeDuration":"0","freeTime":"","channelDesc":"经济频道","time":"2018-01-19 12:25:48","attr":5,"channelId":129,"pict":{"imgs":[{"txt":"","url":"http://img.caixin.com/2018-01-19/1516336453184482_145_97.jpg"}],"num":1},"desc":"地方经济数据造假 影响全国数据几何？"},{"cate":"100300005;100300184;101199650","comm":{"aid":"100","tid":"101199650"},"edit":{"head":"","link":"","name":"实习记者 张娱","rank":"","desc":""},"link":"http://economy.caixin.com/2018-01-18/101199650.html","nid":101199650,"subDesc":"要闻","video":"","type":0,"tags":[],"audioUrl":"http://audio.caixin.com/caixin/650/101199650.mp3","form":null,"summ":"中国实行的是分级核算，国家统计局和地方统计局分别核算；相关情况正在核实处理中，对统计造假行为将依法依规处理","freeDuration":"0","freeTime":"","channelDesc":"经济频道","time":"2018-01-18 18:15:17","attr":5,"channelId":129,"pict":{"imgs":[{"txt":"","url":"http://img.caixin.com/2018-01-18/1516270805867540_145_97.jpg"}],"num":1},"desc":"国家统计局回应地方数据挤水分：不影响全国统计数据"},{"cate":"100300005;100300184;101199477","comm":{"aid":"100","tid":"101199477"},"edit":{"head":"","link":"","name":"","rank":"","desc":""},"link":"http://economy.caixin.com/2018-01-18/101199477.html","nid":101199477,"subDesc":"要闻","video":"","type":0,"tags":[],"audioUrl":"http://audio.caixin.com/caixin/477/101199477.mp3","form":null,"summ":"全年国内生产总值827122亿元，按可比价格计算，比上年增长6.9%。一季度同比增长6.9%，二季度增长6.9%，三季度增长6.8%，四季度增长6.8%","freeDuration":"0","freeTime":"","channelDesc":"经济频道","time":"2018-01-18 15:33:25","attr":0,"channelId":129,"pict":{"imgs":[{"txt":"","url":"http://img.caixin.com/2018-01-09/1515493922734522_145_97.jpg"}],"num":1},"desc":"2017年中国GDP同比增长6.9%"},{"cate":"100300005;100300184;101199309","comm":{"aid":"100","tid":"101199309"},"edit":{"head":"","link":"","name":"记者 王力为","rank":"","desc":""},"link":"http://economy.caixin.com/2018-01-18/101199309.html","nid":101199309,"subDesc":"要闻","video":"","type":0,"tags":[],"audioUrl":"","form":null,"summ":"伴随美元疲软，德、法、西、比等欧元区国家央行均跟进欧央行的配置动作，宣布配置一部分人民币储备资产，这是人民币在2016年10月被纳入SDR篮子之后，人民币国际化展现的新动能","freeDuration":"0","freeTime":"","channelDesc":"经济频道","time":"2018-01-18 10:06:02","attr":5,"channelId":129,"pict":null,"desc":"配置人民币 欧元区多国央行外储资产新选择"},{"cate":"100300005;100300184;101198944","comm":{"aid":"100","tid":"101198944"},"edit":{"head":"","link":"","name":"实习记者 张娱","rank":"","desc":""},"link":"http://economy.caixin.com/2018-01-17/101198944.html","nid":101198944,"subDesc":"要闻","video":"","type":0,"tags":[],"audioUrl":"http://audio.caixin.com/caixin/944/101198944.mp3","form":null,"summ":"在四部委的严格管控下，非理性对外投资得到切实有效遏制，未来中国成为资本净输出国的趋势仍将延续","freeDuration":"3","freeTime":"","channelDesc":"经济频道","time":"2018-01-17 15:47:36","attr":5,"channelId":129,"pict":{"imgs":[{"txt":"","url":"http://img.caixin.com/2018-01-17/1516175575150978_145_97.jpg"}],"num":1},"desc":"2017年房地产业、体育和娱乐不再海外买买买"},{"cate":"100300005;100300184;101198897","comm":{"aid":"100","tid":"101198897"},"edit":{"head":"","link":"","name":"记者 王晓霞","rank":"","desc":""},"link":"http://economy.caixin.com/2018-01-17/101198897.html","nid":101198897,"subDesc":"要闻","video":"","type":0,"tags":[],"audioUrl":"","form":null,"summ":"压缩投资额702亿元，相当于其一年投资额的23%，政府项目投资额与其财政收入能力不匹配","freeDuration":"0","freeTime":"","channelDesc":"经济频道","time":"2018-01-17 14:34:43","attr":5,"channelId":129,"pict":{"imgs":[{"txt":"","url":"http://img.caixin.com/2018-01-17/1516171063128213_145_97.jpg"}],"num":1},"desc":"包头停建55个政府投资项目 2016年财政收入挤水分超140亿元"},{"cate":"100300005;100300184;101198798","comm":{"aid":"100","tid":"101198798"},"edit":{"head":"","link":"","name":"记者 王晓霞 于海荣","rank":"","desc":""},"link":"http://economy.caixin.com/2018-01-17/101198798.html","nid":101198798,"subDesc":"要闻","video":"","type":0,"tags":[],"audioUrl":"http://audio.caixin.com/caixin/798/101198798.mp3","form":null,"summ":"转移支付不能视为财政救济，更不能以此判断地方偿债能力；此前被中央巡视组点名存在数据造假问题、近期对摒弃速度情结表态较为积极的地区，下一步动作值得关注","freeDuration":"0","freeTime":"","channelDesc":"经济频道","time":"2018-01-17 11:29:31","attr":5,"channelId":129,"pict":{"imgs":[{"txt":"","url":"http://img.caixin.com/2018-01-17/1516162629065629_145_97.jpg"}],"num":1},"desc":"多地经济数据挤水分 财政压力是主因吗？"},{"cate":"100300005;100300184;101198274","comm":{"aid":"100","tid":"101198274"},"edit":{"head":"","link":"","name":"实习记者 张娱","rank":"","desc":""},"link":"http://economy.caixin.com/2018-01-16/101198274.html","nid":101198274,"subDesc":"要闻","video":"","type":0,"tags":[],"audioUrl":"http://audio.caixin.com/caixin/274/101198274.mp3","form":null,"summ":"国务院每年向全国人大常委会报告国有资产管理情况，包括企业国有资产（不含金融企业）、金融企业国有资产、行政事业性国有资产、国有自然资源等","freeDuration":"9","freeTime":"","channelDesc":"经济频道","time":"2018-01-16 10:37:23","attr":5,"channelId":129,"pict":{"imgs":[{"txt":"","url":"http://img.caixin.com/2018-01-16/1516070885766711_145_97.jpg"}],"num":1},"desc":"10月人大常委会首次审议国资管理情况 重点是金融国资"},{"cate":"100300005;100300184;101198202","comm":{"aid":"100","tid":"101198202"},"edit":{"head":"","link":"","name":"记者 董兢","rank":"","desc":""},"link":"http://economy.caixin.com/2018-01-16/101198202.html","nid":101198202,"subDesc":"要闻","video":"","type":0,"tags":[],"audioUrl":"http://audio.caixin.com/caixin/202/101198202.mp3","form":{"txt":"政策信息","url":"http://economy.caixin.com/policy/"},"summ":"督查组赴29省（区、市）开展公平竞争专项督查，累计抽查725份文件；发改委设立公平竞争审查处，并自查政策文件,防止出台排除、限制竞争的政策措施","freeDuration":"48","freeTime":"","channelDesc":"经济频道","time":"2018-01-16 10:11:36","attr":5,"channelId":129,"pict":{"imgs":[{"txt":"","url":"http://img.caixin.com/2018-01-14/1515923226652287_145_97.jpg"}],"num":1},"desc":"四部门督查行政机关 推进公平竞争"},{"cate":"100300005;100300184;101197578","comm":{"aid":"100","tid":"101197578"},"edit":{"head":"","link":"","name":"实习记者 张娱","rank":"","desc":""},"link":"http://economy.caixin.com/2018-01-13/101197578.html","nid":101197578,"subDesc":"要闻","video":"","type":0,"tags":[],"audioUrl":"http://audio.caixin.com/caixin/578/101197578.mp3","form":null,"summ":"高质量发展意味着高质量的供给、高质量的需求、高质量的配置、高质量的投入产出、高质量的收入分配和高质量的经济循环","freeDuration":"6","freeTime":"","channelDesc":"经济频道","time":"2018-01-13 19:46:47","attr":5,"channelId":129,"pict":{"imgs":[{"txt":"","url":"http://img.caixin.com/2018-01-13/1515844238576763_145_97.jpg"}],"num":1},"desc":"李伟：高质量发展根本在于解决好不好的问题"},{"cate":"100300005;100300184;101197502","comm":{"aid":"100","tid":"101197502"},"edit":{"head":"","link":"","name":"记者 王晓霞","rank":"","desc":""},"link":"http://economy.caixin.com/2018-01-13/101197502.html","nid":101197502,"subDesc":"要闻","video":"","type":0,"tags":[],"audioUrl":"http://audio.caixin.com/caixin/502/101197502.mp3","form":null,"summ":"事涉保山市、昆明市宜良县、楚雄州禄丰县、普洱市景东县人民政府及有关部门（单位），云南重申，各级人大常委会不得违法违规作出财政担保的决议，各级政府不得通过企事业单位等举借债务，各级财政部门不得违法违规出具财政担保承诺函","freeDuration":"9","freeTime":"","channelDesc":"经济频道","time":"2018-01-13 11:45:22","attr":5,"channelId":129,"pict":{"imgs":[{"txt":"","url":"http://img.caixin.com/2018-01-13/1515815741019097_145_97.jpg"}],"num":1},"desc":"违法违规为融资平台担保 云南15人被处分"},{"cate":"100300005;100300184;101197088","comm":{"aid":"100","tid":"101197088"},"edit":{"head":"","link":"","name":"实习记者 张娱","rank":"","desc":""},"link":"http://economy.caixin.com/2018-01-12/101197088.html","nid":101197088,"subDesc":"要闻","video":"","type":0,"tags":[],"audioUrl":"http://audio.caixin.com/caixin/088/101197088.mp3","form":{"txt":"宏观数据","url":"http://economy.caixin.com/macro_economy/"},"summ":"海关总署称，2018年一季度中国出口仍面临一定压力，全球制造业竞争激烈程度上升、贸易保护主义仍在升温，外贸高质量发展面临一些挑战","freeDuration":"9","freeTime":"","channelDesc":"经济频道","time":"2018-01-12 15:39:58","attr":5,"channelId":129,"pict":{"imgs":[{"txt":"","url":"http://img.caixin.com/2018-01-12/1515743002960232_145_97.jpg"}],"num":1},"desc":"告别负增长 2017年中国外贸超预期"},{"cate":"100300005;100300184;101196812","comm":{"aid":"100","tid":"101196812"},"edit":{"head":"","link":"","name":"记者 于海荣 王晓霞","rank":"","desc":""},"link":"http://economy.caixin.com/2018-01-12/101196812.html","nid":101196812,"subDesc":"要闻","video":"","type":0,"tags":[],"audioUrl":"http://audio.caixin.com/caixin/812/101196812.mp3","form":null,"summ":"滨海新区GDP统计口径由注册地改为在地，2017年预计增长6%，明显低于全国总体增速，与此前数年形成较大反差，或为地区生产总值统一核算改革做准备","freeDuration":"0","freeTime":"","channelDesc":"经济频道","time":"2018-01-12 07:03:37","attr":5,"channelId":129,"pict":{"imgs":[{"txt":"","url":"http://img.caixin.com/2018-01-12/1515715647348096_145_97.jpg"}],"num":1},"desc":"GDP调降3300亿 天津滨海新区为何剧烈挤水分？"},{"cate":"100300005;100300184;101196545","comm":{"aid":"100","tid":"101196545"},"edit":{"head":"","link":"","name":"记者 王晓霞","rank":"","desc":""},"link":"http://economy.caixin.com/2018-01-11/101196545.html","nid":101196545,"subDesc":"要闻","video":"","type":0,"tags":[],"audioUrl":"http://audio.caixin.com/caixin/545/101196545.mp3","form":null,"summ":"环保税开征目的是保护和改善环境，减少污染物排放，目前的征税范围主要考虑费改税的税负平转，税收收入仍将远低于环保支出；环保税涉税信息共享平台预计3月完成建设投入运行","freeDuration":"9","freeTime":"","channelDesc":"经济频道","time":"2018-01-11 15:38:53","attr":5,"channelId":129,"pict":{"imgs":[{"txt":"","url":"http://img.caixin.com/2018-01-11/1515656835484467_145_97.jpg"}],"num":1},"desc":"环保税开征环保意义大于收入意义 已识别确认纳税人33万户"},{"cate":"100300005;100300184;101196003","comm":{"aid":"100","tid":"101196003"},"edit":{"head":"","link":"","name":"实习记者 张娱","rank":"","desc":""},"link":"http://economy.caixin.com/2018-01-10/101196003.html","nid":101196003,"subDesc":"要闻","video":"","type":0,"tags":[],"audioUrl":"http://audio.caixin.com/caixin/003/101196003.mp3","form":null,"summ":"中金认为2018年中国经济增长将继续加速，多数机构的观点则相反，分歧在于对外需和房地产投资走势的判断出现分歧","freeDuration":"9","freeTime":"","channelDesc":"经济频道","time":"2018-01-10 14:56:52","attr":5,"channelId":129,"pict":{"imgs":[{"txt":"","url":"http://img.caixin.com/2018-01-09/1515493922734522_145_97.jpg"}],"num":1},"desc":"中金上调2018年中国增长预期至7%  市场观点分化"},{"cate":"100300005;100300184;101195824","comm":{"aid":"100","tid":"101195824"},"edit":{"head":"","link":"","name":"","rank":"","desc":""},"link":"http://economy.caixin.com/2018-01-10/101195824.html","nid":101195824,"subDesc":"要闻","video":"","type":0,"tags":[],"audioUrl":"http://audio.caixin.com/caixin/824/101195824.mp3","form":null,"summ":"2017年全年，全国居民消费价格比上年上涨1.6%","freeDuration":"0","freeTime":"","channelDesc":"经济频道","time":"2018-01-10 09:57:40","attr":0,"channelId":129,"pict":{"imgs":[{"txt":"","url":"http://img.caixin.com/2018-01-10/1515550164285048_145_97.jpg"}],"num":1},"desc":"2017年12月CPI同比上涨1.8%"},{"cate":"100300005;100300184;101195529","comm":{"aid":"100","tid":"101195529"},"edit":{"head":"","link":"","name":"实习记者 张娱","rank":"","desc":""},"link":"http://economy.caixin.com/2018-01-09/101195529.html","nid":101195529,"subDesc":"要闻","video":"","type":0,"tags":[],"audioUrl":"http://audio.caixin.com/caixin/529/101195529.mp3","form":null,"summ":"多省份强调，摒弃唯GDP论英雄的理念，更加关注速度背后的质量效益；抓好金融风险、企业债务风险、地方政府债务风险、房地产市场风险等领域风险防范化解","freeDuration":"0","freeTime":"","channelDesc":"经济频道","time":"2018-01-09 15:27:45","attr":5,"channelId":129,"pict":{"imgs":[{"txt":"","url":"http://img.caixin.com/2018-01-09/1515483190780968_145_97.jpg"}],"num":1},"desc":"高质量发展元年 各地摒弃速度情结严控风险"},{"cate":"100300005;100300184;101194219","comm":{"aid":"100","tid":"101194219"},"edit":{"head":"","link":"","name":"记者 王晓霞","rank":"","desc":""},"link":"http://economy.caixin.com/2018-01-05/101194219.html","nid":101194219,"subDesc":"要闻","video":"","type":0,"tags":[],"audioUrl":"http://audio.caixin.com/caixin/219/101194219.mp3","form":null,"summ":"调减2016年财政收入530亿元、工业增加值2900亿元，占比分别达26.3%和40%；停建、缓建一批政府过度举债的项目，化解政府债务、银行不良贷款和农村牧区高利贷","freeDuration":"0","freeTime":"","channelDesc":"经济频道","time":"2018-01-05 22:26:35","attr":5,"channelId":129,"pict":{"imgs":[{"txt":"","url":"http://img.caixin.com/2018-01-05/1515166453755295_145_97.jpg"}],"num":1},"desc":"内蒙古自曝数据有水分 争取三年将政府债务率降到合理水平"},{"cate":"100300005;100300184;101193046","comm":{"aid":"100","tid":"101193046"},"edit":{"head":"","link":"","name":"记者 李雨谦","rank":"","desc":""},"link":"http://economy.caixin.com/2018-01-04/101193046.html","nid":101193046,"subDesc":"要闻","video":"","type":0,"tags":[],"audioUrl":"http://audio.caixin.com/caixin/046/101193046.mp3","form":null,"summ":"新业务量增长使服务业经营活动增速加快，服务业平均投入成本加速上扬，涨幅可观；厂商对2018年持乐观态度，中国经济虽有下行压力，但韧性仍在","freeDuration":"0","freeTime":"","channelDesc":"经济频道","time":"2018-01-04 09:45:00","attr":0,"channelId":129,"pict":null,"desc":"2017年12月财新中国服务业PMI跃升至53.9 创近三年半最高"},{"cate":"100300005;100300184;101193057","comm":{"aid":"100","tid":"101193057"},"edit":{"head":"","link":"","name":"记者 张榆","rank":"","desc":""},"link":"http://economy.caixin.com/2018-01-04/101193057.html","nid":101193057,"subDesc":"要闻","video":"","type":0,"tags":[],"audioUrl":"http://audio.caixin.com/caixin/057/101193057.mp3","form":{"txt":"政策信息","url":"http://economy.caixin.com/policy/"},"summ":"明确同业存单等争议标的征收规则，此举主要为避免行业混乱提供一致意见，而非强制性规则，若与税收政策相违背，管理人仍需以政策为准","freeDuration":"0","freeTime":"","channelDesc":"经济频道","time":"2018-01-04 08:45:33","attr":5,"channelId":129,"pict":{"imgs":[{"txt":"","url":"http://img.caixin.com/2018-01-04/1515026897672535_145_97.jpg"}],"num":1},"desc":"资管产品增值税指引出台 仅为建议不具强制性"},{"cate":"100300005;100300184;101192322","comm":{"aid":"100","tid":"101192322"},"edit":{"head":"","link":"","name":"记者 王晓霞","rank":"","desc":""},"link":"http://economy.caixin.com/2018-01-02/101192322.html","nid":101192322,"subDesc":"要闻","video":"","type":0,"tags":[],"audioUrl":"http://audio.caixin.com/caixin/322/101192322.mp3","form":null,"summ":"自2017年1月1日起，中国居民企业分回国内符合条件的境外所得，可根据具体情况，选择分国抵免或综合抵免，旨在平衡境外不同国家（地区）间的税负，有效降低企业境外所得总体税收负担","freeDuration":"48","freeTime":"","channelDesc":"经济频道","time":"2018-01-02 17:02:34","attr":5,"channelId":129,"pict":{"imgs":[{"txt":"","url":"http://img.caixin.com/2017-08-12/1502502913145115_145_97.jpg"}],"num":1},"desc":"企业境外所得税可以综合抵免 抵免层级三级变五级"},{"cate":"100300005;100300184;101192053","comm":{"aid":"100","tid":"101192053"},"edit":{"head":"","link":"","name":"记者 于海荣","rank":"","desc":""},"link":"http://economy.caixin.com/2018-01-02/101192053.html","nid":101192053,"subDesc":"要闻","video":"","type":0,"tags":[],"audioUrl":"http://audio.caixin.com/caixin/053/101192053.mp3","form":null,"summ":"考虑到供给侧改革和加强监管，正在逐步化解产能过剩、政府债务、金融风险等诸多问题，市场并不担心短期增速放缓，而是对中国经济的长期发展前景转向乐观","freeDuration":"0","freeTime":"","channelDesc":"经济频道","time":"2018-01-02 09:45:00","attr":5,"channelId":129,"pict":null,"desc":"财新PMI分析|制造业景气再回暖 2018年增速放缓已成共识"},{"cate":"100300005;100300184;101191831","comm":{"aid":"100","tid":"101191831"},"edit":{"head":"","link":"","name":"记者 李雨谦","rank":"","desc":""},"link":"http://economy.caixin.com/2017-12-31/101191831.html","nid":101191831,"subDesc":"要闻","video":"","type":0,"tags":[],"audioUrl":"http://audio.caixin.com/caixin/831/101191831.mp3","form":null,"summ":"餐饮、证券、房地产、居民服务及修理等行业商务活动指数位于临界点以下，业务总量有所回落","freeDuration":"12","freeTime":"","channelDesc":"经济频道","time":"2017-12-31 10:43:08","attr":5,"channelId":129,"pict":null,"desc":"官方服务业PMI小幅回落至53.4"},{"cate":"100300005;100300184;101191830","comm":{"aid":"100","tid":"101191830"},"edit":{"head":"","link":"","name":"记者 李雨谦","rank":"","desc":""},"link":"http://economy.caixin.com/2017-12-31/101191830.html","nid":101191830,"subDesc":"要闻","video":"","type":0,"tags":[],"audioUrl":"http://audio.caixin.com/caixin/830/101191830.mp3","form":null,"summ":"国内外经济环境持续改善，进出口回稳向好；企业采购意愿增强，市场预期乐观","freeDuration":"12","freeTime":"","channelDesc":"经济频道","time":"2017-12-31 10:41:43","attr":5,"channelId":129,"pict":null,"desc":"官方制造业PMI小幅回落 扩展态势放缓"},{"cate":"100300005;100300184;101191816","comm":{"aid":"100","tid":"101191816"},"edit":{"head":"","link":"","name":"记者 王晓霞","rank":"","desc":""},"link":"http://economy.caixin.com/2017-12-31/101191816.html","nid":101191816,"subDesc":"要闻","video":"","type":0,"tags":[{"txt":"前瞻2018","url":"http://tag.caixin.com/tag/%E5%89%8D%E7%9E%BB2018"}],"audioUrl":"","form":null,"summ":"20个省份确定的税额标准高于法定幅度下限，北京按上限征收，但分析认为当前税率设置远远低于污染治理的边际成本，离“污染者付费”的原则还有很长距离","freeDuration":"6","freeTime":"","channelDesc":"经济频道","time":"2017-12-31 09:54:53","attr":5,"channelId":129,"pict":{"imgs":[{"txt":"","url":"http://img.caixin.com/2017-12-31/1514686563287117_145_97.jpg"}],"num":1},"desc":"2018年1月1日环保税开征 各省份税额标准确定"},{"cate":"100300005;100300184;101191481","comm":{"aid":"100","tid":"101191481"},"edit":{"head":"","link":"","name":"记者 王晓霞","rank":"","desc":""},"link":"http://economy.caixin.com/2017-12-29/101191481.html","nid":101191481,"subDesc":"要闻","video":"","type":0,"tags":[{"txt":"地方违规举债问责开始","url":"http://tag.caixin.com/tag/%E5%9C%B0%E6%96%B9%E8%BF%9D%E8%A7%84%E4%B8%BE%E5%80%BA%E9%97%AE%E8%B4%A3%E5%BC%80%E5%A7%8B"}],"audioUrl":"http://audio.caixin.com/caixin/481/101191481.mp3","form":{"txt":"地方经济","url":"http://economy.caixin.com/local_economy/"},"summ":"巴中市政府、市财政局违法违规出具融资承诺函，成都市新都区政府通过区属国有公司以银行贷款、信托产品或发行私募债等形式融资，相关人员被给予诫勉谈话、党内严重警告、行政撤职、行政记过等处分","freeDuration":"48","freeTime":"","channelDesc":"经济频道","time":"2017-12-29 20:00:36","attr":5,"channelId":129,"pict":{"imgs":[{"txt":"","url":"http://img.caixin.com/2017-12-29/1514556986772947_145_97.jpg"}],"num":1},"desc":"四川问责两起违法违规举债行为 相关负责人被处分"},{"cate":"100300005;100300184;101191424","comm":{"aid":"100","tid":"101191424"},"edit":{"head":"","link":"","name":"记者 王晓霞","rank":"","desc":""},"link":"http://economy.caixin.com/2017-12-29/101191424.html","nid":101191424,"subDesc":"要闻","video":"","type":0,"tags":[],"audioUrl":"http://audio.caixin.com/caixin/424/101191424.mp3","form":{"txt":"地方经济","url":"http://economy.caixin.com/local_economy/"},"summ":"置换债券资金使用和管理过程中，存在违规使用置换债券资金、个人违法代持国有股份、私设账外账挪用财政资金等问题，违规使用的置换债券资金被全额收缴，直接责任人被免职立案","freeDuration":"48","freeTime":"","channelDesc":"经济频道","time":"2017-12-29 19:12:01","attr":5,"channelId":129,"pict":{"imgs":[{"txt":"","url":"http://img.caixin.com/2017-12-29/1514546244665567_145_97.jpg"}],"num":1},"desc":"江西省丰城市2017年新增地方债额度被扣减1亿元"},{"cate":"100300005;100300184;101191349","comm":{"aid":"100","tid":"101191349"},"edit":{"head":"","link":"","name":"记者 王力为","rank":"","desc":""},"link":"http://economy.caixin.com/2017-12-29/101191349.html","nid":101191349,"subDesc":"要闻","video":"","type":0,"tags":[],"audioUrl":"","form":null,"summ":"中财办副主任详解中央经济工作会议精神，“改善民生要与发展阶段、与财力相匹配。” “不能搞成民粹主义和福利主义，不能过度超前，寅吃卯粮。”","freeDuration":"0","freeTime":"","channelDesc":"经济频道","time":"2017-12-29 18:30:20","attr":5,"channelId":129,"pict":{"imgs":[{"txt":"","url":"http://img.caixin.com/2017-12-29/1514543859802743_145_97.jpg"}],"num":1},"desc":"杨伟民：改善民生无小事 治霾中短期内可取得明显进展"},{"cate":"100300005;100300184;101191160","comm":{"aid":"100","tid":"101191160"},"edit":{"head":"","link":"","name":"记者  王晓霞","rank":"","desc":""},"link":"http://economy.caixin.com/2017-12-29/101191160.html","nid":101191160,"subDesc":"要闻","video":"","type":0,"tags":[],"audioUrl":"http://audio.caixin.com/caixin/160/101191160.mp3","form":null,"summ":"专项检查发现，扶贫资金使用存在虚报冒领、挤占挪用、违规招投标、盲目决策造成资金大量浪费、精准扶贫落实不到位等问题，对231人追究党纪政纪责任，通报及诫勉谈话201人，移送司法机关14人","freeDuration":"0","freeTime":"","channelDesc":"经济频道","time":"2017-12-29 16:05:46","attr":0,"channelId":129,"pict":{"imgs":[{"txt":"","url":"http://img.caixin.com/2017-12-29/1514534968799897_145_97.jpg"}],"num":1},"desc":"两部委：追回被虚报冒领、挤占挪用等扶贫资金7.3亿"},{"cate":"100300005;100300184;101191048","comm":{"aid":"100","tid":"101191048"},"edit":{"head":"","link":"","name":"记者 李雨谦","rank":"","desc":""},"link":"http://economy.caixin.com/2017-12-29/101191048.html","nid":101191048,"subDesc":"要闻","video":"","type":0,"tags":[],"audioUrl":"http://audio.caixin.com/caixin/048/101191048.mp3","form":null,"summ":"目的是满足春节前商业银行因现金大量投放而产生的临时流动性需求，对象是在现金投放中占比较高的全国性商业银行","freeDuration":"48","freeTime":"","channelDesc":"经济频道","time":"2017-12-29 12:08:07","attr":5,"channelId":129,"pict":{"imgs":[{"txt":"","url":"http://img.caixin.com/2016-11-28/1480302867967627_145_97.jpg"}],"num":1},"desc":"央行临时定向降准最高2个百分点"},{"cate":"100300005;100300184;101190982","comm":{"aid":"100","tid":"101190982"},"edit":{"head":"","link":"","name":"记者 王晓霞","rank":"","desc":""},"link":"http://economy.caixin.com/2017-12-29/101190982.html","nid":101190982,"subDesc":"要闻","video":"","type":0,"tags":[],"audioUrl":"http://audio.caixin.com/caixin/982/101190982.mp3","form":null,"summ":"2016年地方26.1万家预算单位中，仍有700余家未公开部门预决算，公开质量和收支决算信息真实性仍有待进一步提升","freeDuration":"48","freeTime":"","channelDesc":"经济频道","time":"2017-12-29 10:13:51","attr":5,"channelId":129,"pict":{"imgs":[{"txt":"","url":"http://img.caixin.com/2017-12-20/1513761965370528_145_97.jpg"}],"num":1},"desc":"财政部：地方预决算公开状况出现根本性好转"},{"cate":"100300005;100300184;101190965","comm":{"aid":"100","tid":"101190965"},"edit":{"head":"","link":"","name":"记者 张榆","rank":"","desc":""},"link":"http://economy.caixin.com/2017-12-29/101190965.html","nid":101190965,"subDesc":"要闻","video":"","type":0,"tags":[],"audioUrl":"http://audio.caixin.com/caixin/965/101190965.mp3","form":{"txt":"政策信息","url":"http://economy.caixin.com/policy/"},"summ":"行业内对基金申购赎回是否属于金融商品转让行为、ABS产品、期货、非标产品等如何征税逐渐在沟通中达成共识，但交易所回购、产品与产品间合并还是分开计税、账面浮盈是否需要计提暂估增值税等仍存讨论","freeDuration":"0","freeTime":"","channelDesc":"经济频道","time":"2017-12-29 10:01:40","attr":5,"channelId":129,"pict":{"imgs":[{"txt":"","url":"http://img.caixin.com/2017-07-11/1499778354288999_145_97.jpg"}],"num":1},"desc":"百万亿资管产品增值税开征在即 影响几何？"},{"cate":"100300005;100300184;101190875","comm":{"aid":"100","tid":"101190875"},"edit":{"head":"","link":"","name":"记者 王晓霞","rank":"","desc":""},"link":"http://economy.caixin.com/2017-12-29/101190875.html","nid":101190875,"subDesc":"要闻","video":"","type":0,"tags":[{"txt":"前瞻2018","url":"http://tag.caixin.com/tag/%E5%89%8D%E7%9E%BB2018"}],"audioUrl":"http://audio.caixin.com/caixin/875/101190875.mp3","form":{"txt":"政策信息","url":"http://economy.caixin.com/policy/"},"summ":"支持打好防范化解重大风险攻坚战，重点是有效防控地方政府债务风险,坚决制止违法违规融资担保行为；稳步推进中央与地方财政事权和支出责任划分改革，继续完善增值税制度，推进地方税体系建设","freeDuration":"48","freeTime":"","channelDesc":"经济频道","time":"2017-12-29 07:00:00","attr":5,"channelId":129,"pict":{"imgs":[{"txt":"","url":"http://img.caixin.com/2017-12-28/1514474422225584_145_97.jpg"}],"num":1},"desc":"2018年财政工作重点：支持打好三大攻坚战 加快财税制度改革"},{"cate":"100300005;100300184;101190773","comm":{"aid":"100","tid":"101190773"},"edit":{"head":"","link":"","name":"记者 王晓霞","rank":"","desc":""},"link":"http://economy.caixin.com/2017-12-28/101190773.html","nid":101190773,"subDesc":"要闻","video":"","type":0,"tags":[],"audioUrl":"http://audio.caixin.com/caixin/773/101190773.mp3","form":null,"summ":"境外投资者从中国境内居民企业分配的利润，直接投资于鼓励类投资项目，凡符合四个规定条件的，实行递延纳税政策，以应对美国减税挑战，提高存量外资的利用率和中国吸引外资的竞争力","freeDuration":"48","freeTime":"","channelDesc":"经济频道","time":"2017-12-28 18:14:10","attr":5,"channelId":129,"pict":{"imgs":[{"txt":"","url":"http://img.caixin.com/2017-12-28/1514456347053698_145_97.jpg"}],"num":1},"desc":"四部委：境外投资者以分配利润直接投资暂不征收预提所得税"},{"cate":"100300005;100300184;101190381","comm":{"aid":"100","tid":"101190381"},"edit":{"head":"","link":"","name":"记者 王晓霞","rank":"","desc":""},"link":"http://economy.caixin.com/2017-12-27/101190381.html","nid":101190381,"subDesc":"要闻","video":"","type":0,"tags":[],"audioUrl":"http://audio.caixin.com/caixin/381/101190381.mp3","form":null,"summ":"这两部税法2018年7月1日起实行，主要是把现行的条例平移上升为法律，不涉及税制改革，没有对现行法律制度做大的调整","freeDuration":"48","freeTime":"","channelDesc":"经济频道","time":"2017-12-27 20:08:25","attr":5,"channelId":129,"pict":{"imgs":[{"txt":"","url":"http://img.caixin.com/2017-12-27/1514378093336075_145_97.jpg"}],"num":1},"desc":"《烟叶税法》《船舶吨税法》获通过 税收法定任务完成三分之一"},{"cate":"100300005;100300184;101190318","comm":{"aid":"100","tid":"101190318"},"edit":{"head":"","link":"","name":"记者 王力为","rank":"","desc":""},"link":"http://economy.caixin.com/2017-12-27/101190318.html","nid":101190318,"subDesc":"要闻","video":"","type":0,"tags":[],"audioUrl":"http://audio.caixin.com/caixin/318/101190318.mp3","form":null,"summ":"2018年扩大进口的力度将继续增加，不仅为了减少贸易顺差，也为了满足国内消费和制造业转型升级的需求","freeDuration":"48","freeTime":"","channelDesc":"经济频道","time":"2017-12-27 18:27:16","attr":5,"channelId":129,"pict":{"imgs":[{"txt":"","url":"http://img.caixin.com/2017-12-27/1514370861669282_145_97.jpg"}],"num":1},"desc":"学者：促进贸易平衡是贸易政策的基础"},{"cate":"100300005;100300184;101190099","comm":{"aid":"100","tid":"101190099"},"edit":{"head":"","link":"","name":"记者 王力为","rank":"","desc":""},"link":"http://economy.caixin.com/2017-12-27/101190099.html","nid":101190099,"subDesc":"要闻","video":"","type":0,"tags":[],"audioUrl":"http://audio.caixin.com/caixin/099/101190099.mp3","form":null,"summ":"这些领域存在市场失灵的问题，但是这并不意味着整个市场都是失灵的，不等于这些领域不存在市场，需要真正推进体制改革","freeDuration":"48","freeTime":"","channelDesc":"经济频道","time":"2017-12-27 13:41:18","attr":5,"channelId":129,"pict":{"imgs":[{"txt":"","url":"http://img.caixin.com/2017-12-27/1514353608875816_145_97.jpg"}],"num":1},"desc":"海闻：医疗教育文化是中国供给改革最滞后的领域"},{"cate":"100300005;100300184;101189941","comm":{"aid":"100","tid":"101189941"},"edit":{"head":"","link":"","name":"记者 董兢","rank":"","desc":""},"link":"http://economy.caixin.com/2017-12-27/101189941.html","nid":101189941,"subDesc":"要闻","video":"","type":0,"tags":[],"audioUrl":"http://audio.caixin.com/caixin/941/101189941.mp3","form":null,"summ":"排名靠前的省份大部分是经济相对发达的东部地区，国企经营环境改善幅度大于非国企，在金融服务和融资成本上差距最为明显","freeDuration":"48","freeTime":"","channelDesc":"经济频道","time":"2017-12-27 08:28:15","attr":5,"channelId":129,"pict":{"imgs":[{"txt":"","url":"http://img.caixin.com/2017-10-18/1508315227627352_145_97.jpg"}],"num":1},"desc":"国民经济研究所：全国营商环境总体向好"},{"cate":"100300005;100300184;101189807","comm":{"aid":"100","tid":"101189807"},"edit":{"head":"","link":"","name":"记者 董兢","rank":"","desc":""},"link":"http://economy.caixin.com/2017-12-26/101189807.html","nid":101189807,"subDesc":"要闻","video":"","type":0,"tags":[],"audioUrl":"http://audio.caixin.com/caixin/807/101189807.mp3","form":null,"summ":"境内企业借境外企业名义开展的境外投资将被纳入管理框架；下一步发改委还将发布敏感行业目录","freeDuration":"48","freeTime":"","channelDesc":"经济频道","time":"2017-12-26 16:37:06","attr":5,"channelId":129,"pict":{"imgs":[{"txt":"","url":"http://img.caixin.com/2017-12-26/1514277771893154_145_97.jpg"}],"num":1},"desc":"发改委出台《企业境外投资管理办法》 补齐监管短板"},{"cate":"100300005;100300184;101189785","comm":{"aid":"100","tid":"101189785"},"edit":{"head":"","link":"","name":"实习记者 张娱","rank":"","desc":""},"link":"http://economy.caixin.com/2017-12-26/101189785.html","nid":101189785,"subDesc":"要闻","video":"","type":0,"tags":[],"audioUrl":"http://audio.caixin.com/caixin/785/101189785.mp3","form":null,"summ":"北京在环境治理、增长质量、绿色生活指数中均排第一，但公众满意程度仅高于河北，排名倒数第二，公众满意程度与环境质量指数相关性较为显著","freeDuration":"48","freeTime":"","channelDesc":"经济频道","time":"2017-12-26 16:07:00","attr":5,"channelId":129,"pict":{"imgs":[{"txt":"","url":"http://img.caixin.com/2017-12-26/1514276065531758_145_97.jpg"}],"num":1},"desc":"统计局首次发布绿色发展指数 北京居首新疆垫底"},{"cate":"100300005;100300184;101189681","comm":{"aid":"100","tid":"101189681"},"edit":{"head":"","link":"","name":"记者 于海荣","rank":"","desc":""},"link":"http://economy.caixin.com/2017-12-26/101189681.html","nid":101189681,"subDesc":"要闻","video":"","type":0,"tags":[{"txt":"地方违规举债问责开始","url":"http://tag.caixin.com/tag/%E5%9C%B0%E6%96%B9%E8%BF%9D%E8%A7%84%E4%B8%BE%E5%80%BA%E9%97%AE%E8%B4%A3%E5%BC%80%E5%A7%8B"}],"audioUrl":"http://audio.caixin.com/caixin/681/101189681.mp3","form":null,"summ":"隐性债务规模比较大，集中在市和县两级；在加强对隐性和变相举债控制的同时，也要加强对违规举债的责任追究","freeDuration":"0","freeTime":"","channelDesc":"经济频道","time":"2017-12-26 13:22:26","attr":5,"channelId":129,"pict":{"imgs":[{"txt":"","url":"http://img.caixin.com/2017-12-26/1514265951053722_145_97.jpg"}],"num":1},"desc":"全国人大常委会委员提示地方隐性负债风险 或为最大的“灰犀牛”"},{"cate":"100300005;100300184;101189644","comm":{"aid":"100","tid":"101189644"},"edit":{"head":"","link":"","name":"记者 于海荣 彭骎骎","rank":"","desc":""},"link":"http://economy.caixin.com/2017-12-26/101189644.html","nid":101189644,"subDesc":"要闻","video":"","type":0,"tags":[{"txt":"前瞻2018","url":"http://tag.caixin.com/tag/%E5%89%8D%E7%9E%BB2018"}],"audioUrl":"http://audio.caixin.com/caixin/644/101189644.mp3","form":null,"summ":"相比城镇登记失业率，调查失业率覆盖范围更广，不要求失业登记，也不限定城镇户籍，能更真实的反映就业情况，为宏观调控提供依据","freeDuration":"0","freeTime":"","channelDesc":"经济频道","time":"2017-12-26 11:46:30","attr":5,"channelId":129,"pict":{"imgs":[{"txt":"","url":"http://img.caixin.com/2017-12-26/1514260299087782_145_97.jpg"}],"num":1},"desc":"调查失业率2018年发布  会放弃GDP指挥棒吗？"},{"cate":"100300005;100300184;101189611","comm":{"aid":"100","tid":"101189611"},"edit":{"head":"","link":"","name":"记者 王晓霞","rank":"","desc":""},"link":"http://economy.caixin.com/2017-12-26/101189611.html","nid":101189611,"subDesc":"要闻","video":"","type":0,"tags":[],"audioUrl":"http://audio.caixin.com/caixin/611/101189611.mp3","form":null,"summ":"跨期贷款服务以2018年1月1日起产生的利息及利息性质的收入为销售额；跨期金融商品转让业务，可选择按实际买入价或2017年最后一个交易日价值（格）计算销售额；资管产品增值税细则短期内或不会出台","freeDuration":"48","freeTime":"","channelDesc":"经济频道","time":"2017-12-26 10:56:25","attr":5,"channelId":129,"pict":{"imgs":[{"txt":"","url":"http://img.caixin.com/2017-12-26/1514257494673147_145_97.jpg"}],"num":1},"desc":"资管产品征收增值税再出补丁政策 明确跨期业务销售额确认方法"},{"cate":"100300005;100300184;101189268","comm":{"aid":"100","tid":"101189268"},"edit":{"head":"","link":"","name":"记者 王力为","rank":"","desc":""},"link":"http://economy.caixin.com/2017-12-25/101189268.html","nid":101189268,"subDesc":"要闻","video":"","type":0,"tags":[],"audioUrl":"http://audio.caixin.com/caixin/268/101189268.mp3","form":null,"summ":"一些地区的保护性措施、行业的垄断，“分割了全国统一大市场，弱化了我国大市场的优势”，2018年工商总局的工作重点之一就是在统一大市场方面取得新突破","freeDuration":"0","freeTime":"","channelDesc":"经济频道","time":"2017-12-25 14:39:06","attr":0,"channelId":129,"pict":{"imgs":[{"txt":"","url":"http://img.caixin.com/2017-12-25/1514184155901142_145_97.jpg"}],"num":1},"desc":"国家工商总局局长张茅：2018年的重点是统一大市场"},{"cate":"100300005;100300184;101188984","comm":{"aid":"100","tid":"101188984"},"edit":{"head":"","link":"","name":"记者 王晓霞","rank":"","desc":""},"link":"http://economy.caixin.com/2017-12-24/101188984.html","nid":101188984,"subDesc":"要闻","video":"","type":0,"tags":[{"txt":"地方违规举债问责开始","url":"http://tag.caixin.com/tag/%E5%9C%B0%E6%96%B9%E8%BF%9D%E8%A7%84%E4%B8%BE%E5%80%BA%E9%97%AE%E8%B4%A3%E5%BC%80%E5%A7%8B"}],"audioUrl":"http://audio.caixin.com/caixin/984/101188984.mp3","form":{"txt":"政策信息","url":"http://economy.caixin.com/policy/"},"summ":"打消地方政府认为中央政府会“买单”的“幻觉”，打消金融机构认为政府会兜底的“幻觉”；严禁新设融资平台公司，严禁PPP异化为新的融资平台，严禁政府投资基金、政府购买服务异化为“二财政”","freeDuration":"48","freeTime":"","channelDesc":"经济频道","time":"2017-12-24 14:09:37","attr":5,"channelId":129,"pict":{"imgs":[{"txt":"","url":"http://img.caixin.com/2016-11-04/1478228043906188_145_97.jpg"}],"num":1},"desc":"财政部：坚持中央不救助原则 坚决刹住无序举债之风"},{"cate":"100300005;100300184;101188935","comm":{"aid":"100","tid":"101188935"},"edit":{"head":"","link":"","name":"记者 于海荣 周东旭","rank":"","desc":""},"link":"http://economy.caixin.com/2017-12-23/101188935.html","nid":101188935,"subDesc":"要闻","video":"","type":0,"tags":[{"txt":"房地产税这次真的要来了？","url":"http://tag.caixin.com/tag/%E6%88%BF%E5%9C%B0%E4%BA%A7%E7%A8%8E%E8%BF%99%E6%AC%A1%E7%9C%9F%E7%9A%84%E8%A6%81%E6%9D%A5%E4%BA%86%EF%BC%9F"}],"audioUrl":"http://audio.caixin.com/caixin/935/101188935.mp3","form":null,"summ":"房地产税与房产税是一回事吗？房地产税按评估值征收确定了吗？房地产税开征还要多久？房地产税能降房价吗？为什么要征房地产税？谁在反对开征房地产税？房地产税需要哪些相关配套改革？","freeDuration":"0","freeTime":"","channelDesc":"经济频道","time":"2017-12-23 21:20:17","attr":5,"channelId":129,"pict":{"imgs":[{"txt":"","url":"http://img.caixin.com/2017-12-23/1514035865228495_145_97.jpg"}],"num":1},"desc":"关于房地产税，你需要知道的一切"},{"cate":"100300005;100300184;101188907","comm":{"aid":"100","tid":"101188907"},"edit":{"head":"","link":"","name":"实习记者 张娱","rank":"","desc":""},"link":"http://economy.caixin.com/2017-12-23/101188907.html","nid":101188907,"subDesc":"要闻","video":"","type":0,"tags":[],"audioUrl":"http://audio.caixin.com/caixin/907/101188907.mp3","form":null,"summ":"中国崛起的基础是经济健康，只有深化改革，才能重塑中国经济可持续增长动力","freeDuration":"48","freeTime":"","channelDesc":"经济频道","time":"2017-12-23 18:27:36","attr":5,"channelId":129,"pict":{"imgs":[{"txt":"","url":"http://img.caixin.com/2017-11-30/1512010352691989_145_97.jpg"}],"num":1},"desc":"专家：将国际挑战转化为国内改革动力"},{"cate":"100300005;100300184;101188896","comm":{"aid":"100","tid":"101188896"},"edit":{"head":"","link":"","name":"记者 王力为","rank":"","desc":""},"link":"http://economy.caixin.com/2017-12-23/101188896.html","nid":101188896,"subDesc":"要闻","video":"","type":0,"tags":[{"txt":"中央银行家易纲：理念与行动","url":"http://tag.caixin.com/tag/%E4%B8%AD%E5%A4%AE%E9%93%B6%E8%A1%8C%E5%AE%B6%E6%98%93%E7%BA%B2%EF%BC%9A%E7%90%86%E5%BF%B5%E4%B8%8E%E8%A1%8C%E5%8A%A8"}],"audioUrl":"http://audio.caixin.com/caixin/896/101188896.mp3","form":null,"summ":"仅靠货币政策不能维持金融稳定，要防范金融风险、保持金融稳定，还需要有宏观审慎政策；要把防范风险的攻坚战打好，首先要控制好总体的杠杆率","freeDuration":"48","freeTime":"","channelDesc":"经济频道","time":"2017-12-23 18:06:03","attr":5,"channelId":129,"pict":{"imgs":[{"txt":"","url":"http://img.caixin.com/2017-12-23/1514023768579548_145_97.jpg"}],"num":1},"desc":"易纲：M2增速降为有统计来最低 因金融内部杠杆得到控制"},{"cate":"100300005;100300184;101188858","comm":{"aid":"100","tid":"101188858"},"edit":{"head":"","link":"","name":"记者 王力为","rank":"","desc":""},"link":"http://economy.caixin.com/2017-12-23/101188858.html","nid":101188858,"subDesc":"要闻","video":"","type":0,"tags":[{"txt":"中央经济工作会议","url":"http://tag.caixin.com/tag/%E4%B8%AD%E5%A4%AE%E7%BB%8F%E6%B5%8E%E5%B7%A5%E4%BD%9C%E4%BC%9A%E8%AE%AE"}],"audioUrl":"http://audio.caixin.com/caixin/858/101188858.mp3","form":null,"summ":"要从实体经济、房地产、金融系统等几方面来系统发力，才能使宏观杠杆率得到有效控制，才能从根本上防控金融风险","freeDuration":"48","freeTime":"","channelDesc":"经济频道","time":"2017-12-23 14:55:25","attr":5,"channelId":129,"pict":{"imgs":[{"txt":"","url":"http://img.caixin.com/2017-12-23/1514012301228132_145_97.jpg"}],"num":1},"desc":"杨伟民解读经济工作会议：供给侧结构性改革力度继续加大"},{"cate":"100300005;100300184;101188470","comm":{"aid":"100","tid":"101188470"},"edit":{"head":"","link":"","name":"记者 王晓霞","rank":"","desc":""},"link":"http://economy.caixin.com/2017-12-22/101188470.html","nid":101188470,"subDesc":"要闻","video":"","type":0,"tags":[{"txt":"地方违规举债问责开始","url":"http://tag.caixin.com/tag/%E5%9C%B0%E6%96%B9%E8%BF%9D%E8%A7%84%E4%B8%BE%E5%80%BA%E9%97%AE%E8%B4%A3%E5%BC%80%E5%A7%8B"}],"audioUrl":"http://audio.caixin.com/caixin/470/101188470.mp3","form":null,"summ":"镇远县副县长（财政局原局长）被降级,县长、原常务副县长、原副县长等三人被记过，县委书记被约谈；遵义市汇川区常务副区长被行政记过；黔东南州凯里市副市长被行政警告","freeDuration":"48","freeTime":"","channelDesc":"经济频道","time":"2017-12-22 16:07:02","attr":5,"channelId":129,"pict":{"imgs":[{"txt":"","url":"http://img.caixin.com/2017-12-22/1513930964000227_145_97.jpg"}],"num":1},"desc":"贵州省问责五市县违法违规举债行为 14人被处分"},{"cate":"100300005;100300184;101188450","comm":{"aid":"100","tid":"101188450"},"edit":{"head":"","link":"","name":"记者 王晓霞","rank":"","desc":""},"link":"http://economy.caixin.com/2017-12-22/101188450.html","nid":101188450,"subDesc":"要闻","video":"","type":0,"tags":[{"txt":"地方违规举债问责开始","url":"http://tag.caixin.com/tag/%E5%9C%B0%E6%96%B9%E8%BF%9D%E8%A7%84%E4%B8%BE%E5%80%BA%E9%97%AE%E8%B4%A3%E5%BC%80%E5%A7%8B"}],"audioUrl":"http://audio.caixin.com/caixin/450/101188450.mp3","form":null,"summ":"5人被行政开除，2人被行政撤职，其余50人分别给予行政降级、记大过、记过、警告、诫勉谈话、提醒谈话等处分","freeDuration":"48","freeTime":"","channelDesc":"经济频道","time":"2017-12-22 16:05:10","attr":5,"channelId":129,"pict":{"imgs":[{"txt":"","url":"http://img.caixin.com/2017-12-22/1513930432825567_145_97.jpg"}],"num":1},"desc":"借信托、资管计划违规举债 江苏15市县57人被问责"},{"cate":"100300005;100300184;101187708","comm":{"aid":"100","tid":"101187708"},"edit":{"head":"","link":"","name":"记者 李雨谦","rank":"","desc":""},"link":"http://economy.caixin.com/2017-12-21/101187708.html","nid":101187708,"subDesc":"要闻","video":"","type":0,"tags":[{"txt":"中央经济工作会议","url":"http://tag.caixin.com/tag/%E4%B8%AD%E5%A4%AE%E7%BB%8F%E6%B5%8E%E5%B7%A5%E4%BD%9C%E4%BC%9A%E8%AE%AE"}],"audioUrl":"http://audio.caixin.com/caixin/708/101187708.mp3","form":null,"summ":"如果CPI通胀连续几个月接近3%，央行有可能会在2018年三季度上调基准利率25个基点","freeDuration":"48","freeTime":"","channelDesc":"经济频道","time":"2017-12-21 12:22:05","attr":5,"channelId":129,"pict":null,"desc":"研究机构：2018年货币政策预计将中性偏紧"},{"cate":"100300005;100300184;101187549","comm":{"aid":"100","tid":"101187549"},"edit":{"head":"","link":"","name":"记者 于海荣","rank":"","desc":""},"link":"http://economy.caixin.com/2017-12-20/101187549.html","nid":101187549,"subDesc":"要闻","video":"","type":0,"tags":[{"txt":"中央经济工作会议","url":"http://tag.caixin.com/tag/%E4%B8%AD%E5%A4%AE%E7%BB%8F%E6%B5%8E%E5%B7%A5%E4%BD%9C%E4%BC%9A%E8%AE%AE"}],"audioUrl":"http://audio.caixin.com/caixin/549/101187549.mp3","form":null,"summ":"政策重心从稳增长更多转向对质量的追求和结构调整，财政政策取向不变，稳健的货币政策要保持中性，管住货币供给总闸门","freeDuration":"0","freeTime":"","channelDesc":"经济频道","time":"2017-12-20 22:47:26","attr":5,"channelId":129,"pict":{"imgs":[{"txt":"","url":"http://img.caixin.com/2017-12-14/1513219924685941_145_97.jpg"}],"num":1},"desc":"中央经济工作会议解读：弱化增长 完善房地产长效机制"},{"cate":"100300005;100300184;101187536","comm":{"aid":"100","tid":"101187536"},"edit":{"head":"","link":"","name":"记者 任蕙兰","rank":"","desc":""},"link":"http://economy.caixin.com/2017-12-20/101187536.html","nid":101187536,"subDesc":"要闻","video":"","type":0,"tags":[],"audioUrl":"http://audio.caixin.com/caixin/536/101187536.mp3","form":null,"summ":"如果市场交易者用定价机制公式来计算汇率，就会形成一致性的预期，出现单边市场，导致市场没法自己出清","freeDuration":"48","freeTime":"","channelDesc":"经济频道","time":"2017-12-20 22:27:45","attr":5,"channelId":129,"pict":{"imgs":[{"txt":"","url":"http://img.caixin.com/2017-09-14/1505359133267736_145_97.jpg"}],"num":1},"desc":"管涛谈“逆周期因子”：市场永远想知道央行底牌"},{"cate":"100300005;100300184;101187437","comm":{"aid":"100","tid":"101187437"},"edit":{"head":"","link":"","name":"","rank":"","desc":""},"link":"http://economy.caixin.com/2017-12-20/101187437.html","nid":101187437,"subDesc":"要闻","video":"","type":0,"tags":[{"txt":"中央经济工作会议","url":"http://tag.caixin.com/tag/%E4%B8%AD%E5%A4%AE%E7%BB%8F%E6%B5%8E%E5%B7%A5%E4%BD%9C%E4%BC%9A%E8%AE%AE"}],"audioUrl":"http://audio.caixin.com/caixin/437/101187437.mp3","form":null,"summ":"会议指出，5年来，我们坚持观大势、谋全局、干实事，成功驾驭了中国经济发展大局，在实践中形成了以新发展理念为主要内容的习近平新时代中国特色社会主义经济思想","freeDuration":"0","freeTime":"","channelDesc":"经济频道","time":"2017-12-20 17:07:12","attr":0,"channelId":129,"pict":{"imgs":[{"txt":"","url":"http://img.caixin.com/2017-12-20/1513761965370528_145_97.jpg"}],"num":1},"desc":"中央经济工作会议：积极财政政策不变 稳健货币政策保持中性"},{"cate":"100300005;100300184;101186816","comm":{"aid":"100","tid":"101186816"},"edit":{"head":"","link":"","name":"记者 董兢","rank":"","desc":""},"link":"http://economy.caixin.com/2017-12-19/101186816.html","nid":101186816,"subDesc":"要闻","video":"","type":0,"tags":[],"audioUrl":"http://audio.caixin.com/caixin/816/101186816.mp3","form":{"txt":"政策信息","url":"http://economy.caixin.com/policy/"},"summ":"不得以虚假境外投资非法获取外汇、转移资产和进行洗钱等活动；《国企境外投资经营行为规范》正在研究起草中","freeDuration":"48","freeTime":"","channelDesc":"经济频道","time":"2017-12-19 11:11:41","attr":5,"channelId":129,"pict":{"imgs":[{"txt":"","url":"http://img.caixin.com/2017-12-19/1513653391301373_145_97.jpg"}],"num":1},"desc":"五部门规范民企境外投资：审慎开展高杠杆投资"},{"cate":"100300005;100300184;101186673","comm":{"aid":"100","tid":"101186673"},"edit":{"head":"","link":"","name":"记者 李雨谦","rank":"","desc":""},"link":"http://economy.caixin.com/2017-12-19/101186673.html","nid":101186673,"subDesc":"要闻","video":"","type":0,"tags":[],"audioUrl":"http://audio.caixin.com/caixin/673/101186673.mp3","form":{"txt":"国际经济","url":"http://economy.caixin.com/global_economy/"},"summ":"由于美元走升及节假日临近，短期内跨境资金流动和人民币汇率可能小幅承压；但在人民币汇率稳定性显著增强及市场预期分化背景下，市场主体结售汇操作将更趋理性","freeDuration":"0","freeTime":"","channelDesc":"经济频道","time":"2017-12-19 07:08:45","attr":5,"channelId":129,"pict":{"imgs":[{"txt":"","url":"http://img.caixin.com/2017-12-19/1513642402762636_145_97.jpg"}],"num":1},"desc":"人民币短期走弱 11月银行结售汇重现逆差"},{"cate":"100300005;100300184;101186468","comm":{"aid":"100","tid":"101186468"},"edit":{"head":"","link":"","name":"记者 黎柳茜","rank":"","desc":""},"link":"http://economy.caixin.com/2017-12-18/101186468.html","nid":101186468,"subDesc":"要闻","video":"","type":0,"tags":[{"txt":"横琴论坛","url":"http://tag.caixin.com/tag/%E6%A8%AA%E7%90%B4%E8%AE%BA%E5%9D%9B"}],"audioUrl":"http://audio.caixin.com/caixin/468/101186468.mp3","form":null,"summ":"建设横琴片区，需要考虑如何把中央政策作为参照和起点，在可能的范围内做力所能及的改革探索","freeDuration":"48","freeTime":"","channelDesc":"经济频道","time":"2017-12-18 15:36:35","attr":5,"channelId":129,"pict":{"imgs":[{"txt":"","url":"http://img.caixin.com/2017-12-18/1513609041194590_145_97.jpg"}],"num":1},"desc":"【横琴论坛】王君：跨行政区政策协调关乎自贸区试点持续推进"},{"cate":"100300005;100300184;101186379","comm":{"aid":"100","tid":"101186379"},"edit":{"head":"","link":"","name":"驻香港记者 尉奕阳","rank":"","desc":""},"link":"http://economy.caixin.com/2017-12-18/101186379.html","nid":101186379,"subDesc":"要闻","video":"","type":0,"tags":[{"txt":"横琴论坛","url":"http://tag.caixin.com/tag/%E6%A8%AA%E7%90%B4%E8%AE%BA%E5%9D%9B"}],"audioUrl":"http://audio.caixin.com/caixin/379/101186379.mp3","form":null,"summ":"减少投资规模有助大幅提升汇率水平，不仅能使资本回报率正常化，同时也能提升国内居民的消费能力，创造内需增长空间","freeDuration":"0","freeTime":"","channelDesc":"经济频道","time":"2017-12-18 12:54:51","attr":5,"channelId":129,"pict":{"imgs":[{"txt":"","url":"http://img.caixin.com/2017-12-18/1513608763254677_145_97.jpg"}],"num":1},"desc":"【横琴论坛】谢国忠：中国经济转型需控制投资规模"},{"cate":"100300005;100300184;101186289","comm":{"aid":"100","tid":"101186289"},"edit":{"head":"","link":"","name":"记者 于海荣","rank":"","desc":""},"link":"http://economy.caixin.com/2017-12-18/101186289.html","nid":101186289,"subDesc":"要闻","video":"","type":0,"tags":[{"txt":"中央经济工作会议","url":"http://tag.caixin.com/tag/%E4%B8%AD%E5%A4%AE%E7%BB%8F%E6%B5%8E%E5%B7%A5%E4%BD%9C%E4%BC%9A%E8%AE%AE"},{"txt":"房地产税这次真的要来了？","url":"http://tag.caixin.com/tag/%E6%88%BF%E5%9C%B0%E4%BA%A7%E7%A8%8E%E8%BF%99%E6%AC%A1%E7%9C%9F%E7%9A%84%E8%A6%81%E6%9D%A5%E4%BA%86%EF%BC%9F"}],"audioUrl":"http://audio.caixin.com/caixin/289/101186289.mp3","form":null,"summ":"2018年经济增长目标或定为6.5%左右，换届效应难再现；房地产长效机制建设将进一步落实和提速，财政、税收、金融等相关政策将向租赁房倾斜","freeDuration":"0","freeTime":"","channelDesc":"经济频道","time":"2017-12-18 10:52:22","attr":5,"channelId":129,"pict":{"imgs":[{"txt":"","url":"http://img.caixin.com/2017-12-18/1513565846999961_145_97.jpg"}],"num":1},"desc":"中央经济工作会议12月18日召开：防风险居首 房地产税或提速"},{"cate":"100300005;100300184;101186272","comm":{"aid":"100","tid":"101186272"},"edit":{"head":"","link":"","name":"记者 彭骎骎","rank":"","desc":""},"link":"http://economy.caixin.com/2017-12-18/101186272.html","nid":101186272,"subDesc":"要闻","video":"","type":0,"tags":[],"audioUrl":"http://audio.caixin.com/caixin/272/101186272.mp3","form":null,"summ":"继续设定年度GDP增长目标，会放大金融风险，加大资源环境压力；中国现阶段失业率统计制度有待完善，但将失业率定为宏观调控目标可以倒逼统计改革，关键在于改革决心","freeDuration":"0","freeTime":"","channelDesc":"经济频道","time":"2017-12-18 10:21:17","attr":0,"channelId":129,"pict":{"imgs":[{"txt":"","url":"http://img.caixin.com/2015-07-21/1437531926678289_145_97.jpg"}],"num":1},"desc":"马骏：建议取消GDP增长目标 以失业率代替"},{"cate":"100300005;100300184;101185963","comm":{"aid":"100","tid":"101185963"},"edit":{"head":"","link":"","name":"记者 王晓霞","rank":"","desc":""},"link":"http://economy.caixin.com/2017-12-16/101185963.html","nid":101185963,"subDesc":"要闻","video":"","type":0,"tags":[],"audioUrl":"http://audio.caixin.com/caixin/963/101185963.mp3","form":null,"summ":"中国事权划分的症结在于机关化，改革要义在于通过实体化方式，适度加强中央事权；目前中国政府间事权划分的法律基础较为薄弱，规范化、法律化是事权划分和调整的根本要求","freeDuration":"0","freeTime":"","channelDesc":"经济频道","time":"2017-12-16 14:18:06","attr":5,"channelId":129,"pict":{"imgs":[{"txt":"","url":"http://img.caixin.com/2017-12-16/1513405452308689_145_97.jpg"}],"num":1},"desc":"楼继伟：事权划分改革应排在财政改革首位"},{"cate":"100300005;100300184;101184951","comm":{"aid":"100","tid":"101184951"},"edit":{"head":"","link":"","name":"记者 李雨谦 彭骎骎","rank":"","desc":""},"link":"http://economy.caixin.com/2017-12-14/101184951.html","nid":101184951,"subDesc":"要闻","video":"","type":0,"tags":[{"txt":"美联储加息","url":"http://tag.caixin.com/tag/%E7%BE%8E%E8%81%94%E5%82%A8%E5%8A%A0%E6%81%AF"}],"audioUrl":"","form":null,"summ":"分析人士认为，面对外部情况导致的对汇率和资本流动的压力，应该在保持稳健中性货币政策的前提下开展略紧的货币政策操作，防止由于中美利差过度收窄而加剧人民币贬值压力和资本外逃","freeDuration":"0","freeTime":"","channelDesc":"经济频道","time":"2017-12-14 12:01:22","attr":0,"channelId":129,"pict":{"imgs":[{"txt":"","url":"http://img.caixin.com/2016-11-26/1480129587538784_145_97.jpg"}],"num":1},"desc":"公开市场利率上行 央行称有助于修复扭曲和控杠杆"},{"cate":"100300005;100300184;101184420","comm":{"aid":"100","tid":"101184420"},"edit":{"head":"","link":"","name":"记者 王晓霞","rank":"","desc":""},"link":"http://economy.caixin.com/2017-12-13/101184420.html","nid":101184420,"subDesc":"要闻","video":"","type":0,"tags":[],"audioUrl":"http://audio.caixin.com/caixin/420/101184420.mp3","form":null,"summ":"完成“十三五”规划既定基建目标需要大量资金，境内不合规融资渠道受阻，更多高收益的城投公司愿意到海外发行较长期限债券，与境内发行短期限债券互补","freeDuration":"0","freeTime":"","channelDesc":"经济频道","time":"2017-12-13 12:12:19","attr":5,"channelId":129,"pict":{"imgs":[{"txt":"","url":"http://img.caixin.com/2017-09-14/1505359220187974_145_97.jpg"}],"num":1},"desc":"穆迪：未来两年“公共财政发行人”将加大海外发债力度"},{"cate":"100300005;100300184;101184117","comm":{"aid":"100","tid":"101184117"},"edit":{"head":"","link":"","name":"记者 于海荣","rank":"","desc":""},"link":"http://economy.caixin.com/2017-12-12/101184117.html","nid":101184117,"subDesc":"要闻","video":"","type":0,"tags":[{"txt":"中央经济工作会议","url":"http://tag.caixin.com/tag/%E4%B8%AD%E5%A4%AE%E7%BB%8F%E6%B5%8E%E5%B7%A5%E4%BD%9C%E4%BC%9A%E8%AE%AE"}],"audioUrl":"http://audio.caixin.com/caixin/117/101184117.mp3","form":null,"summ":"2018年经济增长目标或定为6.5%左右，换届效应难再现；房地产长效机制建设将进一步落实和提速，财政、税收、金融等相关政策将向租赁房倾斜","freeDuration":"48","freeTime":"","channelDesc":"经济频道","time":"2017-12-12 16:27:01","attr":5,"channelId":129,"pict":{"imgs":[{"txt":"","url":"http://img.caixin.com/2017-11-01/1509496465765077_145_97.jpg"}],"num":1},"desc":"经济工作会议前瞻：防风险居首 房地产税或提速"},{"cate":"100300005;100300184;101183783","comm":{"aid":"100","tid":"101183783"},"edit":{"head":"","link":"","name":"记者 王力为","rank":"","desc":""},"link":"http://economy.caixin.com/2017-12-11/101183783.html","nid":101183783,"subDesc":"要闻","video":"","type":0,"tags":[],"audioUrl":"http://audio.caixin.com/caixin/783/101183783.mp3","form":null,"summ":"中国的企业税费水平较高，无疑应该减税降费，但对于富人来讲应该多征；国内企业可能基于错误认识涌向美国投资，应考虑通过必要的资本管制加以应对","freeDuration":"0","freeTime":"","channelDesc":"经济频道","time":"2017-12-11 22:52:35","attr":5,"channelId":129,"pict":{"imgs":[{"txt":"","url":"http://img.caixin.com/2017-12-12/1513037151755067_145_97.jpg"}],"num":1},"desc":"余永定：应对美国税改 中国不应强调大幅减税"},{"cate":"100300005;100300184;101183567","comm":{"aid":"100","tid":"101183567"},"edit":{"head":"","link":"","name":"记者 王力为","rank":"","desc":""},"link":"http://economy.caixin.com/2017-12-11/101183567.html","nid":101183567,"subDesc":"要闻","video":"","type":0,"tags":[],"audioUrl":"http://audio.caixin.com/caixin/567/101183567.mp3","form":null,"summ":"亚投行投资2.5亿美元，占到北京燃气集团农村“煤改气”项目资金的三分之一","freeDuration":"0","freeTime":"","channelDesc":"经济频道","time":"2017-12-11 16:27:59","attr":5,"channelId":129,"pict":{"imgs":[{"txt":"","url":"http://img.caixin.com/2017-12-11/1512955112944844_145_97.jpg"}],"num":1},"desc":"亚投行首个在华项目落地  锁定北京燃气“煤改气”项目"},{"cate":"100300005;100300184;101183540","comm":{"aid":"100","tid":"101183540"},"edit":{"head":"","link":"","name":"记者 王晓霞","rank":"","desc":""},"link":"http://economy.caixin.com/2017-12-11/101183540.html","nid":101183540,"subDesc":"要闻","video":"","type":0,"tags":[],"audioUrl":"http://audio.caixin.com/caixin/540/101183540.mp3","form":{"txt":"宏观数据","url":"http://economy.caixin.com/macro_economy/"},"summ":"非税收入、耕地占用税、城镇土地使用税等下降较多；支出进度快于往年，导致财政支出连降两月，11月降幅扩大至9.1%","freeDuration":"48","freeTime":"","channelDesc":"经济频道","time":"2017-12-11 16:25:54","attr":5,"channelId":129,"pict":{"imgs":[{"txt":"","url":"http://img.caixin.com/2017-06-13/1497324445695118_145_97.jpg"}],"num":1},"desc":"11月财政收入同比下降1.4% 为年内首降"},{"cate":"100300005;100300184;101183127","comm":{"aid":"100","tid":"101183127"},"edit":{"head":"","link":"","name":"记者 彭骎骎","rank":"","desc":""},"link":"http://economy.caixin.com/2017-12-10/101183127.html","nid":101183127,"subDesc":"要闻","video":"","type":0,"tags":[],"audioUrl":"http://audio.caixin.com/caixin/127/101183127.mp3","form":null,"summ":"实施负面清单机制，将打破市场准入不合理和隐形的限制，赋予市场主体依法自由进入的权利，体现了管理理念和管理方式的重大转变","freeDuration":"0","freeTime":"","channelDesc":"经济频道","time":"2017-12-10 19:23:00","attr":0,"channelId":129,"pict":{"imgs":[{"txt":"","url":"http://img.caixin.com/2017-12-10/1512905189257418_145_97.jpg"}],"num":1},"desc":"市场准入负面清单明年正式实施 易纲强调法定原则"},{"cate":"100300005;100300184;101181163","comm":{"aid":"100","tid":"101181163"},"edit":{"head":"","link":"","name":"记者 王婧 实习记者 王鹏钧","rank":"","desc":""},"link":"http://economy.caixin.com/2017-12-06/101181163.html","nid":101181163,"subDesc":"要闻","video":"","type":0,"tags":[],"audioUrl":"http://audio.caixin.com/caixin/163/101181163.mp3","form":{"txt":"宏观数据","url":"http://economy.caixin.com/macro_economy/"},"summ":"过去几年中，深圳GDP将超越广州，是各界共识。疑问在于深圳什么时候完成超越。按照国家统计局部署，广东省统计局按新标准修订了历史数据","freeDuration":"0","freeTime":"","channelDesc":"经济频道","time":"2017-12-06 12:48:29","attr":5,"channelId":129,"pict":{"imgs":[{"txt":"","url":"http://img.caixin.com/2017-10-17/1508210471737586_145_97.jpg"}],"num":1},"desc":"研发支出计入GDP 深圳2016年总量超越广州"},{"cate":"100300005;100300184;101180384","comm":{"aid":"100","tid":"101180384"},"edit":{"head":"","link":"","name":"记者 李雨谦","rank":"","desc":""},"link":"http://economy.caixin.com/2017-12-05/101180384.html","nid":101180384,"subDesc":"要闻","video":"","type":0,"tags":[],"audioUrl":"http://audio.caixin.com/caixin/384/101180384.mp3","form":null,"summ":"服务业新业务量持续增长，用工规模也进一步扩张；服务业加速增长带动财新中国综合PMI升至51.6，但仍弱于历史均值","freeDuration":"0","freeTime":"","channelDesc":"经济频道","time":"2017-12-05 09:45:00","attr":0,"channelId":129,"pict":null,"desc":"11月财新中国服务业PMI升至51.9"},{"cate":"100300005;100300184;101179749","comm":{"aid":"100","tid":"101179749"},"edit":{"head":"","link":"","name":"记者 董兢","rank":"","desc":""},"link":"http://economy.caixin.com/2017-12-04/101179749.html","nid":101179749,"subDesc":"要闻","video":"","type":0,"tags":[],"audioUrl":"http://audio.caixin.com/caixin/749/101179749.mp3","form":null,"summ":"任泽平将出任恒大集团首席经济学家，兼恒大经济研究院院长","freeDuration":"0","freeTime":"","channelDesc":"经济频道","time":"2017-12-04 07:02:35","attr":5,"channelId":129,"pict":null,"desc":"“网红”多头任泽平转投恒大集团（更新）"}],"start":700,"count":100,"maxes":1000}