{"datas":[{"cate":"100300005;100300184;101179318","comm":{"aid":"100","tid":"101179318"},"edit":{"head":"","link":"","name":"记者 李雨谦","rank":"","desc":""},"link":"http://economy.caixin.com/2017-12-02/101179318.html","nid":101179318,"subDesc":"要闻","video":"","type":0,"tags":[],"audioUrl":"http://audio.caixin.com/caixin/317/101179317.mp3","form":null,"summ":"11月NEI的上升主要来自资本投入的增加，科技投入指数和劳动力指数小幅下降","freeDuration":"48","freeTime":"","channelDesc":"经济频道","time":"2017-12-02 10:00:00","attr":5,"channelId":129,"pict":{"imgs":[{"txt":"","url":"http://img.caixin.com/2017-12-02/1512178329804335_145_97.jpg"}],"num":1},"desc":"11月万事达卡财新BBD中国新经济指数回升至30.2"},{"cate":"100300005;100300184;101178615","comm":{"aid":"100","tid":"101178615"},"edit":{"head":"","link":"","name":"记者 李雨谦","rank":"","desc":""},"link":"http://economy.caixin.com/2017-12-01/101178615.html","nid":101178615,"subDesc":"要闻","video":"","type":0,"tags":[],"audioUrl":"http://audio.caixin.com/caixin/615/101178615.mp3","form":null,"summ":"新订单和产出指数小幅扩张，制造业用工规模继续收缩，价格指数均维持在高位，企业对未来的乐观程度下降","freeDuration":"0","freeTime":"","channelDesc":"经济频道","time":"2017-12-01 09:45:00","attr":5,"channelId":129,"pict":null,"desc":"11月财新中国制造业PMI降至50.8 为五个月来最低"},{"cate":"100300005;100300184;101178518","comm":{"aid":"100","tid":"101178518"},"edit":{"head":"","link":"","name":"记者 王晓霞","rank":"","desc":""},"link":"http://economy.caixin.com/2017-11-30/101178518.html","nid":101178518,"subDesc":"要闻","video":"","type":0,"tags":[{"txt":"地方违规举债问责开始","url":"http://tag.caixin.com/tag/%E5%9C%B0%E6%96%B9%E8%BF%9D%E8%A7%84%E4%B8%BE%E5%80%BA%E9%97%AE%E8%B4%A3%E5%BC%80%E5%A7%8B"}],"audioUrl":"http://audio.caixin.com/caixin/518/101178518.mp3","form":null,"summ":"项目库有进有退，将促使各参与方更加注重规范运作和项目管理，有利于防范和控制风险","freeDuration":"48","freeTime":"","channelDesc":"经济频道","time":"2017-11-30 22:00:25","attr":5,"channelId":129,"pict":{"imgs":[{"txt":"","url":"http://img.caixin.com/2017-11-30/1512050637610997_145_97.jpg"}],"num":1},"desc":"财政部解读92号文：纠正PPP实施中的走偏、变异问题"},{"cate":"100300005;100300184;101178503","comm":{"aid":"100","tid":"101178503"},"edit":{"head":"","link":"","name":"记者 董兢","rank":"","desc":""},"link":"http://economy.caixin.com/2017-11-30/101178503.html","nid":101178503,"subDesc":"要闻","video":"","type":0,"tags":[],"audioUrl":"http://audio.caixin.com/caixin/503/101178503.mp3","form":null,"summ":"同等条件下，优先选择运营经验丰富、商业运作水平高、创新创造能力强的民营企业；建立健全PPP项目守信践诺机制，坚决杜绝“新官不理旧账”现象","freeDuration":"48","freeTime":"","channelDesc":"经济频道","time":"2017-11-30 21:22:00","attr":5,"channelId":129,"pict":{"imgs":[{"txt":"","url":"http://img.caixin.com/2017-11-01/1509528726212499_145_97.jpg"}],"num":1},"desc":"发改委：不得以任何名义、任何形式限制民企参与PPP"},{"cate":"100300005;100300184;101178074","comm":{"aid":"100","tid":"101178074"},"edit":{"head":"","link":"","name":"记者 李雨谦","rank":"","desc":""},"link":"http://economy.caixin.com/2017-11-30/101178074.html","nid":101178074,"subDesc":"要闻","video":"","type":0,"tags":[],"audioUrl":"http://audio.caixin.com/caixin/074/101178074.mp3","form":null,"summ":"价格涨势继续趋缓，主要原材料购进价格指数和出厂价格指数分别为59.8%和53.8%，均连续两个月高位回落","freeDuration":"48","freeTime":"","channelDesc":"经济频道","time":"2017-11-30 09:22:17","attr":5,"channelId":129,"pict":null,"desc":"供需两端扩张加快 官方制造业PMI稳中有升"},{"cate":"100300005;100300184;101177911","comm":{"aid":"100","tid":"101177911"},"edit":{"head":"","link":"","name":"记者 于海荣","rank":"","desc":""},"link":"http://economy.caixin.com/2017-11-29/101177911.html","nid":101177911,"subDesc":"要闻","video":"","type":0,"tags":[{"txt":"前瞻2018","url":"http://tag.caixin.com/tag/%E5%89%8D%E7%9E%BB2018"}],"audioUrl":"http://audio.caixin.com/caixin/911/101177911.mp3","form":null,"summ":"房地产投资和基建投资增速放缓将拉低明年经济增速至6.5%，消费对经济增长贡献率将首次超过三分之二，债务占GDP的比率有望在2019年下半年稳定下来","freeDuration":"48","freeTime":"","channelDesc":"经济频道","time":"2017-11-29 19:12:21","attr":5,"channelId":129,"pict":{"imgs":[{"txt":"","url":"http://img.caixin.com/2016-11-28/1480302867967627_145_97.jpg"}],"num":1},"desc":"摩根士丹利：中国央行或在2018年下半年加息"},{"cate":"100300005;100300184;101177234","comm":{"aid":"100","tid":"101177234"},"edit":{"head":"","link":"","name":"记者  王晓霞","rank":"","desc":""},"link":"http://economy.caixin.com/2017-11-28/101177234.html","nid":101177234,"subDesc":"要闻","video":"","type":0,"tags":[],"audioUrl":"http://audio.caixin.com/caixin/234/101177234.mp3","form":null,"summ":"费改税后，水资源税的征收方式、税额标准基本延续了水资源费现行规定，不会影响居民和一般工商业企业用水价格","freeDuration":"48","freeTime":"","channelDesc":"经济频道","time":"2017-11-28 15:05:25","attr":5,"channelId":129,"pict":{"imgs":[{"txt":"","url":"http://img.caixin.com/2017-11-28/1511854006199466_145_97.jpg"}],"num":1},"desc":"12月1日起水资源税改革试点新增九省份"},{"cate":"100300005;100300184;101176951","comm":{"aid":"100","tid":"101176951"},"edit":{"head":"","link":"","name":"记者 王晓霞","rank":"","desc":""},"link":"http://economy.caixin.com/2017-11-27/101176951.html","nid":101176951,"subDesc":"要闻","video":"","type":0,"tags":[{"txt":"地方违规举债问责开始","url":"http://tag.caixin.com/tag/%E5%9C%B0%E6%96%B9%E8%BF%9D%E8%A7%84%E4%B8%BE%E5%80%BA%E9%97%AE%E8%B4%A3%E5%BC%80%E5%A7%8B"}],"audioUrl":"http://audio.caixin.com/caixin/951/101176951.mp3","form":null,"summ":"不得因开展PPP业务推高资产负债率，严禁非投资金融类子公司参与仅为项目提供融资、不参与建设或运营的项目","freeDuration":"48","freeTime":"","channelDesc":"经济频道","time":"2017-11-27 21:37:48","attr":5,"channelId":129,"pict":{"imgs":[{"txt":"","url":"http://img.caixin.com/2017-11-01/1509528726212499_145_97.jpg"}],"num":1},"desc":"国资委加强央企PPP风险管理 总量管控从严设定上限"},{"cate":"100300005;100300184;101176558","comm":{"aid":"100","tid":"101176558"},"edit":{"head":"","link":"","name":"记者 于海荣","rank":"","desc":""},"link":"http://economy.caixin.com/2017-11-27/101176558.html","nid":101176558,"subDesc":"要闻","video":"","type":0,"tags":[{"txt":"前瞻2018","url":"http://tag.caixin.com/tag/%E5%89%8D%E7%9E%BB2018"}],"audioUrl":"http://audio.caixin.com/caixin/558/101176558.mp3","form":null,"summ":"棚改货币化安置对房地产销售的贡献将降低，规范约束地方政府举债融资可能会带来基础设施投资减速，制造业投资或有小幅反弹","freeDuration":"48","freeTime":"","channelDesc":"经济频道","time":"2017-11-27 09:21:09","attr":5,"channelId":129,"pict":{"imgs":[{"txt":"","url":"http://img.caixin.com/2017-11-27/1511746128875617_145_97.jpg"}],"num":1},"desc":"瑞银汪涛：房地产和基建投资减速 2018年经济增长放缓至6.4%"},{"cate":"100300005;100300184;101176364","comm":{"aid":"100","tid":"101176364"},"edit":{"head":"","link":"","name":"记者 王晓霞","rank":"","desc":""},"link":"http://economy.caixin.com/2017-11-26/101176364.html","nid":101176364,"subDesc":"要闻","video":"","type":0,"tags":[],"audioUrl":"http://audio.caixin.com/caixin/364/101176364.mp3","form":null,"summ":"2017年31个省份财政透明度的平均得分为48.26分，比2016年提高6.01分；资产负债和财政专户资金管理透明度极低","freeDuration":"48","freeTime":"2017-11-28 11:20:41","channelDesc":"经济频道","time":"2017-11-26 11:21:20","attr":5,"channelId":129,"pict":{"imgs":[{"txt":"","url":"http://img.caixin.com/2017-10-17/1508212095932794_145_97.jpg"}],"num":1},"desc":"上财2017年省级财政透明度排名 山东第一湖北垫底"},{"cate":"100300005;100300184;101176353","comm":{"aid":"100","tid":"101176353"},"edit":{"head":"","link":"","name":"记者  王晓霞","rank":"","desc":""},"link":"http://economy.caixin.com/2017-11-26/101176353.html","nid":101176353,"subDesc":"要闻","video":"","type":0,"tags":[],"audioUrl":"http://audio.caixin.com/caixin/353/101176353.mp3","form":null,"summ":"中央和地方财政关系、预算制度、税制改革、绩效管理等改革，都需要通过法治来推进；法治财政制度未建立，财政改革远没有实现","freeDuration":"48","freeTime":"2017-11-28 10:58:08","channelDesc":"经济频道","time":"2017-11-26 10:59:14","attr":5,"channelId":129,"pict":{"imgs":[{"txt":"","url":"http://img.caixin.com/2017-10-17/1508210450088294_145_97.jpg"}],"num":1},"desc":"高强：新时代需要建立法治财政制度"},{"cate":"100300005;100300184;101174397","comm":{"aid":"100","tid":"101174397"},"edit":{"head":"","link":"","name":"驻香港见习记者 刘雁菲","rank":"","desc":""},"link":"http://economy.caixin.com/2017-11-21/101174397.html","nid":101174397,"subDesc":"要闻","video":"","type":0,"tags":[{"txt":"前瞻2018","url":"http://tag.caixin.com/tag/%E5%89%8D%E7%9E%BB2018"}],"audioUrl":"http://audio.caixin.com/caixin/397/101174397.mp3","form":null,"summ":"中国经济政策正向风险控制和社会经济可持续性转变。经济增速放缓令人民币存在贬值空间，预计2018年人民币兑美元汇率将贬至6.8","freeDuration":"0","freeTime":"","channelDesc":"经济频道","time":"2017-11-21 23:02:09","attr":5,"channelId":129,"pict":{"imgs":[{"txt":"","url":"http://img.caixin.com/2017-11-21/1511277504491681_145_97.jpg"}],"num":1},"desc":"高盛：2018年中国GDP增速将达6.5%"},{"cate":"100300005;100300184;101173838","comm":{"aid":"100","tid":"101173838"},"edit":{"head":"","link":"","name":"记者 王晓霞","rank":"","desc":""},"link":"http://economy.caixin.com/2017-11-21/101173838.html","nid":101173838,"subDesc":"要闻","video":"","type":0,"tags":[],"audioUrl":"http://audio.caixin.com/caixin/838/101173838.mp3","form":{"txt":"政策信息","url":"http://economy.caixin.com/policy/"},"summ":"全面实行从价计征方式，将改革成果上升为法律；税目确定权上收，水、森林、草原等资源税未纳入此次立法，先试点，待条件成熟后再立法","freeDuration":"48","freeTime":"2017-11-23 07:52:14","channelDesc":"经济频道","time":"2017-11-21 07:54:43","attr":5,"channelId":129,"pict":{"imgs":[{"txt":"","url":"http://img.caixin.com/2017-11-21/1511223381216482_145_97.jpg"}],"num":1},"desc":"资源税法公开征求意见 税制框架和税负水平基本不变"},{"cate":"100300005;100300184;101173114","comm":{"aid":"100","tid":"101173114"},"edit":{"head":"","link":"","name":"记者 王晓霞 于海荣","rank":"","desc":""},"link":"http://economy.caixin.com/2017-11-18/101173114.html","nid":101173114,"subDesc":"要闻","video":"","type":0,"tags":[],"audioUrl":"http://audio.caixin.com/caixin/114/101173114.mp3","form":null,"summ":"用于弥补基本养老保险制度转轨时期形成的缺口；社保基金会和各省（区、市）国有独资公司等承接主体作为财务投资者，不干预企业日常生产经营管理，其收益主要来源于股权分红","freeDuration":"48","freeTime":"2017-11-20 16:38:16","channelDesc":"经济频道","time":"2017-11-18 16:42:26","attr":5,"channelId":129,"pict":{"imgs":[{"txt":"","url":"http://img.caixin.com/2017-11-18/1510995107783257_145_97.jpg"}],"num":1},"desc":"国资划转社保落地 划转企业国有股权的10%"},{"cate":"100831910;100831970;101172992","comm":{"aid":"100","tid":"101172992"},"edit":{"head":"","link":"","name":"记者 李雨谦","rank":"","desc":""},"link":"http://pmi.caixin.com/2017-11-18/101172992.html","nid":101172992,"subDesc":"要闻","video":"","type":0,"tags":[],"audioUrl":"http://audio.caixin.com/caixin/992/101172992.mp3","form":null,"summ":"北京、上海90平米以下新房价格均现上涨；热点城市新建商品住宅价格走势总体平稳","freeDuration":"48","freeTime":"2017-11-20 11:23:41","channelDesc":"财新PMI频道","time":"2017-11-18 11:25:10","attr":5,"channelId":164,"pict":{"imgs":[{"txt":"","url":"http://img.caixin.com/2017-11-18/1510975804255888_145_97.jpg"}],"num":1},"desc":"上海房价环比上升 二三线城市房价环比涨幅扩大"},{"cate":"100300005;100300184;101171853","comm":{"aid":"100","tid":"101171853"},"edit":{"head":"","link":"","name":"记者 王晓霞","rank":"","desc":""},"link":"http://economy.caixin.com/2017-11-16/101171853.html","nid":101171853,"subDesc":"要闻","video":"","type":0,"tags":[{"txt":"地方违规举债问责开始","url":"http://tag.caixin.com/tag/%E5%9C%B0%E6%96%B9%E8%BF%9D%E8%A7%84%E4%B8%BE%E5%80%BA%E9%97%AE%E8%B4%A3%E5%BC%80%E5%A7%8B"}],"audioUrl":"http://audio.caixin.com/caixin/853/101171853.mp3","form":null,"summ":"纠正PPP泛化滥用现象，推动PPP回归公共服务创新供给机制的本源；严格新项目入库管理，集中清理已入库项目","freeDuration":"48","freeTime":"2017-11-18 16:43:18","channelDesc":"经济频道","time":"2017-11-16 16:45:03","attr":5,"channelId":129,"pict":{"imgs":[{"txt":"","url":"http://img.caixin.com/2017-11-16/1510824023067418_145_97.jpg"}],"num":1},"desc":"财政部规范PPP项目库 遏制隐性债务风险增量（更新）"},{"cate":"100300005;100300184;101170465","comm":{"aid":"100","tid":"101170465"},"edit":{"head":"","link":"","name":"记者 李雨谦","rank":"","desc":""},"link":"http://economy.caixin.com/2017-11-14/101170465.html","nid":101170465,"subDesc":"要闻","video":"","type":0,"tags":[],"audioUrl":"http://audio.caixin.com/caixin/465/101170465.mp3","form":null,"summ":"机构认为，短期内实体经济指标的同比增速将进一步放缓，但稳增长压力较低，国内宏观经济政策不会出现明显调整","freeDuration":"48","freeTime":"2017-11-16 17:27:27","channelDesc":"经济频道","time":"2017-11-14 17:29:52","attr":5,"channelId":129,"pict":null,"desc":"三大投资主力增速均放缓 经济运行继续走弱"},{"cate":"100300005;100300184;101170316","comm":{"aid":"100","tid":"101170316"},"edit":{"head":"","link":"","name":"记者 李雨谦","rank":"","desc":""},"link":"http://economy.caixin.com/2017-11-14/101170316.html","nid":101170316,"subDesc":"要闻","video":"","type":0,"tags":[],"audioUrl":"http://audio.caixin.com/caixin/316/101170316.mp3","form":null,"summ":"供给体系的改善为下一步激发需求的潜力打下了非常好的基础；内外需求潜力逐渐释放","freeDuration":"48","freeTime":"2017-11-16 14:32:44","channelDesc":"经济频道","time":"2017-11-14 14:32:51","attr":5,"channelId":129,"pict":null,"desc":"统计局：当前经济指标月度波动尚在合理范围内"},{"cate":"100300005;100300184;101169197","comm":{"aid":"100","tid":"101169197"},"edit":{"head":"","link":"","name":"记者 王晓霞","rank":"","desc":""},"link":"http://economy.caixin.com/2017-11-11/101169197.html","nid":101169197,"subDesc":"要闻","video":"","type":0,"tags":[],"audioUrl":"http://audio.caixin.com/caixin/197/101169197.mp3","form":null,"summ":"中国将逐步适当降低汽车关税，在2018年6月前在自贸试验区范围内开展放开专用车和新能源汽车外资股比限制试点工作","freeDuration":"48","freeTime":"2017-11-13 10:57:57","channelDesc":"经济频道","time":"2017-11-11 10:58:12","attr":5,"channelId":129,"pict":{"imgs":[{"txt":"","url":"http://img.caixin.com/2017-11-11/1510370780798132_145_97.jpg"}],"num":1},"desc":"汽车业开放再扩大 对国内企业影响有限"},{"cate":"100300005;100300184;101168875","comm":{"aid":"100","tid":"101168875"},"edit":{"head":"","link":"","name":"记者 王晓霞","rank":"","desc":""},"link":"http://economy.caixin.com/2017-11-10/101168875.html","nid":101168875,"subDesc":"要闻","video":"","type":0,"tags":[],"audioUrl":"http://audio.caixin.com/caixin/875/101168875.mp3","form":null,"summ":"财政部称，支出同比下降，主要是今年支出进度加快，部分支出在前期体现较多，相应后期支出量减小","freeDuration":"48","freeTime":"2017-11-12 17:56:02","channelDesc":"经济频道","time":"2017-11-10 17:56:36","attr":5,"channelId":129,"pict":{"imgs":[{"txt":"","url":"http://img.caixin.com/2017-11-10/1510309265110639_145_97.jpg"}],"num":1},"desc":"10月财政收入增速降至5.4% 财政支出一年来首降"},{"cate":"100300005;100300184;101168585","comm":{"aid":"100","tid":"101168585"},"edit":{"head":"","link":"","name":"记者 王晓霞","rank":"","desc":""},"link":"http://economy.caixin.com/2017-11-10/101168585.html","nid":101168585,"subDesc":"要闻","video":"","type":0,"tags":[],"audioUrl":"http://audio.caixin.com/caixin/585/101168585.mp3","form":{"txt":"政策信息","url":"http://economy.caixin.com/policy/"},"summ":"无现金流、完全政府付费的项目从严从紧控制；前期PPP项目数量较多、地方政府支出责任占比较高地区申报的项目从严从紧控制","freeDuration":"48","freeTime":"2017-11-12 11:59:50","channelDesc":"经济频道","time":"2017-11-10 12:02:10","attr":5,"channelId":129,"pict":{"imgs":[{"txt":"","url":"http://img.caixin.com/2017-11-01/1509528726212499_145_97.jpg"}],"num":1},"desc":"江苏出台首份地方规范PPP管理文件 严控项目入库"},{"cate":"100300005;100300184;101167378","comm":{"aid":"100","tid":"101167378"},"edit":{"head":"","link":"","name":"记者 于海荣","rank":"","desc":""},"link":"http://economy.caixin.com/2017-11-08/101167378.html","nid":101167378,"subDesc":"要闻","video":"","type":0,"tags":[],"audioUrl":"http://audio.caixin.com/caixin/378/101167378.mp3","form":null,"summ":"关键是切实、持续地提高全要素生产率；必须加快营造与高质量发展相适应的体制政策环境，发展目标上更加注重就业创业、质量效益、风险防控、稳定性和可持续性","freeDuration":"48","freeTime":"2017-11-10 12:49:06","channelDesc":"经济频道","time":"2017-11-08 12:50:14","attr":5,"channelId":129,"pict":{"imgs":[{"txt":"","url":"http://img.caixin.com/2017-11-08/1510118553694471_145_97.jpg"}],"num":1},"desc":"刘世锦：高质量发展需要推动质量变革、效率变革、动力变革"},{"cate":"100300005;100300184;101167365","comm":{"aid":"100","tid":"101167365"},"edit":{"head":"","link":"","name":"记者 李雨谦","rank":"","desc":""},"link":"http://economy.caixin.com/2017-11-08/101167365.html","nid":101167365,"subDesc":"要闻","video":"","type":0,"tags":[],"audioUrl":"http://audio.caixin.com/caixin/365/101167365.mp3","form":null,"summ":"对欧美日东盟等市场进出口均较快增长，民营企业进出口占比提升","freeDuration":"48","freeTime":"2017-11-10 12:16:37","channelDesc":"经济频道","time":"2017-11-08 12:18:53","attr":5,"channelId":129,"pict":null,"desc":"10月中国出口同比增速小幅回落"},{"cate":"100300005;100300184;101167185","comm":{"aid":"100","tid":"101167185"},"edit":{"head":"","link":"","name":"记者 潘宇静","rank":"","desc":""},"link":"http://economy.caixin.com/2017-11-08/101167185.html","nid":101167185,"subDesc":"要闻","video":"","type":0,"tags":[],"audioUrl":"http://audio.caixin.com/caixin/185/101167185.mp3","form":{"txt":"宏观数据","url":"http://economy.caixin.com/macro_economy/"},"summ":"如果不让该破产的企业破产，还继续占用社会资源，资产负债表缩水不了，社会资源合理配置就配置不了","freeDuration":"0","freeTime":"","channelDesc":"经济频道","time":"2017-11-08 08:02:38","attr":0,"channelId":129,"pict":{"imgs":[{"txt":"","url":"http://img.caixin.com/2017-11-08/1510105956754260_145_97.jpg"}],"num":1},"desc":"夏斌：释放金融风险是稳增长前提"},{"cate":"100300005;100300184;101165516","comm":{"aid":"100","tid":"101165516"},"edit":{"head":"","link":"","name":"记者 王晓霞 于海荣","rank":"","desc":""},"link":"http://economy.caixin.com/2017-11-03/101165516.html","nid":101165516,"subDesc":"要闻","video":"","type":0,"tags":[],"audioUrl":"http://audio.caixin.com/caixin/516/101165516.mp3","form":null,"summ":"根据税基弱流动性、收入成长性、征管便利性等原则，合理确定地方税税种；适当下放部分非税收入管理权限","freeDuration":"0","freeTime":"","channelDesc":"经济频道","time":"2017-11-03 17:48:48","attr":5,"channelId":129,"pict":{"imgs":[{"txt":"","url":"http://img.caixin.com/2017-11-03/1509703045622166_145_97.jpg"}],"num":1},"desc":"如何健全地方税体系 肖捷：完善地方税种  扩大地方税权"},{"cate":"100300005;100300184;101165388","comm":{"aid":"100","tid":"101165388"},"edit":{"head":"","link":"","name":"记者 董兢","rank":"","desc":""},"link":"http://economy.caixin.com/2017-11-03/101165388.html","nid":101165388,"subDesc":"要闻","video":"","type":0,"tags":[],"audioUrl":"http://audio.caixin.com/caixin/388/101165388.mp3","form":{"txt":"政策信息","url":"http://economy.caixin.com/policy/"},"summ":"境内企业通过其控制的境外企业“出海”，敏感类项目实行核准管理，非敏感项目中方投资额在3亿美元及以上的，需告知国家发改委","freeDuration":"0","freeTime":"","channelDesc":"经济频道","time":"2017-11-03 16:28:01","attr":5,"channelId":129,"pict":{"imgs":[{"txt":"","url":"http://img.caixin.com/2017-10-17/1508210500830998_145_97.jpg"}],"num":1},"desc":"《企业境外投资管理办法》公开征求意见 借道外企出海将受监管"},{"cate":"100300005;100300184;101165199","comm":{"aid":"100","tid":"101165199"},"edit":{"head":"","link":"","name":"记者 于海荣","rank":"","desc":""},"link":"http://economy.caixin.com/2017-11-03/101165199.html","nid":101165199,"subDesc":"要闻","video":"","type":0,"tags":[{"txt":"房地产税这次真的要来了？","url":"http://tag.caixin.com/tag/%E6%88%BF%E5%9C%B0%E4%BA%A7%E7%A8%8E%E8%BF%99%E6%AC%A1%E7%9C%9F%E7%9A%84%E8%A6%81%E6%9D%A5%E4%BA%86%EF%BC%9F"}],"audioUrl":"http://audio.caixin.com/caixin/199/101165199.mp3","form":null,"summ":"个税改革基本延续了此前的思路，房地产税“立法先行、充分授权、分步推进”，2020年完成“落实税收法定原则”的改革任务","freeDuration":"0","freeTime":"","channelDesc":"经济频道","time":"2017-11-03 11:22:11","attr":5,"channelId":129,"pict":{"imgs":[{"txt":"","url":"http://img.caixin.com/2017-11-03/1509679645777975_145_97.jpg"}],"num":1},"desc":"未来个税房地产税怎么征？财长肖捷来解答"},{"cate":"100300005;100300184;101165419","comm":{"aid":"100","tid":"101165419"},"edit":{"head":"","link":"","name":"记者 于海荣","rank":"","desc":""},"link":"http://economy.caixin.com/2017-11-03/101165419.html","nid":101165419,"subDesc":"要闻","video":"","type":0,"tags":[],"audioUrl":"http://audio.caixin.com/caixin/419/101165419.mp3","form":null,"summ":"受制造业产出放缓影响，10月财新中国综合PMI降至2016年6月以来最低，市场需求趋势性放缓，但无大幅下行风险","freeDuration":"0","freeTime":"","channelDesc":"经济频道","time":"2017-11-03 09:45:00","attr":5,"channelId":129,"pict":{"imgs":[{"txt":"","url":"http://img.caixin.com/2017-11-03/1509674516777653_145_97.jpg"}],"num":1},"desc":"财新PMI分析|限产扰动工业生产 四季度开局偏弱"},{"cate":"100300005;100300184;101165418","comm":{"aid":"100","tid":"101165418"},"edit":{"head":"","link":"","name":"记者 李雨谦","rank":"","desc":""},"link":"http://economy.caixin.com/2017-11-03/101165418.html","nid":101165418,"subDesc":"要闻","video":"","type":0,"tags":[],"audioUrl":"http://audio.caixin.com/caixin/418/101165418.mp3","form":null,"summ":"服务业新订单和用工均小幅增长，投入价格创四个月以来最高，但仍算温和；财新中国综合PMI降至2016年6月以来最低","freeDuration":"0","freeTime":"","channelDesc":"经济频道","time":"2017-11-03 09:45:00","attr":5,"channelId":129,"pict":{"imgs":[{"txt":"","url":"http://img.caixin.com/2017-11-03/1509674516777653_145_97.jpg"}],"num":1},"desc":"10月财新中国服务业PMI微升至51.2"},{"cate":"100300005;100300184;101164996","comm":{"aid":"100","tid":"101164996"},"edit":{"head":"","link":"","name":"记者 于海荣","rank":"","desc":""},"link":"http://economy.caixin.com/2017-11-03/101164996.html","nid":101164996,"subDesc":"要闻","video":"","type":0,"tags":[],"audioUrl":"http://audio.caixin.com/caixin/996/101164996.mp3","form":null,"summ":"近期城投公司扎堆宣布退出政府融资平台，意欲何为？在地方债管理从严的大背景下，城投公司转型已经迫在眉睫，难点在哪？方向又在哪？","freeDuration":"0","freeTime":"","channelDesc":"经济频道","time":"2017-11-03 07:55:22","attr":5,"channelId":129,"pict":{"imgs":[{"txt":"","url":"http://img.caixin.com/2017-11-03/1509674984618739_145_97.jpg"}],"num":1},"desc":"周刊推荐：城投真的退出融资平台了吗"},{"cate":"100300005;100300184;101164968","comm":{"aid":"100","tid":"101164968"},"edit":{"head":"","link":"","name":"驻华盛顿记者 李增新","rank":"","desc":""},"link":"http://economy.caixin.com/2017-11-03/101164968.html","nid":101164968,"subDesc":"要闻","video":"","type":0,"tags":[],"audioUrl":"http://audio.caixin.com/caixin/968/101164968.mp3","form":null,"summ":"候任美联储主席预计新兴市场顺利应对美国货币政策“正常化”，但特别提示中国、印度等国债务风险，认为美联储应“做好自己的事”","freeDuration":"0","freeTime":"","channelDesc":"经济频道","time":"2017-11-03 03:37:28","attr":5,"channelId":129,"pict":{"imgs":[{"txt":"","url":"http://img.caixin.com/2017-11-03/1509668399149652_145_97.jpg"}],"num":1},"desc":"鲍威尔不担忧新兴市场 称货币政策主要“看国内”"},{"cate":"100300005;100300184;101164697","comm":{"aid":"100","tid":"101164697"},"edit":{"head":"","link":"","name":"记者 王晓霞 于海荣","rank":"","desc":""},"link":"http://economy.caixin.com/2017-11-02/101164697.html","nid":101164697,"subDesc":"要闻","video":"","type":0,"tags":[],"audioUrl":"http://audio.caixin.com/caixin/697/101164697.mp3","form":null,"summ":"就任财长至今不到一年，积极稳妥地推动各项财税改革，力度最大的是规范地方政府债务","freeDuration":"0","freeTime":"","channelDesc":"经济频道","time":"2017-11-02 16:00:00","attr":5,"channelId":129,"pict":null,"desc":"即将告别财政部 看看财长肖捷的改革成绩单"},{"cate":"100300005;100300184;101164333","comm":{"aid":"100","tid":"101164333"},"edit":{"head":"","link":"","name":"记者 王晓霞","rank":"","desc":""},"link":"http://economy.caixin.com/2017-11-01/101164333.html","nid":101164333,"subDesc":"要闻","video":"","type":0,"tags":[],"audioUrl":"http://audio.caixin.com/caixin/333/101164333.mp3","form":null,"summ":"不能让政府的各种公共性基金作为资本金去小马拉大车，更不能让社会资本用借款作为资本金，然后再用银行资金做运营","freeDuration":"0","freeTime":"","channelDesc":"经济频道","time":"2017-11-01 17:27:37","attr":5,"channelId":129,"pict":{"imgs":[{"txt":"","url":"http://img.caixin.com/2017-11-01/1509528726212499_145_97.jpg"}],"num":1},"desc":"财政部金融司司长：不符合条件的PPP项目将清理出库"},{"cate":"100300005;100300184;101164105","comm":{"aid":"100","tid":"101164105"},"edit":{"head":"","link":"","name":"记者 王晓霞","rank":"","desc":""},"link":"http://economy.caixin.com/2017-11-01/101164105.html","nid":101164105,"subDesc":"要闻","video":"","type":0,"tags":[],"audioUrl":"http://audio.caixin.com/caixin/105/101164105.mp3","form":null,"summ":"防止将商业项目和纯工程项目包装成PPP项目融资，严守财政支出10%的红线，控制实体企业融资杠杆倍数，严防表外业务的风险","freeDuration":"0","freeTime":"","channelDesc":"经济频道","time":"2017-11-01 12:42:42","attr":5,"channelId":129,"pict":{"imgs":[{"txt":"","url":"http://img.caixin.com/2017-11-01/1509514951204554_145_97.jpg"}],"num":1},"desc":"史耀斌：高度警惕PPP实践中的隐性风险"},{"cate":"100300005;100300184;101163950","comm":{"aid":"100","tid":"101163950"},"edit":{"head":"","link":"","name":"记者 李雨谦","rank":"","desc":""},"link":"http://economy.caixin.com/2017-11-01/101163950.html","nid":101163950,"subDesc":"要闻","video":"","type":0,"tags":[],"audioUrl":"http://audio.caixin.com/caixin/950/101163950.mp3","form":null,"summ":"制造业整体运行进一步轻微改善，生产活动为四个月以来最弱，新业务量增速提高，投入品价格涨幅略有回落但仍处于较高水平","freeDuration":"0","freeTime":"","channelDesc":"经济频道","time":"2017-11-01 09:45:00","attr":5,"channelId":129,"pict":null,"desc":"10月财新中国制造业PMI录得51 与9月持平"},{"cate":"100300005;100300184;101163978","comm":{"aid":"100","tid":"101163978"},"edit":{"head":"","link":"","name":"记者 于海荣","rank":"","desc":""},"link":"http://economy.caixin.com/2017-11-01/101163978.html","nid":101163978,"subDesc":"要闻","video":"","type":0,"tags":[],"audioUrl":"http://audio.caixin.com/caixin/978/101163978.mp3","form":null,"summ":"制造业PMI生产指数明显回落，价格指数高位回落，四季度经济开局偏弱，但无大幅下行风险","freeDuration":"0","freeTime":"","channelDesc":"经济频道","time":"2017-11-01 09:45:00","attr":5,"channelId":129,"pict":null,"desc":"财新PMI分析|制造业平稳扩张 限产扰动工业生产"},{"cate":"100300005;100300184;101163335","comm":{"aid":"100","tid":"101163335"},"edit":{"head":"","link":"","name":"记者 王晓霞","rank":"","desc":""},"link":"http://economy.caixin.com/2017-10-31/101163335.html","nid":101163335,"subDesc":"要闻","video":"","type":0,"tags":[],"audioUrl":"http://audio.caixin.com/caixin/335/101163335.mp3","form":null,"summ":"十九大报告对金融开放要不要往前走做出肯定回答，金融开放需要顶层设计和全方位开放，同时需要认真考虑对国际经济的溢出效应","freeDuration":"0","freeTime":"","channelDesc":"经济频道","time":"2017-10-31 09:52:52","attr":5,"channelId":129,"pict":{"imgs":[{"txt":"","url":"http://img.caixin.com/2017-10-31/1509415062292390_145_97.jpg"}],"num":1},"desc":"黄益平：金融开放需要新理念并应加速推动"},{"cate":"100300005;100300184;101162467","comm":{"aid":"100","tid":"101162467"},"edit":{"head":"","link":"","name":"记者 王晓霞","rank":"","desc":""},"link":"http://economy.caixin.com/2017-10-28/101162467.html","nid":101162467,"subDesc":"要闻","video":"","type":0,"tags":[],"audioUrl":"http://audio.caixin.com/caixin/467/101162467.mp3","form":null,"summ":"管理库中需要政府支付费用的项目占八成；示范项目落地率达到82.1%，民营企业作为社会资本方的项目占比34.7%，环比降低2.3个百分点","freeDuration":"","freeTime":"","channelDesc":"经济频道","time":"2017-10-28 11:09:35","attr":5,"channelId":129,"pict":{"imgs":[{"txt":"","url":"http://img.caixin.com/2017-05-04/1493868585651798_145_97.jpg"}],"num":1},"desc":"三季度PPP落地项目增加367个 示范项目中民企占比下降"},{"cate":"100300005;100300184;101161292","comm":{"aid":"100","tid":"101161292"},"edit":{"head":"","link":"","name":"记者 李雨谦","rank":"","desc":""},"link":"http://economy.caixin.com/2017-10-26/101161292.html","nid":101161292,"subDesc":"要闻","video":"","type":0,"tags":[],"audioUrl":"http://audio.caixin.com/caixin/292/101161292.mp3","form":null,"summ":"市场人士认为，在月末临近的情况下，推动近期利率上行的还有经济基本面因素，监管和政策因素","freeDuration":"","freeTime":"","channelDesc":"经济频道","time":"2017-10-26 12:00:06","attr":5,"channelId":129,"pict":null,"desc":"市场流动性趋紧 银行间同业拆借利率全线上升"},{"cate":"100300005;100300184;101160723","comm":{"aid":"100","tid":"101160723"},"edit":{"head":"","link":"","name":"记者 李雨谦","rank":"","desc":""},"link":"http://economy.caixin.com/2017-10-25/101160723.html","nid":101160723,"subDesc":"要闻","video":"","type":0,"tags":[],"audioUrl":"http://audio.caixin.com/caixin/723/101160723.mp3","form":null,"summ":"9月全球发达经济体保持良好发展态势，多个新兴经济体也出现好转迹象，金融市场平稳、情绪偏乐观，贸易形势持续向好","freeDuration":"","freeTime":"","channelDesc":"经济频道","time":"2017-10-25 11:20:04","attr":5,"channelId":129,"pict":null,"desc":"外部经济环境平稳 中国外部经济综合PMI持续增长"},{"cate":"100300005;100300184;101160707","comm":{"aid":"100","tid":"101160707"},"edit":{"head":"","link":"","name":"驻香港见习记者 尉奕阳 刘雁菲","rank":"","desc":""},"link":"http://economy.caixin.com/2017-10-25/101160707.html","nid":101160707,"subDesc":"要闻","video":"","type":0,"tags":[],"audioUrl":"http://audio.caixin.com/caixin/707/101160707.mp3","form":null,"summ":"秦晓并指出，眼下市场高估了新经济的价值，尤其是中国创业板新经济公司的价值，同时低估了传统蓝筹企业的市场价值","freeDuration":"","freeTime":"","channelDesc":"经济频道","time":"2017-10-25 11:14:02","attr":5,"channelId":129,"pict":{"imgs":[{"txt":"","url":"http://img.caixin.com/2017-10-25/1508909368007777_145_97.jpg"}],"num":1},"desc":"秦晓：市场尚未完全建立中国经济企稳信心"},{"cate":"100300005;100300184;101160454","comm":{"aid":"100","tid":"101160454"},"edit":{"head":"","link":"","name":"记者 王晓霞 彭骎骎","rank":"","desc":""},"link":"http://economy.caixin.com/2017-10-24/101160454.html","nid":101160454,"subDesc":"要闻","video":"","type":0,"tags":[],"audioUrl":"http://audio.caixin.com/caixin/454/101160454.mp3","form":null,"summ":"中国政府并没有强烈的外部融资需求，募集的资金将用作一般政府性支出，统筹使用；市场对此反应踊跃，预计此次发行利率与美国政府债券的息差将会缩小","freeDuration":"","freeTime":"","channelDesc":"经济频道","time":"2017-10-24 16:51:18","attr":5,"channelId":129,"pict":{"imgs":[{"txt":"","url":"http://img.caixin.com/2017-08-04/1501819520469738_145_97.jpg"}],"num":1},"desc":"财政部称发行美元主权债券融资非首要考虑 市场关注如何定价"},{"cate":"100300005;101155691;101159841","comm":{"aid":"100","tid":"101159841"},"edit":{"head":"","link":"","name":"记者 王力为","rank":"","desc":""},"link":"http://economy.caixin.com/2017-10-23/101159841.html","nid":101159841,"subDesc":"要闻","video":"","type":0,"tags":[],"audioUrl":"http://audio.caixin.com/caixin/841/101159841.mp3","form":null,"summ":"中国还需要外资吗？为何今年中央连续发文，外资仍在徘徊？政策执行存在哪些问题？外资在中国丧失竞争力了吗？医疗、教育、金融领域开放障碍几何？","freeDuration":"0","freeTime":"","channelDesc":"经济频道","time":"2017-10-23 17:30:00","attr":5,"channelId":129,"pict":{"imgs":[{"txt":"","url":"http://img.caixin.com/2017-10-23/1508738025131887_145_97.jpg"}],"num":1},"desc":"官方智库：十九大后开放应着眼医教金融等高端服务业"},{"cate":"100300005;100300184;101159756","comm":{"aid":"100","tid":"101159756"},"edit":{"head":"","link":"","name":"记者 李雨谦","rank":"","desc":""},"link":"http://economy.caixin.com/2017-10-23/101159756.html","nid":101159756,"subDesc":"要闻","video":"","type":0,"tags":[],"audioUrl":"http://audio.caixin.com/caixin/756/101159756.mp3","form":null,"summ":"工资性收入、财产性收入增长明显加快；转移净收入继续保持两位数增长","freeDuration":"","freeTime":"","channelDesc":"经济频道","time":"2017-10-23 10:41:05","attr":5,"channelId":129,"pict":null,"desc":"前三季度居民人均收入实际增速加快 跑赢GDP增速"},{"cate":"100300005;100300184;101159732","comm":{"aid":"100","tid":"101159732"},"edit":{"head":"","link":"","name":"记者 李雨谦","rank":"","desc":""},"link":"http://economy.caixin.com/2017-10-23/101159732.html","nid":101159732,"subDesc":"要闻","video":"","type":0,"tags":[],"audioUrl":"http://audio.caixin.com/caixin/732/101159732.mp3","form":null,"summ":"一线城市中，北京、广州新建商品住宅价格环比下降，上海、深圳新建商品住宅价格环比持平","freeDuration":"","freeTime":"","channelDesc":"经济频道","time":"2017-10-23 09:49:56","attr":5,"channelId":129,"pict":null,"desc":"二三线城市房价环比延续上升势头 一线城市房价环比小幅回落"},{"cate":"100300005;100300184;101159282","comm":{"aid":"100","tid":"101159282"},"edit":{"head":"","link":"","name":"记者 王晓霞","rank":"","desc":""},"link":"http://economy.caixin.com/2017-10-20/101159282.html","nid":101159282,"subDesc":"要闻","video":"","type":0,"tags":[],"audioUrl":"http://audio.caixin.com/caixin/282/101159282.mp3","form":null,"summ":"江苏省高院课题组称，随着PPP落地项目不断增多，新纠纷类型可能层出不穷，建议加快PPP立法进程，进一步理顺PPP管理机制，完善配套政策","freeDuration":"","freeTime":"","channelDesc":"经济频道","time":"2017-10-20 21:30:12","attr":5,"channelId":129,"pict":{"imgs":[{"txt":"","url":"http://img.caixin.com/2017-09-28/1506585773454579_145_97.jpg"}],"num":1},"desc":"PPP纠纷案件数量大幅攀升 多为民事合同纠纷"},{"cate":"100300005;100300184;101159021","comm":{"aid":"100","tid":"101159021"},"edit":{"head":"","link":"","name":"记者 王晓霞","rank":"","desc":""},"link":"http://economy.caixin.com/2017-10-20/101159021.html","nid":101159021,"subDesc":"要闻","video":"","type":0,"tags":[],"audioUrl":"http://audio.caixin.com/caixin/021/101159021.mp3","form":null,"summ":"拟发行无评级美元RegS形式高级债券，委托十家金融机构担任联席主承销商及账簿管理人","freeDuration":"","freeTime":"","channelDesc":"经济频道","time":"2017-10-20 15:21:18","attr":5,"channelId":129,"pict":{"imgs":[{"txt":"","url":"http://img.caixin.com/2017-10-20/1508484589440897_145_97.jpg"}],"num":1},"desc":"财政部将发20亿无评级美元主权债券 10月25日香港推介"},{"cate":"100300005;100300184;101158608","comm":{"aid":"100","tid":"101158608"},"edit":{"head":"","link":"","name":"文∣国家外汇管理局国际收支分析小组","rank":"","desc":""},"link":"http://economy.caixin.com/2017-10-19/101158608.html","nid":101158608,"subDesc":"要闻","video":"","type":0,"tags":[],"audioUrl":"http://audio.caixin.com/caixin/608/101158608.mp3","form":null,"summ":"未来促进国际收支平衡的因素依然较多：国内经济金融持续健康发展是基础，国内市场更加开放是保障，境内主体涉外交易更加稳定也是重要因素","freeDuration":"","freeTime":"","channelDesc":"经济频道","time":"2017-10-19 17:08:22","attr":5,"channelId":129,"pict":null,"desc":"经济新常态下 中国国际收支如何保持基本平衡？"},{"cate":"100300005;100300184;101158340","comm":{"aid":"100","tid":"101158340"},"edit":{"head":"","link":"","name":"记者 李雨谦","rank":"","desc":""},"link":"http://economy.caixin.com/2017-10-19/101158340.html","nid":101158340,"subDesc":"要闻","video":"","type":0,"tags":[],"audioUrl":"http://audio.caixin.com/caixin/340/101158340.mp3","form":null,"summ":"经济增速连续9个季度运行在6.7-6.9%的区间，保持中高速增长；但持续向好基础尚需进一步巩固","freeDuration":"","freeTime":"","channelDesc":"经济频道","time":"2017-10-19 10:39:10","attr":5,"channelId":129,"pict":{"imgs":[{"txt":"","url":"http://img.caixin.com/2017-10-19/1508381377028274_145_97.jpg"}],"num":1},"desc":"三季度中国GDP同比增速降至6.8%"},{"cate":"100300005;100300184;101158312","comm":{"aid":"100","tid":"101158312"},"edit":{"head":"","link":"","name":"","rank":"","desc":""},"link":"http://economy.caixin.com/2017-10-19/101158312.html","nid":101158312,"subDesc":"要闻","video":"","type":0,"tags":[],"audioUrl":"","form":null,"summ":"前三季度国民经济运行总体平稳，增速与上半年持平，比上年同期加快0.2个百分点；三季度，国内生产总值同比增长6.8%，保持中高速增长","freeDuration":"","freeTime":"","channelDesc":"经济频道","time":"2017-10-19 10:08:58","attr":5,"channelId":129,"pict":{"imgs":[{"txt":"","url":"http://img.caixin.com/2017-04-17/1492395235130168_145_97.jpg"}],"num":1},"desc":"统计局：中国前三季度GDP同比增长6.9%"},{"cate":"100300005;101155691;101157662","comm":{"aid":"100","tid":"101157662"},"edit":{"head":"","link":"","name":"记者 王力为","rank":"","desc":""},"link":"http://economy.caixin.com/2017-10-18/101157662.html","nid":101157662,"subDesc":"要闻","video":"","type":0,"tags":[],"audioUrl":"http://audio.caixin.com/caixin/662/101157662.mp3","form":null,"summ":"中国已经跻身中等收入国家，但仍是世行最大借款国。中国那么“有钱”了，世行为何还要借钱给中国？世行贷款对中国的意义何在？特朗普为什么意见那么大？","freeDuration":"0","freeTime":"","channelDesc":"经济频道","time":"2017-10-18 07:54:02","attr":5,"channelId":129,"pict":{"imgs":[{"txt":"","url":"http://image1.caixin.com/2017-10-16/1508113815980245_145_97.jpg"}],"num":1},"desc":"特朗普威胁 世行不该给富起来的中国贷款"},{"cate":"100300005;100300184;101157023","comm":{"aid":"100","tid":"101157023"},"edit":{"head":"","link":"","name":"记者 王晓霞","rank":"","desc":""},"link":"http://economy.caixin.com/2017-10-16/101157023.html","nid":101157023,"subDesc":"要闻","video":"","type":0,"tags":[],"audioUrl":"http://audio.caixin.com/caixin/023/101157023.mp3","form":{"txt":"宏观数据","url":"http://economy.caixin.com/macro_economy/"},"summ":"价格上涨、企业盈利状况改善、进口价量齐升、市场主体活力增强等因素，共同带动财政收入较快增长；支出增幅回落是前期支出进度加快的正常现象","freeDuration":"","freeTime":"","channelDesc":"经济频道","time":"2017-10-16 19:53:30","attr":5,"channelId":129,"pict":{"imgs":[{"txt":"","url":"http://img.caixin.com/2017-09-30/1506769067089111_145_97.jpg"}],"num":1},"desc":"9月财政收入同比增长9.2%  支出增速继续回落"},{"cate":"100300005;100300184;101156691","comm":{"aid":"100","tid":"101156691"},"edit":{"head":"","link":"","name":"记者 李雨谦","rank":"","desc":""},"link":"http://economy.caixin.com/2017-10-16/101156691.html","nid":101156691,"subDesc":"要闻","video":"","type":0,"tags":[],"audioUrl":"http://audio.caixin.com/caixin/691/101156691.mp3","form":null,"summ":"从主要行业看，涨幅扩大的有造纸和纸制品业、煤炭开采和洗选业、化学原料和化学制品制造业","freeDuration":"","freeTime":"","channelDesc":"经济频道","time":"2017-10-16 10:09:13","attr":5,"channelId":129,"pict":null,"desc":"生产资料价格上涨 PPI环比增速继续扩大"},{"cate":"100300005;100300184;101156663","comm":{"aid":"100","tid":"101156663"},"edit":{"head":"","link":"","name":"记者 李雨谦","rank":"","desc":""},"link":"http://economy.caixin.com/2017-10-16/101156663.html","nid":101156663,"subDesc":"要闻","video":"","type":0,"tags":[],"audioUrl":"http://audio.caixin.com/caixin/663/101156663.mp3","form":null,"summ":"从同比看，CPI涨幅比上月回落0.2个百分点。食品价格降幅比上月扩大1.2个百分点，非食品价格涨幅比上月扩大0.1个百分点","freeDuration":"","freeTime":"","channelDesc":"经济频道","time":"2017-10-16 09:52:26","attr":5,"channelId":129,"pict":null,"desc":"医疗服务价格明显上涨 CPI环比涨幅创一年以来最高位"},{"cate":"100300005;100300184;101156293","comm":{"aid":"100","tid":"101156293"},"edit":{"head":"","link":"","name":"记者 王晓霞","rank":"","desc":""},"link":"http://economy.caixin.com/2017-10-14/101156293.html","nid":101156293,"subDesc":"要闻","video":"","type":0,"tags":[],"audioUrl":"http://audio.caixin.com/caixin/293/101156293.mp3","form":null,"summ":"清单外项目一律不得执行，已取消保证金资金，以及逾期未返或超额收取的保证金资金，需在2017年12月底清退返还；对违规收取保证金、应返未返等行为严肃查处，加大曝光和问责力度","freeDuration":"","freeTime":"","channelDesc":"经济频道","time":"2017-10-14 09:00:22","attr":5,"channelId":129,"pict":{"imgs":[{"txt":"","url":"http://img.caixin.com/2017-06-29/1498729570388312_145_97.jpg"}],"num":1},"desc":"降成本再出招 国务院部门涉企保证金目录清单公布"},{"cate":"100300005;100300184;101156232","comm":{"aid":"100","tid":"101156232"},"edit":{"head":"","link":"","name":"驻华盛顿记者 李增新","rank":"","desc":""},"link":"http://economy.caixin.com/2017-10-14/101156232.html","nid":101156232,"subDesc":"要闻","video":"","type":0,"tags":[],"audioUrl":"http://audio.caixin.com/caixin/232/101156232.mp3","form":null,"summ":"亚太地区应着眼于高负债、老龄化、低生产率增长等中期问题，中国国企改革是解决债务问题的重要环节","freeDuration":"","freeTime":"","channelDesc":"经济频道","time":"2017-10-14 00:29:17","attr":5,"channelId":129,"pict":{"imgs":[{"txt":"","url":"http://img.caixin.com/2017-10-12/1507790083744863_145_97.jpg"}],"num":1},"desc":"IMF：亚太增长或将放慢 中国可逐渐退出宽松政策"},{"cate":"100300005;100300184;101155686","comm":{"aid":"100","tid":"101155686"},"edit":{"head":"","link":"","name":"记者 李雨谦","rank":"","desc":""},"link":"http://economy.caixin.com/2017-10-13/101155686.html","nid":101155686,"subDesc":"要闻","video":"","type":0,"tags":[],"audioUrl":"http://audio.caixin.com/caixin/686/101155686.mp3","form":null,"summ":"今年前三季度，中国进出口回稳向好势头在巩固，但四季度外贸运行中仍面临一些不稳定、不确定因素","freeDuration":"","freeTime":"","channelDesc":"经济频道","time":"2017-10-13 10:31:53","attr":5,"channelId":129,"pict":null,"desc":"对传统市场进出口全面回升 中国前三季度出口同比增长12.4%"},{"cate":"100300005;100300184;101154497","comm":{"aid":"100","tid":"101154497"},"edit":{"head":"","link":"","name":"记者 王力为","rank":"","desc":""},"link":"http://economy.caixin.com/2017-10-10/101154497.html","nid":101154497,"subDesc":"要闻","video":"","type":0,"tags":[],"audioUrl":"http://audio.caixin.com/caixin/497/101154497.mp3","form":null,"summ":"塞勒在席勒获奖后没几年就独享诺奖，令学界吃惊、甚至稍感诺奖对行为经济学的“偏心”。塞勒作为行为经济学的开创者之一，他性格与经历的多彩更令人印象深刻","freeDuration":"","freeTime":"","channelDesc":"经济频道","time":"2017-10-10 20:58:19","attr":5,"channelId":129,"pict":{"imgs":[{"txt":"","url":"http://img.caixin.com/2017-10-10/1507640472948310_145_97.jpg"}],"num":1},"desc":"学界如何看“老顽童”塞勒获奖"},{"cate":"100300005;100300184;101154135","comm":{"aid":"100","tid":"101154135"},"edit":{"head":"","link":"","name":"记者 王力为","rank":"","desc":""},"link":"http://economy.caixin.com/2017-10-10/101154135.html","nid":101154135,"subDesc":"要闻","video":"<script src=\"http://player.caixin.com/player_tide/js/tidePlayer.cx.js\"><\/script><script>new tidePlayer({width:\"100%\",height:\"100%\", json:\"http://player.caixin.com/v/g/c/2017/10/10/150763576374.json\",channel:\"1979,2042\"});<\/script>","type":0,"tags":[],"audioUrl":"http://audio.caixin.com/caixin/135/101154135.mp3","form":null,"summ":"塞勒是行为经济学奠基人之一，他选择的nudge-选择设计-libertarian paternalism这一方向， 已助推美国、英国、瑞典等多国养老金体系的改革","freeDuration":"","freeTime":"","channelDesc":"经济频道","time":"2017-10-10 09:38:41","attr":5,"channelId":129,"pict":{"imgs":[{"txt":"","url":"http://img.caixin.com/2017-10-10/1507600319833674_145_97.jpg"}],"num":1},"desc":"新科诺奖得主塞勒 如何改变了各国养老金体系"},{"cate":"100300005;100300184;101154014","comm":{"aid":"100","tid":"101154014"},"edit":{"head":"","link":"","name":"记者 李雨谦","rank":"","desc":""},"link":"http://economy.caixin.com/2017-10-09/101154014.html","nid":101154014,"subDesc":"要闻","video":"","type":0,"tags":[],"audioUrl":"http://audio.caixin.com/caixin/014/101154014.mp3","form":null,"summ":"被认为是现代行为经济学和行为金融学领域的先锋经济学家，在储蓄和投资行为研究具有很深的研究造诣","freeDuration":"","freeTime":"","channelDesc":"经济频道","time":"2017-10-09 18:24:00","attr":5,"channelId":129,"pict":{"imgs":[{"txt":"","url":"http://img.caixin.com/2017-10-09/1507549483226359_145_97.jpg"}],"num":1},"desc":"芝加哥大学教授塞勒获2017年诺贝尔经济学奖"},{"cate":"100300005;100300184;101154005","comm":{"aid":"100","tid":"101154005"},"edit":{"head":"","link":"","name":"记者 王力为","rank":"","desc":""},"link":"http://economy.caixin.com/2017-10-09/101154005.html","nid":101154005,"subDesc":"要闻","video":"","type":0,"tags":[],"audioUrl":"http://audio.caixin.com/caixin/005/101154005.mp3","form":null,"summ":"为什么德国民众可以“27小时工作周”，科技可以转化为更多休闲时间？ 为什么希腊是OECD国家中民众周工作时间最长国家却陷入财政危机？","freeDuration":"","freeTime":"","channelDesc":"经济频道","time":"2017-10-09 18:14:55","attr":5,"channelId":129,"pict":{"imgs":[{"txt":"","url":"http://img.caixin.com/2017-06-26/1498480462618499_145_97.jpg"}],"num":1},"desc":"【专访经济学诺奖得主系列之二】皮萨里德斯：我们应该担忧科技进步取代工作机会吗"},{"cate":"100300005;100300184;101153625","comm":{"aid":"100","tid":"101153625"},"edit":{"head":"","link":"","name":"财新智库莫尼塔董事长 钟正生 财新智库莫尼塔宏观分析师  夏天然","rank":"","desc":""},"link":"http://economy.caixin.com/2017-10-09/101153625.html","nid":101153625,"subDesc":"要闻","video":"","type":0,"tags":[],"audioUrl":"http://audio.caixin.com/caixin/625/101153625.mp3","form":null,"summ":"从财新PMI来看，三季度经济整体表现较好，但制造业和服务业在9月双双遇冷，或暗示着四季度经济下行压力再现","freeDuration":"","freeTime":"","channelDesc":"经济频道","time":"2017-10-09 11:45:00","attr":5,"channelId":129,"pict":null,"desc":"制造业PMI放缓，情绪回落还是经济回落？"},{"cate":"100300005;100300184;101153015","comm":{"aid":"100","tid":"101153015"},"edit":{"head":"","link":"","name":"记者 王力为","rank":"","desc":""},"link":"http://economy.caixin.com/2017-10-02/101153015.html","nid":101153015,"subDesc":"要闻","video":"<script src=\"http://player.caixin.com/player_tide/js/tidePlayer.cx.js\"><\/script><script>new tidePlayer({width:\"100%\",height:\"100%\",autoplay:false,json:\"http://player.caixin.com/v/g/i/2017/9/22/1506067234257.json\",channel:\"1985,2045\"});<\/script>","type":0,"tags":[],"audioUrl":"http://audio.caixin.com/caixin/015/101153015.mp3","form":{"txt":"政策信息","url":"http://economy.caixin.com/policy/"},"summ":"大数据一定程度上只是统计学的“旧瓶新酒”，但也有助于经济学科突破获取及时、准确信息的瓶颈","freeDuration":"0","freeTime":"","channelDesc":"经济频道","time":"2017-10-02 07:58:13","attr":5,"channelId":129,"pict":{"imgs":[{"txt":"","url":"http://img.caixin.com/2017-10-02/1506904439581447_145_97.jpg"}],"num":1},"desc":"【专访经济学诺奖得主系列之一】萨金特：为什么马云的“大数据助计划经济论”似是而非"},{"cate":"100300005;100300184;101152587","comm":{"aid":"100","tid":"101152587"},"edit":{"head":"","link":"","name":"记者 李雨谦","rank":"","desc":""},"link":"http://economy.caixin.com/2017-09-30/101152587.html","nid":101152587,"subDesc":"要闻","video":"","type":0,"tags":[],"audioUrl":"http://audio.caixin.com/caixin/587/101152587.mp3","form":null,"summ":"从上游到下游产品价格联动上涨态势逐渐形成，通胀压力有所显现","freeDuration":"","freeTime":"","channelDesc":"经济频道","time":"2017-09-30 11:38:20","attr":5,"channelId":129,"pict":null,"desc":"原材料价格加快上涨 企业成本压力加大"},{"cate":"100831910;100831970;101152506","comm":{"aid":"100","tid":"101152506"},"edit":{"head":"","link":"","name":"记者 李雨谦","rank":"","desc":""},"link":"http://pmi.caixin.com/2017-09-30/101152506.html","nid":101152506,"subDesc":"要闻","video":"","type":0,"tags":[],"audioUrl":"http://audio.caixin.com/caixin/506/101152506.mp3","form":null,"summ":"客户需求疲弱，新订单和生产增速降至年中以来最低；制造业用工数量继续下降，但降幅收窄；平均成本负担大幅加速上升","freeDuration":"","freeTime":"","channelDesc":"财新PMI频道","time":"2017-09-30 09:45:32","attr":5,"channelId":164,"pict":{"imgs":[{"txt":"","url":"http://img.caixin.com/2017-09-30/1506737435247834_145_97.jpg"}],"num":1},"desc":"9月财新中国制造业PMI降至51"},{"cate":"100831910;100831970;101152529","comm":{"aid":"100","tid":"101152529"},"edit":{"head":"","link":"","name":"记者 于海荣","rank":"","desc":""},"link":"http://pmi.caixin.com/2017-09-30/101152529.html","nid":101152529,"subDesc":"要闻","video":"","type":0,"tags":[],"audioUrl":"http://audio.caixin.com/caixin/529/101152529.mp3","form":null,"summ":"9月财新中国制造业PMI结束此前三个月的上升态势，扩张速度略有放缓，上游成本压力凸显，经济走势将更多依赖于供给侧政策的调节力度","freeDuration":"","freeTime":"","channelDesc":"财新PMI频道","time":"2017-09-30 09:45:25","attr":5,"channelId":164,"pict":{"imgs":[{"txt":"","url":"http://img.caixin.com/2017-09-30/1506737435247834_145_97.jpg"}],"num":1},"desc":"财新PMI分析|制造业景气微降 成本压力凸显"},{"cate":"100300005;100300184;101152515","comm":{"aid":"100","tid":"101152515"},"edit":{"head":"","link":"","name":"记者 李雨谦","rank":"","desc":""},"link":"http://economy.caixin.com/2017-09-30/101152515.html","nid":101152515,"subDesc":"要闻","video":"","type":0,"tags":[],"audioUrl":"http://audio.caixin.com/caixin/515/101152515.mp3","form":null,"summ":"互联网及软件信息技术服务业、货币金融服务、等行业商务活动指数均位于高位景气区间，企业经营活动较为活跃","freeDuration":"","freeTime":"","channelDesc":"经济频道","time":"2017-09-30 09:23:52","attr":5,"channelId":129,"pict":null,"desc":"服务业实现快速增长 官方服务业PMI升至54.4"},{"cate":"100300005;100300184;101152504","comm":{"aid":"100","tid":"101152504"},"edit":{"head":"","link":"","name":"记者 李雨谦","rank":"","desc":""},"link":"http://economy.caixin.com/2017-09-30/101152504.html","nid":101152504,"subDesc":"要闻","video":"","type":0,"tags":[],"audioUrl":"http://audio.caixin.com/caixin/504/101152504.mp3","form":null,"summ":"新订单指数年内首次超过生产指数，供需关系更趋于平衡；同时反映原材料价格上涨的企业比重超过四成","freeDuration":"","freeTime":"","channelDesc":"经济频道","time":"2017-09-30 09:14:43","attr":5,"channelId":129,"pict":null,"desc":"国内外市场需求改善 官方制造业PMI创五年多新高"},{"cate":"100300005;100300184;101150970","comm":{"aid":"100","tid":"101150970"},"edit":{"head":"","link":"","name":"记者 于海荣","rank":"","desc":""},"link":"http://economy.caixin.com/2017-09-27/101150970.html","nid":101150970,"subDesc":"要闻","video":"","type":0,"tags":[],"audioUrl":"http://audio.caixin.com/caixin/970/101150970.mp3","form":{"txt":"贸易投资","url":"http://economy.caixin.com/trade_investment/"},"summ":"杭绍台高铁社会投资人的回报机制为运营收入+可行性缺口补贴，其中可行性缺口补贴十年共68亿元，运营收入以线路使用费为主。关键在于，未来线路使用费能否自主定价，如何平衡好各方利益，尚待突破","freeDuration":"","freeTime":"","channelDesc":"经济频道","time":"2017-09-27 12:17:59","attr":5,"channelId":129,"pict":{"imgs":[{"txt":"","url":"http://img.caixin.com/2017-09-27/1506489068569263_145_97.jpg"}],"num":1},"desc":"首条社会资本控股高铁为何选择PPP"},{"cate":"100300005;100300184;101149858","comm":{"aid":"100","tid":"101149858"},"edit":{"head":"","link":"","name":"记者 李雨谦","rank":"","desc":""},"link":"http://economy.caixin.com/2017-09-25/101149858.html","nid":101149858,"subDesc":"要闻","video":"","type":0,"tags":[],"audioUrl":"http://audio.caixin.com/caixin/858/101149858.mp3","form":null,"summ":"机构认为，随着央行持续灵活操作和市场预期逐步稳定，无需对9月及四季度资金面过于悲观，跨季整体无忧","freeDuration":"","freeTime":"","channelDesc":"经济频道","time":"2017-09-25 11:42:41","attr":5,"channelId":129,"pict":null,"desc":"短期利率集体上扬 银行间同业拆借7天利率创9月以来最高"},{"cate":"100300005;100300184;101149534","comm":{"aid":"100","tid":"101149534"},"edit":{"head":"","link":"","name":"记者 王晓霞","rank":"","desc":""},"link":"http://economy.caixin.com/2017-09-23/101149534.html","nid":101149534,"subDesc":"要闻","video":"","type":0,"tags":[],"audioUrl":"http://audio.caixin.com/caixin/534/101149534.mp3","form":null,"summ":"要守住中国制造业的已有优势，必须实现从劳动力低成本向经济体系低成本的转变；应优先推进土地制度、能源、物流、电信、金融、环保等领域供给侧改革","freeDuration":"","freeTime":"","channelDesc":"经济频道","time":"2017-09-23 18:58:20","attr":5,"channelId":129,"pict":{"imgs":[{"txt":"","url":"http://img.caixin.com/2017-08-04/1501815416433230_145_97.jpg"}],"num":1},"desc":"刘世锦：优先推进降成本的供给侧改革"},{"cate":"100300005;100300184;101148783","comm":{"aid":"100","tid":"101148783"},"edit":{"head":"","link":"","name":"记者  王晓霞","rank":"","desc":""},"link":"http://economy.caixin.com/2017-09-22/101148783.html","nid":101148783,"subDesc":"要闻","video":"","type":0,"tags":[],"audioUrl":"http://audio.caixin.com/caixin/783/101148783.mp3","form":null,"summ":"财政部相关负责人表示，标普忽视了中国金融市场融资结构的特点，忽视了中国政府支出所形成的财富积累与物质支撑，是对中国经济的误读","freeDuration":"","freeTime":"","channelDesc":"经济频道","time":"2017-09-22 11:39:37","attr":5,"channelId":129,"pict":{"imgs":[{"txt":"","url":"http://img.caixin.com/2017-07-31/1501465512768629_145_97.jpg"}],"num":1},"desc":"标普调降中国主权信用评级 财政部回应：错误决定"},{"cate":"100300005;100300184;101147839","comm":{"aid":"100","tid":"101147839"},"edit":{"head":"","link":"","name":"记者 董兢","rank":"","desc":""},"link":"http://economy.caixin.com/2017-09-20/101147839.html","nid":101147839,"subDesc":"要闻","video":"","type":0,"tags":[],"audioUrl":"http://audio.caixin.com/caixin/839/101147839.mp3","form":{"txt":"宏观数据","url":"http://economy.caixin.com/macro_economy/"},"summ":"“一带一路”倡议符合中国的国家战略，有助于推进人民币国际化，但多数沿线国家信用状况较弱，可能增加中国政府或有负债","freeDuration":"0","freeTime":"","channelDesc":"经济频道","time":"2017-09-20 16:33:47","attr":5,"channelId":129,"pict":{"imgs":[{"txt":"","url":"http://img.caixin.com/2017-08-14/1502704456381065_145_97.jpg"}],"num":1},"desc":"穆迪：“一带一路”倡议对中国和受援国利大于弊"},{"cate":"100300005;100300184;101147827","comm":{"aid":"100","tid":"101147827"},"edit":{"head":"","link":"","name":"","rank":"","desc":""},"link":"http://economy.caixin.com/2017-09-20/101147827.html","nid":101147827,"subDesc":"要闻","video":"","type":0,"tags":[],"audioUrl":"","form":null,"summ":"2012-2017年，中央财政累计安排人工影响天气补助资金11.66亿元","freeDuration":"","freeTime":"","channelDesc":"经济频道","time":"2017-09-20 16:05:29","attr":5,"channelId":129,"pict":{"imgs":[{"txt":"","url":"http://img.caixin.com/2017-09-20/1505896855633712_145_97.jpg"}],"num":1},"desc":"2017年中央财政安排人工影响天气补助资金2.06亿元"},{"cate":"100300005;100300184;101147605","comm":{"aid":"100","tid":"101147605"},"edit":{"head":"","link":"","name":"记者 李雨谦","rank":"","desc":""},"link":"http://economy.caixin.com/2017-09-20/101147605.html","nid":101147605,"subDesc":"要闻","video":"","type":0,"tags":[],"audioUrl":"http://audio.caixin.com/caixin/605/101147605.mp3","form":null,"summ":"季末临近，MPA考核和跨季资金需求增加，导致流动性偏紧概率加大，但在央行大力呵护之下，资金有望平稳跨季","freeDuration":"","freeTime":"","channelDesc":"经济频道","time":"2017-09-20 11:17:33","attr":5,"channelId":129,"pict":null,"desc":"流动性略有改善隔夜利率高位回落 央行公开市场暂停资金净投放"},{"cate":"100300005;100300184;101147436","comm":{"aid":"100","tid":"101147436"},"edit":{"head":"","link":"","name":"记者 李雨谦","rank":"","desc":""},"link":"http://economy.caixin.com/2017-09-19/101147436.html","nid":101147436,"subDesc":"要闻","video":"","type":0,"tags":[],"audioUrl":"http://audio.caixin.com/caixin/436/101147436.mp3","form":null,"summ":"当前经济并未失速下滑，防风险、抑泡沫仍是主旋律，且降准信号意义过强，与金融去杠杆的初衷相背离；央行希望维护结构性流动性短缺的货币政策操作框架，主要通过资产方的操作调控市场利率体系","freeDuration":"","freeTime":"","channelDesc":"经济频道","time":"2017-09-19 20:46:04","attr":5,"channelId":129,"pict":{"imgs":[{"txt":"","url":"http://img.caixin.com/2017-09-14/1505359082259574_145_97.jpg"}],"num":1},"desc":"不可能降准的逻辑"},{"cate":"100300005;100300184;101147087","comm":{"aid":"100","tid":"101147087"},"edit":{"head":"","link":"","name":"记者 李雨谦","rank":"","desc":""},"link":"http://economy.caixin.com/2017-09-19/101147087.html","nid":101147087,"subDesc":"要闻","video":"","type":0,"tags":[],"audioUrl":"http://audio.caixin.com/caixin/087/101147087.mp3","form":null,"summ":"在税期来临、政府债券发行缴款和MLF到期、MPA考核临近等因素的作用下，资金面承压","freeDuration":"","freeTime":"","channelDesc":"经济频道","time":"2017-09-19 11:24:43","attr":5,"channelId":129,"pict":null,"desc":"流动性显著紧张 银行间同业拆借隔夜利率创9月以来最高位"},{"cate":"100300005;100300184;101146632","comm":{"aid":"100","tid":"101146632"},"edit":{"head":"","link":"","name":"驻香港见习记者 尉奕阳","rank":"","desc":""},"link":"http://economy.caixin.com/2017-09-18/101146632.html","nid":101146632,"subDesc":"要闻","video":"","type":0,"tags":[],"audioUrl":"","form":{"txt":"国际经济","url":"http://economy.caixin.com/global_economy/"},"summ":"对冲基金经理休·亨德利指出，全球经济的持续复苏意味着全球股市将延续正面的表现，而他也见不到利率会突然跃升进而打断股市上行的可能性，此外商品市场也已反映出了全球经济的回暖，预计商品价格走高的趋势还将延续","freeDuration":"","freeTime":"","channelDesc":"经济频道","time":"2017-09-18 14:54:53","attr":5,"channelId":129,"pict":{"imgs":[{"txt":"","url":"http://img.caixin.com/2017-06-13/1497331128214346_145_97.jpg"}],"num":1},"desc":"英“大空头”关闭对冲基金 称经济不该不出错"},{"cate":"100300005;100300184;101146445","comm":{"aid":"100","tid":"101146445"},"edit":{"head":"","link":"","name":"记者 李雨谦","rank":"","desc":""},"link":"http://economy.caixin.com/2017-09-18/101146445.html","nid":101146445,"subDesc":"要闻","video":"","type":0,"tags":[],"audioUrl":"http://audio.caixin.com/caixin/445/101146445.mp3","form":null,"summ":"广州、深圳新建商品住房价格环比下降；二三线城市新建商品住房价格环比涨幅有所回落","freeDuration":"","freeTime":"","channelDesc":"经济频道","time":"2017-09-18 09:48:07","attr":5,"channelId":129,"pict":null,"desc":"北京新建商品住房价格结束连续下降 8月环比持平"},{"cate":"100300005;100300184;101146119","comm":{"aid":"100","tid":"101146119"},"edit":{"head":"","link":"","name":"记者 李雨谦","rank":"","desc":""},"link":"http://economy.caixin.com/2017-09-16/101146119.html","nid":101146119,"subDesc":"要闻","video":"","type":0,"tags":[],"audioUrl":"","form":null,"summ":"市场人士认为，环保和供给侧改革的政策约束下，企业投资意愿受到抑制，这也意味着接下来经济下行压力将会增大","freeDuration":"","freeTime":"","channelDesc":"经济频道","time":"2017-09-16 11:12:30","attr":5,"channelId":129,"pict":{"imgs":[{"txt":"","url":"http://img.caixin.com/2017-06-29/1498729570388312_145_97.jpg"}],"num":1},"desc":"表内外企业中长期融资增量集体减少 实体经济承压"},{"cate":"100300005;100300184;101144347","comm":{"aid":"100","tid":"101144347"},"edit":{"head":"","link":"","name":"驻香港见习记者 尉奕阳","rank":"","desc":""},"link":"http://economy.caixin.com/2017-09-13/101144347.html","nid":101144347,"subDesc":"要闻","video":"","type":0,"tags":[],"audioUrl":"http://audio.caixin.com/caixin/347/101144347.mp3","form":null,"summ":"芝商所认为美国贸易保护主义将是潜在影响中国经济增长的风险之一，但预计特朗普政府只会采取象征性动作，令负面影响降到最低","freeDuration":"","freeTime":"","channelDesc":"经济频道","time":"2017-09-13 07:50:16","attr":5,"channelId":129,"pict":{"imgs":[{"txt":"","url":"http://img.caixin.com/2017-06-25/1498354158711315_145_97.jpg"}],"num":1},"desc":"芝商所：中国经济增长减速 2019年GDP或仅增5%"},{"cate":"100300005;100300184;101144169","comm":{"aid":"100","tid":"101144169"},"edit":{"head":"","link":"","name":"记者 李雨谦","rank":"","desc":""},"link":"http://economy.caixin.com/2017-09-12/101144169.html","nid":101144169,"subDesc":"要闻","video":"","type":0,"tags":[],"audioUrl":"http://audio.caixin.com/caixin/169/101144169.mp3","form":null,"summ":"研究人士认为，随着近期人民币大涨，补涨需求已得到部分释放，后续人民币可能将呈现双向波动走势","freeDuration":"","freeTime":"","channelDesc":"经济频道","time":"2017-09-12 17:21:35","attr":5,"channelId":129,"pict":null,"desc":"交易量略有上升 人民币贬值幅度大幅收窄至100多个基点"},{"cate":"100300005;100300184;101143506","comm":{"aid":"100","tid":"101143506"},"edit":{"head":"","link":"","name":"记者 王晓霞","rank":"","desc":""},"link":"http://economy.caixin.com/2017-09-11/101143506.html","nid":101143506,"subDesc":"要闻","video":"","type":0,"tags":[],"audioUrl":"http://audio.caixin.com/caixin/506/101143506.mp3","form":{"txt":"宏观数据","url":"http://economy.caixin.com/macro_economy/"},"summ":"因去年同月基数较高，非税收入同比下降22.5%；受经济运行平稳向好、价格上涨等因素带动，8月税收收入增长16%，为年内次高","freeDuration":"","freeTime":"","channelDesc":"经济频道","time":"2017-09-11 14:11:31","attr":5,"channelId":129,"pict":{"imgs":[{"txt":"","url":"http://img.caixin.com/2017-07-31/1501465551805651_145_97.jpg"}],"num":1},"desc":"8月财政收入增速回落至7.2% 非税收入大降"},{"cate":"100300005;100300184;101143497","comm":{"aid":"100","tid":"101143497"},"edit":{"head":"","link":"","name":"记者 李雨谦","rank":"","desc":""},"link":"http://economy.caixin.com/2017-09-11/101143497.html","nid":101143497,"subDesc":"要闻","video":"","type":0,"tags":[],"audioUrl":"http://audio.caixin.com/caixin/497/101143497.mp3","form":null,"summ":"9月MPA考核将再度来临，这将再度带来季节性流动性冲击，但央行将延续“削峰填谷”操作，流动性显著趋紧可能性有限","freeDuration":"","freeTime":"","channelDesc":"经济频道","time":"2017-09-11 13:55:10","attr":5,"channelId":129,"pict":null,"desc":"结束连续多日下行 银行间同业拆借隔夜利率再度抬升"},{"cate":"100300005;100300184;101142924","comm":{"aid":"100","tid":"101142924"},"edit":{"head":"","link":"","name":"记者  王晓霞","rank":"","desc":""},"link":"http://economy.caixin.com/2017-09-09/101142924.html","nid":101142924,"subDesc":"要闻","video":"","type":0,"tags":[],"audioUrl":"http://audio.caixin.com/caixin/924/101142924.mp3","form":null,"summ":"与气候高度相关和中度相关的公共支出达80余项，2015年在总支出中的占比达到11.29%，去产能短期成本大于收益，长期则收益大于成本","freeDuration":"","freeTime":"","channelDesc":"经济频道","time":"2017-09-09 10:38:47","attr":5,"channelId":129,"pict":{"imgs":[{"txt":"","url":"http://img.caixin.com/2017-06-27/1498564065824349_145_97.jpg"}],"num":1},"desc":"研究称河北省气候公共支出占比高于全国 去产能环境效益明显"},{"cate":"100300005;100300184;101142906","comm":{"aid":"100","tid":"101142906"},"edit":{"head":"","link":"","name":"记者 李雨谦","rank":"","desc":""},"link":"http://economy.caixin.com/2017-09-09/101142906.html","nid":101142906,"subDesc":"要闻","video":"","type":0,"tags":[],"audioUrl":"http://audio.caixin.com/caixin/906/101142906.mp3","form":null,"summ":"房租价格环比和同比增速均现回升；受鸡蛋和鲜菜价格上涨较多影响，居民消费价格环比涨幅扩大","freeDuration":"","freeTime":"","channelDesc":"经济频道","time":"2017-09-09 09:50:29","attr":5,"channelId":129,"pict":null,"desc":"居住类价格涨幅扩大 CPI同比增速明显回升至年内次高"},{"cate":"100300005;100300184;101142551","comm":{"aid":"100","tid":"101142551"},"edit":{"head":"","link":"","name":"记者 李雨谦","rank":"","desc":""},"link":"http://economy.caixin.com/2017-09-08/101142551.html","nid":101142551,"subDesc":"要闻","video":"","type":0,"tags":[],"audioUrl":"http://audio.caixin.com/caixin/551/101142551.mp3","form":null,"summ":"在中共十九大之前，强劲的市场情绪可能会推动人民币对美元汇率升至强于6.5，但之后可能会有所回调","freeDuration":"","freeTime":"","channelDesc":"经济频道","time":"2017-09-08 17:08:13","attr":5,"channelId":129,"pict":null,"desc":"人民币兑美元汇率大幅飙升400多个基点 创2015年底以来高位"},{"cate":"100300005;100300184;101142452","comm":{"aid":"100","tid":"101142452"},"edit":{"head":"","link":"","name":"记者 林金冰 王婧","rank":"","desc":""},"link":"http://economy.caixin.com/2017-09-08/101142452.html","nid":101142452,"subDesc":"要闻","video":"","type":0,"tags":[],"audioUrl":"http://audio.caixin.com/caixin/452/101142452.mp3","form":{"txt":"地方经济","url":"http://economy.caixin.com/local_economy/"},"summ":"深汕合作区体制机制调整在即，知情人透露，调整初步方案已获广东省政府通过，合作区或由深圳全面主导，人事权划归深圳，但行政区划不变，仍由汕尾管辖","freeDuration":"","freeTime":"","channelDesc":"经济频道","time":"2017-09-08 15:41:21","attr":5,"channelId":129,"pict":{"imgs":[{"txt":"","url":"http://img.caixin.com/2017-09-08/1504857077913539_145_97.jpg"}],"num":1},"desc":"深圳或将全面主导深汕合作区"},{"cate":"100300005;100300184;101142303","comm":{"aid":"100","tid":"101142303"},"edit":{"head":"","link":"","name":"记者 李雨谦","rank":"","desc":""},"link":"http://economy.caixin.com/2017-09-08/101142303.html","nid":101142303,"subDesc":"要闻","video":"","type":0,"tags":[],"audioUrl":"http://audio.caixin.com/caixin/303/101142303.mp3","form":null,"summ":"民营企业占出口总值的46.9%，继续保持出口份额居首的地位；机电产品、传统劳动密集型产品仍为出口主力","freeDuration":"","freeTime":"","channelDesc":"经济频道","time":"2017-09-08 11:30:22","attr":5,"channelId":129,"pict":null,"desc":"以人民币计8月出口同比增速大幅收窄至6.9% 民营企业进出口占比提升"},{"cate":"100300005;100300184;101141904","comm":{"aid":"100","tid":"101141904"},"edit":{"head":"","link":"","name":"记者 李雨谦","rank":"","desc":""},"link":"http://economy.caixin.com/2017-09-07/101141904.html","nid":101141904,"subDesc":"要闻","video":"","type":0,"tags":[],"audioUrl":"http://audio.caixin.com/caixin/904/101141904.mp3","form":null,"summ":"“一带一路”倡议不是地缘政治的工具，也不是对外援助计划，而是沿线沿岸国家人民和世界人民务实合作的重要平台","freeDuration":"0","freeTime":"","channelDesc":"经济频道","time":"2017-09-07 16:04:54","attr":5,"channelId":129,"pict":{"imgs":[{"txt":"","url":"http://img.caixin.com/2017-07-31/1501463890979791_145_97.jpg"}],"num":1},"desc":"财政部副部长朱光耀：“五通”是“一带一路”倡议最关键的内容"},{"cate":"100300005;100300184;101141324","comm":{"aid":"100","tid":"101141324"},"edit":{"head":"","link":"","name":"记者 李雨谦","rank":"","desc":""},"link":"http://economy.caixin.com/2017-09-06/101141324.html","nid":101141324,"subDesc":"要闻","video":"","type":0,"tags":[],"audioUrl":"http://audio.caixin.com/caixin/324/101141324.mp3","form":null,"summ":"中国债务水平上升主要是由于非金融企业尤其是国有企业杠杆率相对较高；随着供给侧结构性改革推进，市场供求关系明显改善，债务压力趋于下降","freeDuration":"","freeTime":"","channelDesc":"经济频道","time":"2017-09-06 14:27:12","attr":5,"channelId":129,"pict":null,"desc":"非金融企业尤其国企杠杆率相对较高 统计局称债务风险可控可防"},{"cate":"100300005;100300184;101141251","comm":{"aid":"100","tid":"101141251"},"edit":{"head":"","link":"","name":"记者 李雨谦","rank":"","desc":""},"link":"http://economy.caixin.com/2017-09-06/101141251.html","nid":101141251,"subDesc":"要闻","video":"","type":0,"tags":[],"audioUrl":"http://audio.caixin.com/caixin/251/101141251.mp3","form":null,"summ":"市场流动性压力出现一定程度缓和，如果市场利率上升压力不大，央行可能还会继续保持净回笼的操作姿态","freeDuration":"","freeTime":"","channelDesc":"经济频道","time":"2017-09-06 11:13:42","attr":5,"channelId":129,"pict":null,"desc":"银行间同业拆借隔夜利率降至7月中旬以来最低 央行继续大规模净回笼"},{"cate":"100300005;100300184;101141201","comm":{"aid":"100","tid":"101141201"},"edit":{"head":"","link":"","name":"记者 彭骎骎","rank":"","desc":""},"link":"http://economy.caixin.com/2017-09-06/101141201.html","nid":101141201,"subDesc":"要闻","video":"","type":0,"tags":[],"audioUrl":"http://audio.caixin.com/caixin/201/101141201.mp3","form":null,"summ":"今年以来，房地产及文化娱乐等产业的海外投资显著下降，而高新技术和先进制造等行业对外投资仍保持良好发展势头","freeDuration":"","freeTime":"","channelDesc":"经济频道","time":"2017-09-06 09:51:28","attr":5,"channelId":129,"pict":null,"desc":"对外投资监管有的放矢 外汇局支持科技和制造企业出海"},{"cate":"100300005;100300184;101140743","comm":{"aid":"100","tid":"101140743"},"edit":{"head":"","link":"","name":"记者 李雨谦","rank":"","desc":""},"link":"http://economy.caixin.com/2017-09-05/101140743.html","nid":101140743,"subDesc":"要闻","video":"","type":0,"tags":[],"audioUrl":"http://audio.caixin.com/caixin/743/101140743.mp3","form":null,"summ":"需求受季节性因素、下游行业成本明显增加等影响有所回落，但库存并未现明显积压，产销衔接基本正常","freeDuration":"","freeTime":"","channelDesc":"经济频道","time":"2017-09-05 11:26:28","attr":5,"channelId":129,"pict":null,"desc":"大宗商品市场价格涨幅扩大 黑色金属上涨最为显著"},{"cate":"100300005;100300184;101140671","comm":{"aid":"100","tid":"101140671"},"edit":{"head":"","link":"","name":"记者 于海荣","rank":"","desc":""},"link":"http://economy.caixin.com/2017-09-05/101140671.html","nid":101140671,"subDesc":"要闻","video":"","type":0,"tags":[],"audioUrl":"http://audio.caixin.com/caixin/671/101140671.mp3","form":null,"summ":"8月财新中国综合PMI创下六个月以来的最高值，但未来下行压力犹存，下半年可能进入增速换挡后的第一个回调期","freeDuration":"","freeTime":"","channelDesc":"经济频道","time":"2017-09-05 09:45:00","attr":5,"channelId":129,"pict":null,"desc":"财新PMI分析|制造业服务业双回升 未来增速回落是大概率事件"},{"cate":"100300005;100300184;101140670","comm":{"aid":"100","tid":"101140670"},"edit":{"head":"","link":"","name":"记者 李雨谦","rank":"","desc":""},"link":"http://economy.caixin.com/2017-09-05/101140670.html","nid":101140670,"subDesc":"要闻","video":"","type":0,"tags":[],"audioUrl":"http://audio.caixin.com/caixin/670/101140670.mp3","form":null,"summ":"服务业新业务指数创三个月最高，服务业企业继续增加用工；在制造业成本明显攀升的带动下，综合投入成本升至3月以来最高","freeDuration":"","freeTime":"","channelDesc":"经济频道","time":"2017-09-05 09:45:00","attr":5,"channelId":129,"pict":null,"desc":"8月财新中国服务业PMI升至52.7 创三个月最高"},{"cate":"100300005;100300184;101140209","comm":{"aid":"100","tid":"101140209"},"edit":{"head":"","link":"","name":"记者 李雨谦","rank":"","desc":""},"link":"http://economy.caixin.com/2017-09-04/101140209.html","nid":101140209,"subDesc":"要闻","video":"","type":0,"tags":[],"audioUrl":"http://audio.caixin.com/caixin/209/101140209.mp3","form":null,"summ":"央行将延续“削峰填谷”操作，流动性显著趋紧可能性有限；在季末临近时，央行可能通过加大资金投放维持流动性平稳","freeDuration":"","freeTime":"","channelDesc":"经济频道","time":"2017-09-04 11:12:22","attr":5,"channelId":129,"pict":{"imgs":[{"txt":"","url":"http://img.caixin.com/2017-06-29/1498729668128271_145_97.jpg"}],"num":1},"desc":"流动性总量较高 银行间同业拆借隔夜利率降至近一个月低位"},{"cate":"100300005;100300184;101138894","comm":{"aid":"100","tid":"101138894"},"edit":{"head":"","link":"","name":"记者 李雨谦","rank":"","desc":""},"link":"http://economy.caixin.com/2017-09-01/101138894.html","nid":101138894,"subDesc":"要闻","video":"","type":0,"tags":[],"audioUrl":"http://audio.caixin.com/caixin/894/101138894.mp3","form":null,"summ":"新订单指数录得37个月以来的新高，海外需求回升是主要动力；投入成本再度攀升，需注意价格水平攀升过快或对中游行业盈利造成压力","freeDuration":"","freeTime":"","channelDesc":"经济频道","time":"2017-09-01 09:45:00","attr":5,"channelId":129,"pict":null,"desc":"连升三个月 8月财新中国制造业PMI录得51.6"},{"cate":"100300005;100300184;101138926","comm":{"aid":"100","tid":"101138926"},"edit":{"head":"","link":"","name":"记者 于海荣","rank":"","desc":""},"link":"http://economy.caixin.com/2017-09-01/101138926.html","nid":101138926,"subDesc":"要闻","video":"","type":0,"tags":[],"audioUrl":"http://audio.caixin.com/caixin/926/101138926.mp3","form":null,"summ":"8月制造业景气度连续第三个月回升，但未来下行压力犹存，下半年可能进入增速换挡后的第一个回调期","freeDuration":"","freeTime":"","channelDesc":"经济频道","time":"2017-09-01 09:45:00","attr":5,"channelId":129,"pict":null,"desc":"财新PMI分析|制造业景气连升三月 未来增速回落是大概率事件"},{"cate":"100300005;100300184;101138441","comm":{"aid":"100","tid":"101138441"},"edit":{"head":"","link":"","name":"记者 王力为","rank":"","desc":""},"link":"http://economy.caixin.com/2017-08-31/101138441.html","nid":101138441,"subDesc":"要闻","video":"","type":0,"tags":[],"audioUrl":"http://audio.caixin.com/caixin/441/101138441.mp3","form":null,"summ":"金砖国家的GDP总量已经超越欧盟，难言成色褪去；金砖政治俱乐部应迈过仅具象征性意义的阶段，在全球公共卫生、气候变化等领域展开合作","freeDuration":"","freeTime":"","channelDesc":"经济频道","time":"2017-08-31 13:13:08","attr":5,"channelId":129,"pict":{"imgs":[{"txt":"","url":"http://img.caixin.com/2017-08-29/1503967731070351_145_97.jpg"}],"num":1},"desc":"“金砖之父”奥尼尔：金砖合作有效性仍待提高"}],"start":800,"count":100,"maxes":1000}