{"datas":[{"tags":[],"comm":{"tid":"101355743","aid":"100"},"cate":"100300002;100000091;100324037;100861497;101355743","desc":"寻找美元指数拐点","form":null,"channelId":126,"nid":101355743,"link":"http://opinion.caixin.com/2018-12-05/101355743.html","edit":{"rank":"专栏作家 ","desc":"招商银行金融市场部高级分析师","name":"万钊","link":"http://opinion.caixin.com/wanzhao_mjxx/index.html","head":"http://www.caixin.com/upload/zhuanlan/100861497_48_48.jpg"},"attr":5,"freeDuration":"48","type":1,"subDesc":"万钊","channelDesc":"观点频道","pict":{"imgs":[{"url":"http://img.caixin.com/2017-04-07/1491534358478931_145_97.jpg","txt":""}],"num":1},"audioUrl":"http://audio.caixin.com/caixin/743/101355743.mp3","time":"2018-12-05 14:05:05","freeTime":"","video":"","summ":"美元指数对美联储加息周期的开启和结束的时点比较敏感，这就使得对美元指数的拐点预判成为可能"},{"tags":[],"comm":{"tid":"101355741","aid":"100"},"cate":"100300002;100000091;100324037;100730302;101355741","desc":"健康险小额化图景化背后的风险","form":null,"channelId":126,"nid":101355741,"link":"http://opinion.caixin.com/2018-12-05/101355741.html","edit":{"rank":"专栏作家 ","desc":"曾就职于财经媒体，大健康产业的长期关注者","name":"赵衡","link":"http://opinion.caixin.com/zhaoheng/index.html","head":"http://www.caixin.com/upload/zhuanlan/100730302_48_48.jpg"},"attr":5,"freeDuration":"48","type":1,"subDesc":"赵衡","channelDesc":"观点频道","pict":{"imgs":[{"url":"http://img.caixin.com/2018-12-05/1543989877363836_145_97.jpg","txt":""}],"num":1},"audioUrl":"http://audio.caixin.com/caixin/741/101355741.mp3","time":"2018-12-05 13:55:34","freeTime":"","video":"","summ":"在保险小额化和图景化的趋势下，用户获得的保障会被削减，尤其在用户图景化的做法下，所针对的群体本身会缩小。这表明其他行业以价换量的做法并不能直接移植到保险中来"},{"tags":[],"comm":{"tid":"101355727","aid":"100"},"cate":"100300002;100000091;100324039;100933362;101355727","desc":"杭州南京房贷利率下降，楼市要松绑了？","form":null,"channelId":126,"nid":101355727,"link":"http://opinion.caixin.com/2018-12-05/101355727.html","edit":{"rank":"专栏作家 ","desc":"专注于国内消费金融、贸易金融、互联网金融和产业金融等研究领域的专业研究机构","name":"金融观察","link":"http://opinion.caixin.com/snjr/index.html","head":"http://www.caixin.com/upload/zhuanlan/100933362_48_48.jpg"},"attr":5,"freeDuration":"48","type":1,"subDesc":"金融观察","channelDesc":"观点频道","pict":{"imgs":[{"url":"http://img.caixin.com/2018-12-05/1543988063647090_145_97.jpg","txt":""}],"num":1},"audioUrl":"http://audio.caixin.com/caixin/727/101355727.mp3","time":"2018-12-05 13:28:50","freeTime":"","video":"","summ":"尽管房贷利率可能会暂缓上涨，但从房企融资、房贷首付比等指标来看，现在谈论楼市松绑的趋势还为时尚早"},{"tags":[],"comm":{"tid":"101355664","aid":"100"},"cate":"100300002;100000091;100324037;101336177;101355664","desc":"四大因素推动2019年油价低位震荡","form":null,"channelId":126,"nid":101355664,"link":"http://opinion.caixin.com/2018-12-05/101355664.html","edit":{"rank":"专栏作家 ","desc":"中国工商银行总行城市金融研究所国际市场与问题研究处副处长，经济学博士。","name":"宋玮","link":"http://opinion.caixin.com/songwei_mjxx/index.html","head":"http://www.caixin.com/upload/zhuanlan/101336177_48_48.jpg"},"attr":5,"freeDuration":"48","type":1,"subDesc":"宋玮","channelDesc":"观点频道","pict":{"imgs":[{"url":"http://img.caixin.com/2018-12-05/1543980861031867_145_97.jpg","txt":""}],"num":1},"audioUrl":"http://audio.caixin.com/caixin/664/101355664.mp3","time":"2018-12-05 11:29:30","freeTime":"","video":"","summ":"展望2018年内及2019年，综合全球原油供求关系等因素，国际原油价格中枢趋势下行概率较大"},{"tags":[],"comm":{"tid":"101355642","aid":"100"},"cate":"100300002;100000091;100324037;100949515;101355642","desc":"积极财政会有多积极","form":null,"channelId":126,"nid":101355642,"link":"http://opinion.caixin.com/2018-12-05/101355642.html","edit":{"rank":"专栏作家 ","desc":"伍戈，经济学博士，研究员。长江证券首席经济学家，曾长期供职央行货币政策部门，并任国际货币基金组织经济学家。中国经济学最高奖——孙冶方经济科学奖得主","name":"伍戈","link":"http://opinion.caixin.com/wuge_mjxx/index.html","head":"http://www.caixin.com/upload/zhuanlan/100949515_48_48.jpg"},"attr":5,"freeDuration":"48","type":1,"subDesc":"伍戈","channelDesc":"观点频道","pict":{"imgs":[{"url":"http://img.caixin.com/2018-12-05/1543978499235851_145_97.jpg","txt":""}],"num":1},"audioUrl":"http://audio.caixin.com/caixin/642/101355642.mp3","time":"2018-12-05 10:47:28","freeTime":"","video":"","summ":"预计2019年预算赤字率也会在2018年2.6%基础上有所提升，但仍难以突破3%的水平"},{"tags":[],"comm":{"tid":"101355613","aid":"100"},"cate":"100300002;100000091;100324037;101066352;101355613","desc":"金融周期下的新机遇","form":null,"channelId":126,"nid":101355613,"link":"http://opinion.caixin.com/2018-12-05/101355613.html","edit":{"rank":"专栏作家 ","desc":"兴业银行首席策略分析师。原国泰君安首席策略分析师，策略研究团队负责人。","name":"乔永远","link":"http://opinion.caixin.com/qiaoyongyuan_mjxx/index.html","head":"http://www.caixin.com/upload/zhuanlan/101066352_48_48.jpg"},"attr":5,"freeDuration":"48","type":1,"subDesc":"乔永远","channelDesc":"观点频道","pict":{"imgs":[{"url":"http://img.caixin.com/2018-12-05/1543976252249992_145_97.jpg","txt":""}],"num":1},"audioUrl":"http://audio.caixin.com/caixin/613/101355613.mp3","time":"2018-12-05 10:11:41","freeTime":"","video":"","summ":"从全球来看，最大的挑战无非两个：第一个是全球缺美元，第二个就是境外缺人民币。如果能够解决这两个问题，可能会有非常大的发展机会"},{"tags":[],"comm":{"tid":"101355410","aid":"100"},"cate":"100300002;100000091;100324037;100836694;101355410","desc":"促进消费增长需要鼓励发展场景消费金融","form":null,"channelId":126,"nid":101355410,"link":"http://opinion.caixin.com/2018-12-04/101355410.html","edit":{"rank":"专栏作家 ","desc":"","name":"尹振涛","link":"http://opinion.caixin.com/yinzhentao_mjxx/index.html","head":"http://www.caixin.com/upload/zhuanlan/100836694_48_48.jpg"},"attr":5,"freeDuration":"48","type":1,"subDesc":"尹振涛","channelDesc":"观点频道","pict":{"imgs":[{"url":"http://img.caixin.com/2018-11-03/1541254846524265_145_97.jpg","txt":""}],"num":1},"audioUrl":"http://audio.caixin.com/caixin/410/101355410.mp3","time":"2018-12-04 17:00:41","freeTime":"","video":"","summ":"随着现金贷新政、乱象整治要求以及资管新规的落地，更具消费属性的“场景消费金融”迎来了黄金期"},{"tags":[],"comm":{"tid":"101355407","aid":"100"},"cate":"100300002;100000091;100324039;100324366;101355407","desc":"人民币由贬转升，你想到了吗？","form":null,"channelId":126,"nid":101355407,"link":"http://opinion.caixin.com/2018-12-04/101355407.html","edit":{"rank":"专栏作家 ","desc":"京东数字科技副总裁、首席经济学家，复旦大学泛海国际金融学院客座教授","name":"沈建光","link":"http://opinion.caixin.com/shenjianguang_zssc/index.html","head":"http://www.caixin.com/upload/zhuanlan/100324366_48_48.jpg"},"attr":5,"freeDuration":"48","type":1,"subDesc":"沈建光","channelDesc":"观点频道","pict":{"imgs":[{"url":"http://img.caixin.com/2018-04-04/1522829164115129_145_97.jpg","txt":""}],"num":1},"audioUrl":"http://audio.caixin.com/caixin/407/101355407.mp3","time":"2018-12-04 16:58:45","freeTime":"","video":"","summ":"未来一年人民币贬值压力将会降低，甚至有可能实现升值"},{"tags":[],"comm":{"tid":"101355401","aid":"100"},"cate":"100300002;100000091;100000152;101355401","desc":"11月宏观数据前瞻：经济活动疲弱","form":null,"channelId":126,"nid":101355401,"link":"http://opinion.caixin.com/2018-12-04/101355401.html","edit":{"rank":"专栏作家 ","desc":"瑞银亚洲经济研究主管、首席中国经济学家、董事总经理","name":"汪涛","link":"http://opinion.caixin.com/wangtao/index.html","head":"http://www.caixin.com/upload/zhuanlan/100000152_48_48.jpg"},"attr":5,"freeDuration":"48","type":1,"subDesc":"汪涛","channelDesc":"观点频道","pict":{"imgs":[{"url":"http://img.caixin.com/2018-09-02/1535854181913543_145_97.jpg","txt":""}],"num":1},"audioUrl":"http://audio.caixin.com/caixin/401/101355401.mp3","time":"2018-12-04 16:57:12","freeTime":"","video":"","summ":"估计即将公布的11月份经济数据将显示经济活动疲弱。贸易战停火短期内有利于缓解经济下行压力和汇率贬值压力，但中期内贸易相关的不确定性或持续更久"},{"tags":[],"comm":{"tid":"101355394","aid":"100"},"cate":"100300002;100000091;100324037;101352777;101355394","desc":"组织管理该怎么变","form":null,"channelId":126,"nid":101355394,"link":"http://opinion.caixin.com/2018-12-04/101355394.html","edit":{"rank":"专栏作家 ","desc":"北京大学王宽诚讲席教授、国家发展研究院BiMBA商学院院长","name":"陈春花","link":"http://opinion.caixin.com/chenchunhua_mjxx/index.html","head":"http://www.caixin.com/upload/zhuanlan/101352777_48_48.jpg"},"attr":5,"freeDuration":"48","type":1,"subDesc":"陈春花","channelDesc":"观点频道","pict":{"imgs":[{"url":"http://img.caixin.com/2018-12-04/1543913982021264_145_97.jpg","txt":""}],"num":1},"audioUrl":"http://audio.caixin.com/caixin/394/101355394.mp3","time":"2018-12-04 16:54:05","freeTime":"","video":"","summ":"我们需要有新的管理内涵——变革管理、知识管理和重建领导力"},{"tags":[],"comm":{"tid":"101355392","aid":"100"},"cate":"100300002;100000091;100324037;101062480;101355392","desc":"中本聪设想与芝加哥计划：两条“去中介化”道路","form":null,"channelId":126,"nid":101355392,"link":"http://opinion.caixin.com/2018-12-04/101355392.html","edit":{"rank":"专栏作家 ","desc":"CFA，阳光保险资产管理公司宏观配置中心投资总监，负责境外公开市场投资业务","name":"白雪石","link":"http://opinion.caixin.com/baixueshi_mjxx/index.html","head":"http://www.caixin.com/upload/zhuanlan/101062480_48_48.jpg"},"attr":5,"freeDuration":"48","type":1,"subDesc":"白雪石","channelDesc":"观点频道","pict":{"imgs":[{"url":"http://img.caixin.com/2018-12-04/1543913100062211_145_97.jpg","txt":""}],"num":1},"audioUrl":"http://audio.caixin.com/caixin/392/101355392.mp3","time":"2018-12-04 16:41:33","freeTime":"","video":"","summ":"区块链和数字加密技术不仅使网络空间的极端保守主义者看到了实现“去中介化”主张的希望，也使现实世界的保守主义经济学家和政策制定者看到了实践“芝加哥计划”的希望"},{"tags":[],"comm":{"tid":"101355228","aid":"100"},"cate":"100300002;100000091;100000156;101355228","desc":"美联储离结束加息还有多远","form":null,"channelId":126,"nid":101355228,"link":"http://opinion.caixin.com/2018-12-04/101355228.html","edit":{"rank":"专栏作家 ","desc":"广发证券首席经济学家","name":"沈明高","link":"http://opinion.caixin.com/shenminggao/index.html","head":"http://www.caixin.com/upload/zhuanlan/100000156_48_48.jpg"},"attr":5,"freeDuration":"48","type":1,"subDesc":"沈明高","channelDesc":"观点频道","pict":{"imgs":[{"url":"http://img.caixin.com/2018-12-04/1543906612182222_145_97.jpg","txt":""}],"num":1},"audioUrl":"http://audio.caixin.com/caixin/228/101355228.mp3","time":"2018-12-04 14:51:14","freeTime":"","video":"","summ":"2019年美国经济面临较大不确定性，美联储加息很可能会秉持“宁慢勿快”的原则，加息2次的概率最大"},{"tags":[],"comm":{"tid":"101355215","aid":"100"},"cate":"100300002;100000091;100317992;100401152;101355215","desc":"商业银行理财子公司对公募基金有哪些影响","form":null,"channelId":126,"nid":101355215,"link":"http://opinion.caixin.com/2018-12-04/101355215.html","edit":{"rank":"专栏作家 ","desc":"现任华安基金首席经济学家,兼任中国国际金融论坛专家顾问委员会委员，上海金融学会副秘书长","name":"林采宜","link":"http://opinion.caixin.com/lincaiyi_zeld/index.html","head":"http://www.caixin.com/upload/zhuanlan/100401152_48_48.jpg"},"attr":5,"freeDuration":"48","type":1,"subDesc":"林采宜","channelDesc":"观点频道","pict":{"imgs":[{"url":"http://img.caixin.com/2018-08-04/1533345363801984_145_97.jpg","txt":""}],"num":1},"audioUrl":"http://audio.caixin.com/caixin/215/101355215.mp3","time":"2018-12-04 14:26:19","freeTime":"","video":"","summ":"对于银行代销渠道依赖性较高的公募基金，在销售方面将面临更大的压力。银行理财子公司将来利用大股东的商业资源，延续其在非标理财业务上的优势地位，将直接替代公募基金同类产品的市场份额"},{"tags":[],"comm":{"tid":"101355166","aid":"100"},"cate":"100300002;100000091;100324039;100742170;101355166","desc":"外资配债利好渐显","form":null,"channelId":126,"nid":101355166,"link":"http://opinion.caixin.com/2018-12-04/101355166.html","edit":{"rank":"专栏作家 ","desc":"财新智库莫尼塔研究董事长兼首席经济学家","name":"钟正生","link":"http://opinion.caixin.com/zhongzhengsheng/index.html","head":"http://www.caixin.com/upload/zhuanlan/100742170_48_48.jpg"},"attr":5,"freeDuration":"48","type":1,"subDesc":"钟正生","channelDesc":"观点频道","pict":{"imgs":[{"url":"http://img.caixin.com/2017-05-10/1494415061946220_145_97.jpg","txt":""}],"num":1},"audioUrl":"http://audio.caixin.com/caixin/166/101355166.mp3","time":"2018-12-04 11:52:10","freeTime":"","video":"","summ":"美联储加息预期减弱，中美贸易冲突暂缓，这两个因素均有利于增加人民币资产特别是债券资产的吸引力，有利于外资回归到净增持中债的趋势之中"},{"tags":[],"comm":{"tid":"101355140","aid":"100"},"cate":"100300002;100000091;100000159;101355140","desc":"黄益平：渐进改革路上，真正推动经济成功的是什么","form":null,"channelId":126,"nid":101355140,"link":"http://opinion.caixin.com/2018-12-04/101355140.html","edit":{"rank":"专栏作家 ","desc":"中国央行货币政策委员会委员,北京大学国家发展研究院经济学教授、资深研究员","name":"黄益平","link":"http://opinion.caixin.com/huangyiping/index.html","head":"http://www.caixin.com/upload/zhuanlan/100000159_48_48.jpg"},"attr":5,"freeDuration":"48","type":1,"subDesc":"黄益平","channelDesc":"观点频道","pict":{"imgs":[{"url":"http://img.caixin.com/2018-11-05/1541387080332392_145_97.jpg","txt":""}],"num":1},"audioUrl":"http://audio.caixin.com/caixin/140/101355140.mp3","time":"2018-12-04 11:02:17","freeTime":"","video":"","summ":"往下走也许还是一个逐步的、渐进的、双轨制的改革，但是最根本的还是取决于：我们是不是真的相信市场经济？我们是不是真的认为融入世界经济体系是符合中国经济利益的？"},{"tags":[],"comm":{"tid":"101355136","aid":"100"},"cate":"100300002;100000091;100324037;100531251;101355136","desc":"CRS已开始打捞锦鲤，您的钱恐怕藏不住了","form":null,"channelId":126,"nid":101355136,"link":"http://opinion.caixin.com/2018-12-04/101355136.html","edit":{"rank":"专栏作家 ","desc":"财新网“竞争与垄断”专栏作家，北京大成（上海）律师事务所高级合伙人，中国及美国纽约州律师，香港国际仲裁中心仲裁员，著有《商业贿赂风险管理》一书。","name":"陈立彤","link":"http://opinion.caixin.com/chenlitong_mjxx/index.html","head":"http://www.caixin.com/upload/zhuanlan/100531251_48_48.jpg"},"attr":5,"freeDuration":"48","type":1,"subDesc":"陈立彤","channelDesc":"观点频道","pict":{"imgs":[{"url":"http://img.caixin.com/2018-12-04/1543893054031759_145_97.jpg","txt":""}],"num":1},"audioUrl":"http://audio.caixin.com/caixin/136/101355136.mp3","time":"2018-12-04 11:01:44","freeTime":"","video":"","summ":"尤其是在海外藏钱的公务员，将有可能面临“巨额财产来源不明罪”和“隐瞒境外存款罪”"},{"tags":[],"comm":{"tid":"101355130","aid":"100"},"cate":"100300002;100300201;101355130","desc":"周天勇：以突破性改革促中高速增长","form":null,"channelId":126,"nid":101355130,"link":"http://opinion.caixin.com/2018-12-04/101355130.html","edit":{"rank":"","desc":"","name":"记者 张兰太","link":"","head":""},"attr":5,"freeDuration":"6","type":1,"subDesc":"聚焦","channelDesc":"观点频道","pict":{"imgs":[{"url":"http://img.caixin.com/2018-12-04/1543890181879050_145_97.jpg","txt":""}],"num":1},"audioUrl":"http://audio.caixin.com/caixin/130/101355130.mp3","time":"2018-12-04 10:17:21","freeTime":"","video":"","summ":"改革的效应是边际递减的，中国要以更大的力度来推进改革，尤其是土地改革和国企改革，只有新的突破性改革才能重新把经济增速拉上去"},{"tags":[],"comm":{"tid":"101355122","aid":"100"},"cate":"100300002;100000091;100324037;101342980;101355122","desc":"刘忆如:从中美贸易战休兵谈全球股市","form":null,"channelId":126,"nid":101355122,"link":"http://opinion.caixin.com/2018-12-04/101355122.html","edit":{"rank":"专栏作家 ","desc":"香港北威国际集团董事总经理、美国亚洲协会国际事务委员会委员、台湾大学财务金融系兼任教授","name":"刘忆如","link":"http://opinion.caixin.com/liuyiru_mjxx/index.html","head":"http://www.caixin.com/upload/zhuanlan/101342980_48_48.jpg"},"attr":5,"freeDuration":"48","type":1,"subDesc":"刘忆如","channelDesc":"观点频道","pict":{"imgs":[{"url":"http://img.caixin.com/2018-12-04/1543891405230612_145_97.jpg","txt":""}],"num":1},"audioUrl":"","time":"2018-12-04 10:09:23","freeTime":"","video":"","summ":"10至11月的美国及全球股灾，有多少源于美联储的升息？又有多少与中美贸易战相关？在上周六“习特会”达成共识让中美贸易战暂时休兵后，我们可能就比较容易知道答案了"},{"tags":[],"comm":{"tid":"101354872","aid":"100"},"cate":"100300002;100000091;100324037;101352777;101354872","desc":"顺德40年：能为进一步改革开放提供哪些思路","form":null,"channelId":126,"nid":101354872,"link":"http://opinion.caixin.com/2018-12-03/101354872.html","edit":{"rank":"专栏作家 ","desc":"北京大学王宽诚讲席教授、国家发展研究院BiMBA商学院院长","name":"陈春花","link":"http://opinion.caixin.com/chenchunhua_mjxx/index.html","head":"http://www.caixin.com/upload/zhuanlan/101352777_48_48.jpg"},"attr":5,"freeDuration":"48","type":1,"subDesc":"陈春花","channelDesc":"观点频道","pict":{"imgs":[{"url":"http://img.caixin.com/2018-12-03/1543825988314728_145_97.jpg","txt":""}],"num":1},"audioUrl":"http://audio.caixin.com/caixin/872/101354872.mp3","time":"2018-12-03 16:25:59","freeTime":"","video":"","summ":"顺德贡献了一个改革开放40年的样板，最重要的因素有五点：转变政府角色，明晰保护产权，龙头企业带动，尊重市场规律，敢为人先的精神。未来中国最重要的是，市场的归市场，社会的归社会，政府的归政府"},{"tags":[],"comm":{"tid":"101354854","aid":"100"},"cate":"100300002;100300201;101354854","desc":"报告：如何让农民进入中等收入群体","form":null,"channelId":126,"nid":101354854,"link":"http://opinion.caixin.com/2018-12-03/101354854.html","edit":{"rank":"","desc":"","name":"记者 周东旭","link":"","head":""},"attr":5,"freeDuration":"3","type":1,"subDesc":"聚焦","channelDesc":"观点频道","pict":{"imgs":[{"url":"http://img.caixin.com/2018-12-03/1543824415040237_145_97.jpg","txt":""}],"num":1},"audioUrl":"http://audio.caixin.com/caixin/854/101354854.mp3","time":"2018-12-03 16:02:40","freeTime":"","video":"","summ":"城乡差距太大、农村发展滞后，是中国发展的软肋。新型城镇化和新农村建设的推进，都要把改变农业、农村和农民的面貌作为重要任务"},{"tags":[],"comm":{"tid":"101354850","aid":"100"},"cate":"100300002;100000091;100324037;100986273;101354850","desc":"布什父子总统与石油","form":null,"channelId":126,"nid":101354850,"link":"http://opinion.caixin.com/2018-12-03/101354850.html","edit":{"rank":"专栏作家 ","desc":"教授级高级经济师，目前供职于中国石油天然气集团公司国际部，任综合处处长","name":"陆如泉","link":"http://opinion.caixin.com/luruquan_mjxx/index.html","head":"http://www.caixin.com/upload/zhuanlan/100986273_48_48.jpg"},"attr":5,"freeDuration":"48","type":1,"subDesc":"陆如泉","channelDesc":"观点频道","pict":{"imgs":[{"url":"http://img.caixin.com/2018-12-03/1543824013082727_145_97.jpg","txt":""}],"num":1},"audioUrl":"http://audio.caixin.com/caixin/850/101354850.mp3","time":"2018-12-03 15:52:03","freeTime":"","video":"","summ":"这两位父子总统均以石油起家，分别在美国石油界深耕了20年和10年之久，可谓石油人脉广泛。无论在竞选总统还是执政时期，其背后均与美国石油财团有着千丝万缕的联系"},{"tags":[],"comm":{"tid":"101354825","aid":"100"},"cate":"100300002;100000091;100324039;100435356;101354825","desc":"“脱欧”障碍赛才刚刚开始","form":null,"channelId":126,"nid":101354825,"link":"http://opinion.caixin.com/2018-12-03/101354825.html","edit":{"rank":"专栏作家 ","desc":"","name":"富兰克林邓普顿投资","link":"http://opinion.caixin.com/franklin_resources_inc_zssc/index.html","head":"http://www.caixin.com/upload/zhuanlan/100435356_48_48.jpg"},"attr":5,"freeDuration":"48","type":1,"subDesc":"富兰克林邓普顿投资","channelDesc":"观点频道","pict":{"imgs":[{"url":"http://img.caixin.com/2018-12-03/1543821882291772_145_97.jpg","txt":""}],"num":1},"audioUrl":"http://audio.caixin.com/caixin/825/101354825.mp3","time":"2018-12-03 15:21:25","freeTime":"","video":"","summ":"预期英国和欧盟双方终会达成贸易协定，但也不排除“硬脱欧”的可能性。在这样的背景下，对固定收益投资组合进行主动管理是必要的"},{"tags":[],"comm":{"tid":"101354780","aid":"100"},"cate":"100300002;100000091;100324037;101064085;101354780","desc":"2019中国经济展望：深耕待春来","form":null,"channelId":126,"nid":101354780,"link":"http://opinion.caixin.com/2018-12-03/101354780.html","edit":{"rank":"专栏作家 ","desc":"工银国际研究部主管，首席经济学家","name":"程实","link":"http://opinion.caixin.com/chengshi_mjxx/index.html","head":"http://www.caixin.com/upload/zhuanlan/101064085_48_48.jpg"},"attr":5,"freeDuration":"48","type":1,"subDesc":"程实","channelDesc":"观点频道","pict":{"imgs":[{"url":"http://img.caixin.com/2018-10-10/1539158817326524_145_97.jpg","txt":""}],"num":1},"audioUrl":"http://audio.caixin.com/caixin/780/101354780.mp3","time":"2018-12-03 13:57:29","freeTime":"","video":"","summ":"2019年中国经济增速有望与上年持平。短期压力涨落的等待之时，恰是深耕长期结构性机遇的希望之机。中国新经济的“价值头部”和消费升级的“雁阵尾部”，若能得到提前布局、精耕细作，将大概率在春暖之日收获长期回报"},{"tags":[],"comm":{"tid":"101354775","aid":"100"},"cate":"100300002;100000091;100000152;101354775","desc":"贸易战暂停火 “习特会”进展好于预期","form":null,"channelId":126,"nid":101354775,"link":"http://opinion.caixin.com/2018-12-03/101354775.html","edit":{"rank":"专栏作家 ","desc":"瑞银亚洲经济研究主管、首席中国经济学家、董事总经理","name":"汪涛","link":"http://opinion.caixin.com/wangtao/index.html","head":"http://www.caixin.com/upload/zhuanlan/100000152_48_48.jpg"},"attr":5,"freeDuration":"48","type":1,"subDesc":"汪涛","channelDesc":"观点频道","pict":{"imgs":[{"url":"http://img.caixin.com/2018-12-03/1543816433459316_145_97.jpg","txt":""}],"num":1},"audioUrl":"http://audio.caixin.com/caixin/775/101354775.mp3","time":"2018-12-03 13:49:25","freeTime":"","video":"","summ":"贸易战停火短期内有利于缓解经济下行风险和汇率贬值压力；未来谈判道路曲折，对外开放力度或将进一步提高"},{"tags":[],"comm":{"tid":"101354772","aid":"100"},"cate":"100300002;100300201;101354772","desc":"让民企有恒产有恒心 关键在司法恒定","form":null,"channelId":126,"nid":101354772,"link":"http://opinion.caixin.com/2018-12-03/101354772.html","edit":{"rank":"","desc":"","name":"文︱朱桐辉","link":"","head":""},"attr":5,"freeDuration":"6","type":1,"subDesc":"聚焦","channelDesc":"观点频道","pict":{"imgs":[{"url":"http://img.caixin.com/2018-09-18/1537261195505473_145_97.jpg","txt":""}],"num":1},"audioUrl":"http://audio.caixin.com/caixin/772/101354772.mp3","time":"2018-12-03 13:48:23","freeTime":"","video":"","summ":"对“构陷”企业、企业家，滥用职权、官商勾结侵犯企业财产、专利、商标、商誉权，“吃拿卡要”，玩忽职守的官员和其他“竞争对手”，也需要尽快启动调查、侦查及司法程序"},{"tags":[],"comm":{"tid":"101354767","aid":"100"},"cate":"100300002;100000091;100324037;100836694;101354767","desc":"理财子公司是打破刚性兑付的重要制度保障","form":null,"channelId":126,"nid":101354767,"link":"http://opinion.caixin.com/2018-12-03/101354767.html","edit":{"rank":"专栏作家 ","desc":"","name":"尹振涛","link":"http://opinion.caixin.com/yinzhentao_mjxx/index.html","head":"http://www.caixin.com/upload/zhuanlan/100836694_48_48.jpg"},"attr":5,"freeDuration":"48","type":1,"subDesc":"尹振涛","channelDesc":"观点频道","pict":{"imgs":[{"url":"http://img.caixin.com/2018-12-03/1543814878533967_145_97.jpg","txt":""}],"num":1},"audioUrl":"http://audio.caixin.com/caixin/767/101354767.mp3","time":"2018-12-03 13:17:25","freeTime":"","video":"","summ":"商业银行成立独立的理财子公司，首先从法人治理结构上实现清晰化，逐步引导市场机制和产品设计实现风险隔离，在此基础上实现去刚性的可能"},{"tags":[],"comm":{"tid":"101354748","aid":"100"},"cate":"100300002;100000091;100324039;100751110;101354748","desc":"贸易摩擦升级暂获缓解","form":null,"channelId":126,"nid":101354748,"link":"http://opinion.caixin.com/2018-12-03/101354748.html","edit":{"rank":"专栏作家 ","desc":"中金公司研究部负责人、首席经济学家","name":"梁红","link":"http://opinion.caixin.com/lianghong/index.html","head":"http://www.caixin.com/upload/zhuanlan/100751110_48_48.jpg"},"attr":5,"freeDuration":"48","type":1,"subDesc":"梁红","channelDesc":"观点频道","pict":{"imgs":[{"url":"http://img.caixin.com/2018-10-16/1539647844556774_145_97.jpg","txt":""}],"num":1},"audioUrl":"http://audio.caixin.com/caixin/748/101354748.mp3","time":"2018-12-03 12:08:58","freeTime":"","video":"","summ":"家具、电子、机械等受2000亿美元商品关税潜在冲击较大的行业风险降低或减缓"},{"tags":[],"comm":{"tid":"101354743","aid":"100"},"cate":"100300002;100300201;101354743","desc":"北大前校长林建华：不能对着排名指标办大学","form":null,"channelId":126,"nid":101354743,"link":"http://opinion.caixin.com/2018-12-03/101354743.html","edit":{"rank":"","desc":"","name":"记者 张兰太","link":"","head":""},"attr":5,"freeDuration":"6","type":1,"subDesc":"聚焦","channelDesc":"观点频道","pict":{"imgs":[{"url":"http://img.caixin.com/2018-12-03/1543810302108135_145_97.jpg","txt":""}],"num":1},"audioUrl":"http://audio.caixin.com/caixin/743/101354743.mp3","time":"2018-12-03 12:05:19","freeTime":"","video":"","summ":"“基因编辑婴儿”突破科学伦理底线，暴露中国教育问题：大学不仅要教学生“do things right”，还要教他们“do right things”"},{"tags":[],"comm":{"tid":"101354741","aid":"100"},"cate":"100300002;100300201;101354741","desc":"陈平原：为何大学校长对高校排行榜“又爱又恨”","form":null,"channelId":126,"nid":101354741,"link":"http://opinion.caixin.com/2018-12-03/101354741.html","edit":{"rank":"","desc":"","name":"记者 张兰太","link":"","head":""},"attr":5,"freeDuration":"6","type":1,"subDesc":"聚焦","channelDesc":"观点频道","pict":{"imgs":[{"url":"http://img.caixin.com/2018-12-03/1543810152206199_145_97.jpg","txt":""}],"num":1},"audioUrl":"http://audio.caixin.com/caixin/741/101354741.mp3","time":"2018-12-03 12:03:25","freeTime":"","video":"","summ":"大学排行榜的权威一旦建立，很容易形成巨大的利益链条，环环相扣，不容你置身事外"},{"tags":[],"comm":{"tid":"101354738","aid":"100"},"cate":"100300002;100000091;100324037;100745928;101354738","desc":"贸易战本质是改革战","form":null,"channelId":126,"nid":101354738,"link":"http://opinion.caixin.com/2018-12-03/101354738.html","edit":{"rank":"专栏作家 ","desc":"恒大集团首席经济学家（副总裁级）兼研究院院长","name":"任泽平","link":"http://opinion.caixin.com/renzeping/index.html","head":"http://www.caixin.com/upload/zhuanlan/100745928_48_48.jpg"},"attr":5,"freeDuration":"48","type":1,"subDesc":"任泽平","channelDesc":"观点频道","pict":{"imgs":[{"url":"http://img.caixin.com/2018-12-03/1543808895216694_145_97.jpg","txt":""}],"num":1},"audioUrl":"http://audio.caixin.com/caixin/738/101354738.mp3","time":"2018-12-03 11:44:40","freeTime":"","video":"","summ":"中美贸易战不宜往民粹主义和民族主义方向引导，最好的应对是顺势以更大决心更大勇气推动新一轮改革开放"},{"tags":[],"comm":{"tid":"101354729","aid":"100"},"cate":"100300002;100000091;100324039;100353593;101354729","desc":"央行不会降息的六个原因","form":null,"channelId":126,"nid":101354729,"link":"http://opinion.caixin.com/2018-12-03/101354729.html","edit":{"rank":"专栏作家 ","desc":"野村中国区首席经济学家","name":"陆挺","link":"http://opinion.caixin.com/luting_zssc/index.html","head":"http://www.caixin.com/upload/zhuanlan/100353593_48_48.jpg"},"attr":5,"freeDuration":"48","type":1,"subDesc":"陆挺","channelDesc":"观点频道","pict":{"imgs":[{"url":"http://img.caixin.com/2018-11-12/1542001339747285_145_97.jpg","txt":""}],"num":1},"audioUrl":"http://audio.caixin.com/caixin/729/101354729.mp3","time":"2018-12-03 10:47:26","freeTime":"","video":"","summ":"降息对经济增长的提振作用并不大，但会引发房价攀升的担忧，加剧资本流出压力，恶化收入分配，与货币政策框架转型的方向也不一致"},{"tags":[],"comm":{"tid":"101354718","aid":"100"},"cate":"100300002;100000091;100324037;100757375;101354718","desc":"艾滋病、公众意识与政策演进","form":null,"channelId":126,"nid":101354718,"link":"http://opinion.caixin.com/2018-12-03/101354718.html","edit":{"rank":"专栏作家 ","desc":"非营利智库公共卫生治理项目的创立者和负责人","name":"贾平","link":"http://opinion.caixin.com/jiaping_mjxx/index.html","head":"http://www.caixin.com/upload/zhuanlan/100757375_48_48.jpg"},"attr":5,"freeDuration":"48","type":1,"subDesc":"贾平","channelDesc":"观点频道","pict":{"imgs":[{"url":"http://img.caixin.com/2018-12-03/1543804149659586_145_97.jpg","txt":""}],"num":1},"audioUrl":"http://audio.caixin.com/caixin/718/101354718.mp3","time":"2018-12-03 10:25:26","freeTime":"","video":"","summ":"在我国，艾滋病的流行，面临着变动中的社会环境，公众的反应在暗示，艾滋病的应对政策，应当与变动中的社会环境进一步相互适应"},{"tags":[],"comm":{"tid":"101354713","aid":"100"},"cate":"100300002;100000091;100324037;101342980;101354713","desc":"刘忆如：“习特会”中美贸易战暂时休兵","form":null,"channelId":126,"nid":101354713,"link":"http://opinion.caixin.com/2018-12-03/101354713.html","edit":{"rank":"专栏作家 ","desc":"香港北威国际集团董事总经理、美国亚洲协会国际事务委员会委员、台湾大学财务金融系兼任教授","name":"刘忆如","link":"http://opinion.caixin.com/liuyiru_mjxx/index.html","head":"http://www.caixin.com/upload/zhuanlan/101342980_48_48.jpg"},"attr":5,"freeDuration":"48","type":1,"subDesc":"刘忆如","channelDesc":"观点频道","pict":{"imgs":[{"url":"http://img.caixin.com/2018-12-03/1543804007635167_145_97.jpg","txt":""}],"num":1},"audioUrl":"http://audio.caixin.com/caixin/713/101354713.mp3","time":"2018-12-03 10:15:31","freeTime":"","video":"","summ":"是否能在关键时刻悬崖勒马以避免直接对撞，实取决于双方已经受冲击的程度，以及未来继续伤亡损失的评估"},{"tags":[],"comm":{"tid":"101354710","aid":"100"},"cate":"100300002;100300204;101354710","desc":"社论|以改革稳就业","form":null,"channelId":126,"nid":101354710,"link":"http://opinion.caixin.com/2018-12-03/101354710.html","edit":{"rank":"","desc":"","name":"","link":"","head":""},"attr":5,"freeDuration":"0","type":1,"subDesc":"社评","channelDesc":"观点频道","pict":null,"audioUrl":"http://audio.caixin.com/caixin/304/101354304.mp3","time":"2018-12-03 09:53:02","freeTime":"","video":"","summ":"在稳增长、调结构、促改革、扩开放上多做文章"},{"tags":[],"comm":{"tid":"101354616","aid":"100"},"cate":"100300002;100239120;100239140;101134343;101354616","desc":"中美“共舞”新契机","form":null,"channelId":126,"nid":101354616,"link":"http://opinion.caixin.com/2018-12-02/101354616.html","edit":{"rank":"火线记者 ","desc":"","name":"张琪","link":"http://opinion.caixin.com/zhangqi/index.html","head":"http://www.caixin.com/upload/huoxian/huoxian/101134343.jpg"},"attr":5,"freeDuration":"0","type":1,"subDesc":"张琪","channelDesc":"观点频道","pict":{"imgs":[{"url":"http://img.caixin.com/2016-11-07/1478513529697222_145_97.jpg","txt":""}],"num":1},"audioUrl":"http://audio.caixin.com/caixin/616/101354616.mp3","time":"2018-12-02 21:17:00","freeTime":"","video":"","summ":"归根结底，中国的改革方向和开放路径，是依据中国自身的利益和需要所做出的。不论美方决定参与或不参与，都会被各方有识者所运用"},{"tags":[],"comm":{"tid":"101354582","aid":"100"},"cate":"100300002;100000091;100324039;100324366;101354582","desc":"习特会守住中美经贸压舱石 中国如何把握改革机遇期","form":null,"channelId":126,"nid":101354582,"link":"http://opinion.caixin.com/2018-12-02/101354582.html","edit":{"rank":"专栏作家 ","desc":"京东数字科技副总裁、首席经济学家，复旦大学泛海国际金融学院客座教授","name":"沈建光","link":"http://opinion.caixin.com/shenjianguang_zssc/index.html","head":"http://www.caixin.com/upload/zhuanlan/100324366_48_48.jpg"},"attr":5,"freeDuration":"48","type":1,"subDesc":"沈建光","channelDesc":"观点频道","pict":{"imgs":[{"url":"http://img.caixin.com/2018-05-02/1525218672361230_145_97.jpg","txt":""}],"num":1},"audioUrl":"http://audio.caixin.com/caixin/582/101354582.mp3","time":"2018-12-02 16:15:57","freeTime":"","video":"","summ":"2020年特朗普大选之前，中美贸易趋于缓释，已经是十分不易的局面，为中国改革开放赢得了难得的时间。未来关键在于能否尊重经济规律，强化规则意识，避免宏观调控政策的泛化，通过市场化的手段走出困境"},{"tags":[],"comm":{"tid":"101354574","aid":"100"},"cate":"100300002;100300201;101354574","desc":"姚洋：形成正确改革方案需公开讨论","form":null,"channelId":126,"nid":101354574,"link":"http://opinion.caixin.com/2018-12-02/101354574.html","edit":{"rank":"","desc":"","name":"记者 张兰太","link":"","head":""},"attr":5,"freeDuration":"0","type":1,"subDesc":"聚焦","channelDesc":"观点频道","pict":{"imgs":[{"url":"http://img.caixin.com/2018-07-26/1532567059163512_145_97.jpg","txt":""}],"num":1},"audioUrl":"http://audio.caixin.com/caixin/574/101354574.mp3","time":"2018-12-02 15:23:52","freeTime":"","video":"","summ":"中国改革开放成功的经验，最重要的是实事求是的态度和务实主义的道路；要给地方自主权，让地方去实验"},{"tags":[],"comm":{"tid":"101354522","aid":"100"},"cate":"100300002;100000091;100324037;101064085;101354522","desc":"贸易博弈步入下半场","form":null,"channelId":126,"nid":101354522,"link":"http://opinion.caixin.com/2018-12-02/101354522.html","edit":{"rank":"专栏作家 ","desc":"工银国际研究部主管，首席经济学家","name":"程实","link":"http://opinion.caixin.com/chengshi_mjxx/index.html","head":"http://www.caixin.com/upload/zhuanlan/101064085_48_48.jpg"},"attr":5,"freeDuration":"48","type":1,"subDesc":"程实","channelDesc":"观点频道","pict":{"imgs":[{"url":"http://img.caixin.com/2018-07-11/1531268630191295_145_97.jpg","txt":""}],"num":1},"audioUrl":"http://audio.caixin.com/caixin/522/101354522.mp3","time":"2018-12-02 12:01:15","freeTime":"","video":"","summ":"在博弈下半场，中美双方有望更加理性地处理大国竞合关系，跨越短期贸易冲突，重塑长期利益纽带，从而逐步引领全球经济重返开放包容、协同复苏的良性轨道"},{"tags":[],"comm":{"tid":"101354515","aid":"100"},"cate":"100300002;100000091;100324037;100919194;101354515","desc":"“相互保”变“相互宝”：什么是不可逾越的底线","form":null,"channelId":126,"nid":101354515,"link":"http://opinion.caixin.com/2018-12-02/101354515.html","edit":{"rank":"专栏作家 ","desc":"经济学士和科学硕士，拥有北美精算师（FSA）、北美精算师学会会员（MAAA），注册金融分析师（CFA）和注册另类投资分析师（CAIA）资格","name":"聂方义","link":"http://opinion.caixin.com/niefangyi_mjxx/index.html","head":"http://www.caixin.com/upload/zhuanlan/100919194_48_48.jpg"},"attr":5,"freeDuration":"48","type":1,"subDesc":"聂方义","channelDesc":"观点频道","pict":{"imgs":[{"url":"http://img.caixin.com/2018-12-02/1543722860440094_145_97.jpg","txt":""}],"num":1},"audioUrl":"http://audio.caixin.com/caixin/515/101354515.mp3","time":"2018-12-02 11:42:42","freeTime":"","video":"","summ":"唯有心存对保险职业的敬畏，从业者才能在创新中平衡好各方利益；唯有对用户——无论他们懂不懂保险——心存基本尊重，才能真正做到充分披露信息、不误导"},{"tags":[],"comm":{"tid":"101353962","aid":"100"},"cate":"100300002;100000091;100324037;101315655;101353962","desc":"QFII青睐A股哪些板块","form":null,"channelId":126,"nid":101353962,"link":"http://opinion.caixin.com/2018-11-30/101353962.html","edit":{"rank":"专栏作家 ","desc":"川财证券研究所所长、董事总经理。","name":"陈雳","link":"http://opinion.caixin.com/chenli_mjxx/index.html","head":"http://www.caixin.com/upload/zhuanlan/101315655_48_48.jpg"},"attr":5,"freeDuration":"48","type":1,"subDesc":"陈雳","channelDesc":"观点频道","pict":{"imgs":[{"url":"http://img.caixin.com/2018-11-30/1543566990661236_145_97.jpg","txt":""}],"num":1},"audioUrl":"http://audio.caixin.com/caixin/962/101353962.mp3","time":"2018-11-30 16:29:22","freeTime":"","video":"","summ":"QFII青睐盈利能力强、估值合理且杠杆率较低个股"},{"tags":[],"comm":{"tid":"101353948","aid":"100"},"cate":"100300002;100300201;101353948","desc":"缓和对G20峰会的预期","form":null,"channelId":126,"nid":101353948,"link":"http://opinion.caixin.com/2018-11-30/101353948.html","edit":{"rank":"","desc":"","name":"文︱韩磊（Paul Haenle）  陈彦（Lucas Tcheyan）","link":"","head":""},"attr":5,"freeDuration":"0","type":1,"subDesc":"聚焦","channelDesc":"观点频道","pict":{"imgs":[{"url":"http://img.caixin.com/2018-11-30/1543566022525243_145_97.jpg","txt":""}],"num":1},"audioUrl":"http://audio.caixin.com/caixin/948/101353948.mp3","time":"2018-11-30 16:13:04","freeTime":"","video":"","summ":"与雄心勃勃却毫无意义的协议相比，一项有限但有意义的协议更为可取。特朗普和习近平应该利用此次会面机会，在双边关系中创造出更和谐的气氛，并建立起实质性的进展"},{"tags":[],"comm":{"tid":"101353870","aid":"100"},"cate":"100300002;100300201;101353870","desc":"关于基因编辑，人类在恐慌什么？","form":null,"channelId":126,"nid":101353870,"link":"http://opinion.caixin.com/2018-11-30/101353870.html","edit":{"rank":"","desc":"","name":"文|金华 刘艺 王茜 郭秋逾","link":"","head":""},"attr":5,"freeDuration":"6","type":1,"subDesc":"聚焦","channelDesc":"观点频道","pict":{"imgs":[{"url":"http://img.caixin.com/2018-11-30/1543558977186176_145_97.jpg","txt":""}],"num":1},"audioUrl":"http://audio.caixin.com/caixin/870/101353870.mp3","time":"2018-11-30 14:17:42","freeTime":"","video":"","summ":"三大争议：人类能否进行基因编辑？谁有权力决定应否对后代进行基因编辑？人类是否有能力防止基因编辑技术的滥用？"},{"tags":[],"comm":{"tid":"101353863","aid":"100"},"cate":"100300002;100000091;100324037;101325968;101353863","desc":"民粹路线对美国民主体制的冲击几何？","form":null,"channelId":126,"nid":101353863,"link":"http://opinion.caixin.com/2018-11-30/101353863.html","edit":{"rank":"专栏作家 ","desc":"财新传媒副主编、编辑委员会委员","name":"黄山","link":"http://opinion.caixin.com/huangshan_mjxx/index.html","head":"http://www.caixin.com/upload/zhuanlan/101325968_48_48.jpg"},"attr":5,"freeDuration":"48","type":1,"subDesc":"黄山","channelDesc":"观点频道","pict":{"imgs":[{"url":"http://img.caixin.com/2018-11-30/1543557175635991_145_97.jpg","txt":""}],"num":1},"audioUrl":"http://audio.caixin.com/caixin/863/101353863.mp3","time":"2018-11-30 13:50:57","freeTime":"","video":"","summ":"特朗普的民粹路线对美国建国200多年的民主制度的冲击究竟有多大，大家众说纷纭"},{"tags":[],"comm":{"tid":"101353841","aid":"100"},"cate":"100300002;100000091;100324037;101164160;101353841","desc":"周天勇：重振经济需快速提高居民收入，舍此无他途","form":null,"channelId":126,"nid":101353841,"link":"http://opinion.caixin.com/2018-11-30/101353841.html","edit":{"rank":"专栏作家 ","desc":"经济学博士，教授，博士生导师，中央党校国际战略研究院副院长。","name":"周天勇","link":"http://opinion.caixin.com/zhoutianyong_mjxx/index.html","head":"http://www.caixin.com/upload/zhuanlan/101164160_48_48.jpg"},"attr":5,"freeDuration":"48","type":1,"subDesc":"周天勇","channelDesc":"观点频道","pict":{"imgs":[{"url":"http://img.caixin.com/2018-11-30/1543552627077036_145_97.jpg","txt":""}],"num":1},"audioUrl":"http://audio.caixin.com/caixin/841/101353841.mp3","time":"2018-11-30 12:29:20","freeTime":"","video":"","summ":"解开国民经济症结的最重要部分在于，使未来10余年里居民收入的增长速度要高于GDP和政府收入的增长速度，将居民收入占GDP比例从2017年过低的43.65%逐步提高和扭转到2030年时的60%，将居民消费占GDP比例从过低的30.79%提升和扭转到2030年时的45%"},{"tags":[],"comm":{"tid":"101353821","aid":"100"},"cate":"100300002;100000091;100324039;100933362;101353821","desc":"P2P平台火拼车抵贷市场，如何活到最后","form":null,"channelId":126,"nid":101353821,"link":"http://opinion.caixin.com/2018-11-30/101353821.html","edit":{"rank":"专栏作家 ","desc":"专注于国内消费金融、贸易金融、互联网金融和产业金融等研究领域的专业研究机构","name":"金融观察","link":"http://opinion.caixin.com/snjr/index.html","head":"http://www.caixin.com/upload/zhuanlan/100933362_48_48.jpg"},"attr":5,"freeDuration":"48","type":1,"subDesc":"金融观察","channelDesc":"观点频道","pict":{"imgs":[{"url":"http://img.caixin.com/2018-11-30/1543549499958659_145_97.jpg","txt":""}],"num":1},"audioUrl":"http://audio.caixin.com/caixin/821/101353821.mp3","time":"2018-11-30 11:39:52","freeTime":"","video":"","summ":"虽然从市场需求来看，车抵贷P2P市场前景一片光明，但能够参与市场竞争的主体却正在减少。这组需求与供给矛盾的背后，有着深刻的、行业共同存在的难题，这些难题就像进化剪刀一样，不断将掉队的玩家逐出市场"},{"tags":[],"comm":{"tid":"101353804","aid":"100"},"cate":"100300002;100000091;100324037;100659646;101353804","desc":"盛松成：目前房价平稳或小幅下降是好事","form":null,"channelId":126,"nid":101353804,"link":"http://opinion.caixin.com/2018-11-30/101353804.html","edit":{"rank":"专栏作家 ","desc":"中国人民银行参事、调查统计司原司长","name":"盛松成","link":"http://opinion.caixin.com/shengsongcheng_mjxx/index.html","head":"http://www.caixin.com/upload/zhuanlan/100659646_48_48.jpg"},"attr":5,"freeDuration":"48","type":1,"subDesc":"盛松成","channelDesc":"观点频道","pict":{"imgs":[{"url":"http://img.caixin.com/2017-05-17/1495028859511740_145_97.jpg","txt":""}],"num":1},"audioUrl":"http://audio.caixin.com/caixin/804/101353804.mp3","time":"2018-11-30 11:26:20","freeTime":"","video":"","summ":"房地产对经济增长尽管仍有较大的贡献，但巩固调控成果的意义更为重大，必要时可以接受牺牲短期部分经济增长的代价"},{"tags":[],"comm":{"tid":"101353802","aid":"100"},"cate":"100300002;100000091;100324039;100751110;101353802","desc":"美联储主席表态鸽派的背后","form":null,"channelId":126,"nid":101353802,"link":"http://opinion.caixin.com/2018-11-30/101353802.html","edit":{"rank":"专栏作家 ","desc":"中金公司研究部负责人、首席经济学家","name":"梁红","link":"http://opinion.caixin.com/lianghong/index.html","head":"http://www.caixin.com/upload/zhuanlan/100751110_48_48.jpg"},"attr":5,"freeDuration":"48","type":1,"subDesc":"梁红","channelDesc":"观点频道","pict":{"imgs":[{"url":"http://img.caixin.com/2018-11-30/1543548461677634_145_97.jpg","txt":""}],"num":1},"audioUrl":"http://audio.caixin.com/caixin/802/101353802.mp3","time":"2018-11-30 11:22:47","freeTime":"","video":"","summ":"2019年美联储只加息2次而非3次的基准情形发生概率正在逐步上升"},{"tags":[],"comm":{"tid":"101353788","aid":"100"},"cate":"100300002;100000091;100324037;100861497;101353788","desc":"过去十年间，哪个国家“放水”最猛？","form":null,"channelId":126,"nid":101353788,"link":"http://opinion.caixin.com/2018-11-30/101353788.html","edit":{"rank":"专栏作家 ","desc":"招商银行金融市场部高级分析师","name":"万钊","link":"http://opinion.caixin.com/wanzhao_mjxx/index.html","head":"http://www.caixin.com/upload/zhuanlan/100861497_48_48.jpg"},"attr":5,"freeDuration":"48","type":1,"subDesc":"万钊","channelDesc":"观点频道","pict":{"imgs":[{"url":"http://img.caixin.com/2018-11-30/1543546562216919_145_97.jpg","txt":""}],"num":1},"audioUrl":"","time":"2018-11-30 10:53:34","freeTime":"","video":"","summ":"美、欧、日等发达国家，由于银行业高度市场化，无法通过行政指令来强迫放贷。而中国，在广义政府信用的支撑下，不需要央行大幅扩表，靠银行业本身即可实现大量的信用投放"},{"tags":[],"comm":{"tid":"101353750","aid":"100"},"cate":"100300002;100000091;100324037;101098754;101353750","desc":"泉港碳九泄漏事件加剧邻避困境","form":null,"channelId":126,"nid":101353750,"link":"http://opinion.caixin.com/2018-11-30/101353750.html","edit":{"rank":"专栏作家 ","desc":"清华大学管理学博士，商道纵横共同创办人、总经理，商道融绿董事长，商道学堂校长，系企业社会责任、绿色金融及责任投资知名专家","name":"郭沛源","link":"http://opinion.caixin.com/guopeiyuan_mjxx/index.html","head":"http://www.caixin.com/upload/zhuanlan/101098754_48_48.jpg"},"attr":5,"freeDuration":"48","type":1,"subDesc":"郭沛源","channelDesc":"观点频道","pict":{"imgs":[{"url":"http://img.caixin.com/2018-11-30/1543541777762411_145_97.jpg","txt":""}],"num":1},"audioUrl":"http://audio.caixin.com/caixin/750/101353750.mp3","time":"2018-11-30 09:33:34","freeTime":"","video":"","summ":"破解邻避运动，关键是信心，而非技术。碳九泄漏违规瞒报极为恶劣，将打击民众对敏感项目的信任度，进一步激化邻避矛盾。严刑重典可能是唯一能扳回一分的办法"},{"tags":[],"comm":{"tid":"101353745","aid":"100"},"cate":"100300002;100300201;101353745","desc":"贺建奎事件的公关教训：生命科学公司应当远离营销炒作","form":null,"channelId":126,"nid":101353745,"link":"http://opinion.caixin.com/2018-11-30/101353745.html","edit":{"rank":"","desc":"","name":"文｜王真","link":"","head":""},"attr":5,"freeDuration":"24","type":1,"subDesc":"聚焦","channelDesc":"观点频道","pict":{"imgs":[{"url":"http://img.caixin.com/2018-11-30/1543541277963096_145_97.jpg","txt":""}],"num":1},"audioUrl":"http://audio.caixin.com/caixin/745/101353745.mp3","time":"2018-11-30 09:23:54","freeTime":"","video":"","summ":"生命科学公司须要审慎对待营销，这方面的中外教训不少。安全性、有效性、透明度是生命科学公关传播的重点和核心"},{"tags":[],"comm":{"tid":"101353527","aid":"100"},"cate":"100300002;100300201;101353527","desc":"鲍威尔演讲：美联储监测金融稳定的框架","form":null,"channelId":126,"nid":101353527,"link":"http://opinion.caixin.com/2018-11-29/101353527.html","edit":{"rank":"","desc":"","name":"文︱鲍威尔","link":"","head":""},"attr":5,"freeDuration":"48","type":1,"subDesc":"聚焦","channelDesc":"观点频道","pict":{"imgs":[{"url":"http://img.caixin.com/2018-11-29/1543478877568850_145_97.jpg","txt":""}],"num":1},"audioUrl":"http://audio.caixin.com/caixin/527/101353527.mp3","time":"2018-11-29 16:02:30","freeTime":"","video":"","summ":"美联储目前观察的四个脆弱性，即：金融部门的过度杠杆、融资风险、家庭和企业部门的债务负担以及资产估值水平"},{"tags":[],"comm":{"tid":"101353493","aid":"100"},"cate":"100300002;100000091;100324037;101353480;101353493","desc":"中国电力期货设计首要是去“行政化”","form":null,"channelId":126,"nid":101353493,"link":"http://opinion.caixin.com/2018-11-29/101353493.html","edit":{"rank":"专栏作家 ","desc":"AEX控股公司创始合伙人","name":"黄杰夫","link":"http://opinion.caixin.com/huangjiefu_mjxx/index.html","head":"http://www.caixin.com/upload/zhuanlan/101353480_48_48.jpg"},"attr":5,"freeDuration":"48","type":1,"subDesc":"黄杰夫","channelDesc":"观点频道","pict":{"imgs":[{"url":"http://img.caixin.com/2018-11-29/1543474954746668_145_97.jpg","txt":""}],"num":1},"audioUrl":"http://audio.caixin.com/caixin/493/101353493.mp3","time":"2018-11-29 14:56:28","freeTime":"","video":"","summ":"中国的电力期货，应该换一个全新的实施“套路”，避免过多的制约市场的所谓“中国特色”"},{"tags":[],"comm":{"tid":"101353459","aid":"100"},"cate":"100300002;100000091;100324037;100900790;101353459","desc":"P2P网贷治理正其时：“爆雷”之后，宜亡羊补牢","form":null,"channelId":126,"nid":101353459,"link":"http://opinion.caixin.com/2018-11-29/101353459.html","edit":{"rank":"专栏作家 ","desc":"《比较》研究部主管，北京大学市场与网络经济研究中心的研究员和主任助理","name":"陈永伟","link":"http://opinion.caixin.com/chenyongwei_mjxx/index.html","head":"http://www.caixin.com/upload/zhuanlan/100900790_48_48.jpg"},"attr":5,"freeDuration":"48","type":1,"subDesc":"陈永伟","channelDesc":"观点频道","pict":{"imgs":[{"url":"http://img.caixin.com/2018-09-21/1537516178289974_145_97.jpg","txt":""}],"num":1},"audioUrl":"http://audio.caixin.com/caixin/459/101353459.mp3","time":"2018-11-29 12:30:33","freeTime":"","video":"","summ":"尽管此轮危机的代价极为惨痛，但客观上也为P2P网贷行业的重建提供了一个很好的契机。幸存的优质平台和监管部门应该好好利用这一契机，及时建立起相应的行业规范和风险缓释机制，为这个行业的发展奠定坚实的基础"},{"tags":[],"comm":{"tid":"101353453","aid":"100"},"cate":"100300002;100000091;100324037;101352777;101353453","desc":"理解你在组织中的行为，就能做好任何事","form":null,"channelId":126,"nid":101353453,"link":"http://opinion.caixin.com/2018-11-29/101353453.html","edit":{"rank":"专栏作家 ","desc":"北京大学王宽诚讲席教授、国家发展研究院BiMBA商学院院长","name":"陈春花","link":"http://opinion.caixin.com/chenchunhua_mjxx/index.html","head":"http://www.caixin.com/upload/zhuanlan/101352777_48_48.jpg"},"attr":5,"freeDuration":"48","type":1,"subDesc":"陈春花","channelDesc":"观点频道","pict":{"imgs":[{"url":"http://img.caixin.com/2018-11-29/1543464045292188_145_97.jpg","txt":""}],"num":1},"audioUrl":"http://audio.caixin.com/caixin/453/101353453.mp3","time":"2018-11-29 11:57:17","freeTime":"","video":"","summ":"组织确实有一种力量，让本不能胜任的人可以胜任。一定要理解，个人与组织之间，个人的局限性是什么？组织可发挥的作用到底是什么？"},{"tags":[],"comm":{"tid":"101353418","aid":"100"},"cate":"100300002;100000091;100324039;101305952;101353418","desc":"2018年外汇及跨境改革盘点","form":null,"channelId":126,"nid":101353418,"link":"http://opinion.caixin.com/2018-11-29/101353418.html","edit":{"rank":"专栏作家 ","desc":"兴业银行、华福证券首席经济学家，兴业研究公司副总裁","name":"鲁政委","link":"http://opinion.caixin.com/luzhengwei_zssc/index.html","head":"http://www.caixin.com/upload/zhuanlan/101305952_48_48.jpg"},"attr":5,"freeDuration":"48","type":1,"subDesc":"鲁政委","channelDesc":"观点频道","pict":{"imgs":[{"url":"http://img.caixin.com/2018-11-29/1543462571487389_145_97.jpg","txt":""}],"num":1},"audioUrl":"http://audio.caixin.com/caixin/418/101353418.mp3","time":"2018-11-29 11:31:49","freeTime":"","video":"","summ":"面对经常账户顺差的结构性收窄乃至出现一定逆差，中国仍应继续坚持资本金融账户对外开放和外汇市场化建设"},{"tags":[],"comm":{"tid":"101353385","aid":"100"},"cate":"100300002;100300201;101353385","desc":"G20峰会前瞻：中美贸易谈判不能指望毕其功于一役","form":null,"channelId":126,"nid":101353385,"link":"http://opinion.caixin.com/2018-11-29/101353385.html","edit":{"rank":"","desc":"","name":"文|上海浦山新金融发展基金会课题组","link":"","head":""},"attr":5,"freeDuration":"12","type":1,"subDesc":"聚焦","channelDesc":"观点频道","pict":{"imgs":[{"url":"http://img.caixin.com/2018-11-29/1543459070445382_145_97.jpg","txt":""}],"num":1},"audioUrl":"http://audio.caixin.com/caixin/385/101353385.mp3","time":"2018-11-29 10:30:56","freeTime":"","video":"","summ":"中美贸易谈判仍然要强调中长期的打算。在中美关系进入僵持的背景下，宜适度降低国内外对G20峰会上中美将迅速达成高水平协议的期望。从长期来看，中国完全可以突破传统贸易协定，创新地推动建立中美经贸关系的长效稳定机制，如中美经济伙伴关系(UCEP)"},{"tags":[],"comm":{"tid":"101353379","aid":"100"},"cate":"100300002;100000091;100324037;101315655;101353379","desc":"QFII偏好哪些板块","form":null,"channelId":126,"nid":101353379,"link":"http://opinion.caixin.com/2018-11-29/101353379.html","edit":{"rank":"专栏作家 ","desc":"川财证券研究所所长、董事总经理。","name":"陈雳","link":"http://opinion.caixin.com/chenli_mjxx/index.html","head":"http://www.caixin.com/upload/zhuanlan/101315655_48_48.jpg"},"attr":5,"freeDuration":"48","type":1,"subDesc":"陈雳","channelDesc":"观点频道","pict":{"imgs":[{"url":"http://img.caixin.com/2018-11-29/1543458486045757_145_97.jpg","txt":""}],"num":1},"audioUrl":"http://audio.caixin.com/caixin/379/101353379.mp3","time":"2018-11-29 10:26:14","freeTime":"","video":"","summ":"QFII偏好医药生物、化工和交通运输板块"},{"tags":[],"comm":{"tid":"101353345","aid":"100"},"cate":"100300002;100000091;100324039;100353593;101353345","desc":"房地产寒冬将至 政策放松或在明年春季","form":null,"channelId":126,"nid":101353345,"link":"http://opinion.caixin.com/2018-11-29/101353345.html","edit":{"rank":"专栏作家 ","desc":"野村中国区首席经济学家","name":"陆挺","link":"http://opinion.caixin.com/luting_zssc/index.html","head":"http://www.caixin.com/upload/zhuanlan/100353593_48_48.jpg"},"attr":5,"freeDuration":"48","type":1,"subDesc":"陆挺","channelDesc":"观点频道","pict":{"imgs":[{"url":"http://img.caixin.com/2018-11-29/1543456428790088_145_97.jpg","txt":""}],"num":1},"audioUrl":"http://audio.caixin.com/caixin/345/101353345.mp3","time":"2018-11-29 09:45:44","freeTime":"","video":"","summ":"我们认为明年上半年房地产市场形势将明显恶化，房地产销售降幅或超10%，某些月份房地产投资增速或急剧下降。预计明年春季前后，中央将放松对一二线城市的房地产调控措施"},{"tags":[],"comm":{"tid":"101353266","aid":"100"},"cate":"100300002;100239120;100239136;101319378;101353266","desc":"火线评论|交通部安全检查结果公布，对滴滴意味着什么？","form":null,"channelId":126,"nid":101353266,"link":"http://opinion.caixin.com/2018-11-29/101353266.html","edit":{"rank":"火线记者 ","desc":"","name":"钱童","link":"http://opinion.caixin.com/qiantong/index.html","head":"http://www.caixin.com/upload/huoxian/huoxian/101319378.jpg"},"attr":5,"freeDuration":"0","type":1,"subDesc":"钱童","channelDesc":"观点频道","pict":{"imgs":[{"url":"http://img.caixin.com/2018-08-26/1535260493761994_145_97.jpg","txt":""}],"num":1},"audioUrl":"http://audio.caixin.com/caixin/266/101353266.mp3","time":"2018-11-29 07:37:16","freeTime":"","video":"","summ":"可预见的结果是，如果全面推行合规化，滴滴司机数量将大幅度减少，运力下降、订单量缩水，滴滴私募市场560亿美元估值必将不保"},{"tags":[],"comm":{"tid":"101353136","aid":"100"},"cate":"100300002;100300201;101353136","desc":"从“相互保”事件看监管逻辑","form":null,"channelId":126,"nid":101353136,"link":"http://opinion.caixin.com/2018-11-28/101353136.html","edit":{"rank":"","desc":"","name":"文|李海博","link":"","head":""},"attr":5,"freeDuration":"48","type":1,"subDesc":"聚焦","channelDesc":"观点频道","pict":{"imgs":[{"url":"http://img.caixin.com/2018-11-28/1543402165744940_145_97.jpg","txt":""}],"num":1},"audioUrl":"http://audio.caixin.com/caixin/136/101353136.mp3","time":"2018-11-28 18:44:36","freeTime":"","video":"","summ":"监管明确叫停“相互保”，反映了网络互助与相互保险当前面临的巨大争议"},{"tags":[],"comm":{"tid":"101352969","aid":"100"},"cate":"100300002;100000091;100324037;101313538;101352969","desc":"科技如何赋能金融","form":null,"channelId":126,"nid":101352969,"link":"http://opinion.caixin.com/2018-11-28/101352969.html","edit":{"rank":"专栏作家 ","desc":"百舸新金融智库创始人，北京大学新金融和创业投资中心研究员","name":"陈文","link":"http://opinion.caixin.com/chenwen_mjxx/index.html","head":"http://www.caixin.com/upload/zhuanlan/101313538_48_48.jpg"},"attr":5,"freeDuration":"48","type":1,"subDesc":"陈文","channelDesc":"观点频道","pict":{"imgs":[{"url":"http://img.caixin.com/2018-11-28/1543394557966468_145_97.jpg","txt":""}],"num":1},"audioUrl":"http://audio.caixin.com/caixin/969/101352969.mp3","time":"2018-11-28 16:38:40","freeTime":"","video":"","summ":"金融科技创业企业在赋能传统金融、推动中国数字普惠金融大业的过程中，一定要掌握三个本事：什么时候蹲，什么时候趴，什么时候坐"},{"tags":[],"comm":{"tid":"101352967","aid":"100"},"cate":"100300002;100000091;100324039;100353593;101352967","desc":"警惕中资海外美元债风险","form":null,"channelId":126,"nid":101352967,"link":"http://opinion.caixin.com/2018-11-28/101352967.html","edit":{"rank":"专栏作家 ","desc":"野村中国区首席经济学家","name":"陆挺","link":"http://opinion.caixin.com/luting_zssc/index.html","head":"http://www.caixin.com/upload/zhuanlan/100353593_48_48.jpg"},"attr":5,"freeDuration":"48","type":1,"subDesc":"陆挺","channelDesc":"观点频道","pict":{"imgs":[{"url":"http://img.caixin.com/2018-11-28/1543394357763737_145_97.jpg","txt":""}],"num":1},"audioUrl":"http://audio.caixin.com/caixin/967/101352967.mp3","time":"2018-11-28 16:35:58","freeTime":"","video":"","summ":"从今年四季度开始将迎来海外债券的集中到期高峰，以融资平台和房地产商为主，收益率快速上升与人民币持续贬值让中资企业发行海外美元债的意愿降温"},{"tags":[],"comm":{"tid":"101352825","aid":"100"},"cate":"100300002;100300201;101352825","desc":"南非的经济刺激计划与土改政策","form":null,"channelId":126,"nid":101352825,"link":"http://opinion.caixin.com/2018-11-28/101352825.html","edit":{"rank":"","desc":"","name":"文︱张红军 张翎","link":"","head":""},"attr":5,"freeDuration":"6","type":1,"subDesc":"聚焦","channelDesc":"观点频道","pict":{"imgs":[{"url":"http://img.caixin.com/2018-11-28/1543377098975389_145_97.jpg","txt":""}],"num":1},"audioUrl":"http://audio.caixin.com/caixin/825/101352825.mp3","time":"2018-11-28 11:43:47","freeTime":"","video":"","summ":"无偿征地是南非政府目前力图推进的具体政策之一，并不是简单的“一刀切”或针对特定种族的政策，而是以闲置和非法侵占的土地为征收目标"},{"tags":[],"comm":{"tid":"101352791","aid":"100"},"cate":"100300002;100000091;100324037;101315655;101352791","desc":"QFII为何持续涌入中国市场","form":null,"channelId":126,"nid":101352791,"link":"http://opinion.caixin.com/2018-11-28/101352791.html","edit":{"rank":"专栏作家 ","desc":"川财证券研究所所长、董事总经理。","name":"陈雳","link":"http://opinion.caixin.com/chenli_mjxx/index.html","head":"http://www.caixin.com/upload/zhuanlan/101315655_48_48.jpg"},"attr":5,"freeDuration":"48","type":1,"subDesc":"陈雳","channelDesc":"观点频道","pict":{"imgs":[{"url":"http://img.caixin.com/2018-11-28/1543373533310517_145_97.jpg","txt":""}],"num":1},"audioUrl":"http://audio.caixin.com/caixin/791/101352791.mp3","time":"2018-11-28 10:46:38","freeTime":"","video":"","summ":"一系列政策上的利好因素，让境外投资者看到了中国资本市场的改善、成长动能与投资价值。QFII正是一条有序、稳妥的对外开放国内证券市场的特殊通道。由于其准入门槛较低、没有资金锁定期等特点，或将受到更多境外投资机构青睐"},{"tags":[],"comm":{"tid":"101352787","aid":"100"},"cate":"100300002;100000091;100324037;101350163;101352787","desc":"自由、公平的竞争环境从何而来","form":null,"channelId":126,"nid":101352787,"link":"http://opinion.caixin.com/2018-11-28/101352787.html","edit":{"rank":"专栏作家 ","desc":"香港财政司司长","name":"陈茂波","link":"http://opinion.caixin.com/chenmaobo_mjxx/index.html","head":"http://www.caixin.com/upload/zhuanlan/101350163_48_48.jpg"},"attr":5,"freeDuration":"48","type":1,"subDesc":"陈茂波","channelDesc":"观点频道","pict":{"imgs":[{"url":"http://img.caixin.com/2018-11-28/1543373741020441_145_97.jpg","txt":""}],"num":1},"audioUrl":"http://audio.caixin.com/caixin/787/101352787.mp3","time":"2018-11-28 10:40:56","freeTime":"","video":"","summ":"自由、公平的竞争环境从来不是“从天上掉下来”般的自然存在，而是需要透过合适的法规、制度、宣传和推广，不断加以巩固和完善。香港3年前开始全面实施《竞争条例》，首次引入跨行业的竞争规管机制"},{"tags":[],"comm":{"tid":"101352779","aid":"100"},"cate":"100300002;100000091;100324039;100536259;101352779","desc":"2018：充满挑战的一年","form":null,"channelId":126,"nid":101352779,"link":"http://opinion.caixin.com/2018-11-28/101352779.html","edit":{"rank":"专栏作家 ","desc":"瑞银财富管理投资总监办公室（CIO）亚太区投资总监及首席中国经济学家","name":"胡一帆","link":"http://opinion.caixin.com/huyifan_zssc/index.html","head":"http://www.caixin.com/upload/zhuanlan/100536259_48_48.jpg"},"attr":5,"freeDuration":"48","type":1,"subDesc":"胡一帆","channelDesc":"观点频道","pict":{"imgs":[{"url":"http://img.caixin.com/2018-11-28/1543371866074655_145_97.jpg","txt":""}],"num":1},"audioUrl":"http://audio.caixin.com/caixin/779/101352779.mp3","time":"2018-11-28 10:21:39","freeTime":"","video":"","summ":"当前的经济环境远不是哀声一片。虽然仍存在不利情景，但我们更关注未来数月有望提振全球资产表现的有利情景。事实上，时至2018年底，市场对风险的态度更趋平衡"},{"tags":[],"comm":{"tid":"101352776","aid":"100"},"cate":"100300002;100000091;100324037;101232471;101352776","desc":"不宜夸大特色小镇的地位和作用","form":null,"channelId":126,"nid":101352776,"link":"http://opinion.caixin.com/2018-11-28/101352776.html","edit":{"rank":"专栏作家 ","desc":"经济学博士，清华大学社会科学学院责任教授、博士生导师。","name":"蔡继明","link":"http://opinion.caixin.com/caijiming_mjxx/index.html","head":"http://www.caixin.com/upload/zhuanlan/101232471_48_48.jpg"},"attr":5,"freeDuration":"48","type":1,"subDesc":"蔡继明","channelDesc":"观点频道","pict":{"imgs":[{"url":"http://img.caixin.com/2018-11-28/1543372068199091_145_97.jpg","txt":""}],"num":1},"audioUrl":"http://audio.caixin.com/caixin/776/101352776.mp3","time":"2018-11-28 10:17:35","freeTime":"","video":"","summ":"中国目前的特大超大城市不是多了而是少了，特大超大城市不是太大了而是不够大，城市群的规模也不够大，当务之急是以大城市为依托，加快2.85亿农民工市民化的进程"},{"tags":[],"comm":{"tid":"101352531","aid":"100"},"cate":"100300002;100000091;100324037;100865112;101352531","desc":"流动性退潮","form":null,"channelId":126,"nid":101352531,"link":"http://opinion.caixin.com/2018-11-27/101352531.html","edit":{"rank":"专栏作家 ","desc":"经济学博士，中国社科院金融研究所副所长，金融产品中心主任","name":"殷剑峰","link":"http://opinion.caixin.com/yinjianfeng_mjxx/index.html","head":"http://www.caixin.com/upload/zhuanlan/100865112_48_48.jpg"},"attr":5,"freeDuration":"48","type":1,"subDesc":"殷剑峰","channelDesc":"观点频道","pict":{"imgs":[{"url":"http://img.caixin.com/2018-11-27/1543309755261380_145_97.jpg","txt":""}],"num":1},"audioUrl":"http://audio.caixin.com/caixin/531/101352531.mp3","time":"2018-11-27 17:00:58","freeTime":"","video":"","summ":"M1和房地产销售额的同比增速是完全共周期，这或许也预示着2019年的房地产市场将进入寒冬"},{"tags":[],"comm":{"tid":"101352498","aid":"100"},"cate":"100300002;100000091;100324037;101315655;101352498","desc":"科创板将利好资本市场哪些重点行业","form":null,"channelId":126,"nid":101352498,"link":"http://opinion.caixin.com/2018-11-27/101352498.html","edit":{"rank":"专栏作家 ","desc":"川财证券研究所所长、董事总经理。","name":"陈雳","link":"http://opinion.caixin.com/chenli_mjxx/index.html","head":"http://www.caixin.com/upload/zhuanlan/101315655_48_48.jpg"},"attr":5,"freeDuration":"48","type":1,"subDesc":"陈雳","channelDesc":"观点频道","pict":{"imgs":[{"url":"http://img.caixin.com/2018-11-27/1543307137648031_145_97.jpg","txt":""}],"num":1},"audioUrl":"http://audio.caixin.com/caixin/498/101352498.mp3","time":"2018-11-27 16:20:45","freeTime":"","video":"","summ":"受益的行业主要集中在新技术、新产业、新业态、新模式，如上海未来发展概念中确立的三类“抓手型行业”"},{"tags":[],"comm":{"tid":"101352466","aid":"100"},"cate":"100300002;100300201;101352466","desc":"拯救韩国经济","form":null,"channelId":126,"nid":101352466,"link":"http://opinion.caixin.com/2018-11-27/101352466.html","edit":{"rank":"","desc":"","name":"文︱李钟和","link":"","head":""},"attr":5,"freeDuration":"0","type":1,"subDesc":"聚焦","channelDesc":"观点频道","pict":{"imgs":[{"url":"http://img.caixin.com/2018-11-27/1543305531753753_145_97.jpg","txt":""}],"num":1},"audioUrl":"http://audio.caixin.com/caixin/466/101352466.mp3","time":"2018-11-27 15:52:14","freeTime":"","video":"","summ":"韩国需要的是改善服务业生产率、强化中小企业和提高劳动力市场效率的政策，才有望提振经济增长潜力，创造体面的工作岗位，巩固经济基本面，提高对外部下行风险的抵抗力"},{"tags":[],"comm":{"tid":"101352431","aid":"100"},"cate":"100300002;100300201;101352431","desc":"AI时代的芯片战略：谁主沉浮？","form":null,"channelId":126,"nid":101352431,"link":"http://opinion.caixin.com/2018-11-27/101352431.html","edit":{"rank":"","desc":"","name":"文|毛一年","link":"","head":""},"attr":5,"freeDuration":"24","type":1,"subDesc":"聚焦","channelDesc":"观点频道","pict":{"imgs":[{"url":"http://img.caixin.com/2018-09-19/1537332719316117_145_97.jpg","txt":""}],"num":1},"audioUrl":"http://audio.caixin.com/caixin/431/101352431.mp3","time":"2018-11-27 15:06:50","freeTime":"","video":"","summ":"纵观全世界，能让一个半导体公司称霸十年的场景并不常见。这也是为什么面对当今AI时代的芯片机会，会有这么多的公司All-in"},{"tags":[],"comm":{"tid":"101352359","aid":"100"},"cate":"100300002;100000091;100324039;100922527;101352359","desc":"央行的习惯和标签：中印大不同","form":null,"channelId":126,"nid":101352359,"link":"http://opinion.caixin.com/2018-11-27/101352359.html","edit":{"rank":"专栏作家 ","desc":"德国商业银行亚洲高级经济学家，负责北亚地区宏观和市场研究","name":"周浩","link":"http://opinion.caixin.com/zhou_hao_zssc/index.html","head":"http://www.caixin.com/upload/zhuanlan/100922527_48_48.jpg"},"attr":5,"freeDuration":"48","type":1,"subDesc":"周浩","channelDesc":"观点频道","pict":{"imgs":[{"url":"http://img.caixin.com/2018-11-27/1543290971290485_145_97.jpg","txt":""}],"num":1},"audioUrl":"http://audio.caixin.com/caixin/359/101352359.mp3","time":"2018-11-27 11:53:13","freeTime":"","video":"","summ":"每个央行都有自己的风格，印度央行的“不作为”，容易导致市场的剧烈动荡，但一旦风波过去，市场也会很快回归平静。中国央行习惯于“管理”市场，这有利于避免极端状况，但也让市场在一定程度上失去弹性"},{"tags":[],"comm":{"tid":"101352356","aid":"100"},"cate":"100300002;100000091;100324040;100608404;101352356","desc":"精细化让立法避免沦为花瓶","form":null,"channelId":126,"nid":101352356,"link":"http://opinion.caixin.com/2018-11-27/101352356.html","edit":{"rank":"专栏作家 ","desc":"中国政法大学法学博士,云南省人大常委会法制工作委员会副主任","name":"田成有","link":"http://opinion.caixin.com/tianchengyou_shwx/index.html","head":"http://www.caixin.com/upload/zhuanlan/100608404_48_48.jpg"},"attr":5,"freeDuration":"48","type":1,"subDesc":"田成有","channelDesc":"观点频道","pict":{"imgs":[{"url":"http://img.caixin.com/2018-11-09/1541756412491415_145_97.jpg","txt":""}],"num":1},"audioUrl":"http://audio.caixin.com/caixin/356/101352356.mp3","time":"2018-11-27 11:45:44","freeTime":"","video":"","summ":"不能为立法而立法，更不能让所立之法沦为花瓶、摆设。必须从问题入手，需要解决什么问题，就立什么法，针对重点、难点、热点问题“精细化”立法"},{"tags":[],"comm":{"tid":"101352343","aid":"100"},"cate":"100300002;100000091;100324039;100742170;101352343","desc":"假如英国无协议脱欧","form":null,"channelId":126,"nid":101352343,"link":"http://opinion.caixin.com/2018-11-27/101352343.html","edit":{"rank":"专栏作家 ","desc":"财新智库莫尼塔研究董事长兼首席经济学家","name":"钟正生","link":"http://opinion.caixin.com/zhongzhengsheng/index.html","head":"http://www.caixin.com/upload/zhuanlan/100742170_48_48.jpg"},"attr":5,"freeDuration":"48","type":1,"subDesc":"钟正生","channelDesc":"观点频道","pict":{"imgs":[{"url":"http://img.caixin.com/2018-11-27/1543289079549071_145_97.jpg","txt":""}],"num":1},"audioUrl":"http://audio.caixin.com/caixin/343/101352343.mp3","time":"2018-11-27 11:16:32","freeTime":"","video":"","summ":"至少从三个方面的冲击来看，无协议脱欧是英国无法承受之重"},{"tags":[],"comm":{"tid":"101352300","aid":"100"},"cate":"100300002;100000091;100324039;100353593;101352300","desc":"货币化安置后  棚改向何处去？","form":null,"channelId":126,"nid":101352300,"link":"http://opinion.caixin.com/2018-11-27/101352300.html","edit":{"rank":"专栏作家 ","desc":"野村中国区首席经济学家","name":"陆挺","link":"http://opinion.caixin.com/luting_zssc/index.html","head":"http://www.caixin.com/upload/zhuanlan/100353593_48_48.jpg"},"attr":5,"freeDuration":"48","type":1,"subDesc":"陆挺","channelDesc":"观点频道","pict":{"imgs":[{"url":"http://img.caixin.com/2018-06-26/1529977435504196_145_97.jpg","txt":""}],"num":1},"audioUrl":"http://audio.caixin.com/caixin/300/101352300.mp3","time":"2018-11-27 10:27:27","freeTime":"","video":"","summ":"随着房地产去库存接近尾声，未来棚改货币化安置比例将逐步降低，政策性银行债券和地方政府专项债券将逐步替代PSL，2020年以后棚改目标将大幅削减"},{"tags":[],"comm":{"tid":"101352271","aid":"100"},"cate":"100300002;100300201;101352271","desc":"赴美签证拒签是否飙升？让数据说话","form":null,"channelId":126,"nid":101352271,"link":"http://opinion.caixin.com/2018-11-27/101352271.html","edit":{"rank":"","desc":"","name":"文|王松 孟庆斌","link":"","head":""},"attr":5,"freeDuration":"24","type":1,"subDesc":"聚焦","channelDesc":"观点频道","pict":{"imgs":[{"url":"http://img.caixin.com/2018-11-27/1543284449201145_145_97.jpg","txt":""}],"num":1},"audioUrl":"http://audio.caixin.com/caixin/271/101352271.mp3","time":"2018-11-27 10:01:55","freeTime":"","video":"","summ":"赴美签证是否愈加困难？网络流传的拒签与签证审查（check）飙升是否属实？何类签证、什么专业更容易签证被拒或被审查？广州领事馆是否签证更加容易？"},{"tags":[],"comm":{"tid":"101351968","aid":"100"},"cate":"100300002;100000091;100324039;100353593;101351968","desc":"“抢出口”效应有多大？","form":null,"channelId":126,"nid":101351968,"link":"http://opinion.caixin.com/2018-11-26/101351968.html","edit":{"rank":"专栏作家 ","desc":"野村中国区首席经济学家","name":"陆挺","link":"http://opinion.caixin.com/luting_zssc/index.html","head":"http://www.caixin.com/upload/zhuanlan/100353593_48_48.jpg"},"attr":5,"freeDuration":"48","type":1,"subDesc":"陆挺","channelDesc":"观点频道","pict":{"imgs":[{"url":"http://img.caixin.com/2018-11-20/1542675833718920_145_97.jpg","txt":""}],"num":1},"audioUrl":"http://audio.caixin.com/caixin/968/101351968.mp3","time":"2018-11-26 15:02:40","freeTime":"","video":"","summ":"三季度提前出口规模为69亿美元，四季度或上升至111亿美元，拉动出口增速提高1.8个百分点，提振名义GDP增速0.2个百分点，但明年一季度出口增速将显著放缓"},{"tags":[],"comm":{"tid":"101351942","aid":"100"},"cate":"100300002;100000091;100324037;100919194;101351942","desc":"“相互保”的本质是什么  亟待监管释法","form":null,"channelId":126,"nid":101351942,"link":"http://opinion.caixin.com/2018-11-26/101351942.html","edit":{"rank":"专栏作家 ","desc":"经济学士和科学硕士，拥有北美精算师（FSA）、北美精算师学会会员（MAAA），注册金融分析师（CFA）和注册另类投资分析师（CAIA）资格","name":"聂方义","link":"http://opinion.caixin.com/niefangyi_mjxx/index.html","head":"http://www.caixin.com/upload/zhuanlan/100919194_48_48.jpg"},"attr":5,"freeDuration":"0","type":1,"subDesc":"聂方义","channelDesc":"观点频道","pict":{"imgs":[{"url":"http://img.caixin.com/2018-11-26/1543213658492125_145_97.jpg","txt":""}],"num":1},"audioUrl":"http://audio.caixin.com/caixin/942/101351942.mp3","time":"2018-11-26 14:17:28","freeTime":"","video":"","summ":"“相互保”的本质是用商业保险背书增信、合法化的“网络互助”；0元加入、事后收取理赔分摊款加10%的手续费，这套网络互助的典型做法符合保险法对商业保险的定义和立法本意吗？相互保能否做成保险界的“拼多多” ？这一切都需等待监管释法"},{"tags":[],"comm":{"tid":"101351925","aid":"100"},"cate":"100300002;100300201;101351925","desc":"40年，民营经济改变了中国什么","form":null,"channelId":126,"nid":101351925,"link":"http://opinion.caixin.com/2018-11-26/101351925.html","edit":{"rank":"","desc":"","name":"文︱大成企业研究院","link":"","head":""},"attr":5,"freeDuration":"0","type":1,"subDesc":"聚焦","channelDesc":"观点频道","pict":{"imgs":[{"url":"http://img.caixin.com/2018-11-26/1543211648169399_145_97.jpg","txt":""}],"num":1},"audioUrl":"http://audio.caixin.com/caixin/925/101351925.mp3","time":"2018-11-26 13:51:42","freeTime":"","video":"","summ":"民营经济从无到有，从小到大，从弱到强，成为推动中国经济快速发展的最大主体。40年来，民营经济既为民又富民，既兴国又裕国，从根本上改变了中国的经济结构与面貌"},{"tags":[],"comm":{"tid":"101351915","aid":"100"},"cate":"100300002;100000091;100324037;101166995;101351915","desc":"2019年展望：悲观气氛浓厚为市场上行奠定基础","form":null,"channelId":126,"nid":101351915,"link":"http://opinion.caixin.com/2018-11-26/101351915.html","edit":{"rank":"专栏作家 ","desc":"瑞银证券中国首席策略分析师，主要负责A股策略研究。","name":"高挺","link":"http://opinion.caixin.com/gaoting_mjxx/index.html","head":"http://www.caixin.com/upload/zhuanlan/101166995_48_48.jpg"},"attr":5,"freeDuration":"48","type":1,"subDesc":"高挺","channelDesc":"观点频道","pict":{"imgs":[{"url":"http://img.caixin.com/2018-11-26/1543209610666612_145_97.jpg","txt":""}],"num":1},"audioUrl":"http://audio.caixin.com/caixin/915/101351915.mp3","time":"2018-11-26 13:15:12","freeTime":"","video":"","summ":"预计上市公司盈利增速下滑的趋势将延续到2019年，2019年MSCI中国指数和沪深300指数的盈利增速分别为7.6%和5.4%"},{"tags":[],"comm":{"tid":"101351873","aid":"100"},"cate":"100300002;100000091;100324037;101342560;101351873","desc":"回购机制：兴奋剂还是健身术","form":null,"channelId":126,"nid":101351873,"link":"http://opinion.caixin.com/2018-11-26/101351873.html","edit":{"rank":"专栏作家 ","desc":"王骥跃，前某券商资深保荐代表人","name":"王骥跃","link":"http://opinion.caixin.com/wangjiyue_mjxx/index.html","head":"http://www.caixin.com/upload/zhuanlan/101342560_48_48.jpg"},"attr":5,"freeDuration":"48","type":1,"subDesc":"王骥跃","channelDesc":"观点频道","pict":{"imgs":[{"url":"http://img.caixin.com/2018-11-26/1543203167483565_145_97.jpg","txt":""}],"num":1},"audioUrl":"http://audio.caixin.com/caixin/873/101351873.mp3","time":"2018-11-26 11:30:36","freeTime":"","video":"","summ":"一次性的回购顶多只是剂兴奋剂，可能会对短期股价有刺激，但并不能根本上提升公司价值，资金消耗完毕股价还会继续回归；上市公司需要健全常态化回购机制，长效规范稳定市场对公司股价预期"},{"tags":[],"comm":{"tid":"101351868","aid":"100"},"cate":"100300002;100300201;101351868","desc":"杨凯生：解决融资难不能靠垒加贷款","form":null,"channelId":126,"nid":101351868,"link":"http://opinion.caixin.com/2018-11-26/101351868.html","edit":{"rank":"","desc":"","name":"文︱杨凯生","link":"","head":""},"attr":5,"freeDuration":"0","type":1,"subDesc":"聚焦","channelDesc":"观点频道","pict":{"imgs":[{"url":"http://img.caixin.com/2018-04-17/1523930509353967_145_97.jpg","txt":""}],"num":1},"audioUrl":"http://audio.caixin.com/caixin/868/101351868.mp3","time":"2018-11-26 11:05:46","freeTime":"","video":"","summ":"解决企业融资难不能靠简单地垒加贷款，关键是一定要解决我国企业包括国有企业和民营企业这些年来一直都存在的过分依赖银行信贷的问题。一定要建立健全企业的资本(而不是资金)补充机制"},{"tags":[],"comm":{"tid":"101351854","aid":"100"},"cate":"100300002;100000091;100324037;101325874;101351854","desc":"张春霖：继续按市场经济要求改革国家所有制","form":null,"channelId":126,"nid":101351854,"link":"http://opinion.caixin.com/2018-11-26/101351854.html","edit":{"rank":"专栏作家 ","desc":"世界银行集团金融、竞争力和创新全球业务部的首席民营经济发展专家。","name":"张春霖","link":"http://opinion.caixin.com/zhangchunlin_mjxx/index.html","head":"http://www.caixin.com/upload/zhuanlan/101325874_48_48.jpg"},"attr":5,"freeDuration":"12","type":1,"subDesc":"张春霖","channelDesc":"观点频道","pict":{"imgs":[{"url":"http://img.caixin.com/2018-11-26/1543200894578129_145_97.jpg","txt":""}],"num":1},"audioUrl":"http://audio.caixin.com/caixin/854/101351854.mp3","time":"2018-11-26 10:50:50","freeTime":"","video":"","summ":"中国今天可以走和应该走的路，仍然是20世纪90年代初选择的那条路，就是按市场经济的要求继续改革国家所有制。这条路说难也难，说容易也容易，因为改革的主动权基本上在政府自己手里，关键在决心"},{"tags":[],"comm":{"tid":"101351851","aid":"100"},"cate":"100300002;100300204;101351851","desc":"社论|加快金融立法 清理金融规章","form":null,"channelId":126,"nid":101351851,"link":"http://opinion.caixin.com/2018-11-26/101351851.html","edit":{"rank":"","desc":"","name":"","link":"","head":""},"attr":5,"freeDuration":"0","type":1,"subDesc":"社评","channelDesc":"观点频道","pict":null,"audioUrl":"http://audio.caixin.com/caixin/457/101351457.mp3","time":"2018-11-26 10:44:04","freeTime":"","video":"","summ":"重大改革要于法有据。立法先行不仅应成为金融治理的重要突破口，还可以为金融改革提供新动力"},{"tags":[],"comm":{"tid":"101351847","aid":"100"},"cate":"100300002;100300201;101351847","desc":"土地管理法修订：农村土地增值收益如何分配","form":null,"channelId":126,"nid":101351847,"link":"http://opinion.caixin.com/2018-11-26/101351847.html","edit":{"rank":"","desc":"","name":"文︱魏子博 石晓平","link":"","head":""},"attr":5,"freeDuration":"24","type":1,"subDesc":"聚焦","channelDesc":"观点频道","pict":{"imgs":[{"url":"http://img.caixin.com/2018-11-26/1543199820141277_145_97.jpg","txt":""}],"num":1},"audioUrl":"http://audio.caixin.com/caixin/847/101351847.mp3","time":"2018-11-26 10:30:49","freeTime":"","video":"","summ":"长远来看，解决土地产权/权利模糊困境才是现行农村土地征收制度改革未来主攻方向以及最终落脚点，才是解决农村土地征收增值收益引发现实问题的一个更优解"},{"tags":[],"comm":{"tid":"101351824","aid":"100"},"cate":"100300002;100000091;100324037;100777156;101351824","desc":"利差倒挂会成为压倒汇率的最后一根稻草吗","form":null,"channelId":126,"nid":101351824,"link":"http://opinion.caixin.com/2018-11-26/101351824.html","edit":{"rank":"专栏作家 ","desc":"财新网“简容论经”专栏作家，经济学博士，现任职中国建设银行金融市场部，本专栏观点与所属单位无关。","name":"张涛","link":"http://opinion.caixin.com/zhangtao_mjxx/index.html","head":"http://www.caixin.com/upload/zhuanlan/100777156_48_48.jpg"},"attr":5,"freeDuration":"48","type":1,"subDesc":"张涛","channelDesc":"观点频道","pict":{"imgs":[{"url":"http://img.caixin.com/2018-05-17/1526524238672169_145_97.jpg","txt":""}],"num":1},"audioUrl":"http://audio.caixin.com/caixin/824/101351824.mp3","time":"2018-11-26 09:54:05","freeTime":"","video":"","summ":"中美货币政策同步性正在由强转弱，人民银行会更加追求中国经济基本面的强劲，相应政策也更加侧重利率，只要经济基本面恢复强劲，即便利差倒挂重归常态，汇率压力也必将自解"},{"tags":[],"comm":{"tid":"101351736","aid":"100"},"cate":"100300002;100000091;100324037;100975929;101351736","desc":"韩国瑜为何胜选：“经济是关键，蠢货”！","form":null,"channelId":126,"nid":101351736,"link":"http://opinion.caixin.com/2018-11-25/101351736.html","edit":{"rank":"专栏作家 ","desc":"博智资本董事长；曾任汇丰银行投资银行亚太区主管，花旗银行集团投资银行亚太区联席主管，巴克莱银行投资银行大中华区主管， J.P.摩根亚太区高级经济学家，哥伦比亚大学助理教授，德意志银行投资银行固定收益分析师","name":"宦国苍","link":"http://opinion.caixin.com/huanguocang_mjxx/index.html","head":"http://www.caixin.com/upload/zhuanlan/100975929_48_48.jpg"},"attr":5,"freeDuration":"48","type":1,"subDesc":"宦国苍","channelDesc":"观点频道","pict":{"imgs":[{"url":"http://img.caixin.com/2018-11-25/1543154913711535_145_97.jpg","txt":""}],"num":1},"audioUrl":"http://audio.caixin.com/caixin/736/101351736.mp3","time":"2018-11-25 21:52:10","freeTime":"","video":"","summ":"一个“民选政府”忘了“民以食为天”这一基本道理，而专事政治，不务“正业”，以至内外交困，民心思变，载舟覆舟应该是“韩流”席卷全台的重要原因"},{"tags":[],"comm":{"tid":"101351732","aid":"100"},"cate":"100300002;100300201;101351732","desc":"樊纲：改革不怕慢就怕站","form":null,"channelId":126,"nid":101351732,"link":"http://opinion.caixin.com/2018-11-25/101351732.html","edit":{"rank":"","desc":"","name":"记者 张兰太","link":"","head":""},"attr":5,"freeDuration":"0","type":1,"subDesc":"聚焦","channelDesc":"观点频道","pict":{"imgs":[{"url":"http://img.caixin.com/2018-11-25/1543153967818211_145_97.jpg","txt":""}],"num":1},"audioUrl":"http://audio.caixin.com/caixin/732/101351732.mp3","time":"2018-11-25 21:39:57","freeTime":"","video":"","summ":"一个再不好的体制都会有既得利益，所以，我们要找到办法克服"},{"tags":[],"comm":{"tid":"101351726","aid":"100"},"cate":"100300002;100300201;101351726","desc":"江小涓：改革开放要考虑网络和数字技术新特点","form":null,"channelId":126,"nid":101351726,"link":"http://opinion.caixin.com/2018-11-25/101351726.html","edit":{"rank":"","desc":"","name":"记者 杜珂","link":"","head":""},"attr":5,"freeDuration":"0","type":1,"subDesc":"聚焦","channelDesc":"观点频道","pict":{"imgs":[{"url":"http://img.caixin.com/2018-11-25/1543153605971542_145_97.jpg","txt":""}],"num":1},"audioUrl":"http://audio.caixin.com/caixin/726/101351726.mp3","time":"2018-11-25 21:24:20","freeTime":"","video":"","summ":"网络和数字技术使资源配置方式、商业模式、竞争格局、激励机制等方面已经和过去完全不一样"},{"tags":[],"comm":{"tid":"101351711","aid":"100"},"cate":"100300002;100300201;101351711","desc":"吴敬琏：改革尚未有穷期 面临任务仍艰巨","form":null,"channelId":126,"nid":101351711,"link":"http://opinion.caixin.com/2018-11-25/101351711.html","edit":{"rank":"","desc":"","name":"记者 张兰太","link":"","head":""},"attr":5,"freeDuration":"0","type":1,"subDesc":"聚焦","channelDesc":"观点频道","pict":{"imgs":[{"url":"http://img.caixin.com/2018-11-25/1543138646879390_145_97.jpg","txt":""}],"num":1},"audioUrl":"http://audio.caixin.com/caixin/711/101351711.mp3","time":"2018-11-25 17:15:49","freeTime":"","video":"","summ":"现在还不是停留在鼓掌欢呼、欢庆伟大成就的时候，因为我们面前还面临着非常艰巨的任务，需要努力去更好地完成。中国改革仍然未有穷期，要加紧推进改革"},{"tags":[],"comm":{"tid":"101351701","aid":"100"},"cate":"100300002;100300201;101351701","desc":"余永定：中国经济不能沦为房地产投资的“人质”","form":null,"channelId":126,"nid":101351701,"link":"http://opinion.caixin.com/2018-11-25/101351701.html","edit":{"rank":"","desc":"","name":"记者 周东旭","link":"","head":""},"attr":5,"freeDuration":"0","type":1,"subDesc":"聚焦","channelDesc":"观点频道","pict":{"imgs":[{"url":"http://img.caixin.com/2018-11-25/1543137605624412_145_97.jpg","txt":""}],"num":1},"audioUrl":"http://audio.caixin.com/caixin/701/101351701.mp3","time":"2018-11-25 17:04:22","freeTime":"","video":"","summ":"余永定表示，“我从来不敢说房地产泡沫，但我一直认为资源配置上是有问题的，房地产投资在中国GDP所占比重太高。”"},{"tags":[],"comm":{"tid":"101351698","aid":"100"},"cate":"100300002;100300201;101351698","desc":"高培勇：遵从改革开放基本规律才能落实民营政策","form":null,"channelId":126,"nid":101351698,"link":"http://opinion.caixin.com/2018-11-25/101351698.html","edit":{"rank":"","desc":"","name":"记者 周东旭","link":"","head":""},"attr":5,"freeDuration":"0","type":1,"subDesc":"聚焦","channelDesc":"观点频道","pict":{"imgs":[{"url":"http://img.caixin.com/2018-11-25/1543137182511315_145_97.jpg","txt":""}],"num":1},"audioUrl":"http://audio.caixin.com/caixin/698/101351698.mp3","time":"2018-11-25 17:01:48","freeTime":"","video":"","summ":"民营企业家要求的并非特殊的待遇和关照，而是各种所有制的无差别待遇，这不是规律吗?"},{"tags":[],"comm":{"tid":"101351689","aid":"100"},"cate":"100300002;100300201;101351689","desc":"彭森献经济改革十策","form":null,"channelId":126,"nid":101351689,"link":"http://opinion.caixin.com/2018-11-25/101351689.html","edit":{"rank":"","desc":"","name":"记者 周东旭","link":"","head":""},"attr":5,"freeDuration":"0","type":1,"subDesc":"聚焦","channelDesc":"观点频道","pict":{"imgs":[{"url":"http://img.caixin.com/2018-11-25/1543135450300035_145_97.jpg","txt":""}],"num":1},"audioUrl":"http://audio.caixin.com/caixin/689/101351689.mp3","time":"2018-11-25 16:37:08","freeTime":"","video":"","summ":"为农民宅基地增权赋能，逐步确立宅基地的永久使用权，将农村“宅基地和集体建设用地”等列入农民集体或个人财产保障体系。改革土地征用制度，集体土地与国有土地同等入市，同权同价"},{"tags":[],"comm":{"tid":"101351685","aid":"100"},"cate":"100300002;100300201;101351685","desc":"高尚全：不拨乱反正，无法发展民营经济","form":null,"channelId":126,"nid":101351685,"link":"http://opinion.caixin.com/2018-11-25/101351685.html","edit":{"rank":"","desc":"","name":"记者 杜珂","link":"","head":""},"attr":5,"freeDuration":"0","type":1,"subDesc":"聚焦","channelDesc":"观点频道","pict":{"imgs":[{"url":"http://img.caixin.com/2018-11-25/1543133457585556_145_97.jpg","txt":""}],"num":1},"audioUrl":"http://audio.caixin.com/caixin/685/101351685.mp3","time":"2018-11-25 16:05:30","freeTime":"","video":"","summ":"要把“竞争中性”和“所有制中性”原则作为下一步改革重点考虑的问题"},{"tags":[],"comm":{"tid":"101351617","aid":"100"},"cate":"100300002;100000091;100324037;100467689;101351617","desc":"梁建章：中国还有哪里产能不足","form":null,"channelId":126,"nid":101351617,"link":"http://opinion.caixin.com/2018-11-24/101351617.html","edit":{"rank":"专栏作家 ","desc":"携程集团执行董事长，北京大学光华管理学院教授","name":"梁建章","link":"http://opinion.caixin.com/liangjianzhang_mjxx/index.html","head":"http://www.caixin.com/upload/zhuanlan/100467689_48_48.jpg"},"attr":5,"freeDuration":"48","type":1,"subDesc":"梁建章","channelDesc":"观点频道","pict":{"imgs":[{"url":"http://img.caixin.com/2018-11-24/1543054566865233_145_97.jpg","txt":""}],"num":1},"audioUrl":"http://audio.caixin.com/caixin/617/101351617.mp3","time":"2018-11-24 18:09:33","freeTime":"","video":"","summ":"中国还有两个地方产能不足：一是大城市的住房产能不足，另一个是大城市的家庭“生产小孩”的产能不足，所以大城市扩容迫在眉睫"},{"tags":[],"comm":{"tid":"101351282","aid":"100"},"cate":"100300002;100000091;100324037;100848767;101351282","desc":"改革40年浙江民间经济的演进","form":null,"channelId":126,"nid":101351282,"link":"http://opinion.caixin.com/2018-11-23/101351282.html","edit":{"rank":"专栏作家 ","desc":"浙江省体改研究会副会长、研究员，原浙江省发展和改革研究所所长","name":"卓勇良","link":"http://opinion.caixin.com/zhuoyongliang_mjxx/index.html","head":"http://www.caixin.com/upload/zhuanlan/100848767_48_48.jpg"},"attr":5,"freeDuration":"48","type":1,"subDesc":"卓勇良","channelDesc":"观点频道","pict":{"imgs":[{"url":"http://img.caixin.com/2018-11-23/1542964727631773_145_97.jpg","txt":""}],"num":1},"audioUrl":"http://audio.caixin.com/caixin/282/101351282.mp3","time":"2018-11-23 17:02:12","freeTime":"","video":"","summ":"政府如果不先入为主地替民间进行选择，如果不先入为主地制定一套制度安排，民间一定能在既定的约束条件下，选择最具效率、最有利于增进其自身福利和加快国家民族发展的企业模式。把企业产权模式的选择权交给民间，正是改革开放以来最根本和最重大的举措"},{"tags":[],"comm":{"tid":"101351194","aid":"100"},"cate":"100300002;100000091;100324039;100546053;101351194","desc":"复盘2018：年初市场主流观点为何错得离谱","form":null,"channelId":126,"nid":101351194,"link":"http://opinion.caixin.com/2018-11-23/101351194.html","edit":{"rank":"专栏作家 ","desc":"高熵资本董事长","name":"邓浩","link":"http://opinion.caixin.com/denghao_zssc/index.html","head":"http://www.caixin.com/upload/zhuanlan/100546053_48_48.jpg"},"attr":5,"freeDuration":"48","type":1,"subDesc":"邓浩","channelDesc":"观点频道","pict":{"imgs":[{"url":"http://img.caixin.com/2018-11-23/1542959050128326_145_97.jpg","txt":""}],"num":1},"audioUrl":"http://audio.caixin.com/caixin/194/101351194.mp3","time":"2018-11-23 15:13:26","freeTime":"","video":"","summ":"市场资金面、风险偏好在2019年会延续回暖和修复的过程，总体来看虽然比2018年情况要好些，但不宜过度乐观，也就是好不到哪里去，因为去杠杆是长期奋斗的过程和方向"},{"tags":[],"comm":{"tid":"101351078","aid":"100"},"cate":"100300002;100000091;100324037;100905148;101351078","desc":"零售的要素与机会：看懂“新零售”逻辑","form":null,"channelId":126,"nid":101351078,"link":"http://opinion.caixin.com/2018-11-23/101351078.html","edit":{"rank":"专栏作家 ","desc":"长江商学院会计与金融学教授、副院长。曾任教于加州大学洛杉矶分校安德森管理学院并获终身教授职称","name":"刘劲","link":"http://opinion.caixin.com/liujin_mjxx/index.html","head":"http://www.caixin.com/upload/zhuanlan/100905148_48_48.jpg"},"attr":5,"freeDuration":"48","type":1,"subDesc":"刘劲","channelDesc":"观点频道","pict":{"imgs":[{"url":"http://img.caixin.com/2018-11-23/1542942669258277_145_97.jpg","txt":""}],"num":1},"audioUrl":"http://audio.caixin.com/caixin/078/101351078.mp3","time":"2018-11-23 11:00:15","freeTime":"","video":"","summ":"纵观中国零售行业的未来，电商仍将是最重要的市场主体，因其牢牢把握着信息流。传统线下零售，应主动与线上企业商讨深度合作。随线上平台逐渐布局线下，剩余传统零售在谈判中的议价能力将越来越弱"},{"tags":[],"comm":{"tid":"101351063","aid":"100"},"cate":"100300002;100000091;100324037;101220072;101351063","desc":"股市中的“人类误判心理学”","form":null,"channelId":126,"nid":101351063,"link":"http://opinion.caixin.com/2018-11-23/101351063.html","edit":{"rank":"专栏作家 ","desc":"丹阳投资董事长、首席投资官。","name":"康水跃","link":"http://opinion.caixin.com/kangshuiyue/index.html","head":"http://www.caixin.com/upload/zhuanlan/101220072_48_48.jpg"},"attr":5,"freeDuration":"48","type":1,"subDesc":"康水跃","channelDesc":"观点频道","pict":{"imgs":[{"url":"http://img.caixin.com/2018-11-23/1542940575064529_145_97.jpg","txt":""}],"num":1},"audioUrl":"http://audio.caixin.com/caixin/063/101351063.mp3","time":"2018-11-23 10:22:43","freeTime":"","video":"","summ":"投资者无论是运用先进的资产定价理论，还是复杂的财务技术指标都无法令预测结果与最终事实完全契合，二者甚至大相径庭。因此，我们不仅需要坦然接受误判的存在，而且还需要不断地修正自己的思考方式"},{"tags":[],"comm":{"tid":"101351048","aid":"100"},"cate":"100300002;100300201;101351048","desc":"姚前：数字货币的缘起、发展与未来","form":null,"channelId":126,"nid":101351048,"link":"http://opinion.caixin.com/2018-11-23/101351048.html","edit":{"rank":"","desc":"","name":"文|姚前","link":"","head":""},"attr":5,"freeDuration":"0","type":1,"subDesc":"聚焦","channelDesc":"观点频道","pict":{"imgs":[{"url":"http://img.caixin.com/2018-11-23/1542939532081859_145_97.jpg","txt":""}],"num":1},"audioUrl":"http://audio.caixin.com/caixin/048/101351048.mp3","time":"2018-11-23 10:04:01","freeTime":"","video":"","summ":"无论是官方还是民间，数字货币研发进程的大幕都才刚刚拉开。两者也未必就是绝对的泾渭分明，公权与私权，宛若一枚硬币的两面，既对立又统一。任何新生事物都需要时间来检验"}],"maxes":1000,"count":100,"start":100}